atleta_id,apelido,posicao,clube_id,sigla_clube,status_id,titularidade_pre_rodada,minutos_esperados_pre_rodada,mando,adversario_id,sigla_adversario,data_partida,rodada,scout_esperado_G,contrib_pontos_G,scout_esperado_A,contrib_pontos_A,scout_esperado_FT,contrib_pontos_FT,scout_esperado_FD,contrib_pontos_FD,scout_esperado_FF,contrib_pontos_FF,scout_esperado_FS,contrib_pontos_FS,scout_esperado_PS,contrib_pontos_PS,scout_esperado_I,contrib_pontos_I,scout_esperado_DS,contrib_pontos_DS,scout_esperado_SG,contrib_pontos_SG,scout_esperado_DP,contrib_pontos_DP,scout_esperado_DE,contrib_pontos_DE,scout_esperado_GC,contrib_pontos_GC,scout_esperado_CV,contrib_pontos_CV,scout_esperado_CA,contrib_pontos_CA,scout_esperado_GS,contrib_pontos_GS,scout_esperado_FC,contrib_pontos_FC,scout_esperado_PC,contrib_pontos_PC,scout_esperado_PP,contrib_pontos_PP,v3s_expected_scouts,direta_rf_lab,v3h_hibrido,alpha_v3s,alpha_rf_direto
98873,Samuel Lino,ATA,262,FLA,7,95.000000,85.000000,fora,364,REM,2026-09-06 16:00:00,26,1.000000,8.000000,0.000000,0.000000,0.000000,0.000000,0.072718,0.087262,0.904218,0.723374,2.058259,1.029130,0.000000,0.000000,0.666667,-0.066667,2.313741,3.470611,0.000000,0.000000,0.000000,0.000000,0.000000,0.000000,0.000000,-0.000000,0.000000,-0.000000,0.000000,-0.000000,0.000000,-0.000000,0.918767,-0.275630,0.000000,-0.000000,0.000000,-0.000000,12.968079,8.704388,10.836234,0.500000,0.500000
113103,Flaco López,ATA,275,PAL,7,95.000000,85.000000,fora,263,BOT,2026-09-06 18:30:00,26,0.666667,5.333333,0.333333,1.666667,0.000000,0.000000,0.623175,0.747810,0.962312,0.769849,1.809624,0.904812,0.000000,0.000000,0.000000,-0.000000,2.681890,4.022835,0.000000,0.000000,0.000000,0.000000,0.000000,0.000000,0.000000,-0.000000,0.000000,-0.000000,0.000000,-0.000000,0.000000,-0.000000,0.984720,-0.295416,0.000000,-0.000000,0.000000,-0.000000,13.149890,7.871610,10.510750,0.500000,0.500000
143193,Viveros,ATA,293,CAP,7,95.000000,85.000000,fora,283,CRU,2026-09-06 16:00:00,26,1.000000,8.000000,0.333333,1.666667,0.000000,0.000000,1.673237,2.007885,0.676375,0.541100,2.118571,1.059286,0.333333,0.333333,1.666667,-0.166667,0.023278,0.034917,0.000000,0.000000,0.000000,0.000000,0.000000,0.000000,0.000000,-0.000000,0.000000,-0.000000,0.333333,-0.333333,0.000000,-0.000000,2.155496,-0.646649,0.000000,-0.000000,0.000000,-0.000000,12.496539,7.770385,10.133462,0.500000,0.500000
39148,Hulk,ATA,266,FLU,7,95.000000,85.000000,casa,267,VAS,2026-09-05 21:00:00,26,1.000000,8.000000,0.333333,1.666667,0.000000,0.000000,1.044468,1.253361,1.366329,1.093063,2.300673,1.150337,0.000000,0.000000,0.000000,-0.000000,0.345314,0.517971,0.000000,0.000000,0.000000,0.000000,0.000000,0.000000,0.000000,-0.000000,0.000000,-0.000000,0.000000,-0.000000,0.000000,-0.000000,1.060880,-0.318264,0.000000,-0.000000,0.000000,-0.000000,13.363135,6.574614,9.968875,0.500000,0.500000
90302,Pedro Rocha,ATA,294,CFC,7,95.000000,85.000000,casa,2305,MIR,2026-09-06 11:00:00,26,0.666667,5.333333,0.000000,0.000000,0.333333,1.000000,0.509076,0.610892,1.038760,0.831008,0.974080,0.487040,0.000000,0.000000,1.000000,-0.100000,1.182748,1.774123,0.000000,0.000000,0.000000,0.000000,0.000000,0.000000,0.000000,-0.000000,0.000000,-0.000000,0.000000,-0.000000,0.000000,-0.000000,1.096261,-0.328878,0.000000,-0.000000,0.000000,-0.000000,9.607517,9.650911,9.629214,0.500000,0.500000
109401,Erick Pulga,ATA,265,BAH,7,95.000000,85.000000,fora,280,RBB,2026-09-05 16:00:00,26,0.666667,5.333333,0.333333,1.666667,0.000000,0.000000,1.110548,1.332658,1.135851,0.908681,1.696634,0.848317,0.333333,0.333333,0.000000,-0.000000,1.138136,1.707204,0.000000,0.000000,0.000000,0.000000,0.000000,0.000000,0.000000,-0.000000,0.000000,-0.000000,0.666667,-0.666667,0.000000,-0.000000,1.135449,-0.340635,0.000000,-0.000000,0.000000,-0.000000,11.122892,8.055118,9.589005,0.500000,0.500000
100695,Fernando,ATA,280,RBB,7,95.000000,85.000000,casa,265,BAH,2026-09-05 16:00:00,26,0.666667,5.333333,0.000000,0.000000,0.333333,1.000000,0.390476,0.468571,1.106390,0.885112,1.137452,0.568726,0.000000,0.000000,0.333333,-0.033333,2.501887,3.752830,0.000000,0.000000,0.000000,0.000000,0.000000,0.000000,0.000000,-0.000000,0.000000,-0.000000,0.000000,-0.000000,0.000000,-0.000000,1.197562,-0.359269,0.000000,-0.000000,0.000000,-0.000000,11.615971,7.003186,9.309579,0.500000,0.500000
94583,Pedro,ATA,262,FLA,7,95.000000,85.000000,fora,364,REM,2026-09-06 16:00:00,26,1.000000,8.000000,0.000000,0.000000,0.000000,0.000000,0.459438,0.551326,0.462346,0.369876,1.066784,0.533392,0.000000,0.000000,0.000000,-0.000000,1.006751,1.510127,0.000000,0.000000,0.000000,0.000000,0.000000,0.000000,0.000000,-0.000000,0.000000,-0.000000,0.000000,-0.000000,0.000000,-0.000000,0.964422,-0.289327,0.000000,-0.000000,0.000000,-0.000000,10.675395,7.348930,9.012162,0.500000,0.500000
105048,Jajá,ATA,364,REM,7,95.000000,85.000000,casa,262,FLA,2026-09-06 16:00:00,26,0.666667,5.333333,0.000000,0.000000,0.000000,0.000000,0.231143,0.277371,0.624802,0.499841,1.081364,0.540682,0.000000,0.000000,0.000000,-0.000000,2.246847,3.370271,0.000000,0.000000,0.000000,0.000000,0.000000,0.000000,0.000000,-0.000000,0.000000,-0.000000,0.333333,-0.333333,0.000000,-0.000000,0.984975,-0.295493,0.000000,-0.000000,0.000000,-0.000000,9.392673,7.877707,8.635190,0.500000,0.500000
102928,Canobbio,ATA,266,FLU,7,95.000000,85.000000,casa,267,VAS,2026-09-05 21:00:00,26,0.333333,2.666667,0.333333,1.666667,0.000000,0.000000,1.130257,1.356308,0.827034,0.661627,1.288876,0.644438,0.000000,0.000000,0.333333,-0.033333,2.327965,3.491947,0.000000,0.000000,0.000000,0.000000,0.000000,0.000000,0.000000,-0.000000,0.000000,-0.000000,0.333333,-0.333333,0.000000,-0.000000,1.087238,-0.326171,0.000000,-0.000000,0.000000,-0.000000,9.794816,6.237633,8.016224,0.500000,0.500000
98909,Cuello,ATA,282,CAM,7,95.000000,85.000000,fora,276,SAO,2026-09-05 18:30:00,26,0.666667,5.333333,0.000000,0.000000,0.000000,0.000000,0.305163,0.366195,0.445444,0.356355,1.871068,0.935534,0.000000,0.000000,0.666667,-0.066667,1.475655,2.213483,0.000000,0.000000,0.000000,0.000000,0.000000,0.000000,0.000000,-0.000000,0.000000,-0.000000,0.000000,-0.000000,0.000000,-0.000000,0.887778,-0.266333,0.000000,-0.000000,0.000000,-0.000000,8.871901,6.956538,7.914219,0.500000,0.500000
114208,Alejo Véliz,ATA,265,BAH,7,95.000000,85.000000,fora,280,RBB,2026-09-05 16:00:00,26,0.666667,5.333333,0.333333,1.666667,0.000000,0.000000,0.450000,0.540000,0.707721,0.566177,1.923773,0.961886,0.000000,0.000000,0.333333,-0.033333,0.450000,0.675000,0.000000,0.000000,0.000000,0.000000,0.000000,0.000000,0.000000,-0.000000,0.000000,-0.000000,0.000000,-0.000000,0.000000,-0.000000,0.988750,-0.296625,0.000000,-0.000000,0.000000,-0.000000,9.413105,5.812018,7.612561,0.500000,0.500000
132071,Serna,ATA,266,FLU,6,10.000000,10.000000,casa,267,VAS,2026-09-05 21:00:00,26,0.666667,5.333333,0.000000,0.000000,0.000000,0.000000,0.174566,0.209480,0.595901,0.476721,0.928603,0.464301,0.000000,0.000000,0.333333,-0.033333,0.795651,1.193477,0.000000,0.000000,0.000000,0.000000,0.000000,0.000000,0.000000,-0.000000,0.000000,-0.000000,0.000000,-0.000000,0.000000,-0.000000,0.970814,-0.291244,0.000000,-0.000000,0.000000,-0.000000,7.352735,7.116288,7.234512,0.500000,0.500000
100652,Yuri Alberto,ATA,264,COR,5,10.000000,10.000000,casa,315,CHA,2026-09-06 19:30:00,26,0.666667,5.333333,0.000000,0.000000,0.000000,0.000000,1.091040,1.309248,0.811787,0.649429,0.878804,0.439402,0.000000,0.000000,0.666667,-0.066667,0.851569,1.277354,0.000000,0.000000,0.000000,0.000000,0.000000,0.000000,0.000000,-0.000000,0.000000,-0.000000,0.000000,-0.000000,0.000000,-0.000000,1.243759,-0.373128,0.000000,-0.000000,0.000000,-0.000000,8.568973,5.883271,7.226122,0.500000,0.500000
110759,John Kennedy,ATA,266,FLU,5,10.000000,10.000000,casa,267,VAS,2026-09-05 21:00:00,26,0.666667,5.333333,0.000000,0.000000,0.000000,0.000000,0.166273,0.199528,1.166938,0.933551,1.101741,0.550871,0.000000,0.000000,0.000000,-0.000000,0.991613,1.487419,0.000000,0.000000,0.000000,0.000000,0.000000,0.000000,0.000000,-0.000000,0.000000,-0.000000,0.000000,-0.000000,0.000000,-0.000000,0.964600,-0.289380,0.000000,-0.000000,0.000000,-0.000000,8.215321,5.753174,6.984248,0.500000,0.500000
132264,Arroyo,ATA,283,CRU,7,95.000000,85.000000,casa,293,CAP,2026-09-06 16:00:00,26,0.333333,2.666667,0.000000,0.000000,0.000000,0.000000,1.024172,1.229006,0.582860,0.466288,1.009443,0.504721,0.000000,0.000000,0.000000,-0.000000,1.241551,1.862327,0.000000,0.000000,0.000000,0.000000,0.000000,0.000000,0.000000,-0.000000,0.000000,-0.000000,0.000000,-0.000000,0.000000,-0.000000,0.855282,-0.256585,0.000000,-0.000000,0.000000,-0.000000,6.472424,7.458336,6.965380,0.500000,0.500000
92811,Bruno Rodrigues,ATA,283,CRU,5,10.000000,10.000000,casa,293,CAP,2026-09-06 16:00:00,26,0.333333,2.666667,0.333333,1.666667,0.000000,0.000000,0.453768,0.544522,0.538509,0.430807,0.829426,0.414713,0.000000,0.000000,1.000000,-0.100000,1.000016,1.500025,0.000000,0.000000,0.000000,0.000000,0.000000,0.000000,0.000000,-0.000000,0.000000,-0.000000,0.000000,-0.000000,0.000000,-0.000000,0.813207,-0.243962,0.000000,-0.000000,0.000000,-0.000000,6.879438,6.531965,6.705701,0.500000,0.500000
114323,Colidio,ATA,267,VAS,7,95.000000,85.000000,fora,266,FLU,2026-09-05 21:00:00,26,0.333333,2.666667,0.000000,0.000000,0.000000,0.000000,1.800000,2.160000,0.786650,0.629320,1.754437,0.877218,0.000000,0.000000,0.000000,-0.000000,0.450000,0.675000,0.000000,0.000000,0.000000,0.000000,0.000000,0.000000,0.000000,-0.000000,0.000000,-0.000000,0.000000,-0.000000,0.000000,-0.000000,0.833894,-0.250168,0.000000,-0.000000,0.000000,-0.000000,6.758037,6.124468,6.441252,0.500000,0.500000
80287,Luciano,ATA,276,SAO,7,95.000000,85.000000,casa,282,CAM,2026-09-05 18:30:00,26,0.333333,2.666667,0.000000,0.000000,0.333333,1.000000,0.162706,0.195247,1.245702,0.996561,1.404432,0.702216,0.333333,0.333333,1.000000,-0.100000,0.542575,0.813863,0.000000,0.000000,0.000000,0.000000,0.000000,0.000000,0.000000,-0.000000,0.000000,-0.000000,0.000000,-0.000000,0.000000,-0.000000,0.985282,-0.295584,0.000000,-0.000000,0.000000,-0.000000,6.312302,6.486165,6.399234,0.500000,0.500000
91908,Pavón,ATA,284,GRE,7,95.000000,85.000000,fora,287,VIT,2026-09-07 20:00:00,26,0.333333,2.666667,0.333333,1.666667,0.000000,0.000000,0.003792,0.004550,0.271486,0.217189,1.083192,0.541596,0.000000,0.000000,0.333333,-0.033333,1.790678,2.686016,0.000000,0.000000,0.000000,0.000000,0.000000,0.000000,0.000000,-0.000000,0.000000,-0.000000,0.333333,-0.333333,0.000000,-0.000000,0.870477,-0.261143,0.000000,-0.000000,0.000000,-0.000000,7.154875,5.167141,6.161008,0.500000,0.500000
101960,Vitinho,ATA,285,INT,7,95.000000,85.000000,casa,277,SAN,2026-09-06 16:00:00,26,0.333333,2.666667,0.000000,0.000000,0.000000,0.000000,0.252118,0.302542,0.506131,0.404905,1.263639,0.631820,0.000000,0.000000,0.333333,-0.033333,0.798037,1.197056,0.000000,0.000000,0.000000,0.000000,0.000000,0.000000,0.000000,-0.000000,0.000000,-0.000000,0.000000,-0.000000,0.000000,-0.000000,1.004820,-0.301446,0.000000,-0.000000,0.000000,-0.000000,4.868210,7.069023,5.968616,0.500000,0.500000
93988,Breno Lopes,ATA,294,CFC,7,95.000000,85.000000,casa,2305,MIR,2026-09-06 11:00:00,26,0.000000,0.000000,0.333333,1.666667,0.000000,0.000000,0.536688,0.644026,0.361181,0.288944,1.118129,0.559065,0.000000,0.000000,1.333333,-0.133333,1.025760,1.538640,0.000000,0.000000,0.000000,0.000000,0.000000,0.000000,0.000000,-0.000000,0.000000,-0.000000,0.000000,-0.000000,0.000000,-0.000000,0.716596,-0.214979,0.000000,-0.000000,0.000000,-0.000000,4.349030,7.316284,5.832657,0.500000,0.500000
141339,Paulo Roberto,ATA,294,CFC,6,10.000000,10.000000,casa,2305,MIR,2026-09-06 11:00:00,26,0.333333,2.666667,0.333333,1.666667,0.000000,0.000000,0.000000,0.000000,0.540403,0.432322,0.893670,0.446835,0.000000,0.000000,0.000000,-0.000000,0.722631,1.083947,0.000000,0.000000,0.000000,0.000000,0.000000,0.000000,0.000000,-0.000000,0.000000,-0.000000,0.000000,-0.000000,0.000000,-0.000000,0.763729,-0.229119,0.000000,-0.000000,0.000000,-0.000000,6.067319,5.546234,5.806776,0.500000,0.500000
108131,Garcez,ATA,315,CHA,2,10.000000,10.000000,fora,264,COR,2026-09-06 19:30:00,26,0.333333,2.666667,0.000000,0.000000,0.000000,0.000000,0.720148,0.864177,0.786179,0.628944,1.132635,0.566317,0.000000,0.000000,0.000000,-0.000000,1.721137,2.581705,0.000000,0.000000,0.000000,0.000000,0.000000,0.000000,0.000000,-0.000000,0.000000,-0.000000,0.000000,-0.000000,0.000000,-0.000000,0.799228,-0.239768,0.000000,-0.000000,0.000000,-0.000000,7.068042,4.105498,5.586770,0.500000,0.500000
127871,Vargas,ATA,293,CAP,6,10.000000,10.000000,fora,283,CRU,2026-09-06 16:00:00,26,0.333333,2.666667,0.333333,1.666667,0.000000,0.000000,0.000000,0.000000,0.491825,0.393460,1.062303,0.531152,0.000000,0.000000,0.000000,-0.000000,0.900000,1.350000,0.000000,0.000000,0.000000,0.000000,0.000000,0.000000,0.000000,-0.000000,0.000000,-0.000000,0.000000,-0.000000,0.000000,-0.000000,0.635837,-0.190751,0.000000,-0.000000,0.000000,-0.000000,6.417194,4.570314,5.493754,0.500000,0.500000
93478,Wanderson,ATA,283,CRU,6,10.000000,10.000000,casa,293,CAP,2026-09-06 16:00:00,26,0.333333,2.666667,0.000000,0.000000,0.000000,0.000000,0.149208,0.179050,0.604455,0.483564,0.720307,0.360154,0.000000,0.000000,0.000000,-0.000000,0.855883,1.283824,0.000000,0.000000,0.000000,0.000000,0.000000,0.000000,0.000000,-0.000000,0.000000,-0.000000,0.000000,-0.000000,0.000000,-0.000000,0.701840,-0.210552,0.000000,-0.000000,0.000000,-0.000000,4.762707,5.452572,5.107639,0.500000,0.500000
112863,Ramón Sosa,ATA,275,PAL,5,10.000000,10.000000,fora,263,BOT,2026-09-06 18:30:00,26,0.333333,2.666667,0.000000,0.000000,0.000000,0.000000,0.081741,0.098089,0.696260,0.557008,1.250080,0.625040,0.000000,0.000000,0.666667,-0.066667,0.045021,0.067531,0.000000,0.000000,0.000000,0.000000,0.000000,0.000000,0.000000,-0.000000,0.000000,-0.000000,0.000000,-0.000000,0.000000,-0.000000,0.800913,-0.240274,0.000000,-0.000000,0.000000,-0.000000,3.707394,6.283747,4.995571,0.500000,0.500000
99818,Paulinho,ATA,275,PAL,5,10.000000,10.000000,fora,263,BOT,2026-09-06 18:30:00,26,0.666667,5.333333,0.000000,0.000000,0.000000,0.000000,0.000000,0.000000,0.279906,0.223925,0.971047,0.485524,0.000000,0.000000,0.000000,-0.000000,0.450000,0.675000,0.000000,0.000000,0.000000,0.000000,0.000000,0.000000,0.000000,-0.000000,0.000000,-0.000000,0.333333,-0.333333,0.000000,-0.000000,0.696340,-0.208902,0.000000,-0.000000,0.000000,-0.000000,6.175546,3.795198,4.985372,0.500000,0.500000
123795,Lucho Rodríguez,ATA,283,CRU,6,10.000000,10.000000,casa,293,CAP,2026-09-06 16:00:00,26,0.000000,0.000000,0.500000,2.500000,0.500000,1.500000,0.450000,0.540000,0.695160,0.556128,0.834789,0.417395,0.000000,0.000000,0.000000,-0.000000,0.000000,0.000000,0.000000,0.000000,0.000000,0.000000,0.000000,0.000000,0.000000,-0.000000,0.000000,-0.000000,0.500000,-0.500000,0.000000,-0.000000,0.738681,-0.221604,0.000000,-0.000000,0.000000,-0.000000,4.791919,5.077890,4.934904,0.500000,0.500000
116706,Andrés Gómez,ATA,267,VAS,7,95.000000,85.000000,fora,266,FLU,2026-09-05 21:00:00,26,0.000000,0.000000,0.000000,0.000000,0.000000,0.000000,0.481528,0.577833,0.765775,0.612620,0.984283,0.492142,0.000000,0.000000,0.000000,-0.000000,2.360745,3.541117,0.000000,0.000000,0.000000,0.000000,0.000000,0.000000,0.000000,-0.000000,0.000000,-0.000000,0.333333,-0.333333,0.000000,-0.000000,0.985663,-0.295699,0.000000,-0.000000,0.000000,-0.000000,4.594679,5.263742,4.929210,0.500000,0.500000
107989,Carbonero,ATA,285,INT,7,95.000000,85.000000,casa,277,SAN,2026-09-06 16:00:00,26,0.333333,2.666667,0.000000,0.000000,0.000000,0.000000,0.266163,0.319396,0.647210,0.517768,1.248881,0.624441,0.000000,0.000000,0.000000,-0.000000,0.179884,0.269826,0.000000,0.000000,0.000000,0.000000,0.000000,0.000000,0.000000,-0.000000,0.000000,-0.000000,0.000000,-0.000000,0.000000,-0.000000,0.892713,-0.267814,0.000000,-0.000000,0.000000,-0.000000,4.130284,5.628834,4.879559,0.500000,0.500000
90031,Mendoza,ATA,293,CAP,7,95.000000,85.000000,fora,283,CRU,2026-09-06 16:00:00,26,0.000000,0.000000,0.333333,1.666667,0.333333,1.000000,0.006137,0.007365,0.667037,0.533630,0.730109,0.365055,0.000000,0.000000,0.333333,-0.033333,1.310173,1.965259,0.000000,0.000000,0.000000,0.000000,0.000000,0.000000,0.000000,-0.000000,0.000000,-0.000000,0.000000,-0.000000,0.000000,-0.000000,0.674972,-0.202492,0.000000,-0.000000,0.000000,-0.000000,5.302150,4.418459,4.860305,0.500000,0.500000
147883,João Vitor,ATA,267,VAS,6,10.000000,10.000000,fora,266,FLU,2026-09-05 21:00:00,26,0.000000,0.000000,0.000000,0.000000,0.000000,0.000000,0.000000,0.000000,0.227956,0.182365,0.776769,0.388384,0.000000,0.000000,0.000000,-0.000000,3.397500,5.096250,0.000000,0.000000,0.000000,0.000000,0.000000,0.000000,0.000000,-0.000000,0.000000,-0.000000,0.000000,-0.000000,0.000000,-0.000000,0.610128,-0.183038,0.000000,-0.000000,0.000000,-0.000000,5.483961,4.161755,4.822858,0.500000,0.500000
109096,Plata,ATA,262,FLA,6,10.000000,10.000000,fora,364,REM,2026-09-06 16:00:00,26,0.000000,0.000000,0.333333,1.666667,0.000000,0.000000,0.040825,0.048990,0.510600,0.408480,0.898855,0.449428,0.000000,0.000000,0.000000,-0.000000,2.419932,3.629898,0.000000,0.000000,0.000000,0.000000,0.000000,0.000000,0.000000,-0.000000,0.000000,-0.000000,0.333333,-0.333333,0.000000,-0.000000,0.679890,-0.203967,0.000000,-0.000000,0.000000,-0.000000,5.666162,3.956874,4.811518,0.500000,0.500000
88293,Neto Pessoa,ATA,315,CHA,6,10.000000,10.000000,fora,264,COR,2026-09-06 19:30:00,26,0.333333,2.666667,0.333333,1.666667,0.000000,0.000000,0.177303,0.212763,0.416667,0.333333,0.727663,0.363831,0.333333,0.333333,0.000000,-0.000000,0.090729,0.136094,0.000000,0.000000,0.000000,0.000000,0.000000,0.000000,0.000000,-0.000000,0.000000,-0.000000,0.000000,-0.000000,0.000000,-0.000000,0.794395,-0.238318,0.000000,-0.000000,0.000000,-0.000000,5.474370,4.104916,4.789643,0.500000,0.500000
90285,Bruno Henrique,ATA,262,FLA,6,10.000000,10.000000,fora,364,REM,2026-09-06 16:00:00,26,0.333333,2.666667,0.333333,1.666667,0.000000,0.000000,0.078741,0.094489,0.363920,0.291136,0.936153,0.468076,0.000000,0.000000,0.000000,-0.000000,0.310217,0.465326,0.000000,0.000000,0.000000,0.000000,0.000000,0.000000,0.000000,-0.000000,0.000000,-0.000000,0.333333,-0.333333,0.000000,-0.000000,0.772254,-0.231676,0.000000,-0.000000,0.000000,-0.000000,5.087351,4.429686,4.758519,0.500000,0.500000
122121,Túlio Eduardo,ATA,315,CHA,7,95.000000,85.000000,fora,264,COR,2026-09-06 19:30:00,26,0.333333,2.666667,0.000000,0.000000,0.000000,0.000000,1.350000,1.620000,0.858844,0.687076,0.980402,0.490201,0.000000,0.000000,0.333333,-0.033333,0.450000,0.675000,0.000000,0.000000,0.000000,0.000000,0.000000,0.000000,0.000000,-0.000000,0.000000,-0.000000,0.000000,-0.000000,0.000000,-0.000000,0.964881,-0.289464,0.000000,-0.000000,0.000000,-0.000000,5.816146,3.572092,4.694119,0.500000,0.500000
117909,Wesley,ATA,283,CRU,2,10.000000,10.000000,casa,293,CAP,2026-09-06 16:00:00,26,0.333333,2.666667,0.000000,0.000000,0.000000,0.000000,0.247500,0.297000,0.418166,0.334533,0.754979,0.377490,0.000000,0.000000,0.000000,-0.000000,0.302500,0.453750,0.000000,0.000000,0.000000,0.000000,0.000000,0.000000,0.000000,-0.000000,0.000000,-0.000000,0.666667,-0.666667,0.000000,-0.000000,0.738394,-0.221518,0.000000,-0.000000,0.000000,-0.000000,3.241255,6.054306,4.647780,0.500000,0.500000
79631,Cano,ATA,266,FLU,6,10.000000,10.000000,casa,267,VAS,2026-09-05 21:00:00,26,0.333333,2.666667,0.000000,0.000000,0.333333,1.000000,0.252172,0.302606,0.586587,0.469270,0.695939,0.347970,0.000000,0.000000,0.000000,-0.000000,0.000000,0.000000,0.000000,0.000000,0.000000,0.000000,0.000000,0.000000,0.000000,-0.000000,0.000000,-0.000000,0.000000,-0.000000,0.000000,-0.000000,0.682528,-0.204759,0.000000,-0.000000,0.000000,-0.000000,4.581753,4.628452,4.605103,0.500000,0.500000
114802,Vitor Roque,ATA,275,PAL,2,10.000000,10.000000,fora,263,BOT,2026-09-06 18:30:00,26,0.333333,2.666667,0.000000,0.000000,0.000000,0.000000,0.077402,0.092882,0.511468,0.409175,1.507249,0.753624,0.000000,0.000000,0.000000,-0.000000,0.790416,1.185624,0.000000,0.000000,0.000000,0.000000,0.000000,0.000000,0.000000,-0.000000,0.000000,-0.000000,0.000000,-0.000000,0.000000,-0.000000,0.797508,-0.239252,0.000000,-0.000000,0.000000,-0.000000,4.868719,4.186529,4.527624,0.500000,0.500000
82627,Luiz Araújo,ATA,262,FLA,2,10.000000,10.000000,fora,364,REM,2026-09-06 16:00:00,26,0.333333,2.666667,0.000000,0.000000,0.000000,0.000000,0.074869,0.089843,0.463803,0.371043,0.839950,0.419975,0.000000,0.000000,0.000000,-0.000000,0.453393,0.680090,0.000000,0.000000,0.000000,0.000000,0.000000,0.000000,0.000000,-0.000000,0.000000,-0.000000,0.000000,-0.000000,0.000000,-0.000000,0.704659,-0.211398,0.000000,-0.000000,0.000000,-0.000000,4.016219,4.951437,4.483828,0.500000,0.500000
114405,Sinisterra,ATA,283,CRU,5,10.000000,10.000000,casa,293,CAP,2026-09-06 16:00:00,26,0.000000,0.000000,0.000000,0.000000,0.000000,0.000000,0.322369,0.386843,0.667337,0.533869,0.691138,0.345569,0.000000,0.000000,0.000000,-0.000000,1.703020,2.554530,0.000000,0.000000,0.000000,0.000000,0.000000,0.000000,0.000000,-0.000000,0.000000,-0.000000,0.000000,-0.000000,0.000000,-0.000000,0.903709,-0.271113,0.000000,-0.000000,0.000000,-0.000000,3.549698,5.233659,4.391679,0.500000,0.500000
141382,Gustavo Santana,ATA,276,SAO,6,10.000000,10.000000,casa,282,CAM,2026-09-05 18:30:00,26,0.333333,2.666667,0.000000,0.000000,0.000000,0.000000,0.697500,0.837000,0.497321,0.397857,0.902076,0.451038,0.000000,0.000000,0.000000,-0.000000,0.450000,0.675000,0.000000,0.000000,0.000000,0.000000,0.000000,0.000000,0.000000,-0.000000,0.000000,-0.000000,0.000000,-0.000000,0.000000,-0.000000,0.779150,-0.233745,0.000000,-0.000000,0.000000,-0.000000,4.793817,3.967926,4.380871,0.500000,0.500000
109097,Jovane Cabral,ATA,284,GRE,5,10.000000,10.000000,fora,287,VIT,2026-09-07 20:00:00,26,0.000000,0.000000,0.333333,1.666667,0.000000,0.000000,0.247500,0.297000,0.474015,0.379212,0.860574,0.430287,0.000000,0.000000,0.000000,-0.000000,0.697500,1.046250,0.000000,0.000000,0.000000,0.000000,0.000000,0.000000,0.000000,-0.000000,0.000000,-0.000000,0.000000,-0.000000,0.000000,-0.000000,0.713075,-0.213923,0.000000,-0.000000,0.000000,-0.000000,3.605493,5.098268,4.351881,0.500000,0.500000
123101,Leozinho,ATA,293,CAP,7,95.000000,85.000000,fora,283,CRU,2026-09-06 16:00:00,26,0.333333,2.666667,0.000000,0.000000,0.000000,0.000000,0.602349,0.722819,0.427416,0.341933,0.973590,0.486795,0.000000,0.000000,0.000000,-0.000000,0.500622,0.750934,0.000000,0.000000,0.000000,0.000000,0.000000,0.000000,0.000000,-0.000000,0.000000,-0.000000,0.000000,-0.000000,0.000000,-0.000000,0.724680,-0.217404,0.000000,-0.000000,0.000000,-0.000000,4.751743,3.895712,4.323728,0.500000,0.500000
123648,Lucas Ronier,ATA,294,CFC,5,10.000000,10.000000,casa,2305,MIR,2026-09-06 11:00:00,26,0.000000,0.000000,0.000000,0.000000,0.000000,0.000000,0.637365,0.764838,0.471383,0.377106,2.168789,1.084395,0.000000,0.000000,0.000000,-0.000000,1.272059,1.908089,0.000000,0.000000,0.000000,0.000000,0.000000,0.000000,0.000000,-0.000000,0.000000,-0.000000,0.000000,-0.000000,0.000000,-0.000000,0.802898,-0.240870,0.000000,-0.000000,0.000000,-0.000000,3.893559,4.567991,4.230775,0.500000,0.500000
114801,Danilo Pereira,ATA,263,BOT,7,95.000000,85.000000,casa,275,PAL,2026-09-06 18:30:00,26,0.000000,0.000000,0.333333,1.666667,0.000000,0.000000,0.863875,1.036650,0.356444,0.285155,0.885997,0.442999,0.000000,0.000000,0.666667,-0.066667,0.272250,0.408375,0.000000,0.000000,0.000000,0.000000,0.000000,0.000000,0.000000,-0.000000,0.000000,-0.000000,0.000000,-0.000000,0.000000,-0.000000,0.752660,-0.225798,0.000000,-0.000000,0.000000,-0.000000,3.547381,4.794819,4.171100,0.500000,0.500000
112886,Lucas Barbosa,ATA,280,RBB,7,95.000000,85.000000,casa,265,BAH,2026-09-05 16:00:00,26,0.000000,0.000000,0.000000,0.000000,0.000000,0.000000,0.778991,0.934789,0.550786,0.440629,1.011884,0.505942,0.000000,0.000000,0.000000,-0.000000,0.606265,0.909397,0.000000,0.000000,0.000000,0.000000,0.000000,0.000000,0.000000,-0.000000,0.000000,-0.000000,0.000000,-0.000000,0.000000,-0.000000,0.786398,-0.235919,0.000000,-0.000000,0.000000,-0.000000,2.554838,5.785103,4.169970,0.500000,0.500000
106199,Gabriel Pec,ATA,283,CRU,5,10.000000,10.000000,casa,293,CAP,2026-09-06 16:00:00,26,0.000000,0.000000,0.000000,0.000000,0.000000,0.000000,1.000000,1.200000,0.460779,0.368624,1.319219,0.659609,0.000000,0.000000,1.000000,-0.100000,1.000000,1.500000,0.000000,0.000000,0.000000,0.000000,0.000000,0.000000,0.000000,-0.000000,0.000000,-0.000000,0.000000,-0.000000,0.000000,-0.000000,0.849273,-0.254782,0.000000,-0.000000,0.000000,-0.000000,3.373451,4.925370,4.149410,0.500000,0.500000
94034,Kevin Ramírez,ATA,315,CHA,6,10.000000,10.000000,fora,264,COR,2026-09-06 19:30:00,26,0.000000,0.000000,0.333333,1.666667,0.000000,0.000000,0.586506,0.703808,0.270179,0.216144,0.946189,0.473094,0.000000,0.000000,0.000000,-0.000000,1.147500,1.721250,0.000000,0.000000,0.000000,0.000000,0.000000,0.000000,0.000000,-0.000000,0.000000,-0.000000,0.000000,-0.000000,0.000000,-0.000000,0.614244,-0.184273,0.000000,-0.000000,0.000000,-0.000000,4.596689,3.605347,4.101018,0.500000,0.500000
140906,Davi Gomes,ATA,280,RBB,5,10.000000,10.000000,casa,265,BAH,2026-09-05 16:00:00,26,0.000000,0.000000,0.000000,0.000000,0.500000,1.500000,1.100000,1.320000,0.525011,0.420009,0.718801,0.359401,0.000000,0.000000,0.000000,-0.000000,0.450000,0.675000,0.000000,0.000000,0.000000,0.000000,0.000000,0.000000,0.000000,-0.000000,0.000000,-0.000000,0.000000,-0.000000,0.000000,-0.000000,0.644857,-0.193457,0.000000,-0.000000,0.000000,-0.000000,4.080952,4.030083,4.055518,0.500000,0.500000
83257,Gabriel,ATA,277,SAN,7,95.000000,85.000000,fora,285,INT,2026-09-06 16:00:00,26,0.333333,2.666667,0.000000,0.000000,0.000000,0.000000,0.524869,0.629842,0.825034,0.660027,0.700306,0.350153,0.000000,0.000000,1.000000,-0.100000,0.064557,0.096835,0.000000,0.000000,0.000000,0.000000,0.000000,0.000000,0.000000,-0.000000,0.000000,-0.000000,0.000000,-0.000000,0.000000,-0.000000,0.615263,-0.184579,0.000000,-0.000000,0.000000,-0.000000,4.118946,3.823648,3.971297,0.500000,0.500000
95131,Gabriel Taliari,ATA,364,REM,7,95.000000,85.000000,casa,262,FLA,2026-09-06 16:00:00,26,0.000000,0.000000,0.000000,0.000000,0.000000,0.000000,0.007607,0.009129,0.641627,0.513302,1.276485,0.638242,0.333333,0.333333,0.666667,-0.066667,1.049820,1.574730,0.000000,0.000000,0.000000,0.000000,0.000000,0.000000,0.000000,-0.000000,0.000000,-0.000000,0.333333,-0.333333,0.000000,-0.000000,1.186847,-0.356054,0.000000,-0.000000,0.000000,-0.000000,2.312682,5.547341,3.930011,0.500000,0.500000
118844,Kaio César,ATA,264,COR,7,95.000000,85.000000,casa,315,CHA,2026-09-06 19:30:00,26,0.000000,0.000000,0.000000,0.000000,0.000000,0.000000,0.234835,0.281802,0.523039,0.418431,1.505345,0.752673,0.000000,0.000000,0.000000,-0.000000,1.593561,2.390341,0.000000,0.000000,0.000000,0.000000,0.000000,0.000000,0.000000,-0.000000,0.000000,-0.000000,0.000000,-0.000000,0.000000,-0.000000,0.770931,-0.231279,0.000000,-0.000000,0.000000,-0.000000,3.611968,4.107774,3.859871,0.500000,0.500000
87258,Soteldo,ATA,266,FLU,7,95.000000,85.000000,casa,267,VAS,2026-09-05 21:00:00,26,0.000000,0.000000,0.333333,1.666667,0.000000,0.000000,0.179759,0.215710,0.544700,0.435760,0.852367,0.426184,0.000000,0.000000,0.000000,-0.000000,0.672782,1.009173,0.000000,0.000000,0.000000,0.000000,0.000000,0.000000,0.000000,-0.000000,0.000000,-0.000000,0.000000,-0.000000,0.000000,-0.000000,0.719211,-0.215763,0.000000,-0.000000,0.000000,-0.000000,3.537730,4.175833,3.856782,0.500000,0.500000
97321,Alesson,ATA,2305,MIR,7,95.000000,85.000000,fora,294,CFC,2026-09-06 11:00:00,26,0.000000,0.000000,0.000000,0.000000,0.000000,0.000000,0.070591,0.084710,0.698676,0.558940,0.945472,0.472736,0.000000,0.000000,0.666667,-0.066667,2.041545,3.062317,0.000000,0.000000,0.000000,0.000000,0.000000,0.000000,0.000000,-0.000000,0.000000,-0.000000,0.000000,-0.000000,0.000000,-0.000000,0.789638,-0.236892,0.000000,-0.000000,0.000000,-0.000000,3.875145,3.817208,3.846176,0.500000,0.500000
97810,Erick,ATA,287,VIT,2,10.000000,10.000000,casa,284,GRE,2026-09-07 20:00:00,26,0.333333,2.666667,0.000000,0.000000,0.000000,0.000000,0.159389,0.191267,0.485611,0.388489,1.092898,0.546449,0.333333,0.333333,0.333333,-0.033333,0.025097,0.037645,0.000000,0.000000,0.000000,0.000000,0.000000,0.000000,0.000000,-0.000000,0.000000,-0.000000,0.000000,-0.000000,0.000000,-0.000000,0.847385,-0.254215,0.000000,-0.000000,0.000000,-0.000000,3.876301,3.801967,3.839134,0.500000,0.500000
108946,Victor Sá,ATA,276,SAO,6,10.000000,10.000000,casa,282,CAM,2026-09-05 18:30:00,26,0.000000,0.000000,0.333333,1.666667,0.000000,0.000000,0.450000,0.540000,0.447266,0.357812,0.827254,0.413627,0.000000,0.000000,0.000000,-0.000000,1.036125,1.554187,0.000000,0.000000,0.000000,0.000000,0.000000,0.000000,0.000000,-0.000000,0.000000,-0.000000,0.000000,-0.000000,0.000000,-0.000000,0.775706,-0.232712,0.000000,-0.000000,0.000000,-0.000000,4.299582,3.335714,3.817648,0.500000,0.500000
95332,Marcinho,ATA,315,CHA,7,95.000000,85.000000,fora,264,COR,2026-09-06 19:30:00,26,0.333333,2.666667,0.000000,0.000000,0.000000,0.000000,0.039222,0.047067,0.509559,0.407647,0.828179,0.414089,0.000000,0.000000,0.333333,-0.033333,0.659668,0.989502,0.000000,0.000000,0.000000,0.000000,0.000000,0.000000,0.000000,-0.000000,0.000000,-0.000000,0.333333,-0.333333,0.000000,-0.000000,0.953391,-0.286017,0.000000,-0.000000,0.000000,-0.000000,3.872287,3.716827,3.794557,0.500000,0.500000
103445,Kaio Jorge,ATA,283,CRU,7,95.000000,85.000000,casa,293,CAP,2026-09-06 16:00:00,26,0.333333,2.666667,0.000000,0.000000,0.000000,0.000000,0.076402,0.091683,0.580099,0.464079,0.945850,0.472925,0.000000,0.000000,0.000000,-0.000000,0.454490,0.681734,0.000000,0.000000,0.000000,0.000000,0.000000,0.000000,0.000000,-0.000000,0.000000,-0.000000,0.000000,-0.000000,0.000000,-0.000000,0.635223,-0.190567,0.000000,-0.000000,0.000000,-0.000000,4.186521,3.272987,3.729754,0.500000,0.500000
95799,Artur,ATA,276,SAO,7,95.000000,85.000000,casa,282,CAM,2026-09-05 18:30:00,26,0.000000,0.000000,0.000000,0.000000,0.000000,0.000000,0.971734,1.166081,0.437083,0.349667,0.915003,0.457501,0.000000,0.000000,0.000000,-0.000000,0.481509,0.722263,0.000000,0.000000,0.000000,0.000000,0.000000,0.000000,0.000000,-0.000000,0.000000,-0.000000,0.000000,-0.000000,0.000000,-0.000000,0.738713,-0.221614,0.000000,-0.000000,0.000000,-0.000000,2.473898,4.976031,3.724965,0.500000,0.500000
124424,Rodrigo Castillo,ATA,266,FLU,6,10.000000,10.000000,casa,267,VAS,2026-09-05 21:00:00,26,0.000000,0.000000,0.000000,0.000000,0.000000,0.000000,0.124160,0.148992,0.913277,0.730621,0.945227,0.472613,0.000000,0.000000,0.333333,-0.033333,1.918885,2.878328,0.000000,0.000000,0.000000,0.000000,0.000000,0.000000,0.000000,-0.000000,0.000000,-0.000000,0.000000,-0.000000,0.000000,-0.000000,1.112138,-0.333641,0.000000,-0.000000,0.000000,-0.000000,3.863580,3.495968,3.679774,0.500000,0.500000
110144,Spinelli,ATA,267,VAS,6,10.000000,10.000000,fora,266,FLU,2026-09-05 21:00:00,26,0.000000,0.000000,0.000000,0.000000,0.000000,0.000000,0.801728,0.962074,0.607171,0.485737,0.902283,0.451142,0.000000,0.000000,0.000000,-0.000000,0.699591,1.049386,0.000000,0.000000,0.000000,0.000000,0.000000,0.000000,0.000000,-0.000000,0.000000,-0.000000,0.000000,-0.000000,0.000000,-0.000000,0.908846,-0.272654,0.000000,-0.000000,0.000000,-0.000000,2.675684,4.490714,3.583199,0.500000,0.500000
92171,Arthur Cabral,ATA,263,BOT,7,95.000000,85.000000,casa,275,PAL,2026-09-06 18:30:00,26,0.000000,0.000000,0.000000,0.000000,0.000000,0.000000,1.585539,1.902647,1.111582,0.889266,1.173105,0.586553,0.000000,0.000000,0.000000,-0.000000,0.811235,1.216853,0.000000,0.000000,0.000000,0.000000,0.000000,0.000000,0.000000,-0.000000,0.333333,-1.000000,0.000000,-0.000000,0.000000,-0.000000,1.059553,-0.317866,0.000000,-0.000000,0.000000,-0.000000,3.277452,3.843297,3.560375,0.500000,0.500000
90309,David,ATA,267,VAS,6,10.000000,10.000000,fora,266,FLU,2026-09-05 21:00:00,26,0.333333,2.666667,0.000000,0.000000,0.000000,0.000000,0.004364,0.005236,0.391011,0.312809,0.745686,0.372843,0.000000,0.000000,0.666667,-0.066667,0.027660,0.041490,0.000000,0.000000,0.000000,0.000000,0.000000,0.000000,0.000000,-0.000000,0.000000,-0.000000,0.000000,-0.000000,0.000000,-0.000000,0.812524,-0.243757,0.000000,-0.000000,0.000000,-0.000000,3.088621,3.963053,3.525837,0.500000,0.500000
78117,Everaldo,ATA,265,BAH,3,10.000000,10.000000,fora,280,RBB,2026-09-05 16:00:00,26,0.333333,2.666667,0.000000,0.000000,0.000000,0.000000,0.011246,0.013495,0.678108,0.542486,0.751330,0.375665,0.000000,0.000000,0.000000,-0.000000,0.294837,0.442256,0.000000,0.000000,0.000000,0.000000,0.000000,0.000000,0.000000,-0.000000,0.000000,-0.000000,0.000000,-0.000000,0.000000,-0.000000,0.621196,-0.186359,0.000000,-0.000000,0.000000,-0.000000,3.854210,3.128553,3.491381,0.500000,0.500000
98384,Negueba,ATA,2305,MIR,5,10.000000,10.000000,fora,294,CFC,2026-09-06 11:00:00,26,0.000000,0.000000,0.000000,0.000000,0.000000,0.000000,0.537325,0.644790,0.450046,0.360037,1.542121,0.771060,0.000000,0.000000,0.000000,-0.000000,1.464088,2.196132,0.000000,0.000000,0.000000,0.000000,0.000000,0.000000,0.000000,-0.000000,0.000000,-0.000000,0.666667,-0.666667,0.000000,-0.000000,0.809044,-0.242713,0.000000,-0.000000,0.000000,-0.000000,3.062639,3.888214,3.475427,0.500000,0.500000
101729,Fabinho,ATA,294,CFC,6,10.000000,10.000000,casa,2305,MIR,2026-09-06 11:00:00,26,0.333333,2.666667,0.000000,0.000000,0.000000,0.000000,0.008373,0.010048,0.633393,0.506714,0.700177,0.350088,0.000000,0.000000,0.000000,-0.000000,0.000000,0.000000,0.000000,0.000000,0.000000,0.000000,0.000000,0.000000,0.000000,-0.000000,0.000000,-0.000000,0.000000,-0.000000,0.000000,-0.000000,0.681435,-0.204431,0.000000,-0.000000,0.000000,-0.000000,3.329087,3.596818,3.462952,0.500000,0.500000
117314,Thiago Borbas,ATA,282,CAM,5,10.000000,10.000000,fora,276,SAO,2026-09-05 18:30:00,26,0.333333,2.666667,0.000000,0.000000,0.000000,0.000000,0.000000,0.000000,0.218942,0.175154,1.344148,0.672074,0.000000,0.000000,0.000000,-0.000000,0.247500,0.371250,0.000000,0.000000,0.000000,0.000000,0.000000,0.000000,0.000000,-0.000000,0.000000,-0.000000,0.000000,-0.000000,0.000000,-0.000000,0.868779,-0.260634,0.000000,-0.000000,0.000000,-0.000000,3.624511,3.208727,3.416619,0.500000,0.500000
86757,Everton,ATA,262,FLA,6,10.000000,10.000000,fora,364,REM,2026-09-06 16:00:00,26,0.000000,0.000000,0.333333,1.666667,0.000000,0.000000,0.004605,0.005526,0.771142,0.616913,0.740885,0.370443,0.000000,0.000000,0.000000,-0.000000,0.281604,0.422406,0.000000,0.000000,0.000000,0.000000,0.000000,0.000000,0.000000,-0.000000,0.000000,-0.000000,0.000000,-0.000000,0.000000,-0.000000,0.610032,-0.183010,0.000000,-0.000000,0.000000,-0.000000,2.898946,3.609490,3.254218,0.500000,0.500000
101254,Alef Manga,ATA,364,REM,6,10.000000,10.000000,casa,262,FLA,2026-09-06 16:00:00,26,0.000000,0.000000,0.000000,0.000000,0.000000,0.000000,0.064890,0.077868,0.964059,0.771247,0.762819,0.381409,0.000000,0.000000,0.666667,-0.066667,0.263873,0.395809,0.000000,0.000000,0.000000,0.000000,0.000000,0.000000,0.000000,-0.000000,0.000000,-0.000000,0.000000,-0.000000,0.000000,-0.000000,0.653511,-0.196053,0.000000,-0.000000,0.000000,-0.000000,1.363614,4.967530,3.165572,0.500000,0.500000
101314,Ademir,ATA,265,BAH,6,10.000000,10.000000,fora,280,RBB,2026-09-05 16:00:00,26,0.000000,0.000000,0.000000,0.000000,0.000000,0.000000,0.273954,0.328745,0.675871,0.540697,0.970561,0.485281,0.000000,0.000000,0.333333,-0.033333,0.477768,0.716653,0.000000,0.000000,0.000000,0.000000,0.000000,0.000000,0.000000,-0.000000,0.000000,-0.000000,0.333333,-0.333333,0.000000,-0.000000,0.606022,-0.181807,0.000000,-0.000000,0.000000,-0.000000,1.522901,4.791529,3.157215,0.500000,0.500000
124239,Henry Mosquera,ATA,280,RBB,6,10.000000,10.000000,casa,265,BAH,2026-09-05 16:00:00,26,0.000000,0.000000,0.333333,1.666667,0.000000,0.000000,0.173877,0.208653,0.280140,0.224112,0.744878,0.372439,0.000000,0.000000,0.333333,-0.033333,0.557352,0.836028,0.000000,0.000000,0.000000,0.000000,0.000000,0.000000,0.000000,-0.000000,0.000000,-0.000000,0.333333,-0.333333,0.000000,-0.000000,0.954823,-0.286447,0.000000,-0.000000,0.000000,-0.000000,2.654784,3.650903,3.152844,0.500000,0.500000
104204,Edson Carioca,ATA,2305,MIR,5,10.000000,10.000000,fora,294,CFC,2026-09-06 11:00:00,26,0.000000,0.000000,0.000000,0.000000,0.000000,0.000000,0.177303,0.212763,0.529211,0.423369,0.713895,0.356947,0.000000,0.000000,0.000000,-0.000000,0.973618,1.460427,0.000000,0.000000,0.000000,0.000000,0.000000,0.000000,0.000000,-0.000000,0.000000,-0.000000,0.000000,-0.000000,0.000000,-0.000000,0.686491,-0.205947,0.000000,-0.000000,0.000000,-0.000000,2.247560,4.037391,3.142475,0.500000,0.500000
123738,Herrera,ATA,280,RBB,7,95.000000,85.000000,casa,265,BAH,2026-09-05 16:00:00,26,0.000000,0.000000,0.000000,0.000000,0.000000,0.000000,0.336812,0.404175,0.391023,0.312819,0.642694,0.321347,0.000000,0.000000,0.000000,-0.000000,0.759810,1.139715,0.000000,0.000000,0.000000,0.000000,0.000000,0.000000,0.000000,-0.000000,0.000000,-0.000000,0.000000,-0.000000,0.000000,-0.000000,0.749738,-0.224922,0.000000,-0.000000,0.000000,-0.000000,1.953134,4.305521,3.129328,0.500000,0.500000
106104,Enamorado,ATA,284,GRE,2,10.000000,10.000000,fora,287,VIT,2026-09-07 20:00:00,26,0.000000,0.000000,0.333333,1.666667,0.000000,0.000000,0.000096,0.000115,0.440484,0.352387,0.850706,0.425353,0.000000,0.000000,0.000000,-0.000000,0.360256,0.540385,0.000000,0.000000,0.000000,0.000000,0.000000,0.000000,0.000000,-0.000000,0.000000,-0.000000,0.333333,-0.333333,0.000000,-0.000000,0.709394,-0.212818,0.000000,-0.000000,0.000000,-0.000000,2.438756,3.818425,3.128590,0.500000,0.500000
92696,Renato Kayzer,ATA,287,VIT,7,95.000000,85.000000,casa,284,GRE,2026-09-07 20:00:00,26,0.000000,0.000000,0.000000,0.000000,0.000000,0.000000,0.004189,0.005027,0.568113,0.454490,0.664918,0.332459,0.000000,0.000000,0.333333,-0.033333,0.859929,1.289893,0.000000,0.000000,0.000000,0.000000,0.000000,0.000000,0.000000,-0.000000,0.000000,-0.000000,0.000000,-0.000000,0.000000,-0.000000,0.677255,-0.203177,0.000000,-0.000000,0.000000,-0.000000,1.845360,4.281242,3.063301,0.500000,0.500000
130209,Renê,ATA,287,VIT,6,10.000000,10.000000,casa,284,GRE,2026-09-07 20:00:00,26,0.000000,0.000000,0.000000,0.000000,0.000000,0.000000,0.342376,0.410852,0.454218,0.363374,0.701666,0.350833,0.000000,0.000000,0.000000,-0.000000,0.968210,1.452315,0.000000,0.000000,0.000000,0.000000,0.000000,0.000000,0.000000,-0.000000,0.000000,-0.000000,0.000000,-0.000000,0.000000,-0.000000,0.793620,-0.238086,0.000000,-0.000000,0.000000,-0.000000,2.339288,3.746971,3.043130,0.500000,0.500000
117930,Lavega,ATA,294,CFC,7,95.000000,85.000000,casa,2305,MIR,2026-09-06 11:00:00,26,0.000000,0.000000,0.000000,0.000000,0.000000,0.000000,0.078668,0.094402,0.877707,0.702166,0.874241,0.437121,0.000000,0.000000,0.000000,-0.000000,0.411917,0.617875,0.000000,0.000000,0.000000,0.000000,0.000000,0.000000,0.000000,-0.000000,0.000000,-0.000000,0.000000,-0.000000,0.000000,-0.000000,0.785253,-0.235576,0.000000,-0.000000,0.000000,-0.000000,1.615988,4.330829,2.973408,0.500000,0.500000
137542,Kaique Kenji,ATA,283,CRU,6,10.000000,10.000000,casa,293,CAP,2026-09-06 16:00:00,26,0.000000,0.000000,0.000000,0.000000,0.000000,0.000000,0.495296,0.594355,0.423199,0.338559,0.698888,0.349444,0.000000,0.000000,0.000000,-0.000000,0.586125,0.879188,0.000000,0.000000,0.000000,0.000000,0.000000,0.000000,0.000000,-0.000000,0.000000,-0.000000,0.333333,-0.333333,0.000000,-0.000000,0.692835,-0.207851,0.000000,-0.000000,0.000000,-0.000000,1.620362,4.322544,2.971453,0.500000,0.500000
131967,Villarreal,ATA,283,CRU,6,10.000000,10.000000,casa,293,CAP,2026-09-06 16:00:00,26,0.000000,0.000000,0.000000,0.000000,0.000000,0.000000,0.012865,0.015438,0.644921,0.515937,0.854621,0.427311,0.000000,0.000000,0.333333,-0.033333,0.817126,1.225689,0.000000,0.000000,0.000000,0.000000,0.000000,0.000000,0.000000,-0.000000,0.000000,-0.000000,0.000000,-0.000000,0.000000,-0.000000,0.600314,-0.180094,0.000000,-0.000000,0.000000,-0.000000,1.970947,3.923505,2.947226,0.500000,0.500000
113397,Cristian Olivera,ATA,265,BAH,7,95.000000,85.000000,fora,280,RBB,2026-09-05 16:00:00,26,0.000000,0.000000,0.000000,0.000000,0.000000,0.000000,0.535025,0.642030,0.581864,0.465491,0.854897,0.427449,0.000000,0.000000,0.333333,-0.033333,0.703048,1.054573,0.000000,0.000000,0.000000,0.000000,0.000000,0.000000,0.000000,-0.000000,0.000000,-0.000000,0.333333,-0.333333,0.000000,-0.000000,0.616047,-0.184814,0.000000,-0.000000,0.000000,-0.000000,2.038062,3.815165,2.926613,0.500000,0.500000
132580,Vinicinho,ATA,280,RBB,7,95.000000,85.000000,casa,265,BAH,2026-09-05 16:00:00,26,0.000000,0.000000,0.000000,0.000000,0.000000,0.000000,0.274322,0.329187,0.516444,0.413155,0.876789,0.438394,0.000000,0.000000,0.000000,-0.000000,0.638304,0.957456,0.000000,0.000000,0.000000,0.000000,0.000000,0.000000,0.000000,-0.000000,0.000000,-0.000000,0.000000,-0.000000,0.000000,-0.000000,0.743677,-0.223103,0.000000,-0.000000,0.000000,-0.000000,1.915089,3.915962,2.915525,0.500000,0.500000
103967,Bruno Santos,ATA,2305,MIR,7,95.000000,85.000000,fora,294,CFC,2026-09-06 11:00:00,26,0.000000,0.000000,0.000000,0.000000,0.000000,0.000000,0.722250,0.866700,0.537199,0.429759,0.771912,0.385956,0.000000,0.000000,0.333333,-0.033333,0.697500,1.046250,0.000000,0.000000,0.000000,0.000000,0.000000,0.000000,0.000000,-0.000000,0.000000,-0.000000,0.000000,-0.000000,0.000000,-0.000000,0.804618,-0.241385,0.000000,-0.000000,0.000000,-0.000000,2.453946,3.376380,2.915163,0.500000,0.500000
78435,Vitinho,ATA,264,COR,5,10.000000,10.000000,casa,315,CHA,2026-09-06 19:30:00,26,0.000000,0.000000,0.000000,0.000000,0.000000,0.000000,0.063826,0.076591,0.984095,0.787276,0.818740,0.409370,0.000000,0.000000,0.000000,-0.000000,1.138674,1.708012,0.000000,0.000000,0.000000,0.000000,0.000000,0.000000,0.000000,-0.000000,0.000000,-0.000000,0.000000,-0.000000,0.000000,-0.000000,0.699715,-0.209914,0.000000,-0.000000,0.000000,-0.000000,2.771333,3.036496,2.903915,0.500000,0.500000
108713,Galeano,ATA,364,REM,6,10.000000,10.000000,casa,262,FLA,2026-09-06 16:00:00,26,0.000000,0.000000,0.000000,0.000000,0.000000,0.000000,0.464989,0.557987,0.793806,0.635045,1.027429,0.513714,0.000000,0.000000,0.333333,-0.033333,0.617889,0.926833,0.000000,0.000000,0.000000,0.000000,0.000000,0.000000,0.000000,-0.000000,0.000000,-0.000000,0.000000,-0.000000,0.000000,-0.000000,0.670100,-0.201030,0.000000,-0.000000,0.000000,-0.000000,2.399216,3.278060,2.838638,0.500000,0.500000
68952,Marinho,ATA,287,VIT,2,10.000000,10.000000,casa,284,GRE,2026-09-07 20:00:00,26,0.000000,0.000000,0.000000,0.000000,0.000000,0.000000,0.462456,0.554948,0.510103,0.408083,1.498326,0.749163,0.000000,0.000000,0.000000,-0.000000,0.646298,0.969447,0.000000,0.000000,0.000000,0.000000,0.000000,0.000000,0.000000,-0.000000,0.000000,-0.000000,0.333333,-0.333333,0.000000,-0.000000,1.046855,-0.314056,0.000000,-0.000000,0.000000,-0.000000,2.034250,3.636976,2.835613,0.500000,0.500000
142086,Kauan Toledo,ATA,263,BOT,6,10.000000,10.000000,casa,275,PAL,2026-09-06 18:30:00,26,0.000000,0.000000,0.000000,0.000000,0.000000,0.000000,0.500328,0.600394,0.543459,0.434767,0.982550,0.491275,0.000000,0.000000,0.333333,-0.033333,1.274856,1.912283,0.000000,0.000000,0.000000,0.000000,0.000000,0.000000,0.000000,-0.000000,0.000000,-0.000000,0.333333,-0.333333,0.000000,-0.000000,0.887181,-0.266154,0.000000,-0.000000,0.000000,-0.000000,2.805898,2.790157,2.798028,0.500000,0.500000
142764,Franco Rossi,ATA,315,CHA,6,10.000000,10.000000,fora,264,COR,2026-09-06 19:30:00,26,0.000000,0.000000,0.000000,0.000000,0.000000,0.000000,1.350000,1.620000,0.382288,0.305830,1.047489,0.523744,0.000000,0.000000,0.000000,-0.000000,0.136125,0.204188,0.000000,0.000000,0.000000,0.000000,0.000000,0.000000,0.000000,-0.000000,0.000000,-0.000000,0.000000,-0.000000,0.000000,-0.000000,0.700609,-0.210183,0.000000,-0.000000,0.000000,-0.000000,2.443579,2.977528,2.710553,0.500000,0.500000
105089,Tetê,ATA,284,GRE,2,10.000000,10.000000,fora,287,VIT,2026-09-07 20:00:00,26,0.000000,0.000000,0.000000,0.000000,0.000000,0.000000,0.788455,0.946146,0.593028,0.474422,0.787987,0.393993,0.000000,0.000000,0.000000,-0.000000,0.972593,1.458890,0.000000,0.000000,0.000000,0.000000,0.000000,0.000000,0.000000,-0.000000,0.000000,-0.000000,0.333333,-0.333333,0.000000,-0.000000,0.826343,-0.247903,0.000000,-0.000000,0.000000,-0.000000,2.692215,2.676319,2.684267,0.500000,0.500000
99789,Brenner,ATA,267,VAS,5,10.000000,10.000000,fora,266,FLU,2026-09-05 21:00:00,26,0.000000,0.000000,0.000000,0.000000,0.000000,0.000000,0.274759,0.329710,0.413693,0.330954,0.828714,0.414357,0.000000,0.000000,0.666667,-0.066667,0.643106,0.964659,0.000000,0.000000,0.000000,0.000000,0.000000,0.000000,0.000000,-0.000000,0.000000,-0.000000,0.000000,-0.000000,0.000000,-0.000000,0.580249,-0.174075,0.000000,-0.000000,0.000000,-0.000000,1.798939,3.535077,2.667008,0.500000,0.500000
130121,João Costa,ATA,283,CRU,6,10.000000,10.000000,casa,293,CAP,2026-09-06 16:00:00,26,0.000000,0.000000,0.000000,0.000000,0.000000,0.000000,1.172250,1.406700,0.411165,0.328932,0.687256,0.343628,0.000000,0.000000,0.333333,-0.033333,0.450000,0.675000,0.000000,0.000000,0.000000,0.000000,0.000000,0.000000,0.000000,-0.000000,0.000000,-0.000000,0.000000,-0.000000,0.000000,-0.000000,0.954031,-0.286209,0.000000,-0.000000,0.000000,-0.000000,2.434718,2.899292,2.667005,0.500000,0.500000
98225,Pedro Raul,ATA,264,COR,6,10.000000,10.000000,casa,315,CHA,2026-09-06 19:30:00,26,0.000000,0.000000,0.000000,0.000000,0.000000,0.000000,0.586125,0.703350,0.794890,0.635912,0.723837,0.361918,0.000000,0.000000,0.000000,-0.000000,0.285863,0.428794,0.000000,0.000000,0.000000,0.000000,0.000000,0.000000,0.000000,-0.000000,0.000000,-0.000000,0.000000,-0.000000,0.000000,-0.000000,0.695818,-0.208745,0.000000,-0.000000,0.000000,-0.000000,1.921228,3.384521,2.652875,0.500000,0.500000
90917,Carlos Eduardo,ATA,2305,MIR,6,10.000000,10.000000,fora,294,CFC,2026-09-06 11:00:00,26,0.000000,0.000000,0.000000,0.000000,0.000000,0.000000,0.288678,0.346413,0.331807,0.265446,0.854820,0.427410,0.000000,0.000000,0.000000,-0.000000,0.219177,0.328766,0.000000,0.000000,0.000000,0.000000,0.000000,0.000000,0.000000,-0.000000,0.000000,-0.000000,0.000000,-0.000000,0.000000,-0.000000,0.557666,-0.167300,0.000000,-0.000000,0.000000,-0.000000,1.200735,3.951932,2.576334,0.500000,0.500000
121824,Kayke,ATA,264,COR,5,10.000000,10.000000,casa,315,CHA,2026-09-06 19:30:00,26,0.000000,0.000000,0.000000,0.000000,0.000000,0.000000,0.247500,0.297000,0.401948,0.321558,0.741833,0.370916,0.000000,0.000000,0.000000,-0.000000,1.036506,1.554759,0.000000,0.000000,0.000000,0.000000,0.000000,0.000000,0.000000,-0.000000,0.000000,-0.000000,0.000000,-0.000000,0.000000,-0.000000,0.631604,-0.189481,0.000000,-0.000000,0.000000,-0.000000,2.354753,2.790200,2.572476,0.500000,0.500000
95362,Cassierra,ATA,282,CAM,2,10.000000,10.000000,fora,276,SAO,2026-09-05 18:30:00,26,0.000000,0.000000,0.000000,0.000000,0.333333,1.000000,0.359765,0.431718,0.495615,0.396492,0.718264,0.359132,0.000000,0.000000,0.000000,-0.000000,0.016224,0.024336,0.000000,0.000000,0.000000,0.000000,0.000000,0.000000,0.000000,-0.000000,0.000000,-0.000000,0.000000,-0.000000,0.000000,-0.000000,0.653333,-0.196000,0.000000,-0.000000,0.000000,-0.000000,2.015678,3.099494,2.557586,0.500000,0.500000
86292,Bolasie,ATA,315,CHA,2,10.000000,10.000000,fora,264,COR,2026-09-06 19:30:00,26,0.000000,0.000000,0.000000,0.000000,0.333333,1.000000,0.917283,1.100740,0.317370,0.253896,0.934293,0.467146,0.000000,0.000000,0.000000,-0.000000,0.833752,1.250629,0.000000,0.000000,0.000000,0.000000,0.000000,0.000000,0.000000,-0.000000,0.000000,-0.000000,0.000000,-0.000000,0.000000,-0.000000,0.795805,-0.238742,0.000000,-0.000000,0.333333,-1.333333,2.500336,2.569755,2.535046,0.500000,0.500000
149994,Jhuan Nunes,ATA,280,RBB,6,10.000000,10.000000,casa,265,BAH,2026-09-05 16:00:00,26,0.000000,0.000000,0.000000,0.000000,0.000000,0.000000,0.000000,0.000000,0.529263,0.423410,0.646158,0.323079,0.000000,0.000000,0.000000,-0.000000,1.000000,1.500000,0.000000,0.000000,0.000000,0.000000,0.000000,0.000000,0.000000,-0.000000,0.000000,-0.000000,0.000000,-0.000000,0.000000,-0.000000,0.594385,-0.178315,0.000000,-0.000000,0.000000,-0.000000,2.068174,2.994978,2.531576,0.500000,0.500000
140484,Riquelme Felipe,ATA,266,FLU,6,10.000000,10.000000,casa,267,VAS,2026-09-05 21:00:00,26,0.000000,0.000000,0.333333,1.666667,0.000000,0.000000,0.000000,0.000000,0.406540,0.325232,0.735710,0.367855,0.000000,0.000000,0.000000,-0.000000,0.302500,0.453750,0.000000,0.000000,0.000000,0.000000,0.000000,0.000000,0.000000,-0.000000,0.000000,-0.000000,0.333333,-0.333333,0.000000,-0.000000,0.713406,-0.214022,0.000000,-0.000000,0.000000,-0.000000,2.266149,2.742984,2.504567,0.500000,0.500000
68920,Dudu,ATA,282,CAM,6,10.000000,10.000000,fora,276,SAO,2026-09-05 18:30:00,26,0.000000,0.000000,0.000000,0.000000,0.000000,0.000000,0.056449,0.067739,0.676088,0.540871,0.840158,0.420079,0.000000,0.000000,0.000000,-0.000000,0.450317,0.675476,0.000000,0.000000,0.000000,0.000000,0.000000,0.000000,0.000000,-0.000000,0.000000,-0.000000,0.000000,-0.000000,0.000000,-0.000000,0.592663,-0.177799,0.000000,-0.000000,0.000000,-0.000000,1.526365,3.480334,2.503350,0.500000,0.500000
91130,Fernandinho,ATA,2305,MIR,2,10.000000,10.000000,fora,294,CFC,2026-09-06 11:00:00,26,0.000000,0.000000,0.000000,0.000000,0.000000,0.000000,0.074869,0.089843,0.465137,0.372110,0.991515,0.495758,0.000000,0.000000,0.333333,-0.033333,0.716375,1.074563,0.000000,0.000000,0.000000,0.000000,0.000000,0.000000,0.000000,-0.000000,0.000000,-0.000000,0.000000,-0.000000,0.000000,-0.000000,0.648385,-0.194516,0.000000,-0.000000,0.000000,-0.000000,1.804423,3.168135,2.486279,0.500000,0.500000
143153,Tarzia,ATA,287,VIT,7,95.000000,85.000000,casa,284,GRE,2026-09-07 20:00:00,26,0.000000,0.000000,0.000000,0.000000,0.000000,0.000000,0.072416,0.086900,0.270660,0.216528,1.253296,0.626648,0.000000,0.000000,0.000000,-0.000000,0.739005,1.108508,0.000000,0.000000,0.000000,0.000000,0.000000,0.000000,0.000000,-0.000000,0.000000,-0.000000,0.333333,-0.333333,0.000000,-0.000000,0.914223,-0.274267,0.000000,-0.000000,0.000000,-0.000000,1.430983,3.539096,2.485039,0.500000,0.500000
89840,Calleri,ATA,276,SAO,7,95.000000,85.000000,casa,282,CAM,2026-09-05 18:30:00,26,0.000000,0.000000,0.000000,0.000000,0.000000,0.000000,0.250552,0.300662,0.275992,0.220794,0.809801,0.404900,0.000000,0.000000,0.000000,-0.000000,0.296440,0.444661,0.000000,0.000000,0.000000,0.000000,0.000000,0.000000,0.000000,-0.000000,0.000000,-0.000000,0.000000,-0.000000,0.000000,-0.000000,1.055688,-0.316707,0.000000,-0.000000,0.000000,-0.000000,1.054311,3.868385,2.461348,0.500000,0.500000
111831,Matheus Martins,ATA,263,BOT,6,10.000000,10.000000,casa,275,PAL,2026-09-06 18:30:00,26,0.000000,0.000000,0.000000,0.000000,0.000000,0.000000,0.657494,0.788993,0.243066,0.194453,0.955096,0.477548,0.000000,0.000000,0.000000,-0.000000,0.040999,0.061499,0.000000,0.000000,0.000000,0.000000,0.000000,0.000000,0.000000,-0.000000,0.000000,-0.000000,0.000000,-0.000000,0.000000,-0.000000,0.673822,-0.202147,0.000000,-0.000000,0.000000,-0.000000,1.320347,3.589204,2.454776,0.500000,0.500000
108133,Isidro Pitta,ATA,280,RBB,3,10.000000,10.000000,casa,265,BAH,2026-09-05 16:00:00,26,0.000000,0.000000,0.000000,0.000000,0.333333,1.000000,0.111277,0.133533,0.956042,0.764834,0.766991,0.383496,0.000000,0.000000,0.333333,-0.033333,0.006854,0.010281,0.000000,0.000000,0.000000,0.000000,0.000000,0.000000,0.000000,-0.000000,0.000000,-0.000000,0.333333,-0.333333,0.000000,-0.000000,0.901960,-0.270588,0.000000,-0.000000,0.000000,-0.000000,1.654888,3.217851,2.436370,0.500000,0.500000
142004,Amuzu,ATA,284,GRE,7,95.000000,85.000000,fora,287,VIT,2026-09-07 20:00:00,26,0.000000,0.000000,0.000000,0.000000,0.000000,0.000000,0.140450,0.168540,0.574578,0.459662,1.355847,0.677923,0.000000,0.000000,0.000000,-0.000000,0.261336,0.392004,0.000000,0.000000,0.000000,0.000000,0.000000,0.000000,0.000000,-0.000000,0.000000,-0.000000,0.000000,-0.000000,0.000000,-0.000000,0.577091,-0.173127,0.000000,-0.000000,0.000000,-0.000000,1.525003,3.327721,2.426362,0.500000,0.500000
101715,Alerrandro,ATA,285,INT,6,10.000000,10.000000,casa,277,SAN,2026-09-06 16:00:00,26,0.000000,0.000000,0.000000,0.000000,0.000000,0.000000,0.123111,0.147733,0.344373,0.275499,0.900719,0.450359,0.000000,0.000000,0.000000,-0.000000,0.470222,0.705333,0.000000,0.000000,0.000000,0.000000,0.000000,0.000000,0.000000,-0.000000,0.000000,-0.000000,0.000000,-0.000000,0.000000,-0.000000,0.929689,-0.278907,0.000000,-0.000000,0.000000,-0.000000,1.300017,3.526418,2.413218,0.500000,0.500000
146375,Kadir,ATA,263,BOT,6,10.000000,10.000000,casa,275,PAL,2026-09-06 18:30:00,26,0.000000,0.000000,0.000000,0.000000,0.000000,0.000000,0.734706,0.881648,0.997461,0.797969,0.651600,0.325800,0.000000,0.000000,0.000000,-0.000000,0.414646,0.621969,0.000000,0.000000,0.000000,0.000000,0.000000,0.000000,0.000000,-0.000000,0.000000,-0.000000,0.333333,-0.333333,0.000000,-0.000000,0.940269,-0.282081,0.000000,-0.000000,0.000000,-0.000000,2.011972,2.806555,2.409263,0.500000,0.500000
151412,Kássio,ATA,315,CHA,6,10.000000,10.000000,fora,264,COR,2026-09-06 19:30:00,26,0.000000,0.000000,0.000000,0.000000,0.000000,0.000000,0.000000,0.000000,0.446199,0.356959,0.630874,0.315437,0.000000,0.000000,0.000000,-0.000000,1.000000,1.500000,0.000000,0.000000,0.000000,0.000000,0.000000,0.000000,0.000000,-0.000000,0.000000,-0.000000,0.000000,-0.000000,0.000000,-0.000000,0.543310,-0.162993,0.000000,-0.000000,0.000000,-0.000000,2.009403,2.698382,2.353893,0.500000,0.500000
122781,Caballero,ATA,277,SAN,2,10.000000,10.000000,fora,285,INT,2026-09-06 16:00:00,26,0.000000,0.000000,0.000000,0.000000,0.333333,1.000000,0.136125,0.163350,0.313037,0.250430,0.882214,0.441107,0.000000,0.000000,0.000000,-0.000000,0.166375,0.249563,0.000000,0.000000,0.000000,0.000000,0.000000,0.000000,0.000000,-0.000000,0.000000,-0.000000,0.000000,-0.000000,0.000000,-0.000000,0.640415,-0.192125,0.000000,-0.000000,0.000000,-0.000000,1.912324,2.781384,2.346854,0.500000,0.500000
117403,Renato Marques,ATA,294,CFC,6,10.000000,10.000000,casa,2305,MIR,2026-09-06 11:00:00,26,0.000000,0.000000,0.000000,0.000000,0.333333,1.000000,0.027681,0.033217,0.217358,0.173886,0.720651,0.360325,0.000000,0.000000,0.000000,-0.000000,0.000000,0.000000,0.000000,0.000000,0.000000,0.000000,0.000000,0.000000,0.000000,-0.000000,0.000000,-0.000000,0.000000,-0.000000,0.000000,-0.000000,0.577212,-0.173164,0.000000,-0.000000,0.000000,-0.000000,1.394265,3.216992,2.305628,0.500000,0.500000
107700,Eduardo Melo,ATA,364,REM,6,10.000000,10.000000,casa,262,FLA,2026-09-06 16:00:00,26,0.000000,0.000000,0.000000,0.000000,0.000000,0.000000,0.000000,0.000000,0.328232,0.262585,0.615999,0.307999,0.000000,0.000000,1.000000,-0.100000,1.000000,1.500000,0.000000,0.000000,0.000000,0.000000,0.000000,0.000000,0.000000,-0.000000,0.000000,-0.000000,0.000000,-0.000000,0.000000,-0.000000,0.573657,-0.172097,0.000000,-0.000000,0.000000,-0.000000,1.798488,2.709208,2.253848,0.500000,0.500000
101002,Júnior Santos,ATA,263,BOT,6,10.000000,10.000000,casa,275,PAL,2026-09-06 18:30:00,26,0.000000,0.000000,0.000000,0.000000,0.333333,1.000000,0.041955,0.050346,0.362564,0.290051,0.835351,0.417675,0.000000,0.000000,0.333333,-0.033333,0.027446,0.041168,0.000000,0.000000,0.000000,0.000000,0.000000,0.000000,0.000000,-0.000000,0.000000,-0.000000,0.000000,-0.000000,0.000000,-0.000000,0.715116,-0.214535,0.000000,-0.000000,0.000000,-0.000000,1.551373,2.836727,2.194050,0.500000,0.500000
105563,Carlos Vinícius,ATA,284,GRE,7,95.000000,85.000000,fora,287,VIT,2026-09-07 20:00:00,26,0.000000,0.000000,0.000000,0.000000,0.000000,0.000000,0.143335,0.172002,0.561672,0.449337,0.882296,0.441148,0.000000,0.000000,0.333333,-0.033333,0.050453,0.075680,0.000000,0.000000,0.000000,0.000000,0.000000,0.000000,0.000000,-0.000000,0.000000,-0.000000,0.000000,-0.000000,0.000000,-0.000000,0.633362,-0.190009,0.000000,-0.000000,0.000000,-0.000000,0.914825,3.426537,2.170681,0.500000,0.500000
85048,Memphis Depay,ATA,264,COR,7,95.000000,85.000000,casa,315,CHA,2026-09-06 19:30:00,26,0.000000,0.000000,0.000000,0.000000,0.000000,0.000000,0.255873,0.307048,0.452514,0.362011,0.980208,0.490104,0.000000,0.000000,0.000000,-0.000000,0.255873,0.383810,0.000000,0.000000,0.000000,0.000000,0.000000,0.000000,0.000000,-0.000000,0.000000,-0.000000,0.000000,-0.000000,0.000000,-0.000000,0.626501,-0.187950,0.000000,-0.000000,0.000000,-0.000000,1.355023,2.921539,2.138281,0.500000,0.500000
145379,Kauê Furquim,ATA,265,BAH,6,10.000000,10.000000,fora,280,RBB,2026-09-05 16:00:00,26,0.000000,0.000000,0.000000,0.000000,0.000000,0.000000,0.000000,0.000000,0.307394,0.245915,1.063434,0.531717,0.000000,0.000000,0.000000,-0.000000,0.697500,1.046250,0.000000,0.000000,0.000000,0.000000,0.000000,0.000000,0.000000,-0.000000,0.000000,-0.000000,0.000000,-0.000000,0.000000,-0.000000,0.647048,-0.194114,0.000000,-0.000000,0.000000,-0.000000,1.629768,2.644716,2.137242,0.500000,0.500000
114040,Minda,ATA,282,CAM,7,95.000000,85.000000,fora,276,SAO,2026-09-05 18:30:00,26,0.000000,0.000000,0.000000,0.000000,0.000000,0.000000,0.507801,0.609361,0.414329,0.331463,0.727756,0.363878,0.000000,0.000000,0.333333,-0.033333,0.484257,0.726386,0.000000,0.000000,0.000000,0.000000,0.000000,0.000000,0.000000,-0.000000,0.000000,-0.000000,0.000000,-0.000000,0.000000,-0.000000,0.572026,-0.171608,0.000000,-0.000000,0.000000,-0.000000,1.826147,2.445185,2.135666,0.500000,0.500000
97450,Gustavo Mosquito,ATA,2305,MIR,2,10.000000,10.000000,fora,294,CFC,2026-09-06 11:00:00,26,0.000000,0.000000,0.000000,0.000000,0.000000,0.000000,0.586125,0.703350,0.308496,0.246797,0.797349,0.398674,0.000000,0.000000,0.333333,-0.033333,0.136125,0.204188,0.000000,0.000000,0.000000,0.000000,0.000000,0.000000,0.000000,-0.000000,0.000000,-0.000000,0.000000,-0.000000,0.000000,-0.000000,0.576298,-0.172889,0.000000,-0.000000,0.000000,-0.000000,1.346786,2.883849,2.115317,0.500000,0.500000
141406,Andrey Fernandes,ATA,267,VAS,6,10.000000,10.000000,fora,266,FLU,2026-09-05 21:00:00,26,0.000000,0.000000,0.000000,0.000000,0.000000,0.000000,1.000000,1.200000,0.239576,0.191661,0.868533,0.434266,0.000000,0.000000,0.000000,-0.000000,0.000000,0.000000,0.000000,0.000000,0.000000,0.000000,0.000000,0.000000,0.000000,-0.000000,0.000000,-0.000000,0.000000,-0.000000,0.000000,-0.000000,0.547613,-0.164284,0.000000,-0.000000,0.000000,-0.000000,1.661643,2.450116,2.055880,0.500000,0.500000
147560,Caio Suassuna,ATA,265,BAH,6,10.000000,10.000000,fora,280,RBB,2026-09-05 16:00:00,26,0.000000,0.000000,0.000000,0.000000,0.000000,0.000000,0.000000,0.000000,0.179463,0.143570,0.882482,0.441241,0.000000,0.000000,0.000000,-0.000000,1.000000,1.500000,0.000000,0.000000,0.000000,0.000000,0.000000,0.000000,0.000000,-0.000000,0.000000,-0.000000,0.000000,-0.000000,0.000000,-0.000000,0.554131,-0.166239,0.000000,-0.000000,0.000000,-0.000000,1.918572,2.160218,2.039395,0.500000,0.500000
147268,Anderson Pato,ATA,287,VIT,5,10.000000,10.000000,casa,284,GRE,2026-09-07 20:00:00,26,0.000000,0.000000,0.000000,0.000000,0.000000,0.000000,0.000000,0.000000,0.288790,0.231032,0.614844,0.307422,0.000000,0.000000,0.000000,-0.000000,1.000000,1.500000,0.000000,0.000000,0.000000,0.000000,0.000000,0.000000,0.000000,-0.000000,0.000000,-0.000000,0.333333,-0.333333,0.000000,-0.000000,0.635500,-0.190650,0.000000,-0.000000,0.000000,-0.000000,1.514470,2.558420,2.036445,0.500000,0.500000
133690,Bruno Lopes,ATA,267,VAS,6,10.000000,10.000000,fora,266,FLU,2026-09-05 21:00:00,26,0.000000,0.000000,0.000000,0.000000,0.000000,0.000000,1.000000,1.200000,0.384371,0.307497,0.637611,0.318806,0.000000,0.000000,0.000000,-0.000000,0.000000,0.000000,0.000000,0.000000,0.000000,0.000000,0.000000,0.000000,0.000000,-0.000000,0.000000,-0.000000,0.000000,-0.000000,0.000000,-0.000000,0.728824,-0.218647,0.000000,-0.000000,0.000000,-0.000000,1.607655,2.450116,2.028886,0.500000,0.500000
151404,Lucas Emanuel,ATA,263,BOT,6,10.000000,10.000000,casa,275,PAL,2026-09-06 18:30:00,26,0.000000,0.000000,0.000000,0.000000,0.000000,0.000000,1.000000,1.200000,0.328232,0.262585,0.839093,0.419546,0.000000,0.000000,0.000000,-0.000000,0.000000,0.000000,0.000000,0.000000,0.000000,0.000000,0.000000,0.000000,0.000000,-0.000000,0.000000,-0.000000,0.000000,-0.000000,0.000000,-0.000000,0.763486,-0.229046,0.000000,-0.000000,0.000000,-0.000000,1.653086,2.342946,1.998016,0.500000,0.500000
84042,Tiquinho Soares,ATA,263,BOT,6,10.000000,10.000000,casa,275,PAL,2026-09-06 18:30:00,26,0.000000,0.000000,0.000000,0.000000,0.000000,0.000000,0.495296,0.594355,0.320069,0.256055,0.764486,0.382243,0.000000,0.000000,0.000000,-0.000000,0.204983,0.307475,0.000000,0.000000,0.000000,0.000000,0.000000,0.000000,0.000000,-0.000000,0.000000,-0.000000,0.000000,-0.000000,0.000000,-0.000000,0.690550,-0.207165,0.000000,-0.000000,0.000000,-0.000000,1.332963,2.496012,1.914487,0.500000,0.500000
136955,Sanabria,ATA,265,BAH,5,10.000000,10.000000,fora,280,RBB,2026-09-05 16:00:00,26,0.000000,0.000000,0.000000,0.000000,0.000000,0.000000,0.000766,0.000919,0.401519,0.321215,0.830419,0.415210,0.000000,0.000000,0.333333,-0.033333,0.512128,0.768192,0.000000,0.000000,0.000000,0.000000,0.000000,0.000000,0.000000,-0.000000,0.000000,-0.000000,0.333333,-0.333333,0.000000,-0.000000,0.667036,-0.200111,0.000000,-0.000000,0.000000,-0.000000,0.938758,2.838041,1.888400,0.500000,0.500000
104134,Fabri,ATA,287,VIT,6,10.000000,10.000000,casa,284,GRE,2026-09-07 20:00:00,26,0.000000,0.000000,0.000000,0.000000,0.000000,0.000000,0.027681,0.033217,0.269526,0.215621,0.630154,0.315077,0.000000,0.000000,0.000000,-0.000000,0.350049,0.525074,0.000000,0.000000,0.000000,0.000000,0.000000,0.000000,0.000000,-0.000000,0.000000,-0.000000,0.000000,-0.000000,0.000000,-0.000000,0.601040,-0.180312,0.000000,-0.000000,0.000000,-0.000000,0.908677,2.823985,1.866331,0.500000,0.500000
133673,Mateus Xavier,ATA,277,SAN,6,10.000000,10.000000,fora,285,INT,2026-09-06 16:00:00,26,0.000000,0.000000,0.000000,0.000000,0.000000,0.000000,0.000000,0.000000,0.096692,0.077353,0.620902,0.310451,0.000000,0.000000,0.000000,-0.000000,1.000000,1.500000,0.000000,0.000000,0.000000,0.000000,0.000000,0.000000,0.000000,-0.000000,0.000000,-0.000000,0.000000,-0.000000,0.000000,-0.000000,0.714592,-0.214378,0.000000,-0.000000,0.000000,-0.000000,1.673427,1.861318,1.767373,0.500000,0.500000
101290,Ferreira,ATA,276,SAO,6,10.000000,10.000000,casa,282,CAM,2026-09-05 18:30:00,26,0.000000,0.000000,0.000000,0.000000,0.000000,0.000000,0.152967,0.183561,0.357396,0.285917,0.800868,0.400434,0.000000,0.000000,0.000000,-0.000000,0.239642,0.359463,0.000000,0.000000,0.000000,0.000000,0.000000,0.000000,0.000000,-0.000000,0.000000,-0.000000,0.000000,-0.000000,0.000000,-0.000000,0.617904,-0.185371,0.000000,-0.000000,0.000000,-0.000000,1.044003,2.489068,1.766536,0.500000,0.500000
81720,Lingard,ATA,264,COR,6,10.000000,10.000000,casa,315,CHA,2026-09-06 19:30:00,26,0.000000,0.000000,0.000000,0.000000,0.000000,0.000000,0.082141,0.098569,0.303780,0.243024,0.709470,0.354735,0.000000,0.000000,0.000000,-0.000000,0.524472,0.786707,0.000000,0.000000,0.000000,0.000000,0.000000,0.000000,0.000000,-0.000000,0.000000,-0.000000,0.000000,-0.000000,0.000000,-0.000000,0.836641,-0.250992,0.000000,-0.000000,0.000000,-0.000000,1.232043,2.299100,1.765572,0.500000,0.500000
102877,Gabriel Poveda,ATA,364,REM,6,10.000000,10.000000,casa,262,FLA,2026-09-06 16:00:00,26,0.000000,0.000000,0.000000,0.000000,0.000000,0.000000,0.012456,0.014948,0.715982,0.572785,0.664910,0.332455,0.000000,0.000000,0.000000,-0.000000,0.212134,0.318200,0.000000,0.000000,0.000000,0.000000,0.000000,0.000000,0.000000,-0.000000,0.000000,-0.000000,0.000000,-0.000000,0.000000,-0.000000,0.568205,-0.170462,0.000000,-0.000000,0.000000,-0.000000,1.067927,2.453126,1.760527,0.500000,0.500000
111829,Kayky,ATA,285,INT,5,10.000000,10.000000,casa,277,SAN,2026-09-06 16:00:00,26,0.000000,0.000000,0.000000,0.000000,0.000000,0.000000,0.363547,0.436256,0.347602,0.278082,0.665971,0.332985,0.000000,0.000000,0.000000,-0.000000,0.116047,0.174070,0.000000,0.000000,0.000000,0.000000,0.000000,0.000000,0.000000,-0.000000,0.000000,-0.000000,0.000000,-0.000000,0.000000,-0.000000,0.564354,-0.169306,0.000000,-0.000000,0.000000,-0.000000,1.052087,2.460713,1.756400,0.500000,0.500000
107300,Alex Bruno,ATA,287,VIT,6,10.000000,10.000000,casa,284,GRE,2026-09-07 20:00:00,26,0.000000,0.000000,0.000000,0.000000,0.000000,0.000000,0.000000,0.000000,0.686098,0.548878,0.834648,0.417324,0.000000,0.000000,0.000000,-0.000000,0.000000,0.000000,0.000000,0.000000,0.000000,0.000000,0.000000,0.000000,0.000000,-0.000000,0.000000,-0.000000,0.000000,-0.000000,0.000000,-0.000000,0.571399,-0.171420,0.000000,-0.000000,0.000000,-0.000000,0.794783,2.665583,1.730183,0.500000,0.500000
142877,Villalba,ATA,263,BOT,6,10.000000,10.000000,casa,275,PAL,2026-09-06 18:30:00,26,0.000000,0.000000,0.000000,0.000000,0.000000,0.000000,0.247500,0.297000,0.417572,0.334057,0.668836,0.334418,0.000000,0.000000,0.000000,-0.000000,0.066184,0.099276,0.000000,0.000000,0.000000,0.000000,0.000000,0.000000,0.000000,-0.000000,0.000000,-0.000000,0.000000,-0.000000,0.000000,-0.000000,0.645088,-0.193526,0.000000,-0.000000,0.000000,-0.000000,0.871225,2.582249,1.726737,0.500000,0.500000
147202,João Bezerra,ATA,285,INT,6,10.000000,10.000000,casa,277,SAN,2026-09-06 16:00:00,26,0.000000,0.000000,0.000000,0.000000,0.000000,0.000000,0.550000,0.660000,0.109486,0.087589,0.591096,0.295548,0.000000,0.000000,0.000000,-0.000000,0.000000,0.000000,0.000000,0.000000,0.000000,0.000000,0.000000,0.000000,0.000000,-0.000000,0.000000,-0.000000,0.000000,-0.000000,0.000000,-0.000000,0.557259,-0.167178,0.000000,-0.000000,0.000000,-0.000000,0.875959,2.522779,1.699369,0.500000,0.500000
133543,Gui Negão,ATA,264,COR,6,10.000000,10.000000,casa,315,CHA,2026-09-06 19:30:00,26,0.000000,0.000000,0.000000,0.000000,0.000000,0.000000,0.000000,0.000000,0.209353,0.167482,0.603909,0.301954,0.000000,0.000000,0.000000,-0.000000,0.368218,0.552327,0.000000,0.000000,0.000000,0.000000,0.000000,0.000000,0.000000,-0.000000,0.000000,-0.000000,0.000000,-0.000000,0.000000,-0.000000,0.679315,-0.203794,0.000000,-0.000000,0.000000,-0.000000,0.817969,2.557696,1.687833,0.500000,0.500000
91607,R. Rústico,ATA,277,SAN,7,95.000000,85.000000,fora,285,INT,2026-09-06 16:00:00,26,0.000000,0.000000,0.000000,0.000000,0.000000,0.000000,0.012488,0.014985,0.488527,0.390822,0.855692,0.427846,0.000000,0.000000,0.666667,-0.066667,0.346111,0.519167,0.000000,0.000000,0.000000,0.000000,0.000000,0.000000,0.000000,-0.000000,0.000000,-0.000000,0.000000,-0.000000,0.000000,-0.000000,0.631219,-0.189366,0.000000,-0.000000,0.000000,-0.000000,1.096788,2.098837,1.597812,0.500000,0.500000
42222,Osvaldo,ATA,287,VIT,6,10.000000,10.000000,casa,284,GRE,2026-09-07 20:00:00,26,0.000000,0.000000,0.000000,0.000000,0.000000,0.000000,0.000000,0.000000,0.138018,0.110414,0.584698,0.292349,0.000000,0.000000,0.000000,-0.000000,0.000000,0.000000,0.000000,0.000000,0.000000,0.000000,0.000000,0.000000,0.000000,-0.000000,0.000000,-0.000000,0.000000,-0.000000,0.000000,-0.000000,0.552714,-0.165814,0.000000,-0.000000,0.000000,-0.000000,0.236949,2.946141,1.591545,0.500000,0.500000
143463,Wesley Natã,ATA,266,FLU,6,10.000000,10.000000,casa,267,VAS,2026-09-05 21:00:00,26,0.000000,0.000000,0.000000,0.000000,0.000000,0.000000,0.000000,0.000000,0.197845,0.158276,0.562819,0.281409,0.000000,0.000000,0.000000,-0.000000,0.000000,0.000000,0.000000,0.000000,0.000000,0.000000,0.000000,0.000000,0.000000,-0.000000,0.000000,-0.000000,0.000000,-0.000000,0.000000,-0.000000,0.713974,-0.214192,0.000000,-0.000000,0.000000,-0.000000,0.225493,2.896471,1.560982,0.500000,0.500000
89368,Braithwaite,ATA,284,GRE,6,10.000000,10.000000,fora,287,VIT,2026-09-07 20:00:00,26,0.000000,0.000000,0.000000,0.000000,0.000000,0.000000,0.000232,0.000278,0.245692,0.196553,0.780473,0.390237,0.000000,0.000000,0.333333,-0.033333,0.247845,0.371767,0.000000,0.000000,0.000000,0.000000,0.000000,0.000000,0.000000,-0.000000,0.000000,-0.000000,0.000000,-0.000000,0.000000,-0.000000,0.657541,-0.197262,0.000000,-0.000000,0.000000,-0.000000,0.728239,2.338044,1.533142,0.500000,0.500000
68996,Willian José,ATA,265,BAH,6,10.000000,10.000000,fora,280,RBB,2026-09-05 16:00:00,26,0.000000,0.000000,0.000000,0.000000,0.000000,0.000000,0.045186,0.054223,0.260673,0.208538,0.732043,0.366022,0.000000,0.000000,0.000000,-0.000000,0.022764,0.034146,0.000000,0.000000,0.000000,0.000000,0.000000,0.000000,0.000000,-0.000000,0.000000,-0.000000,0.000000,-0.000000,0.000000,-0.000000,0.558557,-0.167567,0.000000,-0.000000,0.000000,-0.000000,0.495361,2.526719,1.511040,0.500000,0.500000
103626,Ocampo,ATA,294,CFC,5,10.000000,10.000000,casa,2305,MIR,2026-09-06 11:00:00,26,0.000000,0.000000,0.000000,0.000000,0.000000,0.000000,0.000000,0.000000,0.145338,0.116271,0.667760,0.333880,0.000000,0.000000,0.000000,-0.000000,0.302500,0.453750,0.000000,0.000000,0.000000,0.000000,0.000000,0.000000,0.000000,-0.000000,0.000000,-0.000000,0.000000,-0.000000,0.000000,-0.000000,0.617739,-0.185322,0.000000,-0.000000,0.000000,-0.000000,0.718579,2.285708,1.502143,0.500000,0.500000
146624,Heittor,ATA,275,PAL,6,10.000000,10.000000,fora,263,BOT,2026-09-06 18:30:00,26,0.000000,0.000000,0.000000,0.000000,0.000000,0.000000,0.000000,0.000000,0.573735,0.458988,0.670424,0.335212,0.000000,0.000000,0.333333,-0.033333,0.302500,0.453750,0.000000,0.000000,0.000000,0.000000,0.000000,0.000000,0.000000,-0.000000,0.000000,-0.000000,0.000000,-0.000000,0.000000,-0.000000,0.575102,-0.172531,0.000000,-0.000000,0.000000,-0.000000,1.042086,1.903089,1.472587,0.500000,0.500000
147089,Cauã Soares,ATA,282,CAM,6,10.000000,10.000000,fora,276,SAO,2026-09-05 18:30:00,26,0.000000,0.000000,0.000000,0.000000,0.000000,0.000000,0.500328,0.600394,0.367721,0.294177,0.603287,0.301643,0.000000,0.000000,0.000000,-0.000000,0.074869,0.112303,0.000000,0.000000,0.000000,0.000000,0.000000,0.000000,0.000000,-0.000000,0.000000,-0.000000,0.000000,-0.000000,0.000000,-0.000000,0.527938,-0.158381,0.000000,-0.000000,0.000000,-0.000000,1.150136,1.780892,1.465514,0.500000,0.500000
116066,Rubens,ATA,315,CHA,6,10.000000,10.000000,fora,264,COR,2026-09-06 19:30:00,26,0.000000,0.000000,0.000000,0.000000,0.000000,0.000000,0.022648,0.027177,0.158936,0.127149,0.680699,0.340350,0.000000,0.000000,0.000000,-0.000000,0.720148,1.080222,0.000000,0.000000,0.000000,0.000000,0.000000,0.000000,0.000000,-0.000000,0.000000,-0.000000,0.333333,-0.333333,0.000000,-0.000000,0.828839,-0.248652,0.000000,-0.000000,0.000000,-0.000000,0.992913,1.909784,1.451348,0.500000,0.500000
97911,Lucas Silva,ATA,287,VIT,6,10.000000,10.000000,casa,284,GRE,2026-09-07 20:00:00,26,0.000000,0.000000,0.000000,0.000000,0.000000,0.000000,0.000000,0.000000,0.443946,0.355157,0.635073,0.317536,0.000000,0.000000,0.000000,-0.000000,0.000000,0.000000,0.000000,0.000000,0.000000,0.000000,0.000000,0.000000,0.000000,-0.000000,0.000000,-0.000000,0.333333,-0.333333,0.000000,-0.000000,0.542241,-0.162672,0.000000,-0.000000,0.000000,-0.000000,0.176688,2.688891,1.432789,0.500000,0.500000
70360,Eduardo Sasha,ATA,280,RBB,5,10.000000,10.000000,casa,265,BAH,2026-09-05 16:00:00,26,0.000000,0.000000,0.000000,0.000000,0.000000,0.000000,0.013835,0.016602,0.441302,0.353042,0.672734,0.336367,0.000000,0.000000,0.000000,-0.000000,0.273230,0.409846,0.000000,0.000000,0.000000,0.000000,0.000000,0.000000,0.000000,-0.000000,0.000000,-0.000000,0.333333,-0.333333,0.000000,-0.000000,0.603930,-0.181179,0.000000,-0.000000,0.000000,-0.000000,0.601344,2.246023,1.423683,0.500000,0.500000
143488,Raykkonen,ATA,285,INT,6,10.000000,10.000000,casa,277,SAN,2026-09-06 16:00:00,26,0.000000,0.000000,0.000000,0.000000,0.000000,0.000000,0.000000,0.000000,0.166497,0.133198,0.799929,0.399964,0.000000,0.000000,0.000000,-0.000000,0.000000,0.000000,0.000000,0.000000,0.000000,0.000000,0.000000,0.000000,0.000000,-0.000000,0.000000,-0.000000,0.000000,-0.000000,0.000000,-0.000000,0.553652,-0.166095,0.000000,-0.000000,0.000000,-0.000000,0.367067,2.438652,1.402859,0.500000,0.500000
93371,Rodrigo Rodrigues,ATA,294,CFC,6,10.000000,10.000000,casa,2305,MIR,2026-09-06 11:00:00,26,0.000000,0.000000,0.000000,0.000000,0.000000,0.000000,0.000000,0.000000,0.280540,0.224432,0.545167,0.272583,0.000000,0.000000,0.000000,-0.000000,0.000000,0.000000,0.000000,0.000000,0.000000,0.000000,0.000000,0.000000,0.000000,-0.000000,0.000000,-0.000000,0.000000,-0.000000,0.000000,-0.000000,1.235102,-0.370531,0.000000,-0.000000,0.000000,-0.000000,0.126485,2.660245,1.393365,0.500000,0.500000
149991,David,ATA,294,CFC,6,10.000000,10.000000,casa,2305,MIR,2026-09-06 11:00:00,26,0.000000,0.000000,0.000000,0.000000,0.000000,0.000000,0.000000,0.000000,0.201354,0.161083,0.571858,0.285929,0.000000,0.000000,0.000000,-0.000000,0.000000,0.000000,0.000000,0.000000,0.000000,0.000000,0.000000,0.000000,0.000000,-0.000000,0.000000,-0.000000,0.000000,-0.000000,0.000000,-0.000000,0.542841,-0.162852,0.000000,-0.000000,0.000000,-0.000000,0.284160,2.484990,1.384575,0.500000,0.500000
107516,Ênio,ATA,315,CHA,6,10.000000,10.000000,fora,264,COR,2026-09-06 19:30:00,26,0.000000,0.000000,0.000000,0.000000,0.000000,0.000000,0.015783,0.018939,0.401430,0.321144,0.799480,0.399740,0.000000,0.000000,0.000000,-0.000000,0.098930,0.148395,0.000000,0.000000,0.000000,0.000000,0.000000,0.000000,0.000000,-0.000000,0.000000,-0.000000,0.000000,-0.000000,0.000000,-0.000000,0.608515,-0.182555,0.000000,-0.000000,0.000000,-0.000000,0.705663,2.027546,1.366604,0.500000,0.500000
151120,Jorge Rivaldo,ATA,293,CAP,6,10.000000,10.000000,fora,283,CRU,2026-09-06 16:00:00,26,0.000000,0.000000,0.000000,0.000000,0.000000,0.000000,0.450000,0.540000,0.309424,0.247539,0.589049,0.294524,0.000000,0.000000,0.333333,-0.033333,0.000000,0.000000,0.000000,0.000000,0.000000,0.000000,0.000000,0.000000,0.000000,-0.000000,0.000000,-0.000000,0.000000,-0.000000,0.000000,-0.000000,0.633658,-0.190098,0.000000,-0.000000,0.000000,-0.000000,0.858633,1.830096,1.344365,0.500000,0.500000
122439,Isaac,ATA,293,CAP,6,10.000000,10.000000,fora,283,CRU,2026-09-06 16:00:00,26,0.000000,0.000000,0.000000,0.000000,0.000000,0.000000,0.000000,0.000000,0.378213,0.302570,0.594332,0.297166,0.000000,0.000000,0.000000,-0.000000,0.247500,0.371250,0.000000,0.000000,0.000000,0.000000,0.000000,0.000000,0.000000,-0.000000,0.000000,-0.000000,0.000000,-0.000000,0.000000,-0.000000,0.581346,-0.174404,0.000000,-0.000000,0.000000,-0.000000,0.796583,1.878326,1.337455,0.500000,0.500000
86485,Keno,ATA,294,CFC,6,10.000000,10.000000,casa,2305,MIR,2026-09-06 11:00:00,26,0.000000,0.000000,0.000000,0.000000,0.000000,0.000000,0.074869,0.089843,0.236205,0.188964,0.850941,0.425470,0.000000,0.000000,0.333333,-0.033333,0.000000,0.000000,0.000000,0.000000,0.000000,0.000000,0.000000,0.000000,0.000000,-0.000000,0.000000,-0.000000,0.000000,-0.000000,0.000000,-0.000000,0.566318,-0.169895,0.000000,-0.000000,0.000000,-0.000000,0.501048,2.119014,1.310031,0.500000,0.500000
131617,André Silva,ATA,276,SAO,6,10.000000,10.000000,casa,282,CAM,2026-09-05 18:30:00,26,0.000000,0.000000,0.000000,0.000000,0.000000,0.000000,0.498806,0.598567,0.291071,0.232857,0.682608,0.341304,0.000000,0.000000,0.000000,-0.000000,0.022648,0.033972,0.000000,0.000000,0.000000,0.000000,0.000000,0.000000,0.000000,-0.000000,0.000000,-0.000000,0.666667,-0.666667,0.000000,-0.000000,0.692116,-0.207635,0.000000,-0.000000,0.000000,-0.000000,0.332398,2.187752,1.260075,0.500000,0.500000
104666,Moisés,ATA,277,SAN,6,10.000000,10.000000,fora,285,INT,2026-09-06 16:00:00,26,0.000000,0.000000,0.000000,0.000000,0.000000,0.000000,0.052563,0.063076,0.432754,0.346203,0.604288,0.302144,0.000000,0.000000,0.000000,-0.000000,0.249572,0.374359,0.000000,0.000000,0.000000,0.000000,0.000000,0.000000,0.000000,-0.000000,0.000000,-0.000000,0.000000,-0.000000,0.000000,-0.000000,0.535924,-0.160777,0.000000,-0.000000,0.000000,-0.000000,0.925005,1.585021,1.255013,0.500000,0.500000
101237,Eliasson,ATA,285,INT,6,10.000000,10.000000,casa,277,SAN,2026-09-06 16:00:00,26,0.000000,0.000000,0.000000,0.000000,0.000000,0.000000,0.000000,0.000000,0.163405,0.130724,0.674134,0.337067,0.000000,0.000000,0.000000,-0.000000,0.000000,0.000000,0.000000,0.000000,0.000000,0.000000,0.000000,0.000000,0.000000,-0.000000,0.000000,-0.000000,0.000000,-0.000000,0.000000,-0.000000,0.548913,-0.164674,0.000000,-0.000000,0.000000,-0.000000,0.303117,2.188233,1.245675,0.500000,0.500000
105518,Renan Peixoto,ATA,293,CAP,6,10.000000,10.000000,fora,283,CRU,2026-09-06 16:00:00,26,0.000000,0.000000,0.000000,0.000000,0.000000,0.000000,0.000000,0.000000,0.139383,0.111506,0.686568,0.343284,0.000000,0.000000,0.333333,-0.033333,0.022648,0.033972,0.000000,0.000000,0.000000,0.000000,0.000000,0.000000,0.000000,-0.000000,0.000000,-0.000000,0.000000,-0.000000,0.000000,-0.000000,0.633636,-0.190091,0.000000,-0.000000,0.000000,-0.000000,0.265338,2.225586,1.245462,0.500000,0.500000
141991,Tico,ATA,364,REM,6,10.000000,10.000000,casa,262,FLA,2026-09-06 16:00:00,26,0.000000,0.000000,0.000000,0.000000,0.000000,0.000000,0.000000,0.000000,0.166497,0.133198,0.799929,0.399964,0.000000,0.000000,0.000000,-0.000000,0.000000,0.000000,0.000000,0.000000,0.000000,0.000000,0.000000,0.000000,0.000000,-0.000000,0.000000,-0.000000,0.000000,-0.000000,0.000000,-0.000000,0.553652,-0.166095,0.000000,-0.000000,0.000000,-0.000000,0.367067,2.094212,1.230639,0.500000,0.500000
85035,Sanabria,ATA,285,INT,7,95.000000,85.000000,casa,277,SAN,2026-09-06 16:00:00,26,0.000000,0.000000,0.000000,0.000000,0.000000,0.000000,0.000000,0.000000,0.197845,0.158276,0.562819,0.281409,0.000000,0.000000,0.000000,-0.000000,0.000000,0.000000,0.000000,0.000000,0.000000,0.000000,0.000000,0.000000,0.000000,-0.000000,0.000000,-0.000000,0.000000,-0.000000,0.000000,-0.000000,0.713974,-0.214192,0.000000,-0.000000,0.000000,-0.000000,0.225493,2.187675,1.206584,0.500000,0.500000
113158,Marquinhos,ATA,283,CRU,6,10.000000,10.000000,casa,293,CAP,2026-09-06 16:00:00,26,0.000000,0.000000,0.000000,0.000000,0.000000,0.000000,0.000000,0.000000,0.188403,0.150722,0.942365,0.471182,0.000000,0.000000,0.000000,-0.000000,0.000000,0.000000,0.000000,0.000000,0.000000,0.000000,0.000000,0.000000,0.000000,-0.000000,0.000000,-0.000000,0.000000,-0.000000,0.000000,-0.000000,0.728394,-0.218518,0.000000,-0.000000,0.000000,-0.000000,0.403386,2.006632,1.205009,0.500000,0.500000
118775,Lautaro Díaz,ATA,277,SAN,6,10.000000,10.000000,fora,285,INT,2026-09-06 16:00:00,26,0.000000,0.000000,0.000000,0.000000,0.000000,0.000000,0.247500,0.297000,0.198537,0.158830,0.632402,0.316201,0.000000,0.000000,0.000000,-0.000000,0.090093,0.135140,0.000000,0.000000,0.000000,0.000000,0.000000,0.000000,0.000000,-0.000000,0.000000,-0.000000,0.000000,-0.000000,0.000000,-0.000000,0.578724,-0.173617,0.000000,-0.000000,0.000000,-0.000000,0.733553,1.537939,1.135746,0.500000,0.500000
141609,Lucca,ATA,276,SAO,5,10.000000,10.000000,casa,282,CAM,2026-09-05 18:30:00,26,0.000000,0.000000,0.000000,0.000000,0.000000,0.000000,0.000000,0.000000,0.300900,0.240720,0.579072,0.289536,0.000000,0.000000,0.000000,-0.000000,0.136125,0.204188,0.000000,0.000000,0.000000,0.000000,0.000000,0.000000,0.000000,-0.000000,0.000000,-0.000000,0.000000,-0.000000,0.000000,-0.000000,0.629296,-0.188789,0.000000,-0.000000,0.000000,-0.000000,0.545655,1.531380,1.038517,0.500000,0.500000
110598,Marino Hinestroza,ATA,267,VAS,6,10.000000,10.000000,fora,266,FLU,2026-09-05 21:00:00,26,0.000000,0.000000,0.000000,0.000000,0.000000,0.000000,0.000000,0.000000,0.233003,0.186403,0.740964,0.370482,0.000000,0.000000,0.000000,-0.000000,0.045421,0.068131,0.000000,0.000000,0.000000,0.000000,0.000000,0.000000,0.000000,-0.000000,0.000000,-0.000000,0.000000,-0.000000,0.000000,-0.000000,0.581747,-0.174524,0.000000,-0.000000,0.000000,-0.000000,0.450491,1.478468,0.964480,0.500000,0.500000
129663,Ruan Pablo,ATA,265,BAH,6,10.000000,10.000000,fora,280,RBB,2026-09-05 16:00:00,26,0.000000,0.000000,0.000000,0.000000,0.000000,0.000000,0.000000,0.000000,0.112522,0.090017,0.587471,0.293736,0.000000,0.000000,0.000000,-0.000000,0.000000,0.000000,0.000000,0.000000,0.000000,0.000000,0.000000,0.000000,0.000000,-0.000000,0.000000,-0.000000,0.000000,-0.000000,0.000000,-0.000000,0.576545,-0.172963,0.000000,-0.000000,0.000000,-0.000000,0.210790,1.700588,0.955689,0.500000,0.500000
145036,Fernando Pradella,ATA,277,SAN,6,10.000000,10.000000,fora,285,INT,2026-09-06 16:00:00,26,0.000000,0.000000,0.000000,0.000000,0.000000,0.000000,0.000000,0.000000,0.349708,0.279767,0.582565,0.291283,0.000000,0.000000,0.000000,-0.000000,0.000000,0.000000,0.000000,0.000000,0.000000,0.000000,0.000000,0.000000,0.000000,-0.000000,0.000000,-0.000000,0.000000,-0.000000,0.000000,-0.000000,0.512101,-0.153630,0.000000,-0.000000,0.000000,-0.000000,0.417419,1.477871,0.947645,0.500000,0.500000
142265,Dell,ATA,265,BAH,6,10.000000,10.000000,fora,280,RBB,2026-09-05 16:00:00,26,0.000000,0.000000,0.000000,0.000000,0.000000,0.000000,0.136125,0.163350,0.294147,0.235317,0.738192,0.369096,0.000000,0.000000,0.000000,-0.000000,0.413875,0.620813,0.000000,0.000000,0.000000,0.000000,0.000000,0.000000,0.000000,-0.000000,0.333333,-1.000000,0.000000,-0.000000,0.000000,-0.000000,0.670100,-0.201030,0.000000,-0.000000,0.000000,-0.000000,0.187546,1.675634,0.931590,0.500000,0.500000
90608,Chico da Costa,ATA,283,CRU,6,10.000000,10.000000,casa,293,CAP,2026-09-06 16:00:00,26,0.000000,0.000000,0.000000,0.000000,0.000000,0.000000,0.050328,0.060394,0.106521,0.085217,0.619567,0.309784,0.000000,0.000000,0.000000,-0.000000,0.022648,0.033972,0.000000,0.000000,0.000000,0.000000,0.000000,0.000000,0.000000,-0.000000,0.000000,-0.000000,0.000000,-0.000000,0.000000,-0.000000,0.656890,-0.197067,0.000000,-0.000000,0.000000,-0.000000,0.292299,1.518186,0.905243,0.500000,0.500000
140542,Ryan Francisco,ATA,276,SAO,6,10.000000,10.000000,casa,282,CAM,2026-09-05 18:30:00,26,0.000000,0.000000,0.000000,0.000000,0.000000,0.000000,0.000000,0.000000,0.197845,0.158276,0.562819,0.281409,0.000000,0.000000,0.000000,-0.000000,0.000000,0.000000,0.000000,0.000000,0.000000,0.000000,0.000000,0.000000,0.000000,-0.000000,0.000000,-0.000000,0.000000,-0.000000,0.000000,-0.000000,0.713974,-0.214192,0.000000,-0.000000,0.000000,-0.000000,0.225493,1.542259,0.883876,0.500000,0.500000
148717,Tetê,ATA,276,SAO,6,10.000000,10.000000,casa,282,CAM,2026-09-05 18:30:00,26,0.000000,0.000000,0.000000,0.000000,0.000000,0.000000,0.000000,0.000000,0.495437,0.396349,0.560637,0.280319,0.000000,0.000000,0.000000,-0.000000,0.000000,0.000000,0.000000,0.000000,0.000000,0.000000,0.000000,0.000000,0.000000,-0.000000,0.000000,-0.000000,0.333333,-0.333333,0.000000,-0.000000,0.614745,-0.184424,0.000000,-0.000000,0.000000,-0.000000,0.158911,1.459861,0.809386,0.500000,0.500000
81005,André Luis,ATA,2305,MIR,6,10.000000,10.000000,fora,294,CFC,2026-09-06 11:00:00,26,0.000000,0.000000,0.000000,0.000000,0.000000,0.000000,0.000000,0.000000,0.229670,0.183736,0.728088,0.364044,0.000000,0.000000,0.333333,-0.033333,0.000000,0.000000,0.000000,0.000000,0.000000,0.000000,0.000000,0.000000,0.000000,-0.000000,0.000000,-0.000000,0.000000,-0.000000,0.000000,-0.000000,0.530465,-0.159139,0.000000,-0.000000,0.000000,-0.000000,0.355307,0.993707,0.674507,0.500000,0.500000
122573,Wallace Yan,ATA,280,RBB,6,10.000000,10.000000,casa,265,BAH,2026-09-05 16:00:00,26,0.000000,0.000000,0.000000,0.000000,0.000000,0.000000,0.000000,0.000000,0.232388,0.185910,0.670388,0.335194,0.000000,0.000000,0.333333,-0.033333,0.000000,0.000000,0.000000,0.000000,0.000000,0.000000,0.000000,0.000000,0.000000,-0.000000,0.000000,-0.000000,0.333333,-0.333333,0.000000,-0.000000,0.564058,-0.169217,0.000000,-0.000000,0.000000,-0.000000,-0.014780,1.262272,0.623746,0.500000,0.500000
68872,Marcelo Lomba,GOL,275,PAL,6,10.000000,10.000000,fora,263,BOT,2026-09-06 18:30:00,26,0.000000,0.000000,0.000000,0.000000,0.000000,0.000000,0.000000,0.000000,0.000000,0.000000,0.022111,0.011056,0.000000,0.000000,0.000000,-0.000000,0.000000,0.000000,1.000000,5.000000,0.000000,0.000000,2.549215,3.313980,0.000000,-0.000000,0.000000,-0.000000,0.008939,-0.008939,1.408442,-1.408442,0.000000,-0.000000,0.024062,-0.024062,0.000000,-0.000000,6.883593,3.539100,5.211346,0.500000,0.500000
110698,Mycael,GOL,293,CAP,7,95.000000,85.000000,fora,283,CRU,2026-09-06 16:00:00,26,0.000000,0.000000,0.000000,0.000000,0.000000,0.000000,0.000000,0.000000,0.000000,0.000000,0.125304,0.062652,0.000000,0.000000,0.000000,-0.000000,0.000000,0.000000,1.000000,5.000000,0.000000,0.000000,2.399033,3.118743,0.000000,-0.000000,0.000000,-0.000000,0.051831,-0.051831,1.359196,-1.359196,0.000000,-0.000000,0.024524,-0.024524,0.000000,-0.000000,6.745845,3.568843,5.157344,0.500000,0.500000
105949,Rochet,GOL,285,INT,5,10.000000,10.000000,casa,277,SAN,2026-09-06 16:00:00,26,0.000000,0.000000,0.000000,0.000000,0.000000,0.000000,0.000000,0.000000,0.000000,0.000000,0.463019,0.231510,0.000000,0.000000,0.000000,-0.000000,0.108866,0.163299,0.666667,3.333333,0.000000,0.000000,2.480058,3.224076,0.000000,-0.000000,0.000000,-0.000000,0.109504,-0.109504,0.899403,-0.899403,0.000000,-0.000000,0.007741,-0.007741,0.000000,-0.000000,5.935570,3.810391,4.872981,0.500000,0.500000
103056,Gabriel Brazão,GOL,277,SAN,7,95.000000,85.000000,fora,285,INT,2026-09-06 16:00:00,26,0.000000,0.000000,0.000000,0.000000,0.000000,0.000000,0.000000,0.000000,0.000000,0.000000,0.526603,0.263301,0.000000,0.000000,0.000000,-0.000000,0.000256,0.000383,0.666667,3.333333,0.000000,0.000000,3.161240,4.109612,0.000000,-0.000000,0.000000,-0.000000,0.018135,-0.018135,1.566216,-1.566216,0.000000,-0.000000,0.012964,-0.012964,0.000000,-0.000000,6.109316,3.188952,4.649134,0.500000,0.500000
91204,Warleson,GOL,263,BOT,6,10.000000,10.000000,casa,275,PAL,2026-09-06 18:30:00,26,0.000000,0.000000,0.000000,0.000000,0.000000,0.000000,0.000000,0.000000,0.000000,0.000000,0.112716,0.056358,0.000000,0.000000,0.000000,-0.000000,0.000000,0.000000,0.333333,1.666667,0.000000,0.000000,2.485243,3.230816,0.000000,-0.000000,0.000000,-0.000000,0.084415,-0.084415,0.995308,-0.995308,0.000000,-0.000000,0.010859,-0.010859,0.000000,-0.000000,3.863259,5.340788,4.602024,0.500000,0.500000
104118,Lucas Arcanjo,GOL,287,VIT,7,95.000000,85.000000,casa,284,GRE,2026-09-07 20:00:00,26,0.000000,0.000000,0.000000,0.000000,0.000000,0.000000,0.000000,0.000000,0.000000,0.000000,0.138534,0.069267,0.000000,0.000000,0.000000,-0.000000,0.000000,0.000000,0.333333,1.666667,0.000000,0.000000,3.405883,4.427648,0.000000,-0.000000,0.000000,-0.000000,0.030647,-0.030647,1.327160,-1.327160,0.000000,-0.000000,0.000459,-0.000459,0.000000,-0.000000,4.805316,4.230082,4.517699,0.500000,0.500000
88136,Ivan,GOL,364,REM,6,10.000000,10.000000,casa,262,FLA,2026-09-06 16:00:00,26,0.000000,0.000000,0.000000,0.000000,0.000000,0.000000,0.000000,0.000000,0.000000,0.000000,0.043416,0.021708,0.000000,0.000000,0.000000,-0.000000,0.000000,0.000000,1.000000,5.000000,0.000000,0.000000,2.108385,2.740901,0.000000,-0.000000,0.000000,-0.000000,0.023693,-0.023693,1.086120,-1.086120,0.000000,-0.000000,0.010035,-0.010035,0.000000,-0.000000,6.642761,2.286356,4.464558,0.500000,0.500000
110708,Pedro Rangel,GOL,294,CFC,6,10.000000,10.000000,casa,2305,MIR,2026-09-06 11:00:00,26,0.000000,0.000000,0.000000,0.000000,0.000000,0.000000,0.000000,0.000000,0.000000,0.000000,0.020304,0.010152,0.000000,0.000000,0.000000,-0.000000,0.106183,0.159275,0.333333,1.666667,0.000000,0.000000,2.905818,3.777564,0.000000,-0.000000,0.000000,-0.000000,0.010495,-0.010495,1.183349,-1.183349,0.000000,-0.000000,0.000000,-0.000000,0.000000,-0.000000,4.419814,4.245861,4.332837,0.500000,0.500000
101574,Hugo Souza,GOL,264,COR,3,10.000000,10.000000,casa,315,CHA,2026-09-06 19:30:00,26,0.000000,0.000000,0.000000,0.000000,0.000000,0.000000,0.000000,0.000000,0.000000,0.000000,0.243484,0.121742,0.000000,0.000000,0.000000,-0.000000,0.101153,0.151730,0.333333,1.666667,0.000000,0.000000,3.189287,4.146073,0.000000,-0.000000,0.000000,-0.000000,0.069289,-0.069289,1.003418,-1.003418,0.000000,-0.000000,0.000000,-0.000000,0.000000,-0.000000,5.013505,3.626578,4.320041,0.500000,0.500000
121823,Kauê,GOL,264,COR,7,95.000000,85.000000,casa,315,CHA,2026-09-06 19:30:00,26,0.000000,0.000000,0.000000,0.000000,0.000000,0.000000,0.000000,0.000000,0.000000,0.000000,0.031069,0.015534,0.000000,0.000000,0.000000,-0.000000,0.000000,0.000000,0.333333,1.666667,0.000000,0.000000,2.920281,3.796365,0.000000,-0.000000,0.000000,-0.000000,0.070129,-0.070129,1.089608,-1.089608,0.000000,-0.000000,0.012742,-0.012742,0.000000,-0.000000,4.306087,4.292764,4.299426,0.500000,0.500000
111690,Matheus Cunha,GOL,285,INT,7,95.000000,85.000000,casa,277,SAN,2026-09-06 16:00:00,26,0.000000,0.000000,0.000000,0.000000,0.000000,0.000000,0.000000,0.000000,0.000000,0.000000,0.277120,0.138560,0.000000,0.000000,0.000000,-0.000000,0.000000,0.000000,0.333333,1.666667,0.000000,0.000000,2.913797,3.787936,0.000000,-0.000000,0.000000,-0.000000,0.040011,-0.040011,1.037395,-1.037395,0.000000,-0.000000,0.001371,-0.001371,0.000000,-0.000000,4.514385,4.046740,4.280563,0.500000,0.500000
125803,Pedro Morisco,GOL,294,CFC,7,95.000000,85.000000,casa,2305,MIR,2026-09-06 11:00:00,26,0.000000,0.000000,0.000000,0.000000,0.000000,0.000000,0.000000,0.000000,0.000000,0.000000,0.088453,0.044226,0.000000,0.000000,0.000000,-0.000000,0.012219,0.018329,0.000000,0.000000,0.333333,2.333333,2.433138,3.163079,0.000000,-0.000000,0.000000,-0.000000,0.026071,-0.026071,1.136726,-1.136726,0.000000,-0.000000,0.004170,-0.004170,0.000000,-0.000000,4.392000,3.993547,4.192773,0.500000,0.500000
117404,Otávio,GOL,283,CRU,7,95.000000,85.000000,casa,293,CAP,2026-09-06 16:00:00,26,0.000000,0.000000,0.000000,0.000000,0.000000,0.000000,0.000000,0.000000,0.000000,0.000000,0.236567,0.118284,0.000000,0.000000,0.000000,-0.000000,0.000000,0.000000,0.000000,0.000000,0.000000,0.000000,3.421792,4.448329,0.000000,-0.000000,0.000000,-0.000000,0.019193,-0.019193,1.059974,-1.059974,0.000000,-0.000000,0.002430,-0.002430,0.000000,-0.000000,3.485015,4.852775,4.168895,0.500000,0.500000
91101,Ronaldo,GOL,265,BAH,7,95.000000,85.000000,fora,280,RBB,2026-09-05 16:00:00,26,0.000000,0.000000,0.000000,0.000000,0.000000,0.000000,0.000000,0.000000,0.000000,0.000000,0.037100,0.018550,0.000000,0.000000,0.000000,-0.000000,0.007554,0.011331,0.333333,1.666667,0.000000,0.000000,2.949868,3.834829,0.000000,-0.000000,0.000000,-0.000000,0.187146,-0.187146,1.362933,-1.362933,0.000000,-0.000000,0.008579,-0.008579,0.000000,-0.000000,3.972719,4.363619,4.168169,0.500000,0.500000
104084,Carlos Miguel,GOL,275,PAL,7,95.000000,85.000000,fora,263,BOT,2026-09-06 18:30:00,26,0.000000,0.000000,0.000000,0.000000,0.000000,0.000000,0.000000,0.000000,0.000000,0.000000,0.064223,0.032112,0.000000,0.000000,0.000000,-0.000000,0.004685,0.007028,0.000000,0.000000,0.000000,0.000000,3.828698,4.977307,0.000000,-0.000000,0.000000,-0.000000,0.186412,-0.186412,1.441834,-1.441834,0.000000,-0.000000,0.002634,-0.002634,0.000000,-0.000000,3.385566,4.908679,4.147122,0.500000,0.500000
72018,Tiago Volpi,GOL,280,RBB,7,95.000000,85.000000,casa,265,BAH,2026-09-05 16:00:00,26,0.000000,0.000000,0.000000,0.000000,0.000000,0.000000,0.000000,0.000000,0.000000,0.000000,0.173760,0.086880,0.000000,0.000000,0.000000,-0.000000,0.019616,0.029424,0.333333,1.666667,0.000000,0.000000,3.252378,4.228092,0.000000,-0.000000,0.000000,-0.000000,0.017094,-0.017094,1.130637,-1.130637,0.000000,-0.000000,0.001737,-0.001737,0.000000,-0.000000,4.861595,3.379060,4.120328,0.500000,0.500000
72294,Everson,GOL,282,CAM,5,10.000000,10.000000,fora,276,SAO,2026-09-05 18:30:00,26,0.000000,0.000000,0.000000,0.000000,0.000000,0.000000,0.000000,0.000000,0.000000,0.000000,0.142987,0.071494,0.000000,0.000000,0.000000,-0.000000,0.000000,0.000000,0.666667,3.333333,0.000000,0.000000,2.934791,3.815229,0.000000,-0.000000,0.000000,-0.000000,0.008125,-0.008125,1.590548,-1.590548,0.333333,-0.100000,0.005325,-0.005325,0.000000,-0.000000,5.516058,2.699538,4.107798,0.500000,0.500000
102906,Anderson,GOL,315,CHA,7,95.000000,85.000000,fora,264,COR,2026-09-06 19:30:00,26,0.000000,0.000000,0.000000,0.000000,0.000000,0.000000,0.000000,0.000000,0.000000,0.000000,0.222285,0.111143,0.000000,0.000000,0.000000,-0.000000,0.013517,0.020276,0.333333,1.666667,0.000000,0.000000,3.438066,4.469485,0.000000,-0.000000,0.000000,-0.000000,0.138353,-0.138353,1.437175,-1.437175,0.000000,-0.000000,0.020813,-0.020813,0.000000,-0.000000,4.671229,3.530735,4.100982,0.500000,0.500000
113690,Diógenes,GOL,277,SAN,6,10.000000,10.000000,fora,285,INT,2026-09-06 16:00:00,26,0.000000,0.000000,0.000000,0.000000,0.000000,0.000000,0.000000,0.000000,0.000000,0.000000,0.000000,0.000000,0.000000,0.000000,0.000000,-0.000000,0.000000,0.000000,0.500000,2.500000,0.000000,0.000000,3.154714,4.101128,0.000000,-0.000000,0.000000,-0.000000,0.044860,-0.044860,1.401948,-1.401948,0.000000,-0.000000,0.025368,-0.025368,0.000000,-0.000000,5.128951,3.042082,4.085517,0.500000,0.500000
69012,Santos,GOL,293,CAP,6,10.000000,10.000000,fora,283,CRU,2026-09-06 16:00:00,26,0.000000,0.000000,0.000000,0.000000,0.000000,0.000000,0.000000,0.000000,0.000000,0.000000,0.095620,0.047810,0.000000,0.000000,0.000000,-0.000000,0.000000,0.000000,0.000000,0.000000,0.000000,0.000000,4.002907,5.203780,0.000000,-0.000000,0.000000,-0.000000,0.063598,-0.063598,1.419591,-1.419591,0.000000,-0.000000,0.005798,-0.005798,0.000000,-0.000000,3.762602,4.167152,3.964877,0.500000,0.500000
71043,Léo Vieira,GOL,265,BAH,5,10.000000,10.000000,fora,280,RBB,2026-09-05 16:00:00,26,0.000000,0.000000,0.000000,0.000000,0.000000,0.000000,0.000000,0.000000,0.000000,0.000000,0.000000,0.000000,0.000000,0.000000,0.000000,-0.000000,0.034685,0.052027,0.000000,0.000000,0.000000,0.000000,3.249349,4.224154,0.000000,-0.000000,0.000000,-0.000000,0.203563,-0.203563,1.495844,-1.495844,0.000000,-0.000000,0.012739,-0.012739,0.000000,-0.000000,2.564035,5.270626,3.917330,0.500000,0.500000
99552,Rossi,GOL,262,FLA,7,95.000000,85.000000,fora,364,REM,2026-09-06 16:00:00,26,0.000000,0.000000,0.000000,0.000000,0.000000,0.000000,0.000000,0.000000,0.000000,0.000000,0.128474,0.064237,0.000000,0.000000,0.000000,-0.000000,0.000000,0.000000,0.333333,1.666667,0.000000,0.000000,3.490368,4.537478,0.000000,-0.000000,0.000000,-0.000000,0.008571,-0.008571,1.555763,-1.555763,0.000000,-0.000000,0.005279,-0.005279,0.000000,-0.000000,4.698767,3.050968,3.874867,0.500000,0.500000
115674,Gabriel Delfim,GOL,282,CAM,7,95.000000,85.000000,fora,276,SAO,2026-09-05 18:30:00,26,0.000000,0.000000,0.000000,0.000000,0.000000,0.000000,0.000000,0.000000,0.000000,0.000000,0.320619,0.160310,0.000000,0.000000,0.000000,-0.000000,0.027471,0.041206,0.000000,0.000000,0.000000,0.000000,3.020696,3.926905,0.000000,-0.000000,0.000000,-0.000000,0.037942,-0.037942,1.277931,-1.277931,0.000000,-0.000000,0.026659,-0.026659,0.000000,-0.000000,2.785890,4.906505,3.846198,0.500000,0.500000
51413,Walter,GOL,2305,MIR,2,10.000000,10.000000,fora,294,CFC,2026-09-06 11:00:00,26,0.000000,0.000000,0.000000,0.000000,0.000000,0.000000,0.000000,0.000000,0.000000,0.000000,0.196227,0.098113,0.000000,0.000000,0.000000,-0.000000,0.000000,0.000000,0.000000,0.000000,0.000000,0.000000,3.717882,4.833247,0.000000,-0.000000,0.000000,-0.000000,0.074687,-0.074687,1.487269,-1.487269,0.000000,-0.000000,0.010818,-0.010818,0.000000,-0.000000,3.358586,4.095077,3.726832,0.500000,0.500000
42234,Cássio,GOL,283,CRU,6,10.000000,10.000000,casa,293,CAP,2026-09-06 16:00:00,26,0.000000,0.000000,0.000000,0.000000,0.000000,0.000000,0.000000,0.000000,0.000000,0.000000,0.496664,0.248332,0.000000,0.000000,0.000000,-0.000000,0.075097,0.112645,0.000000,0.000000,0.000000,0.000000,2.906869,3.778930,0.000000,-0.000000,0.000000,-0.000000,0.085596,-0.085596,1.105690,-1.105690,0.000000,-0.000000,0.015341,-0.015341,0.000000,-0.000000,2.933280,4.365931,3.649605,0.500000,0.500000
71631,Weverton,GOL,284,GRE,7,95.000000,85.000000,fora,287,VIT,2026-09-07 20:00:00,26,0.000000,0.000000,0.000000,0.000000,0.000000,0.000000,0.000000,0.000000,0.000000,0.000000,0.095706,0.047853,0.000000,0.000000,0.000000,-0.000000,0.000000,0.000000,0.000000,0.000000,0.000000,0.000000,3.775027,4.907536,0.000000,-0.000000,0.000000,-0.000000,0.049514,-0.049514,1.611828,-1.611828,0.000000,-0.000000,0.006099,-0.006099,0.000000,-0.000000,3.287948,3.966872,3.627410,0.500000,0.500000
97905,Matheus Aurélio,GOL,315,CHA,6,10.000000,10.000000,fora,264,COR,2026-09-06 19:30:00,26,0.000000,0.000000,0.000000,0.000000,0.000000,0.000000,0.000000,0.000000,0.000000,0.000000,0.295616,0.147808,0.000000,0.000000,0.000000,-0.000000,0.004493,0.006739,0.000000,0.000000,0.000000,0.000000,3.617814,4.703158,0.000000,-0.000000,0.000000,-0.000000,0.049306,-0.049306,1.564987,-1.564987,0.000000,-0.000000,0.026159,-0.026159,0.000000,-0.000000,3.217252,4.034779,3.626016,0.500000,0.500000
37656,Fábio,GOL,266,FLU,7,95.000000,85.000000,casa,267,VAS,2026-09-05 21:00:00,26,0.000000,0.000000,0.000000,0.000000,0.000000,0.000000,0.000000,0.000000,0.000000,0.000000,0.077969,0.038984,0.000000,0.000000,0.000000,-0.000000,0.044307,0.066461,0.000000,0.000000,0.000000,0.000000,3.287862,4.274221,0.000000,-0.000000,0.000000,-0.000000,0.089580,-0.089580,1.104945,-1.104945,0.000000,-0.000000,0.000000,-0.000000,0.000000,-0.000000,3.185141,3.966697,3.575919,0.500000,0.500000
68822,Rafael Santos,GOL,315,CHA,6,10.000000,10.000000,fora,264,COR,2026-09-06 19:30:00,26,0.000000,0.000000,0.000000,0.000000,0.000000,0.000000,0.000000,0.000000,0.000000,0.000000,0.124782,0.062391,0.000000,0.000000,0.000000,-0.000000,0.010059,0.015089,0.000000,0.000000,0.000000,0.000000,3.912453,5.086188,0.000000,-0.000000,0.000000,-0.000000,0.096391,-0.096391,1.590609,-1.590609,0.000000,-0.000000,0.027207,-0.027207,0.000000,-0.000000,3.449462,3.532280,3.490871,0.500000,0.500000
82730,Marcelo Rangel,GOL,364,REM,7,95.000000,85.000000,casa,262,FLA,2026-09-06 16:00:00,26,0.000000,0.000000,0.000000,0.000000,0.000000,0.000000,0.000000,0.000000,0.000000,0.000000,0.198020,0.099010,0.000000,0.000000,0.000000,-0.000000,0.000000,0.000000,0.000000,0.000000,0.000000,0.000000,3.598573,4.678145,0.000000,-0.000000,0.000000,-0.000000,0.128486,-0.128486,1.187131,-1.187131,0.000000,-0.000000,0.000000,-0.000000,0.000000,-0.000000,3.461538,3.513333,3.487436,0.500000,0.500000
87008,Léo Jardim,GOL,267,VAS,7,95.000000,85.000000,fora,266,FLU,2026-09-05 21:00:00,26,0.000000,0.000000,0.000000,0.000000,0.000000,0.000000,0.000000,0.000000,0.000000,0.000000,0.176480,0.088240,0.000000,0.000000,0.000000,-0.000000,0.000000,0.000000,0.000000,0.000000,0.000000,0.000000,3.691308,4.798701,0.000000,-0.000000,0.000000,-0.000000,0.156787,-0.156787,1.488659,-1.488659,0.000000,-0.000000,0.003402,-0.003402,0.000000,-0.000000,3.238094,3.705496,3.471795,0.500000,0.500000
111683,Anthoni,GOL,285,INT,6,10.000000,10.000000,casa,277,SAN,2026-09-06 16:00:00,26,0.000000,0.000000,0.000000,0.000000,0.000000,0.000000,0.000000,0.000000,0.000000,0.000000,0.122560,0.061280,0.000000,0.000000,0.000000,-0.000000,0.000000,0.000000,0.333333,1.666667,0.000000,0.000000,2.020026,2.626034,0.000000,-0.000000,0.000000,-0.000000,0.132324,-0.132324,1.193868,-1.193868,0.000000,-0.000000,0.003373,-0.003373,0.000000,-0.000000,3.024415,3.789795,3.407105,0.500000,0.500000
98333,Gabriel Batista,GOL,263,BOT,7,95.000000,85.000000,casa,275,PAL,2026-09-06 18:30:00,26,0.000000,0.000000,0.000000,0.000000,0.000000,0.000000,0.000000,0.000000,0.000000,0.000000,0.000000,0.000000,0.000000,0.000000,0.000000,-0.000000,0.001293,0.001940,0.000000,0.000000,0.000000,0.000000,2.812519,3.656275,0.000000,-0.000000,0.000000,-0.000000,0.040654,-0.040654,1.176820,-1.176820,0.000000,-0.000000,0.012513,-0.012513,0.000000,-0.000000,2.428227,4.380743,3.404485,0.500000,0.500000
112616,Gabriel Grando,GOL,284,GRE,6,10.000000,10.000000,fora,287,VIT,2026-09-07 20:00:00,26,0.000000,0.000000,0.000000,0.000000,0.000000,0.000000,0.000000,0.000000,0.000000,0.000000,0.439014,0.219507,0.000000,0.000000,0.000000,-0.000000,0.000535,0.000803,0.000000,0.000000,0.000000,0.000000,2.870514,3.731668,0.000000,-0.000000,0.000000,-0.000000,0.161439,-0.161439,1.228685,-1.228685,0.000000,-0.000000,0.027121,-0.027121,0.000000,-0.000000,2.534733,4.219605,3.377169,0.500000,0.500000
68928,Rafael,GOL,276,SAO,7,95.000000,85.000000,casa,282,CAM,2026-09-05 18:30:00,26,0.000000,0.000000,0.000000,0.000000,0.000000,0.000000,0.000000,0.000000,0.000000,0.000000,0.250757,0.125378,0.000000,0.000000,0.000000,-0.000000,0.000000,0.000000,0.000000,0.000000,0.000000,0.000000,2.976704,3.869715,0.000000,-0.000000,0.000000,-0.000000,0.137542,-0.137542,1.096452,-1.096452,0.000000,-0.000000,0.000000,-0.000000,0.000000,-0.000000,2.761099,3.874969,3.318034,0.500000,0.500000
85425,João Paulo,GOL,277,SAN,6,10.000000,10.000000,fora,285,INT,2026-09-06 16:00:00,26,0.000000,0.000000,0.000000,0.000000,0.000000,0.000000,0.000000,0.000000,0.000000,0.000000,0.133321,0.066661,0.000000,0.000000,0.000000,-0.000000,0.000535,0.000803,0.000000,0.000000,0.000000,0.000000,3.434017,4.464222,0.000000,-0.000000,0.000000,-0.000000,0.145629,-0.145629,1.616594,-1.616594,0.000000,-0.000000,0.025954,-0.025954,0.000000,-0.000000,2.743509,3.873816,3.308662,0.500000,0.500000
147544,Gabriel Menegon,GOL,284,GRE,6,10.000000,10.000000,fora,287,VIT,2026-09-07 20:00:00,26,0.000000,0.000000,0.000000,0.000000,0.000000,0.000000,0.000000,0.000000,0.000000,0.000000,0.439014,0.219507,0.000000,0.000000,0.000000,-0.000000,0.000535,0.000803,0.000000,0.000000,0.000000,0.000000,2.616721,3.401738,0.000000,-0.000000,0.000000,-0.000000,0.284080,-0.284080,1.071297,-1.071297,0.000000,-0.000000,0.027228,-0.027228,0.000000,-0.000000,2.239443,4.153649,3.196546,0.500000,0.500000
93882,Cleiton,GOL,280,RBB,6,10.000000,10.000000,casa,265,BAH,2026-09-05 16:00:00,26,0.000000,0.000000,0.000000,0.000000,0.000000,0.000000,0.000000,0.000000,0.000000,0.000000,0.325322,0.162661,0.000000,0.000000,0.000000,-0.000000,0.000000,0.000000,0.000000,0.000000,0.000000,0.000000,2.450005,3.185007,0.000000,-0.000000,0.000000,-0.000000,0.204734,-0.204734,0.950121,-0.950121,0.000000,-0.000000,0.008281,-0.008281,0.000000,-0.000000,2.184531,3.667150,2.925841,0.500000,0.500000
72279,Thomazella,GOL,2305,MIR,6,10.000000,10.000000,fora,294,CFC,2026-09-06 11:00:00,26,0.000000,0.000000,0.000000,0.000000,0.000000,0.000000,0.000000,0.000000,0.000000,0.000000,0.439014,0.219507,0.000000,0.000000,0.000000,-0.000000,0.000535,0.000803,0.000000,0.000000,0.000000,0.000000,2.901441,3.771874,0.000000,-0.000000,0.000000,-0.000000,0.275638,-0.275638,1.329949,-1.329949,0.000000,-0.000000,0.026543,-0.026543,0.000000,-0.000000,2.360054,2.867538,2.613796,0.500000,0.500000
116067,Thiago Beltrame,GOL,284,GRE,6,10.000000,10.000000,fora,287,VIT,2026-09-07 20:00:00,26,0.000000,0.000000,0.000000,0.000000,0.000000,0.000000,0.000000,0.000000,0.000000,0.000000,0.120487,0.060244,0.000000,0.000000,0.000000,-0.000000,0.000535,0.000803,0.000000,0.000000,0.000000,0.000000,3.968573,5.159145,0.000000,-0.000000,1.000000,-3.000000,0.142482,-0.142482,1.535885,-1.535885,1.000000,-0.300000,0.026979,-0.026979,0.000000,-0.000000,0.214845,4.311957,2.263401,0.500000,0.500000
131516,JP Chermont,LAT,294,CFC,7,95.000000,85.000000,casa,2305,MIR,2026-09-06 11:00:00,26,0.000000,0.000000,0.666667,3.333333,0.015658,0.046975,0.454908,0.545889,0.247500,0.198000,0.639952,0.319976,0.000000,0.000000,0.000000,-0.000000,1.720227,2.580341,0.234136,1.170679,0.000000,0.000000,0.000000,0.000000,0.000000,-0.000000,0.000000,-0.000000,0.000000,-0.000000,0.000000,-0.000000,0.851192,-0.255358,0.000000,-0.000000,0.000000,-0.000000,7.939835,6.787431,7.363633,0.500000,0.500000
42500,Fagner,LAT,283,CRU,7,95.000000,85.000000,casa,293,CAP,2026-09-06 16:00:00,26,0.000000,0.000000,0.333333,1.666667,0.015469,0.046408,0.697500,0.837000,0.969750,0.775800,0.772290,0.386145,0.000000,0.000000,0.000000,-0.000000,1.919533,2.879300,0.236065,1.180325,0.000000,0.000000,0.000000,0.000000,0.000000,-0.000000,0.000000,-0.000000,0.000000,-0.000000,0.000000,-0.000000,1.194700,-0.358410,0.000000,-0.000000,0.000000,-0.000000,7.413235,7.063858,7.238546,0.500000,0.500000
101727,Matheuzinho,LAT,264,COR,7,95.000000,85.000000,casa,315,CHA,2026-09-06 19:30:00,26,0.000000,0.000000,0.333333,1.666667,0.015097,0.045292,0.145545,0.174654,0.487255,0.389804,0.937004,0.468502,0.000000,0.000000,0.023048,-0.002305,2.184908,3.277362,0.258916,1.294582,0.000000,0.000000,0.000000,0.000000,0.000000,-0.000000,0.000000,-0.000000,0.000000,-0.000000,0.000000,-0.000000,1.095000,-0.328500,0.000000,-0.000000,0.000000,-0.000000,6.986058,5.647301,6.316680,0.500000,0.500000
143600,Kauã Moraes,LAT,283,CRU,6,10.000000,10.000000,casa,293,CAP,2026-09-06 16:00:00,26,0.333333,2.666667,0.000000,0.000000,0.016001,0.048003,0.450000,0.540000,0.004605,0.003684,0.823664,0.411832,0.000000,0.000000,0.000000,-0.000000,1.444402,2.166603,0.250227,1.251137,0.000000,0.000000,0.000000,0.000000,0.000000,-0.000000,0.000000,-0.000000,0.333333,-0.333333,0.000000,-0.000000,0.943550,-0.283065,0.001910,-0.001910,0.000000,-0.000000,6.469619,5.905573,6.187596,0.500000,0.500000
97795,Marcelinho,LAT,364,REM,7,95.000000,85.000000,casa,262,FLA,2026-09-06 16:00:00,26,0.000000,0.000000,0.333333,1.666667,0.016005,0.048015,0.057836,0.069403,1.648199,1.318560,1.133633,0.566817,0.000000,0.000000,0.158773,-0.015877,1.713898,2.570848,0.247751,1.238753,0.000000,0.000000,0.000000,0.000000,0.000000,-0.000000,0.000000,-0.000000,0.000000,-0.000000,0.000000,-0.000000,0.729168,-0.218750,0.000000,-0.000000,0.000000,-0.000000,7.244433,4.999808,6.122121,0.500000,0.500000
98720,Angileri,LAT,264,COR,6,10.000000,10.000000,casa,315,CHA,2026-09-06 19:30:00,26,0.333333,2.666667,0.000000,0.000000,0.015404,0.046213,0.000000,0.000000,1.077303,0.861842,0.858639,0.429320,0.000000,0.000000,0.000000,-0.000000,1.569723,2.354584,0.260204,1.301022,0.000000,0.000000,0.000000,0.000000,0.000000,-0.000000,0.000000,-0.000000,0.333333,-0.333333,0.000000,-0.000000,1.120628,-0.336188,0.020945,-0.020945,0.000000,-0.000000,6.969180,4.855766,5.912473,0.500000,0.500000
113113,Benavídez,LAT,293,CAP,3,10.000000,10.000000,fora,283,CRU,2026-09-06 16:00:00,26,0.333333,2.666667,0.000000,0.000000,0.014632,0.043896,0.140238,0.168285,0.030205,0.024164,1.356769,0.678385,0.000000,0.000000,0.074890,-0.007489,2.180075,3.270112,0.187650,0.938251,0.000000,0.000000,0.000000,0.000000,0.000000,-0.000000,0.000000,-0.000000,0.333333,-0.333333,0.000000,-0.000000,0.963057,-0.288917,0.068825,-0.068825,0.000000,-0.000000,7.091196,4.628598,5.859897,0.500000,0.500000
102130,Piquerez,LAT,275,PAL,7,95.000000,85.000000,fora,263,BOT,2026-09-06 18:30:00,26,0.000000,0.000000,0.666667,3.333333,0.014907,0.044721,0.010619,0.012743,0.181908,0.145527,0.724645,0.362323,0.000000,0.000000,0.136125,-0.013613,1.313134,1.969701,0.203238,1.016189,0.000000,0.000000,0.000000,0.000000,0.000000,-0.000000,0.000000,-0.000000,0.333333,-0.333333,0.000000,-0.000000,0.911905,-0.273572,0.000000,-0.000000,0.000000,-0.000000,6.264020,4.937926,5.600973,0.500000,0.500000
96591,Renan Lodi,LAT,282,CAM,2,10.000000,10.000000,fora,276,SAO,2026-09-05 18:30:00,26,0.000000,0.000000,0.333333,1.666667,0.015266,0.045798,0.299368,0.359242,1.032694,0.826155,1.296628,0.648314,0.000000,0.000000,0.012488,-0.001249,1.507573,2.261359,0.215204,1.076018,0.000000,0.000000,0.000000,0.000000,0.000000,-0.000000,0.000000,-0.000000,0.666667,-0.666667,0.000000,-0.000000,1.138168,-0.341450,0.000000,-0.000000,0.000000,-0.000000,5.874186,5.288133,5.581159,0.500000,0.500000
97899,Matheus Bahia,LAT,285,INT,7,95.000000,85.000000,casa,277,SAN,2026-09-06 16:00:00,26,0.000000,0.000000,0.333333,1.666667,0.015624,0.046871,0.001485,0.001782,0.006851,0.005481,1.117766,0.558883,0.000000,0.000000,0.255036,-0.025504,2.022615,3.033923,0.250960,1.254800,0.000000,0.000000,0.000000,0.000000,0.000000,-0.000000,0.000000,-0.000000,0.333333,-0.333333,0.000000,-0.000000,0.927942,-0.278383,0.013289,-0.013289,0.000000,-0.000000,5.917897,5.098935,5.508416,0.500000,0.500000
78445,Renê,LAT,266,FLU,7,95.000000,85.000000,casa,267,VAS,2026-09-05 21:00:00,26,0.000000,0.000000,0.000000,0.000000,0.016128,0.048384,0.248900,0.298679,0.496485,0.397188,1.054490,0.527245,0.000000,0.000000,0.000000,-0.000000,1.840713,2.761069,0.252769,1.263845,0.000000,0.000000,0.000000,0.000000,0.000000,-0.000000,0.000000,-0.000000,0.000000,-0.000000,0.000000,-0.000000,1.152368,-0.345710,0.000000,-0.000000,0.000000,-0.000000,4.950701,5.762447,5.356574,0.500000,0.500000
89275,William,LAT,283,CRU,6,10.000000,10.000000,casa,293,CAP,2026-09-06 16:00:00,26,0.000000,0.000000,0.000000,0.000000,0.015802,0.047405,0.333624,0.400348,0.254351,0.203481,0.745973,0.372987,0.000000,0.000000,0.012456,-0.001246,1.895058,2.842587,0.252077,1.260386,0.000000,0.000000,0.000000,0.000000,0.000000,-0.000000,0.000000,-0.000000,0.000000,-0.000000,0.000000,-0.000000,1.138819,-0.341646,0.003774,-0.003774,0.000000,-0.000000,4.780528,5.889024,5.334776,0.500000,0.500000
110426,Bernabei,LAT,285,INT,3,10.000000,10.000000,casa,277,SAN,2026-09-06 16:00:00,26,0.000000,0.000000,0.000000,0.000000,0.015735,0.047204,0.146547,0.175857,1.384800,1.107840,0.954233,0.477117,0.000000,0.000000,0.464360,-0.046436,2.057792,3.086688,0.264596,1.322981,0.000000,0.000000,0.000000,0.000000,0.000000,-0.000000,0.000000,-0.000000,0.333333,-0.333333,0.000000,-0.000000,0.904309,-0.271293,0.000000,-0.000000,0.000000,-0.000000,5.566624,4.921229,5.243927,0.500000,0.500000
88393,Ayrton Lucas,LAT,262,FLA,7,95.000000,85.000000,fora,364,REM,2026-09-06 16:00:00,26,0.000000,0.000000,0.333333,1.666667,0.015019,0.045056,0.700712,0.840855,0.207428,0.165943,0.714223,0.357112,0.000000,0.000000,0.000000,-0.000000,1.478962,2.218444,0.207895,1.039476,0.000000,0.000000,0.000000,0.000000,0.000000,-0.000000,0.000000,-0.000000,0.000000,-0.000000,0.000000,-0.000000,1.040854,-0.312256,0.000000,-0.000000,0.000000,-0.000000,6.021296,4.427860,5.224578,0.500000,0.500000
105531,Matheus Bidu,LAT,264,COR,7,95.000000,85.000000,casa,315,CHA,2026-09-06 19:30:00,26,0.000000,0.000000,0.000000,0.000000,0.016120,0.048359,0.000039,0.000046,1.305226,1.044181,1.797204,0.898602,0.000000,0.000000,0.964054,-0.096405,1.754668,2.632002,0.270271,1.351355,0.000000,0.000000,0.000000,0.000000,0.000000,-0.000000,0.000000,-0.000000,0.000000,-0.000000,0.000000,-0.000000,1.301924,-0.390577,0.000000,-0.000000,0.000000,-0.000000,5.487562,4.931580,5.209571,0.500000,0.500000
90061,Bruno Pacheco,LAT,315,CHA,3,10.000000,10.000000,fora,264,COR,2026-09-06 19:30:00,26,0.333333,2.666667,0.000000,0.000000,0.015294,0.045883,0.000000,0.000000,0.003768,0.003014,1.014844,0.507422,0.000000,0.000000,0.002072,-0.000207,1.578363,2.367545,0.189293,0.946465,0.000000,0.000000,0.000000,0.000000,0.000000,-0.000000,0.000000,-0.000000,0.333333,-0.333333,0.000000,-0.000000,0.770864,-0.231259,0.010026,-0.010026,0.000000,-0.000000,5.962170,4.316770,5.139470,0.500000,0.500000
101820,Mayk,LAT,364,REM,6,10.000000,10.000000,casa,262,FLA,2026-09-06 16:00:00,26,0.000000,0.000000,0.333333,1.666667,0.016544,0.049631,0.000000,0.000000,0.143397,0.114718,0.607775,0.303888,0.000000,0.000000,0.000000,-0.000000,1.199073,1.798610,0.273326,1.366630,0.000000,0.000000,0.000000,0.000000,0.000000,-0.000000,0.000000,-0.000000,0.000000,-0.000000,0.000000,-0.000000,0.736205,-0.220862,0.000000,-0.000000,0.000000,-0.000000,5.079281,5.143301,5.111291,0.500000,0.500000
105213,Sant'Anna,LAT,280,RBB,3,10.000000,10.000000,casa,265,BAH,2026-09-05 16:00:00,26,0.000000,0.000000,0.333333,1.666667,0.015835,0.047504,0.120652,0.144782,0.294898,0.235918,0.812190,0.406095,0.000000,0.000000,0.273916,-0.027392,1.605277,2.407916,0.267694,1.338468,0.000000,0.000000,0.000000,0.000000,0.000000,-0.000000,0.000000,-0.000000,0.666667,-0.666667,0.000000,-0.000000,1.003707,-0.301112,0.002672,-0.002672,0.000000,-0.000000,5.249507,4.783690,5.016599,0.500000,0.500000
94968,Juninho Capixaba,LAT,280,RBB,7,95.000000,85.000000,casa,265,BAH,2026-09-05 16:00:00,26,0.000000,0.000000,0.000000,0.000000,0.015986,0.047959,0.474970,0.569964,0.253968,0.203175,1.207164,0.603582,0.000000,0.000000,0.004908,-0.000491,1.922377,2.883565,0.266883,1.334414,0.000000,0.000000,0.000000,0.000000,0.000000,-0.000000,0.000000,-0.000000,0.666667,-0.666667,0.000000,-0.000000,1.229629,-0.368889,0.000000,-0.000000,0.000000,-0.000000,4.606612,5.406119,5.006366,0.500000,0.500000
78850,Reinaldo,LAT,2305,MIR,7,95.000000,85.000000,fora,294,CFC,2026-09-06 11:00:00,26,0.000000,0.000000,0.333333,1.666667,0.015868,0.047604,1.045048,1.254058,0.501027,0.400821,0.614699,0.307350,0.000000,0.000000,0.000000,-0.000000,1.313456,1.970184,0.184792,0.923959,0.000000,0.000000,0.000000,0.000000,0.000000,-0.000000,0.000000,-0.000000,0.000000,-0.000000,0.000000,-0.000000,0.986765,-0.296030,0.000000,-0.000000,0.000000,-0.000000,6.274613,3.632921,4.953767,0.500000,0.500000
82628,Tinga,LAT,294,CFC,5,10.000000,10.000000,casa,2305,MIR,2026-09-06 11:00:00,26,0.000000,0.000000,0.000000,0.000000,0.016659,0.049976,0.006851,0.008221,0.248127,0.198502,0.752446,0.376223,0.000000,0.000000,0.000000,-0.000000,1.408797,2.113196,0.255594,1.277972,0.000000,0.000000,0.000000,0.000000,0.000000,-0.000000,0.000000,-0.000000,0.000000,-0.000000,0.000000,-0.000000,0.618502,-0.185551,0.000000,-0.000000,0.000000,-0.000000,3.838539,6.022735,4.930637,0.500000,0.500000
124526,Giay,LAT,275,PAL,7,95.000000,85.000000,fora,263,BOT,2026-09-06 18:30:00,26,0.000000,0.000000,0.000000,0.000000,0.015603,0.046808,0.022648,0.027177,0.704351,0.563481,1.611342,0.805671,0.000000,0.000000,0.000627,-0.000063,1.776010,2.664014,0.187729,0.938647,0.000000,0.000000,0.000000,0.000000,0.000000,-0.000000,0.000000,-0.000000,0.000000,-0.000000,0.000000,-0.000000,0.983758,-0.295128,0.004437,-0.004437,0.000000,-0.000000,4.746172,5.027042,4.886607,0.500000,0.500000
116065,Cuiabano,LAT,267,VAS,5,10.000000,10.000000,fora,266,FLU,2026-09-05 21:00:00,26,0.000000,0.000000,0.000000,0.000000,0.015049,0.045147,0.310097,0.372116,0.793970,0.635176,1.200844,0.600422,0.000000,0.000000,0.000000,-0.000000,2.050096,3.075144,0.191910,0.959550,0.000000,0.000000,0.000000,0.000000,0.000000,-0.000000,0.000000,-0.000000,0.333333,-0.333333,0.000000,-0.000000,1.135163,-0.340549,0.006049,-0.006049,0.000000,-0.000000,5.007623,4.671880,4.839752,0.500000,0.500000
106302,Preciado,LAT,282,CAM,6,10.000000,10.000000,fora,276,SAO,2026-09-05 18:30:00,26,0.000000,0.000000,0.333333,1.666667,0.015298,0.045895,0.450000,0.540000,0.483267,0.386613,0.777969,0.388985,0.000000,0.000000,0.000000,-0.000000,1.485961,2.228942,0.190085,0.950424,0.000000,0.000000,0.000000,0.000000,0.000000,-0.000000,0.000000,-0.000000,0.666667,-0.666667,0.000000,-0.000000,1.305962,-0.391789,0.000000,-0.000000,0.000000,-0.000000,5.149070,4.364358,4.756714,0.500000,0.500000
80313,Gilberto,LAT,293,CAP,7,95.000000,85.000000,fora,283,CRU,2026-09-06 16:00:00,26,0.000000,0.000000,0.000000,0.000000,0.014875,0.044625,0.922648,1.107177,0.076009,0.060807,0.673443,0.336722,0.000000,0.000000,0.136125,-0.013613,1.846937,2.770406,0.212346,1.061731,0.000000,0.000000,0.000000,0.000000,0.000000,-0.000000,0.000000,-0.000000,0.000000,-0.000000,0.000000,-0.000000,0.924257,-0.277277,0.000000,-0.000000,0.000000,-0.000000,5.090578,4.327645,4.709111,0.500000,0.500000
113157,Nathan Mendes,LAT,287,VIT,5,10.000000,10.000000,casa,284,GRE,2026-09-07 20:00:00,26,0.000000,0.000000,0.000000,0.000000,0.015870,0.047610,0.000000,0.000000,0.136125,0.108900,0.795052,0.397526,0.000000,0.000000,0.000000,-0.000000,1.715754,2.573631,0.282902,1.414511,0.000000,0.000000,0.000000,0.000000,0.000000,-0.000000,0.000000,-0.000000,0.000000,-0.000000,0.000000,-0.000000,1.040437,-0.312131,0.000000,-0.000000,0.000000,-0.000000,4.230048,5.033184,4.631616,0.500000,0.500000
100898,Vitinho,LAT,263,BOT,7,95.000000,85.000000,casa,275,PAL,2026-09-06 18:30:00,26,0.000000,0.000000,0.000000,0.000000,0.016944,0.050833,0.000000,0.000000,0.254368,0.203495,0.747658,0.373829,0.000000,0.000000,0.022648,-0.002265,1.749820,2.624730,0.260050,1.300252,0.000000,0.000000,0.000000,0.000000,0.000000,-0.000000,0.000000,-0.000000,0.000000,-0.000000,0.000000,-0.000000,1.037459,-0.311238,0.022346,-0.022346,0.000000,-0.000000,4.217290,5.013397,4.615344,0.500000,0.500000
111832,Jefté,LAT,275,PAL,5,10.000000,10.000000,fora,263,BOT,2026-09-06 18:30:00,26,0.000000,0.000000,0.333333,1.666667,0.015378,0.046134,0.000000,0.000000,0.000000,0.000000,0.543160,0.271580,0.000000,0.000000,0.288678,-0.028868,1.205188,1.807783,0.205526,1.027632,0.000000,0.000000,0.000000,0.000000,0.000000,-0.000000,0.000000,-0.000000,0.000000,-0.000000,0.000000,-0.000000,0.771064,-0.231319,0.004228,-0.004228,0.000000,-0.000000,4.555380,4.661189,4.608285,0.500000,0.500000
105584,Lucas Piton,LAT,267,VAS,7,95.000000,85.000000,fora,266,FLU,2026-09-05 21:00:00,26,0.000000,0.000000,0.333333,1.666667,0.015926,0.047779,0.251372,0.301647,0.012665,0.010132,0.815249,0.407624,0.000000,0.000000,0.012456,-0.001246,1.550375,2.325563,0.181409,0.907047,0.000000,0.000000,0.000000,0.000000,0.000000,-0.000000,0.000000,-0.000000,0.000000,-0.000000,0.000000,-0.000000,1.002660,-0.300798,0.000000,-0.000000,0.000000,-0.000000,5.364415,3.783304,4.573860,0.500000,0.500000
102975,Escobar,LAT,277,SAN,7,95.000000,85.000000,fora,285,INT,2026-09-06 16:00:00,26,0.000000,0.000000,0.000000,0.000000,0.014513,0.043538,0.012456,0.014948,0.001374,0.001099,1.113267,0.556634,0.000000,0.000000,0.000057,-0.000006,2.183840,3.275761,0.198022,0.990108,0.000000,0.000000,0.000000,0.000000,0.000000,-0.000000,0.000000,-0.000000,0.000000,-0.000000,0.000000,-0.000000,1.187954,-0.356386,0.040729,-0.040729,0.000000,-0.000000,4.484966,4.661529,4.573248,0.500000,0.500000
107093,Luciano Juba,LAT,265,BAH,7,95.000000,85.000000,fora,280,RBB,2026-09-05 16:00:00,26,0.000000,0.000000,0.000000,0.000000,0.015734,0.047203,0.248265,0.297917,0.014347,0.011478,1.059825,0.529912,0.000000,0.000000,0.000000,-0.000000,1.576802,2.365203,0.212467,1.062337,0.000000,0.000000,0.000000,0.000000,0.000000,-0.000000,0.000000,-0.000000,0.000000,-0.000000,0.000000,-0.000000,0.892384,-0.267715,0.002552,-0.002552,0.000000,-0.000000,4.043784,5.077810,4.560797,0.500000,0.500000
101597,Ramon,LAT,287,VIT,5,10.000000,10.000000,casa,284,GRE,2026-09-07 20:00:00,26,0.000000,0.000000,0.000000,0.000000,0.016621,0.049862,0.454145,0.544974,0.124095,0.099276,0.584078,0.292039,0.000000,0.000000,0.000000,-0.000000,1.734470,2.601704,0.260825,1.304123,0.000000,0.000000,0.000000,0.000000,0.000000,-0.000000,0.000000,-0.000000,0.666667,-0.666667,0.000000,-0.000000,0.973110,-0.291933,0.000000,-0.000000,0.000000,-0.000000,3.933379,5.169948,4.551663,0.500000,0.500000
97101,Gabriel Rojas,LAT,283,CRU,2,10.000000,10.000000,casa,293,CAP,2026-09-06 16:00:00,26,0.000000,0.000000,0.000000,0.000000,0.016294,0.048882,0.000000,0.000000,0.000000,0.000000,0.889361,0.444681,0.000000,0.000000,0.000000,-0.000000,1.471757,2.207635,0.260396,1.301978,0.000000,0.000000,0.000000,0.000000,0.000000,-0.000000,0.000000,-0.000000,0.000000,-0.000000,0.000000,-0.000000,0.984661,-0.295398,0.000000,-0.000000,0.000000,-0.000000,3.707778,5.392906,4.550342,0.500000,0.500000
110668,Esquivel,LAT,293,CAP,6,10.000000,10.000000,fora,283,CRU,2026-09-06 16:00:00,26,0.000000,0.000000,0.333333,1.666667,0.015400,0.046200,0.003768,0.004522,0.044685,0.035748,0.829187,0.414593,0.000000,0.000000,0.000000,-0.000000,1.375065,2.062597,0.212614,1.063068,0.000000,0.000000,0.000000,0.000000,0.000000,-0.000000,0.000000,-0.000000,0.000000,-0.000000,0.000000,-0.000000,1.157472,-0.347242,0.000090,-0.000090,0.000000,-0.000000,4.946064,4.068503,4.507283,0.500000,0.500000
110510,Aguirre,LAT,285,INT,6,10.000000,10.000000,casa,277,SAN,2026-09-06 16:00:00,26,0.000000,0.000000,0.000000,0.000000,0.016182,0.048546,0.078081,0.093697,0.952547,0.762038,0.684894,0.342447,0.000000,0.000000,0.524869,-0.052487,1.610021,2.415031,0.273102,1.365508,0.000000,0.000000,0.000000,0.000000,0.000000,-0.000000,0.000000,-0.000000,0.333333,-0.333333,0.000000,-0.000000,1.345176,-0.403553,0.000000,-0.000000,0.000000,-0.000000,4.237894,4.729127,4.483511,0.500000,0.500000
95466,Igor Vinícius,LAT,277,SAN,7,95.000000,85.000000,fora,285,INT,2026-09-06 16:00:00,26,0.000000,0.000000,0.000000,0.000000,0.014652,0.043955,0.006955,0.008346,0.000000,0.000000,1.012297,0.506149,0.000000,0.000000,0.000000,-0.000000,1.951325,2.926987,0.198061,0.990305,0.000000,0.000000,0.000000,0.000000,0.000000,-0.000000,0.000000,-0.000000,0.000000,-0.000000,0.000000,-0.000000,0.947758,-0.284328,0.000000,-0.000000,0.000000,-0.000000,4.191415,4.760303,4.475859,0.500000,0.500000
72493,Alex Telles,LAT,263,BOT,5,10.000000,10.000000,casa,275,PAL,2026-09-06 18:30:00,26,0.000000,0.000000,0.000000,0.000000,0.016946,0.050838,0.000000,0.000000,0.792952,0.634362,0.521744,0.260872,0.000000,0.000000,0.000000,-0.000000,1.274879,1.912318,0.262727,1.313637,0.000000,0.000000,0.000000,0.000000,0.000000,-0.000000,0.000000,-0.000000,0.000000,-0.000000,0.000000,-0.000000,0.924527,-0.277358,0.030220,-0.030220,0.000000,-0.000000,3.864448,5.066956,4.465702,0.500000,0.500000
106708,Igor Formiga,LAT,2305,MIR,7,95.000000,85.000000,fora,294,CFC,2026-09-06 11:00:00,26,0.000000,0.000000,0.333333,1.666667,0.015768,0.047305,0.000190,0.000228,0.028395,0.022716,0.666646,0.333323,0.000000,0.000000,0.000000,-0.000000,1.842439,2.763658,0.180448,0.902238,0.000000,0.000000,0.000000,0.000000,0.000000,-0.000000,0.000000,-0.000000,0.333333,-0.333333,0.000000,-0.000000,1.242385,-0.372716,0.000000,-0.000000,0.000000,-0.000000,5.030085,3.877394,4.453740,0.500000,0.500000
86864,Marlon,LAT,364,REM,7,95.000000,85.000000,casa,262,FLA,2026-09-06 16:00:00,26,0.000000,0.000000,0.000000,0.000000,0.016167,0.048501,0.450000,0.540000,0.000000,0.000000,0.588950,0.294475,0.000000,0.000000,0.000000,-0.000000,1.733179,2.599769,0.243227,1.216137,0.000000,0.000000,0.000000,0.000000,0.000000,-0.000000,0.000000,-0.000000,0.333333,-0.333333,0.000000,-0.000000,0.920368,-0.276111,0.000000,-0.000000,0.000000,-0.000000,4.089439,4.716777,4.403108,0.500000,0.500000
73384,Samuel Xavier,LAT,266,FLU,5,10.000000,10.000000,casa,267,VAS,2026-09-05 21:00:00,26,0.000000,0.000000,0.000000,0.000000,0.016551,0.049653,0.139893,0.167872,0.042318,0.033854,1.056571,0.528285,0.000000,0.000000,0.450627,-0.045063,1.373832,2.060748,0.260224,1.301120,0.000000,0.000000,0.000000,0.000000,0.000000,-0.000000,0.000000,-0.000000,0.333333,-0.333333,0.000000,-0.000000,0.819140,-0.245742,0.000000,-0.000000,0.000000,-0.000000,3.517395,5.217055,4.367225,0.500000,0.500000
80570,Wendell,LAT,276,SAO,6,10.000000,10.000000,casa,282,CAM,2026-09-05 18:30:00,26,0.000000,0.000000,0.000000,0.000000,0.016674,0.050022,0.001140,0.001368,0.214889,0.171911,1.287320,0.643660,0.000000,0.000000,0.322369,-0.032237,1.690625,2.535938,0.244916,1.224580,0.000000,0.000000,0.000000,0.000000,0.000000,-0.000000,0.000000,-0.000000,0.333333,-0.333333,0.000000,-0.000000,1.023160,-0.306948,0.000000,-0.000000,0.000000,-0.000000,3.954960,4.557535,4.256248,0.500000,0.500000
101319,Guga,LAT,266,FLU,7,95.000000,85.000000,casa,267,VAS,2026-09-05 21:00:00,26,0.000000,0.000000,0.000000,0.000000,0.016527,0.049582,0.000000,0.000000,0.024927,0.019942,0.737684,0.368842,0.000000,0.000000,0.000000,-0.000000,1.832088,2.748132,0.242905,1.214523,0.000000,0.000000,0.000000,0.000000,0.000000,-0.000000,0.000000,-0.000000,0.666667,-0.666667,0.000000,-0.000000,0.897887,-0.269366,0.000000,-0.000000,0.000000,-0.000000,3.464988,4.994885,4.229937,0.500000,0.500000
110715,Andrés Hurtado,LAT,280,RBB,7,95.000000,85.000000,casa,265,BAH,2026-09-05 16:00:00,26,0.000000,0.000000,0.000000,0.000000,0.016613,0.049840,0.002072,0.002487,0.230807,0.184646,0.549737,0.274869,0.000000,0.000000,0.000000,-0.000000,1.425150,2.137725,0.260850,1.304252,0.000000,0.000000,0.000000,0.000000,0.000000,-0.000000,0.000000,-0.000000,0.000000,-0.000000,0.000000,-0.000000,0.735406,-0.220622,0.000000,-0.000000,0.000000,-0.000000,3.733196,4.705591,4.219393,0.500000,0.500000
97868,Iago,LAT,276,SAO,7,95.000000,85.000000,casa,282,CAM,2026-09-05 18:30:00,26,0.000000,0.000000,0.000000,0.000000,0.015456,0.046369,0.697500,0.837000,0.000000,0.000000,0.478078,0.239039,0.000000,0.000000,0.000000,-0.000000,1.528136,2.292204,0.242453,1.212264,0.000000,0.000000,0.000000,0.000000,0.000000,-0.000000,0.000000,-0.000000,0.000000,-0.000000,0.000000,-0.000000,0.837085,-0.251126,0.000000,-0.000000,0.000000,-0.000000,4.375750,4.035046,4.205398,0.500000,0.500000
104649,Heitor,LAT,315,CHA,7,95.000000,85.000000,fora,264,COR,2026-09-06 19:30:00,26,0.000000,0.000000,0.000000,0.000000,0.015031,0.045093,0.000000,0.000000,0.697500,0.558000,0.691610,0.345805,0.000000,0.000000,0.000000,-0.000000,1.838509,2.757764,0.197721,0.988604,0.000000,0.000000,0.000000,0.000000,0.000000,-0.000000,0.000000,-0.000000,0.000000,-0.000000,0.000000,-0.000000,1.109804,-0.332941,0.000000,-0.000000,0.000000,-0.000000,4.362325,3.920285,4.141305,0.500000,0.500000
96870,Emerson Royal,LAT,262,FLA,2,10.000000,10.000000,fora,364,REM,2026-09-06 16:00:00,26,0.000000,0.000000,0.000000,0.000000,0.015259,0.045778,0.041178,0.049413,0.002072,0.001658,1.020976,0.510488,0.000000,0.000000,0.453768,-0.045377,1.698142,2.547212,0.213293,1.066464,0.000000,0.000000,0.000000,0.000000,0.000000,-0.000000,0.000000,-0.000000,0.000000,-0.000000,0.000000,-0.000000,1.158191,-0.347457,0.000000,-0.000000,0.000000,-0.000000,3.828180,4.409587,4.118884,0.500000,0.500000
148125,Ryan Augusto,LAT,280,RBB,6,10.000000,10.000000,casa,265,BAH,2026-09-05 16:00:00,26,0.000000,0.000000,0.000000,0.000000,0.016247,0.048741,0.091506,0.109808,0.247500,0.198000,0.610926,0.305463,0.000000,0.000000,0.450000,-0.045000,1.222114,1.833171,0.259779,1.298893,0.000000,0.000000,0.000000,0.000000,0.000000,-0.000000,0.000000,-0.000000,0.000000,-0.000000,0.000000,-0.000000,0.688653,-0.206596,0.000000,-0.000000,0.000000,-0.000000,3.542480,4.669315,4.105898,0.500000,0.500000
145400,Cauê,LAT,280,RBB,6,10.000000,10.000000,casa,265,BAH,2026-09-05 16:00:00,26,0.000000,0.000000,0.000000,0.000000,0.016368,0.049104,0.000000,0.000000,0.605000,0.484000,0.352107,0.176053,0.000000,0.000000,0.000000,-0.000000,1.320184,1.980277,0.269459,1.347295,0.000000,0.000000,0.000000,0.000000,0.000000,-0.000000,0.000000,-0.000000,0.333333,-0.333333,0.000000,-0.000000,1.081349,-0.324405,0.032372,-0.032372,0.000000,-0.000000,3.346619,4.854085,4.100352,0.500000,0.500000
132412,Román Gómez,LAT,265,BAH,2,10.000000,10.000000,fora,280,RBB,2026-09-05 16:00:00,26,0.000000,0.000000,0.000000,0.000000,0.015301,0.045903,0.000000,0.000000,0.502714,0.402171,0.818942,0.409471,0.000000,0.000000,0.000000,-0.000000,1.735995,2.603993,0.212171,1.060854,0.000000,0.000000,0.000000,0.000000,0.000000,-0.000000,0.000000,-0.000000,0.333333,-0.333333,0.000000,-0.000000,1.335037,-0.400511,0.002172,-0.002172,0.000000,-0.000000,3.786376,4.408609,4.097493,0.500000,0.500000
105175,Khellven,LAT,275,PAL,6,10.000000,10.000000,fora,263,BOT,2026-09-06 18:30:00,26,0.000000,0.000000,0.000000,0.000000,0.015292,0.045877,0.000000,0.000000,0.474913,0.379930,0.611785,0.305892,0.000000,0.000000,0.000000,-0.000000,1.311294,1.966941,0.207363,1.036817,0.000000,0.000000,0.000000,0.000000,0.000000,-0.000000,0.000000,-0.000000,0.000000,-0.000000,0.000000,-0.000000,0.728505,-0.218551,0.038885,-0.038885,0.000000,-0.000000,3.478021,4.708943,4.093482,0.500000,0.500000
111879,Mateus Silva,LAT,287,VIT,7,95.000000,85.000000,casa,284,GRE,2026-09-07 20:00:00,26,0.000000,0.000000,0.000000,0.000000,0.016550,0.049650,0.000000,0.000000,0.616375,0.493100,1.119729,0.559864,0.000000,0.000000,0.000000,-0.000000,1.336253,2.004380,0.261736,1.308682,0.000000,0.000000,0.000000,0.000000,0.000000,-0.000000,0.000000,-0.000000,0.000000,-0.000000,0.000000,-0.000000,0.902662,-0.270798,0.019449,-0.019449,0.000000,-0.000000,4.125429,4.038012,4.081721,0.500000,0.500000
122670,Diego Caito,LAT,284,GRE,6,10.000000,10.000000,fora,287,VIT,2026-09-07 20:00:00,26,0.000000,0.000000,0.000000,0.000000,0.015716,0.047147,0.000000,0.000000,0.752500,0.602000,0.894360,0.447180,0.000000,0.000000,0.000000,-0.000000,1.278777,1.918165,0.184917,0.924585,0.000000,0.000000,0.000000,0.000000,0.000000,-0.000000,0.000000,-0.000000,0.333333,-0.333333,0.000000,-0.000000,1.091757,-0.327527,0.000000,-0.000000,0.000000,-0.000000,3.278217,4.776492,4.027354,0.500000,0.500000
91706,Marlon,LAT,284,GRE,3,10.000000,10.000000,fora,287,VIT,2026-09-07 20:00:00,26,0.000000,0.000000,0.000000,0.000000,0.016141,0.048423,0.053634,0.064361,0.053634,0.042907,0.874003,0.437002,0.000000,0.000000,0.004605,-0.000461,1.401168,2.101752,0.194407,0.972035,0.000000,0.000000,0.000000,0.000000,0.000000,-0.000000,0.000000,-0.000000,0.666667,-0.666667,0.000000,-0.000000,0.942740,-0.282822,0.017230,-0.017230,0.000000,-0.000000,2.699302,5.332608,4.015955,0.500000,0.500000
123689,Milans,LAT,264,COR,6,10.000000,10.000000,casa,315,CHA,2026-09-06 19:30:00,26,0.000000,0.000000,0.000000,0.000000,0.016210,0.048630,0.000000,0.000000,0.000000,0.000000,0.560095,0.280047,0.000000,0.000000,0.136125,-0.013613,1.407418,2.111127,0.284197,1.420984,0.000000,0.000000,0.000000,0.000000,0.000000,-0.000000,0.000000,-0.000000,0.000000,-0.000000,0.000000,-0.000000,0.992666,-0.297800,0.000000,-0.000000,0.000000,-0.000000,3.549376,4.465215,4.007296,0.500000,0.500000
87228,Guilherme Arana,LAT,266,FLU,6,10.000000,10.000000,casa,267,VAS,2026-09-05 21:00:00,26,0.000000,0.000000,0.000000,0.000000,0.017295,0.051885,0.102424,0.122909,0.224953,0.179963,0.674479,0.337240,0.000000,0.000000,0.012456,-0.001246,1.358327,2.037490,0.253321,1.266604,0.000000,0.000000,0.000000,0.000000,0.000000,-0.000000,0.000000,-0.000000,0.000000,-0.000000,0.000000,-0.000000,0.724316,-0.217295,0.020582,-0.020582,0.000000,-0.000000,3.756968,4.128687,3.942828,0.500000,0.500000
147192,Claudinho,LAT,293,CAP,5,10.000000,10.000000,fora,283,CRU,2026-09-06 16:00:00,26,0.000000,0.000000,0.000000,0.000000,0.014042,0.042126,0.041178,0.049413,0.050328,0.040263,0.856036,0.428018,0.000000,0.000000,0.000000,-0.000000,1.732731,2.599096,0.219444,1.097219,0.000000,0.000000,0.000000,0.000000,0.000000,-0.000000,0.000000,-0.000000,0.000000,-0.000000,0.000000,-0.000000,1.468533,-0.440560,0.003833,-0.003833,0.000000,-0.000000,3.811742,4.073159,3.942450,0.500000,0.500000
141337,Lucas Taverna,LAT,294,CFC,5,10.000000,10.000000,casa,2305,MIR,2026-09-06 11:00:00,26,0.000000,0.000000,0.000000,0.000000,0.016892,0.050676,0.000000,0.000000,0.000000,0.000000,0.504373,0.252186,0.000000,0.000000,0.000000,-0.000000,1.197386,1.796079,0.263177,1.315883,0.000000,0.000000,0.000000,0.000000,0.000000,-0.000000,0.000000,-0.000000,0.000000,-0.000000,0.000000,-0.000000,0.860309,-0.258093,0.007397,-0.007397,0.000000,-0.000000,3.149335,4.691493,3.920414,0.500000,0.500000
118806,Buta,LAT,276,SAO,7,95.000000,85.000000,casa,282,CAM,2026-09-05 18:30:00,26,0.000000,0.000000,0.000000,0.000000,0.016133,0.048398,0.000000,0.000000,0.000000,0.000000,1.199217,0.599608,0.000000,0.000000,0.000000,-0.000000,1.506792,2.260188,0.243600,1.217998,0.000000,0.000000,0.000000,0.000000,0.000000,-0.000000,0.000000,-0.000000,0.000000,-0.000000,0.000000,-0.000000,0.689132,-0.206740,0.000000,-0.000000,0.000000,-0.000000,3.919452,3.910442,3.914947,0.500000,0.500000
104257,João Lucas,LAT,364,REM,5,10.000000,10.000000,casa,262,FLA,2026-09-06 16:00:00,26,0.000000,0.000000,0.000000,0.000000,0.016474,0.049421,0.050328,0.060394,0.186453,0.149163,0.777671,0.388835,0.000000,0.000000,0.000000,-0.000000,1.449384,2.174076,0.244976,1.224881,0.000000,0.000000,0.000000,0.000000,0.000000,-0.000000,0.000000,-0.000000,0.666667,-0.666667,0.000000,-0.000000,0.916627,-0.274988,0.000000,-0.000000,0.000000,-0.000000,3.105115,4.686239,3.895677,0.500000,0.500000
104758,Enzo Díaz,LAT,276,SAO,6,10.000000,10.000000,casa,282,CAM,2026-09-05 18:30:00,26,0.000000,0.000000,0.000000,0.000000,0.016523,0.049568,0.586125,0.703350,0.249780,0.199824,0.957561,0.478781,0.000000,0.000000,0.142976,-0.014298,1.806546,2.709819,0.241858,1.209289,0.000000,0.000000,0.000000,0.000000,0.000000,-0.000000,0.000000,-0.000000,1.000000,-1.000000,0.000000,-0.000000,1.200035,-0.360010,0.000000,-0.000000,0.000000,-0.000000,3.976322,3.797406,3.886864,0.500000,0.500000
104470,Everton,LAT,315,CHA,6,10.000000,10.000000,fora,264,COR,2026-09-06 19:30:00,26,0.000000,0.000000,0.000000,0.000000,0.016411,0.049234,0.012561,0.015073,0.007213,0.005770,0.677838,0.338919,0.000000,0.000000,0.000000,-0.000000,1.357284,2.035926,0.199370,0.996848,0.000000,0.000000,0.000000,0.000000,0.000000,-0.000000,0.000000,-0.000000,0.000000,-0.000000,0.000000,-0.000000,0.681334,-0.204400,0.010962,-0.010962,0.000000,-0.000000,3.226407,4.508016,3.867212,0.500000,0.500000
107554,Natanael,LAT,282,CAM,7,95.000000,85.000000,fora,276,SAO,2026-09-05 18:30:00,26,0.000000,0.000000,0.000000,0.000000,0.016124,0.048372,0.003212,0.003855,0.088655,0.070924,1.257105,0.628552,0.000000,0.000000,0.117531,-0.011753,1.243767,1.865651,0.207907,1.039535,0.000000,0.000000,0.000000,0.000000,0.000000,-0.000000,0.000000,-0.000000,0.000000,-0.000000,0.000000,-0.000000,0.749709,-0.224913,0.000281,-0.000281,0.000000,-0.000000,3.419941,4.303829,3.861885,0.500000,0.500000
82775,Lucas Ramon,LAT,276,SAO,6,10.000000,10.000000,casa,282,CAM,2026-09-05 18:30:00,26,0.000000,0.000000,0.000000,0.000000,0.016337,0.049011,0.014560,0.017472,0.389608,0.311687,0.977254,0.488627,0.000000,0.000000,0.000104,-0.000010,1.300222,1.950332,0.250549,1.252745,0.000000,0.000000,0.000000,0.000000,0.000000,-0.000000,0.000000,-0.000000,0.333333,-0.333333,0.000000,-0.000000,0.780475,-0.234142,0.011643,-0.011643,0.000000,-0.000000,3.490745,4.190540,3.840642,0.500000,0.500000
146374,Gilberto Junior,LAT,293,CAP,6,10.000000,10.000000,fora,283,CRU,2026-09-06 16:00:00,26,0.000000,0.000000,0.000000,0.000000,0.016110,0.048330,0.041178,0.049413,0.000000,0.000000,0.595889,0.297944,0.000000,0.000000,0.247500,-0.024750,1.422491,2.133737,0.197537,0.987684,0.000000,0.000000,0.000000,0.000000,0.000000,-0.000000,0.000000,-0.000000,0.000000,-0.000000,0.000000,-0.000000,0.868995,-0.260698,0.000000,-0.000000,0.000000,-0.000000,3.231660,4.137725,3.684693,0.500000,0.500000
147090,Kauã Pascini,LAT,282,CAM,2,10.000000,10.000000,fora,276,SAO,2026-09-05 18:30:00,26,0.000000,0.000000,0.000000,0.000000,0.015546,0.046639,0.000000,0.000000,0.586125,0.468900,0.526476,0.263238,0.000000,0.000000,0.000000,-0.000000,1.371463,2.057194,0.202232,1.011161,0.000000,0.000000,0.000000,0.000000,0.000000,-0.000000,0.000000,-0.000000,0.333333,-0.333333,0.000000,-0.000000,1.163749,-0.349125,0.000000,-0.000000,0.000000,-0.000000,3.164675,4.174091,3.669383,0.500000,0.500000
100848,Luan Cândido,LAT,287,VIT,7,95.000000,85.000000,casa,284,GRE,2026-09-07 20:00:00,26,0.000000,0.000000,0.000000,0.000000,0.016562,0.049687,0.002494,0.002993,0.044597,0.035678,0.504418,0.252209,0.000000,0.000000,0.275462,-0.027546,1.454473,2.181709,0.257383,1.286916,0.000000,0.000000,0.000000,0.000000,0.000000,-0.000000,0.000000,-0.000000,0.000000,-0.000000,0.000000,-0.000000,0.709413,-0.212824,0.008840,-0.008840,0.000000,-0.000000,3.559982,3.697790,3.628886,0.500000,0.500000
150959,Davizinho,LAT,277,SAN,6,10.000000,10.000000,fora,285,INT,2026-09-06 16:00:00,26,0.000000,0.000000,0.000000,0.000000,0.016094,0.048281,0.000000,0.000000,0.000000,0.000000,0.410255,0.205127,0.000000,0.000000,0.000000,-0.000000,1.024249,1.536374,0.200592,1.002960,0.000000,0.000000,0.000000,0.000000,0.000000,-0.000000,0.000000,-0.000000,0.000000,-0.000000,0.000000,-0.000000,0.596497,-0.178949,0.015284,-0.015284,0.000000,-0.000000,2.598508,4.643906,3.621207,0.500000,0.500000
107236,Vanderlan,LAT,280,RBB,5,10.000000,10.000000,casa,265,BAH,2026-09-05 16:00:00,26,0.000000,0.000000,0.000000,0.000000,0.017305,0.051916,0.000000,0.000000,0.000000,0.000000,0.267741,0.133870,0.000000,0.000000,0.000000,-0.000000,0.895123,1.342684,0.251551,1.257757,0.000000,0.000000,0.000000,0.000000,0.000000,-0.000000,0.000000,-0.000000,0.000000,-0.000000,0.000000,-0.000000,0.757263,-0.227179,0.000486,-0.000486,0.000000,-0.000000,2.558563,4.675034,3.616798,0.500000,0.500000
141611,Maik,LAT,276,SAO,6,10.000000,10.000000,casa,282,CAM,2026-09-05 18:30:00,26,0.000000,0.000000,0.000000,0.000000,0.016370,0.049111,0.000000,0.000000,0.247500,0.198000,0.448792,0.224396,0.000000,0.000000,0.000000,-0.000000,1.362657,2.043985,0.261188,1.305938,0.000000,0.000000,0.000000,0.000000,0.000000,-0.000000,0.000000,-0.000000,0.000000,-0.000000,0.000000,-0.000000,0.711570,-0.213471,0.024948,-0.024948,0.000000,-0.000000,3.583011,3.605153,3.594082,0.500000,0.500000
84339,Bruno Melo,LAT,294,CFC,7,95.000000,85.000000,casa,2305,MIR,2026-09-06 11:00:00,26,0.000000,0.000000,0.000000,0.000000,0.017213,0.051640,0.000000,0.000000,0.438079,0.350463,0.585690,0.292845,0.000000,0.000000,0.247504,-0.024750,1.361991,2.042986,0.246532,1.232659,0.000000,0.000000,0.000000,0.000000,0.000000,-0.000000,0.000000,-0.000000,0.000000,-0.000000,0.000000,-0.000000,0.472769,-0.141831,0.007785,-0.007785,0.000000,-0.000000,3.796226,3.358849,3.577538,0.500000,0.500000
124481,Mateo Ponte,LAT,263,BOT,6,10.000000,10.000000,casa,275,PAL,2026-09-06 18:30:00,26,0.000000,0.000000,0.000000,0.000000,0.014560,0.043681,0.000000,0.000000,0.000000,0.000000,0.735322,0.367661,0.000000,0.000000,0.450000,-0.045000,1.441259,2.161888,0.246854,1.234269,0.000000,0.000000,0.000000,0.000000,0.000000,-0.000000,0.000000,-0.000000,0.666667,-0.666667,0.000000,-0.000000,0.764972,-0.229491,0.000000,-0.000000,0.000000,-0.000000,2.866341,4.260018,3.563179,0.500000,0.500000
97468,Marçal,LAT,263,BOT,7,95.000000,85.000000,casa,275,PAL,2026-09-06 18:30:00,26,0.000000,0.000000,0.000000,0.000000,0.016498,0.049494,0.272250,0.326700,0.136125,0.108900,0.356662,0.178331,0.000000,0.000000,0.000000,-0.000000,1.255422,1.883133,0.260288,1.301441,0.000000,0.000000,0.000000,0.000000,0.000000,-0.000000,0.000000,-0.000000,0.333333,-0.333333,0.000000,-0.000000,1.105821,-0.331746,0.008346,-0.008346,0.000000,-0.000000,3.174573,3.880304,3.527439,0.500000,0.500000
84816,Varela,LAT,262,FLA,2,10.000000,10.000000,fora,364,REM,2026-09-06 16:00:00,26,0.000000,0.000000,0.000000,0.000000,0.016225,0.048675,0.000000,0.000000,0.136942,0.109553,0.904663,0.452331,0.000000,0.000000,0.000104,-0.000010,1.269308,1.903962,0.196272,0.981359,0.000000,0.000000,0.000000,0.000000,0.000000,-0.000000,0.000000,-0.000000,0.000000,-0.000000,0.000000,-0.000000,0.682320,-0.204696,0.000000,-0.000000,0.000000,-0.000000,3.291175,3.759497,3.525336,0.500000,0.500000
106950,Fernando,LAT,315,CHA,7,95.000000,85.000000,fora,264,COR,2026-09-06 19:30:00,26,0.000000,0.000000,0.000000,0.000000,0.015819,0.047458,0.000000,0.000000,0.000000,0.000000,0.961635,0.480817,0.000000,0.000000,0.000000,-0.000000,1.224602,1.836903,0.197438,0.987191,0.000000,0.000000,0.000000,0.000000,0.000000,-0.000000,0.000000,-0.000000,0.000000,-0.000000,0.000000,-0.000000,0.792620,-0.237786,0.024948,-0.024948,0.000000,-0.000000,3.089636,3.895139,3.492388,0.500000,0.500000
145659,Nicolas,LAT,276,SAO,6,10.000000,10.000000,casa,282,CAM,2026-09-05 18:30:00,26,0.000000,0.000000,0.000000,0.000000,0.015871,0.047614,0.000000,0.000000,0.000000,0.000000,0.378213,0.189107,0.000000,0.000000,0.000000,-0.000000,0.956173,1.434260,0.322233,1.611165,0.000000,0.000000,0.000000,0.000000,0.000000,-0.000000,0.000000,-0.000000,0.000000,-0.000000,0.000000,-0.000000,0.742178,-0.222653,0.004380,-0.004380,0.000000,-0.000000,3.055112,3.904354,3.479733,0.500000,0.500000
93716,Paulo Henrique,LAT,267,VAS,7,95.000000,85.000000,fora,266,FLU,2026-09-05 21:00:00,26,0.000000,0.000000,0.000000,0.000000,0.016233,0.048700,0.000345,0.000414,0.537429,0.429943,0.772438,0.386219,0.000000,0.000000,0.000000,-0.000000,1.401523,2.102284,0.193375,0.966877,0.000000,0.000000,0.000000,0.000000,0.000000,-0.000000,0.000000,-0.000000,0.333333,-0.333333,0.000000,-0.000000,0.844819,-0.253446,0.000000,-0.000000,0.000000,-0.000000,3.347659,3.550459,3.449059,0.500000,0.500000
73318,Daniel Borges,LAT,2305,MIR,6,10.000000,10.000000,fora,294,CFC,2026-09-06 11:00:00,26,0.000000,0.000000,0.000000,0.000000,0.015418,0.046254,0.247500,0.297000,0.302500,0.242000,0.867799,0.433900,0.000000,0.000000,0.000000,-0.000000,1.378725,2.068088,0.192944,0.964719,0.000000,0.000000,0.000000,0.000000,0.000000,-0.000000,0.000000,-0.000000,0.000000,-0.000000,0.000000,-0.000000,0.887511,-0.266253,0.000000,-0.000000,0.000000,-0.000000,3.785707,3.045497,3.415602,0.500000,0.500000
141594,Pedro Gabriel,LAT,284,GRE,7,95.000000,85.000000,fora,287,VIT,2026-09-07 20:00:00,26,0.000000,0.000000,0.000000,0.000000,0.016453,0.049359,0.017470,0.020964,0.248893,0.199114,0.488071,0.244035,0.000000,0.000000,0.000000,-0.000000,1.353681,2.030521,0.188229,0.941144,0.000000,0.000000,0.000000,0.000000,0.000000,-0.000000,0.000000,-0.000000,0.333333,-0.333333,0.000000,-0.000000,0.991284,-0.297385,0.031025,-0.031025,0.000000,-0.000000,2.823394,4.003703,3.413548,0.500000,0.500000
77656,Cédric Soares,LAT,276,SAO,6,10.000000,10.000000,casa,282,CAM,2026-09-05 18:30:00,26,0.000000,0.000000,0.000000,0.000000,0.017152,0.051455,0.000000,0.000000,0.056402,0.045122,0.351064,0.175532,0.000000,0.000000,0.000000,-0.000000,1.153950,1.730924,0.249295,1.246475,0.000000,0.000000,0.000000,0.000000,0.000000,-0.000000,0.000000,-0.000000,0.000000,-0.000000,0.000000,-0.000000,0.581230,-0.174369,0.000000,-0.000000,0.000000,-0.000000,3.075140,3.705951,3.390545,0.500000,0.500000
99213,Puma Rodríguez,LAT,267,VAS,6,10.000000,10.000000,fora,266,FLU,2026-09-05 21:00:00,26,0.000000,0.000000,0.000000,0.000000,0.014023,0.042068,0.095396,0.114475,0.266181,0.212945,0.513565,0.256783,0.000000,0.000000,0.000232,-0.000023,1.334127,2.001190,0.185951,0.929754,0.000000,0.000000,0.000000,0.000000,0.000000,-0.000000,0.000000,-0.000000,0.000000,-0.000000,0.000000,-0.000000,0.652794,-0.195838,0.000000,-0.000000,0.000000,-0.000000,3.361353,3.384736,3.373044,0.500000,0.500000
116461,Jamerson,LAT,287,VIT,7,95.000000,85.000000,casa,284,GRE,2026-09-07 20:00:00,26,0.000000,0.000000,0.000000,0.000000,0.016666,0.049999,0.000000,0.000000,0.152349,0.121879,0.870058,0.435029,0.000000,0.000000,0.000000,-0.000000,1.273184,1.909776,0.262697,1.313483,0.000000,0.000000,0.000000,0.000000,0.000000,-0.000000,0.000000,-0.000000,0.000000,-0.000000,0.000000,-0.000000,0.579101,-0.173730,0.000000,-0.000000,0.000000,-0.000000,3.656436,3.087260,3.371848,0.500000,0.500000
120433,Léo Derik,LAT,293,CAP,6,10.000000,10.000000,fora,283,CRU,2026-09-06 16:00:00,26,0.000000,0.000000,0.000000,0.000000,0.015625,0.046875,0.022648,0.027177,0.000000,0.000000,0.515297,0.257648,0.000000,0.000000,0.000000,-0.000000,1.451533,2.177299,0.203947,1.019737,0.000000,0.000000,0.000000,0.000000,0.000000,-0.000000,0.000000,-0.000000,0.000000,-0.000000,0.000000,-0.000000,0.764067,-0.229220,0.028199,-0.028199,0.000000,-0.000000,3.271318,3.441246,3.356282,0.500000,0.500000
123717,Zé Guilherme,LAT,265,BAH,6,10.000000,10.000000,fora,280,RBB,2026-09-05 16:00:00,26,0.000000,0.000000,0.000000,0.000000,0.015820,0.047459,0.000000,0.000000,0.541506,0.433205,0.702118,0.351059,0.000000,0.000000,0.000000,-0.000000,1.305837,1.958755,0.196065,0.980325,0.000000,0.000000,0.000000,0.000000,0.000000,-0.000000,0.000000,-0.000000,0.333333,-0.333333,0.000000,-0.000000,0.781789,-0.234537,0.002412,-0.002412,0.000000,-0.000000,3.200521,3.440620,3.320570,0.500000,0.500000
102318,Caio Paulista,LAT,284,GRE,6,10.000000,10.000000,fora,287,VIT,2026-09-07 20:00:00,26,0.000000,0.000000,0.000000,0.000000,0.016186,0.048557,0.000000,0.000000,0.158773,0.127018,0.463626,0.231813,0.000000,0.000000,0.000000,-0.000000,1.227897,1.841846,0.194337,0.971687,0.000000,0.000000,0.000000,0.000000,0.000000,-0.000000,0.000000,-0.000000,0.000000,-0.000000,0.000000,-0.000000,0.715876,-0.214763,0.000000,-0.000000,0.000000,-0.000000,3.006159,3.618823,3.312491,0.500000,0.500000
141405,Avellar,LAT,267,VAS,6,10.000000,10.000000,fora,266,FLU,2026-09-05 21:00:00,26,0.000000,0.000000,0.000000,0.000000,0.015746,0.047237,0.450000,0.540000,0.000000,0.000000,0.411047,0.205524,0.000000,0.000000,0.000000,-0.000000,1.451236,2.176854,0.184267,0.921333,0.000000,0.000000,0.000000,0.000000,0.000000,-0.000000,0.000000,-0.000000,0.000000,-0.000000,0.000000,-0.000000,0.814846,-0.244454,0.024578,-0.024578,0.000000,-0.000000,3.621916,2.974213,3.298064,0.500000,0.500000
91626,Paulinho,LAT,263,BOT,5,10.000000,10.000000,casa,275,PAL,2026-09-06 18:30:00,26,0.000000,0.000000,0.000000,0.000000,0.017305,0.051916,0.000000,0.000000,0.000000,0.000000,0.267741,0.133870,0.000000,0.000000,0.000000,-0.000000,0.895123,1.342684,0.251551,1.257757,0.000000,0.000000,0.000000,0.000000,0.000000,-0.000000,0.000000,-0.000000,0.000000,-0.000000,0.000000,-0.000000,0.757263,-0.227179,0.000486,-0.000486,0.000000,-0.000000,2.558563,3.960754,3.259658,0.500000,0.500000
145660,Luiz Felipe,LAT,285,INT,6,10.000000,10.000000,casa,277,SAN,2026-09-06 16:00:00,26,0.000000,0.000000,0.000000,0.000000,0.016852,0.050556,0.000000,0.000000,0.000000,0.000000,0.310590,0.155295,0.000000,0.000000,0.450000,-0.045000,1.188283,1.782425,0.248502,1.242508,0.000000,0.000000,0.000000,0.000000,0.000000,-0.000000,0.000000,-0.000000,0.000000,-0.000000,0.000000,-0.000000,0.545202,-0.163561,0.014986,-0.014986,0.000000,-0.000000,3.007237,3.472128,3.239683,0.500000,0.500000
103347,Matheus Alexandre,LAT,364,REM,6,10.000000,10.000000,casa,262,FLA,2026-09-06 16:00:00,26,0.000000,0.000000,0.000000,0.000000,0.016803,0.050409,0.000000,0.000000,0.002072,0.001658,0.411626,0.205813,0.000000,0.000000,0.000000,-0.000000,1.251508,1.877262,0.274773,1.373864,0.000000,0.000000,0.000000,0.000000,0.000000,-0.000000,0.000000,-0.000000,0.333333,-0.333333,0.000000,-0.000000,0.589106,-0.176732,0.000000,-0.000000,0.000000,-0.000000,2.998940,3.460716,3.229828,0.500000,0.500000
86410,Victor Luis,LAT,2305,MIR,6,10.000000,10.000000,fora,294,CFC,2026-09-06 11:00:00,26,0.000000,0.000000,0.000000,0.000000,0.016309,0.048926,0.000000,0.000000,0.102549,0.082040,0.520487,0.260243,0.000000,0.000000,0.247500,-0.024750,1.155399,1.733099,0.200199,1.000994,0.000000,0.000000,0.000000,0.000000,0.000000,-0.000000,0.000000,-0.000000,0.000000,-0.000000,0.000000,-0.000000,0.881316,-0.264395,0.007227,-0.007227,0.000000,-0.000000,2.828930,3.553304,3.191117,0.500000,0.500000
141868,Vini Lira,LAT,277,SAN,5,10.000000,10.000000,fora,285,INT,2026-09-06 16:00:00,26,0.000000,0.000000,0.000000,0.000000,0.016102,0.048306,0.166375,0.199650,0.166375,0.133100,0.410946,0.205473,0.000000,0.000000,0.000000,-0.000000,1.375665,2.063497,0.186272,0.931362,0.000000,0.000000,0.000000,0.000000,0.000000,-0.000000,0.000000,-0.000000,0.333333,-0.333333,0.000000,-0.000000,1.124267,-0.337280,0.000000,-0.000000,0.000000,-0.000000,2.910775,3.379138,3.144956,0.500000,0.500000
101708,Felipe Jonatan,LAT,294,CFC,6,10.000000,10.000000,casa,2305,MIR,2026-09-06 11:00:00,26,0.000000,0.000000,0.000000,0.000000,0.017409,0.052226,0.013596,0.016315,0.000731,0.000585,0.556714,0.278357,0.000000,0.000000,0.000345,-0.000034,1.195456,1.793183,0.262516,1.312579,0.000000,0.000000,0.000000,0.000000,0.000000,-0.000000,0.000000,-0.000000,0.000000,-0.000000,0.000000,-0.000000,0.741661,-0.222498,0.007979,-0.007979,0.000000,-0.000000,3.222733,3.012995,3.117864,0.500000,0.500000
127932,Júlio Fidelis,LAT,266,FLU,6,10.000000,10.000000,casa,267,VAS,2026-09-05 21:00:00,26,0.000000,0.000000,0.000000,0.000000,0.017305,0.051916,0.000000,0.000000,0.000000,0.000000,0.267741,0.133870,0.000000,0.000000,0.000000,-0.000000,0.895123,1.342684,0.251551,1.257757,0.000000,0.000000,0.000000,0.000000,0.000000,-0.000000,0.000000,-0.000000,0.000000,-0.000000,0.000000,-0.000000,0.757263,-0.227179,0.000486,-0.000486,0.000000,-0.000000,2.558563,3.607880,3.083221,0.500000,0.500000
61987,Alex Sandro,LAT,262,FLA,5,10.000000,10.000000,fora,364,REM,2026-09-06 16:00:00,26,0.000000,0.000000,0.000000,0.000000,0.016321,0.048962,0.000000,0.000000,0.000190,0.000152,0.955134,0.477567,0.000000,0.000000,0.000000,-0.000000,1.225391,1.838086,0.197693,0.988465,0.000000,0.000000,0.000000,0.000000,0.000000,-0.000000,0.000000,-0.000000,0.333333,-0.333333,0.000000,-0.000000,0.857909,-0.257373,0.012791,-0.012791,0.000000,-0.000000,2.749736,3.404865,3.077301,0.500000,0.500000
145404,Arthur,LAT,275,PAL,3,10.000000,10.000000,fora,263,BOT,2026-09-06 18:30:00,26,0.000000,0.000000,0.000000,0.000000,0.016354,0.049062,0.000817,0.000980,0.558514,0.446811,0.925664,0.462832,0.000000,0.000000,0.000000,-0.000000,1.487620,2.231429,0.193973,0.969863,0.000000,0.000000,0.000000,0.000000,0.000000,-0.000000,0.333333,-1.000000,0.333333,-0.333333,0.000000,-0.000000,1.175941,-0.352782,0.000000,-0.000000,0.000000,-0.000000,2.474862,3.652750,3.063806,0.500000,0.500000
149715,Rafael Gonzaga,LAT,277,SAN,6,10.000000,10.000000,fora,285,INT,2026-09-06 16:00:00,26,0.000000,0.000000,0.000000,0.000000,0.015981,0.047944,0.000000,0.000000,0.000000,0.000000,0.383864,0.191932,0.000000,0.000000,0.000000,-0.000000,1.449587,2.174380,0.185491,0.927454,0.000000,0.000000,0.000000,0.000000,0.000000,-0.000000,0.000000,-0.000000,0.000000,-0.000000,0.000000,-0.000000,1.230201,-0.369060,0.006385,-0.006385,0.000000,-0.000000,2.966264,3.017752,2.992008,0.500000,0.500000
63013,Marcos Rocha,LAT,284,GRE,6,10.000000,10.000000,fora,287,VIT,2026-09-07 20:00:00,26,0.000000,0.000000,0.000000,0.000000,0.016408,0.049223,0.000000,0.000000,0.166375,0.133100,0.387607,0.193803,0.000000,0.000000,0.000000,-0.000000,1.054416,1.581624,0.187347,0.936734,0.000000,0.000000,0.000000,0.000000,0.000000,-0.000000,0.000000,-0.000000,0.000000,-0.000000,0.000000,-0.000000,0.679214,-0.203764,0.052586,-0.052586,0.000000,-0.000000,2.638135,2.910686,2.774411,0.500000,0.500000
89273,João Pedro,LAT,284,GRE,6,10.000000,10.000000,fora,287,VIT,2026-09-07 20:00:00,26,0.000000,0.000000,0.000000,0.000000,0.016542,0.049626,0.000000,0.000000,0.000000,0.000000,0.487108,0.243554,0.000000,0.000000,0.050328,-0.005033,1.068780,1.603169,0.187795,0.938973,0.000000,0.000000,0.000000,0.000000,0.000000,-0.000000,0.000000,-0.000000,0.000000,-0.000000,0.000000,-0.000000,0.732347,-0.219704,0.000000,-0.000000,0.000000,-0.000000,2.610586,2.933428,2.772007,0.500000,0.500000
131964,Jhoan Hernández,LAT,263,BOT,6,10.000000,10.000000,casa,275,PAL,2026-09-06 18:30:00,26,0.000000,0.000000,0.000000,0.000000,0.017221,0.051663,0.000000,0.000000,0.000000,0.000000,0.273994,0.136997,0.000000,0.000000,0.000000,-0.000000,0.898578,1.347867,0.250988,1.254942,0.000000,0.000000,0.000000,0.000000,0.000000,-0.000000,0.000000,-0.000000,0.000000,-0.000000,0.000000,-0.000000,0.476948,-0.143084,0.000486,-0.000486,0.000000,-0.000000,2.647898,2.824830,2.736364,0.500000,0.500000
93637,Bruno Tubarão,LAT,315,CHA,5,10.000000,10.000000,fora,264,COR,2026-09-06 19:30:00,26,0.000000,0.000000,0.000000,0.000000,0.016324,0.048972,1.000000,1.200000,0.000000,0.000000,0.356767,0.178383,0.000000,0.000000,0.000000,-0.000000,1.153543,1.730315,0.187301,0.936504,0.000000,0.000000,0.000000,0.000000,0.000000,-0.000000,0.000000,-0.000000,1.000000,-1.000000,0.000000,-0.000000,1.161242,-0.348372,0.050656,-0.050656,0.000000,-0.000000,2.695147,2.599254,2.647200,0.500000,0.500000
99034,Elias,LAT,2305,MIR,6,10.000000,10.000000,fora,294,CFC,2026-09-06 11:00:00,26,0.000000,0.000000,0.000000,0.000000,0.016139,0.048416,0.000000,0.000000,0.000000,0.000000,1.213205,0.606602,0.000000,0.000000,0.000000,-0.000000,1.442675,2.164013,0.186324,0.931620,0.000000,0.000000,0.000000,0.000000,0.000000,-0.000000,0.000000,-0.000000,1.000000,-1.000000,0.000000,-0.000000,1.790831,-0.537249,0.006403,-0.006403,0.000000,-0.000000,2.206999,2.959632,2.583316,0.500000,0.500000
142868,Johnny,LAT,262,FLA,6,10.000000,10.000000,fora,364,REM,2026-09-06 16:00:00,26,0.000000,0.000000,0.000000,0.000000,0.016620,0.049859,0.000000,0.000000,0.000000,0.000000,0.333838,0.166919,0.000000,0.000000,0.000000,-0.000000,0.859803,1.289705,0.188846,0.944232,0.000000,0.000000,0.000000,0.000000,0.000000,-0.000000,0.000000,-0.000000,0.000000,-0.000000,0.000000,-0.000000,0.510434,-0.153130,0.013884,-0.013884,0.000000,-0.000000,2.283702,2.771047,2.527374,0.500000,0.500000
141763,Fabiano Souza,LAT,287,VIT,6,10.000000,10.000000,casa,284,GRE,2026-09-07 20:00:00,26,0.000000,0.000000,0.000000,0.000000,0.017172,0.051516,0.000000,0.000000,0.450000,0.360000,0.692391,0.346196,0.000000,0.000000,0.000000,-0.000000,1.113357,1.670035,0.250017,1.250085,0.000000,0.000000,0.000000,0.000000,0.333333,-1.000000,0.000000,-0.000000,0.333333,-0.333333,0.000000,-0.000000,0.653607,-0.196082,0.000000,-0.000000,0.000000,-0.000000,2.148416,2.632505,2.390461,0.500000,0.500000
148092,Vitor Ramon,LAT,284,GRE,6,10.000000,10.000000,fora,287,VIT,2026-09-07 20:00:00,26,0.000000,0.000000,0.000000,0.000000,0.016566,0.049697,0.000000,0.000000,0.000000,0.000000,0.338007,0.169004,0.000000,0.000000,0.000000,-0.000000,1.143176,1.714764,0.188564,0.942822,0.000000,0.000000,0.000000,0.000000,0.000000,-0.000000,0.000000,-0.000000,1.000000,-1.000000,0.000000,-0.000000,0.817271,-0.245181,0.013884,-0.013884,0.000000,-0.000000,1.617222,2.765834,2.191528,0.500000,0.500000
105436,Carrascal,MEI,262,FLA,2,10.000000,10.000000,fora,364,REM,2026-09-06 16:00:00,26,0.666667,5.333333,1.000000,5.000000,0.027352,0.082056,0.256067,0.307280,0.807578,0.646062,1.465914,0.732957,0.000000,0.000000,0.000000,-0.000000,1.307196,1.960794,0.000000,0.000000,0.000000,0.000000,0.000000,0.000000,0.000000,-0.000000,0.026416,-0.079247,0.000000,-0.000000,0.000000,-0.000000,0.660599,-0.198180,0.000000,-0.000000,0.000000,-0.000000,13.785055,5.739600,9.762328,0.500000,0.500000
68938,Giovanni Augusto,MEI,315,CHA,7,95.000000,85.000000,fora,264,COR,2026-09-06 19:30:00,26,0.333333,2.666667,1.333333,6.666667,0.025199,0.075596,0.045296,0.054355,0.988040,0.790432,1.138057,0.569029,0.000000,0.000000,0.041178,-0.004118,1.028734,1.543102,0.000000,0.000000,0.000000,0.000000,0.000000,0.000000,0.000000,-0.000000,0.000000,-0.000000,0.000000,-0.000000,0.000000,-0.000000,0.467133,-0.140140,0.000000,-0.000000,0.000000,-0.000000,12.221589,5.091959,8.656774,0.500000,0.500000
105647,Maurício,MEI,275,PAL,2,10.000000,10.000000,fora,263,BOT,2026-09-06 18:30:00,26,1.000000,8.000000,0.000000,0.000000,0.024207,0.072621,0.148975,0.178770,0.839833,0.671866,0.904173,0.452087,0.000000,0.000000,0.000035,-0.000004,0.814613,1.221919,0.000000,0.000000,0.000000,0.000000,0.000000,0.000000,0.000000,-0.000000,0.000000,-0.000000,0.000000,-0.000000,0.000000,-0.000000,0.165073,-0.049522,0.000000,-0.000000,0.000000,-0.000000,10.547737,5.930806,8.239271,0.500000,0.500000
104783,Acevedo,MEI,265,BAH,7,95.000000,85.000000,fora,280,RBB,2026-09-05 16:00:00,26,0.333333,2.666667,0.333333,1.666667,0.025107,0.075321,0.017927,0.021513,0.461057,0.368846,1.048780,0.524390,0.000000,0.000000,0.000000,-0.000000,2.333548,3.500323,0.000000,0.000000,0.000000,0.000000,0.000000,0.000000,0.000000,-0.000000,0.000000,-0.000000,0.000000,-0.000000,0.000000,-0.000000,1.467479,-0.440244,0.000000,-0.000000,0.000000,-0.000000,8.383482,5.486261,6.934871,0.500000,0.500000
105068,Reinier,MEI,282,CAM,2,10.000000,10.000000,fora,276,SAO,2026-09-05 18:30:00,26,0.666667,5.333333,0.333333,1.666667,0.023583,0.070749,0.186783,0.224139,0.111193,0.088955,0.824316,0.412158,0.000000,0.000000,0.000000,-0.000000,0.790883,1.186325,0.000000,0.000000,0.000000,0.000000,0.000000,0.000000,0.000000,-0.000000,0.000000,-0.000000,0.000000,-0.000000,0.000000,-0.000000,0.295614,-0.088684,0.000000,-0.000000,0.000000,-0.000000,8.893641,4.800214,6.846928,0.500000,0.500000
96610,Matheus Pereira,MEI,283,CRU,7,95.000000,85.000000,casa,293,CAP,2026-09-06 16:00:00,26,0.333333,2.666667,0.333333,1.666667,0.023604,0.070813,0.505054,0.606065,0.515164,0.412131,1.899848,0.949924,0.000000,0.000000,0.027204,-0.002720,1.077926,1.616889,0.000000,0.000000,0.000000,0.000000,0.000000,0.000000,0.000000,-0.000000,0.000000,-0.000000,0.000000,-0.000000,0.000000,-0.000000,0.406592,-0.121978,0.000000,-0.000000,0.000000,-0.000000,7.864458,5.003660,6.434059,0.500000,0.500000
115025,Miguelito,MEI,277,SAN,2,10.000000,10.000000,fora,285,INT,2026-09-06 16:00:00,26,0.333333,2.666667,0.666667,3.333333,0.024265,0.072794,0.450000,0.540000,0.186739,0.149391,0.903587,0.451793,0.000000,0.000000,0.000000,-0.000000,1.449084,2.173625,0.000000,0.000000,0.000000,0.000000,0.000000,0.000000,0.000000,-0.000000,0.000000,-0.000000,0.000000,-0.000000,0.000000,-0.000000,1.579842,-0.473952,0.000000,-0.000000,0.000000,-0.000000,8.913651,3.689991,6.301821,0.500000,0.500000
68708,Eduardo,MEI,2305,MIR,2,10.000000,10.000000,fora,294,CFC,2026-09-06 11:00:00,26,0.666667,5.333333,0.000000,0.000000,0.026138,0.078414,0.136334,0.163600,0.404808,0.323846,0.781271,0.390635,0.000000,0.000000,0.000000,-0.000000,0.838037,1.257055,0.000000,0.000000,0.000000,0.000000,0.000000,0.000000,0.000000,-0.000000,0.000345,-0.001034,0.000000,-0.000000,0.000000,-0.000000,0.043076,-0.012923,0.000000,-0.000000,0.000000,-0.000000,7.532926,4.089748,5.811337,0.500000,0.500000
68685,Alan Patrick,MEI,285,INT,7,95.000000,85.000000,casa,277,SAN,2026-09-06 16:00:00,26,0.333333,2.666667,0.333333,1.666667,0.022464,0.067392,0.012468,0.014962,0.771280,0.617024,0.880531,0.440265,0.000000,0.000000,0.000000,-0.000000,1.227799,1.841698,0.000000,0.000000,0.000000,0.000000,0.000000,0.000000,0.000000,-0.000000,0.000000,-0.000000,0.000000,-0.000000,0.000000,-0.000000,0.289070,-0.086721,0.016696,-0.016696,0.000000,-0.000000,7.211257,4.383006,5.797132,0.500000,0.500000
87863,Arrascaeta,MEI,262,FLA,7,95.000000,85.000000,fora,364,REM,2026-09-06 16:00:00,26,0.000000,0.000000,0.666667,3.333333,0.022211,0.066634,0.560398,0.672477,0.540265,0.432212,0.792624,0.396312,0.000000,0.000000,0.000000,-0.000000,1.051250,1.576875,0.000000,0.000000,0.000000,0.000000,0.000000,0.000000,0.000000,-0.000000,0.000000,-0.000000,0.000000,-0.000000,0.000000,-0.000000,0.075767,-0.022730,0.004497,-0.004497,0.000000,-0.000000,6.450615,5.002712,5.726664,0.500000,0.500000
98517,Jean Lucas,MEI,265,BAH,6,10.000000,10.000000,fora,280,RBB,2026-09-05 16:00:00,26,0.333333,2.666667,0.333333,1.666667,0.027386,0.082157,0.001181,0.001417,0.522104,0.417683,0.725371,0.362685,0.000000,0.000000,0.000017,-0.000002,1.242933,1.864400,0.000000,0.000000,0.000000,0.000000,0.000000,0.000000,0.000000,-0.000000,0.000000,-0.000000,0.333333,-0.333333,0.000000,-0.000000,0.419406,-0.125822,0.000000,-0.000000,0.000000,-0.000000,6.602519,4.828575,5.715547,0.500000,0.500000
99815,Arias,MEI,275,PAL,7,95.000000,85.000000,fora,263,BOT,2026-09-06 18:30:00,26,0.000000,0.000000,0.333333,1.666667,0.023552,0.070657,0.121061,0.145273,1.030983,0.824786,1.936158,0.968079,0.000000,0.000000,0.009666,-0.000967,1.465040,2.197561,0.000000,0.000000,0.000000,0.000000,0.000000,0.000000,0.000000,-0.000000,0.000000,-0.000000,0.000000,-0.000000,0.000000,-0.000000,1.297390,-0.389217,0.000926,-0.000926,0.000000,-0.000000,5.481913,5.876410,5.679161,0.500000,0.500000
63007,Neymar,MEI,277,SAN,5,10.000000,10.000000,fora,285,INT,2026-09-06 16:00:00,26,0.000000,0.000000,0.333333,1.666667,0.029106,0.087318,1.307980,1.569576,1.374500,1.099600,2.559933,1.279966,0.000000,0.000000,0.555178,-0.055518,1.017324,1.525986,0.000000,0.000000,0.000000,0.000000,0.000000,0.000000,0.000000,-0.000000,0.000000,-0.000000,0.333333,-0.333333,0.000000,-0.000000,1.510561,-0.453168,0.000000,-0.000000,0.000000,-0.000000,6.387094,4.385122,5.386108,0.500000,0.500000
126471,Barreal,MEI,277,SAN,5,10.000000,10.000000,fora,285,INT,2026-09-06 16:00:00,26,0.333333,2.666667,0.000000,0.000000,0.023494,0.070483,0.704490,0.845388,0.687770,0.550216,0.820520,0.410260,0.000000,0.000000,0.007253,-0.000725,1.840739,2.761109,0.000000,0.000000,0.000000,0.000000,0.000000,0.000000,0.000000,-0.000000,0.012456,-0.037369,0.333333,-0.333333,0.000000,-0.000000,1.213045,-0.363914,0.000000,-0.000000,0.000000,-0.000000,6.568782,4.168428,5.368605,0.500000,0.500000
98022,Erick,MEI,265,BAH,7,95.000000,85.000000,fora,280,RBB,2026-09-05 16:00:00,26,0.333333,2.666667,0.000000,0.000000,0.022785,0.068354,0.041523,0.049827,0.292792,0.234233,0.847454,0.423727,0.000000,0.000000,0.041178,-0.004118,1.591380,2.387071,0.000000,0.000000,0.000000,0.000000,0.000000,0.000000,0.000000,-0.000000,0.000000,-0.000000,0.000000,-0.000000,0.000000,-0.000000,1.197997,-0.359399,0.012500,-0.012500,0.000000,-0.000000,5.453862,5.276450,5.365156,0.500000,0.500000
102911,Zé Ricardo,MEI,364,REM,7,95.000000,85.000000,casa,262,FLA,2026-09-06 16:00:00,26,0.333333,2.666667,0.000000,0.000000,0.023078,0.069233,0.099885,0.119862,0.850418,0.680334,1.135800,0.567900,0.000000,0.000000,0.190915,-0.019092,1.704930,2.557394,0.000000,0.000000,0.000000,0.000000,0.000000,0.000000,0.000000,-0.000000,0.002072,-0.006217,0.333333,-0.333333,0.000000,-0.000000,1.405568,-0.421670,0.005000,-0.005000,0.000000,-0.000000,5.876078,4.756633,5.316356,0.500000,0.500000
84626,Josué,MEI,294,CFC,7,95.000000,85.000000,casa,2305,MIR,2026-09-06 11:00:00,26,0.000000,0.000000,0.333333,1.666667,0.023352,0.070057,0.710013,0.852015,0.278734,0.222987,1.454745,0.727373,0.000000,0.000000,0.000000,-0.000000,1.064902,1.597353,0.000000,0.000000,0.000000,0.000000,0.000000,0.000000,0.000000,-0.000000,0.000004,-0.000011,0.000000,-0.000000,0.000000,-0.000000,0.754940,-0.226482,0.000000,-0.000000,0.000000,-0.000000,4.909958,5.522796,5.216377,0.500000,0.500000
104811,Sebastián Gómez,MEI,294,CFC,7,95.000000,85.000000,casa,2305,MIR,2026-09-06 11:00:00,26,0.000000,0.000000,0.333333,1.666667,0.021512,0.064535,0.003992,0.004791,0.297609,0.238087,0.747151,0.373576,0.000000,0.000000,0.000000,-0.000000,1.510163,2.265245,0.000000,0.000000,0.000000,0.000000,0.000000,0.000000,0.000000,-0.000000,0.000000,-0.000000,0.000000,-0.000000,0.000000,-0.000000,0.311443,-0.093433,0.000000,-0.000000,0.000000,-0.000000,4.519467,5.678899,5.099183,0.500000,0.500000
86686,Tchê Tchê,MEI,267,VAS,7,95.000000,85.000000,fora,266,FLU,2026-09-05 21:00:00,26,0.333333,2.666667,0.000000,0.000000,0.022855,0.068566,0.074973,0.089968,0.629512,0.503610,0.900030,0.450015,0.000000,0.000000,0.000190,-0.000019,1.569644,2.354467,0.000000,0.000000,0.000000,0.000000,0.000000,0.000000,0.000000,-0.000000,0.000000,-0.000000,0.000000,-0.000000,0.000000,-0.000000,1.303776,-0.391133,0.009497,-0.009497,0.000000,-0.000000,5.732642,4.385389,5.059016,0.500000,0.500000
78478,Willian Arão,MEI,277,SAN,7,95.000000,85.000000,fora,285,INT,2026-09-06 16:00:00,26,0.333333,2.666667,0.000000,0.000000,0.022204,0.066611,0.247500,0.297000,0.364800,0.291840,0.681755,0.340877,0.000000,0.000000,0.074869,-0.007487,1.735606,2.603409,0.000000,0.000000,0.000000,0.000000,0.000000,0.000000,0.000000,-0.000000,0.000000,-0.000000,0.333333,-0.333333,0.000000,-0.000000,1.373747,-0.412124,0.003571,-0.003571,0.000000,-0.000000,5.509888,4.587065,5.048477,0.500000,0.500000
87552,Vitor Bueno,MEI,364,REM,6,10.000000,10.000000,casa,262,FLA,2026-09-06 16:00:00,26,0.333333,2.666667,0.000000,0.000000,0.021019,0.063057,0.610378,0.732453,0.381867,0.305494,0.724942,0.362471,0.000000,0.000000,0.000000,-0.000000,1.012070,1.518105,0.000000,0.000000,0.000000,0.000000,0.000000,0.000000,0.000000,-0.000000,0.000000,-0.000000,0.333333,-0.333333,0.000000,-0.000000,0.177061,-0.053118,0.000000,-0.000000,0.000000,-0.000000,5.261794,4.600158,4.930976,0.500000,0.500000
145744,André,MEI,264,COR,5,10.000000,10.000000,casa,315,CHA,2026-09-06 19:30:00,26,0.000000,0.000000,0.666667,3.333333,0.021396,0.064189,0.000627,0.000752,0.337253,0.269803,0.621897,0.310949,0.000000,0.000000,0.000000,-0.000000,1.013070,1.519606,0.000000,0.000000,0.000000,0.000000,0.000000,0.000000,0.000000,-0.000000,0.019307,-0.057922,0.000000,-0.000000,0.000000,-0.000000,0.481415,-0.144425,0.000000,-0.000000,0.000000,-0.000000,5.296285,4.510906,4.903596,0.500000,0.500000
117632,Garro,MEI,264,COR,7,95.000000,85.000000,casa,315,CHA,2026-09-06 19:30:00,26,0.333333,2.666667,0.000000,0.000000,0.025442,0.076327,0.329481,0.395377,0.835575,0.668460,2.733655,1.366827,0.000000,0.000000,0.136142,-0.013614,1.197564,1.796346,0.000000,0.000000,0.000000,0.000000,0.000000,0.000000,0.000000,-0.000000,0.000000,-0.000000,1.000000,-1.000000,0.000000,-0.000000,1.688115,-0.506435,0.000000,-0.000000,0.000000,-0.000000,5.449955,4.153001,4.801478,0.500000,0.500000
128431,João Cruz,MEI,293,CAP,7,95.000000,85.000000,fora,283,CRU,2026-09-06 16:00:00,26,0.333333,2.666667,0.000000,0.000000,0.023056,0.069169,0.435493,0.522592,0.367467,0.293973,0.937003,0.468501,0.000000,0.000000,0.136752,-0.013675,1.296468,1.944702,0.000000,0.000000,0.000000,0.000000,0.000000,0.000000,0.000000,-0.000000,0.000000,-0.000000,0.000000,-0.000000,0.000000,-0.000000,0.542728,-0.162818,0.000000,-0.000000,0.000000,-0.000000,5.789110,3.780204,4.784657,0.500000,0.500000
87999,Gustavo Scarpa,MEI,282,CAM,2,10.000000,10.000000,fora,276,SAO,2026-09-05 18:30:00,26,0.333333,2.666667,0.000000,0.000000,0.022476,0.067429,0.476416,0.571699,0.334277,0.267421,0.697734,0.348867,0.000000,0.000000,0.450000,-0.045000,0.879324,1.318985,0.000000,0.000000,0.000000,0.000000,0.000000,0.000000,0.000000,-0.000000,0.000000,-0.000000,0.000000,-0.000000,0.000000,-0.000000,0.704351,-0.211305,0.000000,-0.000000,0.000000,-0.000000,4.984763,4.541494,4.763129,0.500000,0.500000
122321,Lorran,MEI,262,FLA,6,10.000000,10.000000,fora,364,REM,2026-09-06 16:00:00,26,0.333333,2.666667,0.000000,0.000000,0.021704,0.065112,0.797500,0.957000,0.393227,0.314581,0.700664,0.350332,0.000000,0.000000,0.000000,-0.000000,1.138068,1.707102,0.000000,0.000000,0.000000,0.000000,0.000000,0.000000,0.000000,-0.000000,0.000000,-0.000000,0.000000,-0.000000,0.000000,-0.000000,2.405000,-0.721500,0.007292,-0.007292,0.000000,-0.000000,5.332002,4.104769,4.718385,0.500000,0.500000
142484,Barrera,MEI,263,BOT,5,10.000000,10.000000,casa,275,PAL,2026-09-06 18:30:00,26,0.333333,2.666667,0.000000,0.000000,0.020798,0.062395,0.796430,0.955716,0.375944,0.300755,0.711972,0.355986,0.000000,0.000000,0.000000,-0.000000,0.822182,1.233273,0.000000,0.000000,0.000000,0.000000,0.000000,0.000000,0.000000,-0.000000,0.000000,-0.000000,0.000000,-0.000000,0.000000,-0.000000,0.687651,-0.206295,0.010556,-0.010556,0.000000,-0.000000,5.357940,4.075638,4.716789,0.500000,0.500000
87747,Yago Felipe,MEI,315,CHA,7,95.000000,85.000000,fora,264,COR,2026-09-06 19:30:00,26,0.000000,0.000000,0.333333,1.666667,0.023158,0.069473,0.945000,1.134000,0.417208,0.333767,0.842348,0.421174,0.000000,0.000000,0.000000,-0.000000,2.103343,3.155015,0.000000,0.000000,0.000000,0.000000,0.000000,0.000000,0.000000,-0.000000,0.000000,-0.000000,0.333333,-0.333333,0.000000,-0.000000,3.247500,-0.974250,0.002500,-0.002500,0.000000,-0.000000,5.470012,3.953521,4.711766,0.500000,0.500000
100084,Igor Gomes,MEI,282,CAM,5,10.000000,10.000000,fora,276,SAO,2026-09-05 18:30:00,26,0.333333,2.666667,0.333333,1.666667,0.021057,0.063170,0.000000,0.000000,0.271660,0.217328,0.704937,0.352469,0.000000,0.000000,0.000000,-0.000000,0.742731,1.114096,0.000000,0.000000,0.000000,0.000000,0.000000,0.000000,0.000000,-0.000000,0.000000,-0.000000,0.000000,-0.000000,0.000000,-0.000000,0.877372,-0.263212,0.000000,-0.000000,0.000000,-0.000000,5.817185,3.525852,4.671519,0.500000,0.500000
90703,Matheuzinho,MEI,287,VIT,2,10.000000,10.000000,casa,284,GRE,2026-09-07 20:00:00,26,0.333333,2.666667,0.000000,0.000000,0.020930,0.062790,0.117012,0.140414,0.638412,0.510730,0.671284,0.335642,0.000000,0.000000,0.272250,-0.027225,1.215980,1.823970,0.000000,0.000000,0.000000,0.000000,0.000000,0.000000,0.000000,-0.000000,0.000000,-0.000000,0.333333,-0.333333,0.000000,-0.000000,1.054473,-0.316342,0.000000,-0.000000,0.000000,-0.000000,4.863312,4.199386,4.531349,0.500000,0.500000
109336,Rafael Carvalheira,MEI,315,CHA,5,10.000000,10.000000,fora,264,COR,2026-09-06 19:30:00,26,0.333333,2.666667,0.000000,0.000000,0.021300,0.063901,0.210994,0.253193,0.285072,0.228057,0.595042,0.297521,0.000000,0.000000,0.136125,-0.013613,1.233836,1.850754,0.000000,0.000000,0.000000,0.000000,0.000000,0.000000,0.000000,-0.000000,0.000000,-0.000000,0.333333,-0.333333,0.000000,-0.000000,1.329577,-0.398873,0.000000,-0.000000,0.000000,-0.000000,4.614273,4.356838,4.485556,0.500000,0.500000
96652,Allan,MEI,264,COR,7,95.000000,85.000000,casa,315,CHA,2026-09-06 19:30:00,26,0.000000,0.000000,0.333333,1.666667,0.021981,0.065943,0.148771,0.178525,0.666814,0.533451,0.594038,0.297019,0.000000,0.000000,0.000000,-0.000000,1.860105,2.790157,0.000000,0.000000,0.000000,0.000000,0.000000,0.000000,0.000000,-0.000000,0.000190,-0.000569,0.000000,-0.000000,0.000000,-0.000000,1.439689,-0.431907,0.000000,-0.000000,0.000000,-0.000000,5.099286,3.825515,4.462400,0.500000,0.500000
95556,Raniele,MEI,264,COR,3,10.000000,10.000000,casa,315,CHA,2026-09-06 19:30:00,26,0.333333,2.666667,0.000000,0.000000,0.021726,0.065177,0.001140,0.001368,0.320778,0.256623,0.927971,0.463985,0.000000,0.000000,0.000010,-0.000001,1.483305,2.224958,0.000000,0.000000,0.000000,0.000000,0.000000,0.000000,0.000000,-0.000000,0.000000,-0.000000,0.333333,-0.333333,0.000000,-0.000000,0.937372,-0.281212,0.000000,-0.000000,0.000000,-0.000000,5.064232,3.850428,4.457330,0.500000,0.500000
89256,Gerson,MEI,283,CRU,2,10.000000,10.000000,casa,293,CAP,2026-09-06 16:00:00,26,0.000000,0.000000,0.333333,1.666667,0.021204,0.063613,0.013067,0.015680,0.614995,0.491996,1.002994,0.501497,0.000000,0.000000,0.074882,-0.007488,1.531480,2.297220,0.000000,0.000000,0.000000,0.000000,0.000000,0.000000,0.000000,-0.000000,0.000000,-0.000000,0.000000,-0.000000,0.000000,-0.000000,0.721350,-0.216405,0.000000,-0.000000,0.000000,-0.000000,4.812779,4.074773,4.443776,0.500000,0.500000
109573,Martinelli,MEI,266,FLU,7,95.000000,85.000000,casa,267,VAS,2026-09-05 21:00:00,26,0.000000,0.000000,0.333333,1.666667,0.021092,0.063277,0.496504,0.595805,0.458382,0.366705,0.699074,0.349537,0.000000,0.000000,0.000000,-0.000000,1.357045,2.035567,0.000000,0.000000,0.000000,0.000000,0.000000,0.000000,0.000000,-0.000000,0.000000,-0.000000,0.333333,-0.333333,0.000000,-0.000000,1.834554,-0.550366,0.000000,-0.000000,0.000000,-0.000000,4.193859,4.677172,4.435515,0.500000,0.500000
104330,Dudu,MEI,287,VIT,5,10.000000,10.000000,casa,284,GRE,2026-09-07 20:00:00,26,0.500000,4.000000,0.000000,0.000000,0.020539,0.061618,0.000000,0.000000,0.341852,0.273481,0.694039,0.347020,0.000000,0.000000,0.000000,-0.000000,0.577772,0.866658,0.000000,0.000000,0.000000,0.000000,0.000000,0.000000,0.000000,-0.000000,0.000000,-0.000000,0.000000,-0.000000,0.000000,-0.000000,1.000000,-0.300000,0.000000,-0.000000,0.000000,-0.000000,5.248777,3.590285,4.419531,0.500000,0.500000
106822,Rodrigo Nestor,MEI,265,BAH,7,95.000000,85.000000,fora,280,RBB,2026-09-05 16:00:00,26,0.000000,0.000000,0.000000,0.000000,0.021599,0.064798,0.696155,0.835386,0.344807,0.275846,1.091005,0.545503,0.000000,0.000000,0.041178,-0.004118,1.436051,2.154077,0.000000,0.000000,0.000000,0.000000,0.000000,0.000000,0.000000,-0.000000,0.000000,-0.000000,0.333333,-0.333333,0.000000,-0.000000,0.583787,-0.175136,0.000000,-0.000000,0.000000,-0.000000,3.363023,4.891212,4.127117,0.500000,0.500000
72460,Bernard,MEI,282,CAM,6,10.000000,10.000000,fora,276,SAO,2026-09-05 18:30:00,26,0.333333,2.666667,0.000000,0.000000,0.020793,0.062378,0.000104,0.000125,0.510592,0.408474,0.607676,0.303838,0.000000,0.000000,0.019992,-0.001999,1.004326,1.506490,0.000000,0.000000,0.000000,0.000000,0.000000,0.000000,0.000000,-0.000000,0.000000,-0.000000,0.000000,-0.000000,0.000000,-0.000000,0.640873,-0.192262,0.000000,-0.000000,0.000000,-0.000000,4.753710,3.407214,4.080462,0.500000,0.500000
80196,Yago Pikachu,MEI,364,REM,7,95.000000,85.000000,casa,262,FLA,2026-09-06 16:00:00,26,0.333333,2.666667,0.000000,0.000000,0.021485,0.064455,0.450298,0.540358,0.534197,0.427358,0.683004,0.341502,0.000000,0.000000,0.006851,-0.000685,1.431458,2.147186,0.000000,0.000000,0.000000,0.000000,0.000000,0.000000,0.000000,-0.000000,0.000104,-0.000313,0.333333,-0.333333,0.000000,-0.000000,0.399293,-0.119788,0.000000,-0.000000,0.450000,-1.800000,3.933407,4.222765,4.078086,0.500000,0.500000
84558,Lucas Romero,MEI,283,CRU,7,95.000000,85.000000,casa,293,CAP,2026-09-06 16:00:00,26,0.000000,0.000000,0.000000,0.000000,0.021581,0.064743,0.068923,0.082708,0.314829,0.251863,1.213927,0.606964,0.000000,0.000000,0.000000,-0.000000,1.986392,2.979588,0.000000,0.000000,0.000000,0.000000,0.000000,0.000000,0.000000,-0.000000,0.000000,-0.000000,0.000000,-0.000000,0.000000,-0.000000,1.653427,-0.496028,0.000000,-0.000000,0.000000,-0.000000,3.489837,4.605405,4.047621,0.500000,0.500000
80129,Jadson,MEI,293,CAP,7,95.000000,85.000000,fora,283,CRU,2026-09-06 16:00:00,26,0.000000,0.000000,0.000000,0.000000,0.023008,0.069023,0.383625,0.460350,0.194781,0.155825,0.888424,0.444212,0.000000,0.000000,0.000000,-0.000000,2.312498,3.468747,0.000000,0.000000,0.000000,0.000000,0.000000,0.000000,0.000000,-0.000000,0.000000,-0.000000,0.000000,-0.000000,0.000000,-0.000000,0.576758,-0.173027,0.000000,-0.000000,0.000000,-0.000000,4.425130,3.669526,4.047328,0.500000,0.500000
151292,Felipe Morais,MEI,283,CRU,2,10.000000,10.000000,casa,293,CAP,2026-09-06 16:00:00,26,0.333333,2.666667,0.000000,0.000000,0.021217,0.063650,0.000000,0.000000,0.568447,0.454757,1.002785,0.501392,0.000000,0.000000,0.000000,-0.000000,0.977640,1.466460,0.000000,0.000000,0.000000,0.000000,0.000000,0.000000,0.000000,-0.000000,0.000000,-0.000000,0.333333,-0.333333,0.000000,-0.000000,1.650000,-0.495000,0.000000,-0.000000,0.000000,-0.000000,4.324593,3.734144,4.029368,0.500000,0.500000
89274,Andreas Pereira,MEI,275,PAL,7,95.000000,85.000000,fora,263,BOT,2026-09-06 18:30:00,26,0.000000,0.000000,0.333333,1.666667,0.021378,0.064135,0.023051,0.027662,0.402553,0.322043,0.896045,0.448023,0.000000,0.000000,0.247500,-0.024750,1.334205,2.001307,0.000000,0.000000,0.000000,0.000000,0.000000,0.000000,0.000000,-0.000000,0.000000,-0.000000,0.000000,-0.000000,0.000000,-0.000000,0.928991,-0.278697,0.000000,-0.000000,0.000000,-0.000000,4.226388,3.826072,4.026230,0.500000,0.500000
107231,Danilo,MEI,263,BOT,7,95.000000,85.000000,casa,275,PAL,2026-09-06 18:30:00,26,0.000000,0.000000,0.000000,0.000000,0.021317,0.063951,0.525014,0.630017,0.291847,0.233477,0.861744,0.430872,0.000000,0.000000,0.000000,-0.000000,1.444362,2.166543,0.000000,0.000000,0.000000,0.000000,0.000000,0.000000,0.000000,-0.000000,0.000000,-0.000000,0.000000,-0.000000,0.000000,-0.000000,0.104090,-0.031227,0.000000,-0.000000,0.000000,-0.000000,3.493633,4.440100,3.966867,0.500000,0.500000
90588,Caíque,MEI,287,VIT,7,95.000000,85.000000,casa,284,GRE,2026-09-07 20:00:00,26,0.000000,0.000000,0.000000,0.000000,0.021084,0.063251,0.000627,0.000752,0.412180,0.329744,0.780063,0.390032,0.000000,0.000000,0.000000,-0.000000,1.820465,2.730698,0.000000,0.000000,0.000000,0.000000,0.000000,0.000000,0.000000,-0.000000,0.000000,-0.000000,0.000000,-0.000000,0.000000,-0.000000,0.991797,-0.297539,0.000000,-0.000000,0.000000,-0.000000,3.216938,4.642953,3.929945,0.500000,0.500000
84735,Jorginho,MEI,262,FLA,2,10.000000,10.000000,fora,364,REM,2026-09-06 16:00:00,26,0.000000,0.000000,0.333333,1.666667,0.021358,0.064074,0.000000,0.000000,0.201626,0.161301,0.831244,0.415622,0.000000,0.000000,0.000000,-0.000000,1.355248,2.032873,0.000000,0.000000,0.000000,0.000000,0.000000,0.000000,0.000000,-0.000000,0.000039,-0.000116,0.000000,-0.000000,0.000000,-0.000000,1.141418,-0.342425,0.009167,-0.009167,0.000000,-0.000000,3.988829,3.803286,3.896057,0.500000,0.500000
94930,Lucas Paquetá,MEI,262,FLA,7,95.000000,85.000000,fora,364,REM,2026-09-06 16:00:00,26,0.000000,0.000000,0.000000,0.000000,0.021371,0.064112,0.504211,0.605053,0.793451,0.634761,0.885883,0.442941,0.000000,0.000000,0.453212,-0.045321,1.473595,2.210392,0.000000,0.000000,0.000000,0.000000,0.000000,0.000000,0.000000,-0.000000,0.000000,-0.000000,0.000000,-0.000000,0.000000,-0.000000,0.501854,-0.150556,0.000000,-0.000000,0.000000,-0.000000,3.761381,3.938695,3.850038,0.500000,0.500000
106202,Bruno Gomes,MEI,285,INT,7,95.000000,85.000000,casa,277,SAN,2026-09-06 16:00:00,26,0.000000,0.000000,0.000000,0.000000,0.021998,0.065993,0.000345,0.000414,0.717333,0.573867,1.180304,0.590152,0.000000,0.000000,0.000000,-0.000000,2.106349,3.159524,0.000000,0.000000,0.000000,0.000000,0.000000,0.000000,0.000000,-0.000000,0.000000,-0.000000,0.333333,-0.333333,0.000000,-0.000000,1.885544,-0.565663,0.000000,-0.000000,0.000000,-0.000000,3.490953,4.163428,3.827190,0.500000,0.500000
116034,Victor Hugo,MEI,282,CAM,2,10.000000,10.000000,fora,276,SAO,2026-09-05 18:30:00,26,0.333333,2.666667,0.000000,0.000000,0.020818,0.062454,0.024361,0.029233,0.438056,0.350444,0.944028,0.472014,0.000000,0.000000,0.000000,-0.000000,0.853489,1.280233,0.000000,0.000000,0.000000,0.000000,0.000000,0.000000,0.000000,-0.000000,0.000000,-0.000000,0.333333,-0.333333,0.000000,-0.000000,0.743073,-0.222922,0.005000,-0.005000,0.000000,-0.000000,4.299790,3.345172,3.822481,0.500000,0.500000
99440,Baralhas,MEI,287,VIT,5,10.000000,10.000000,casa,284,GRE,2026-09-07 20:00:00,26,0.000000,0.000000,0.000000,0.000000,0.020902,0.062707,0.247500,0.297000,0.452839,0.362271,0.939057,0.469529,0.000000,0.000000,0.000000,-0.000000,1.496025,2.244038,0.000000,0.000000,0.000000,0.000000,0.000000,0.000000,0.000000,-0.000000,0.000000,-0.000000,0.000000,-0.000000,0.000000,-0.000000,1.289715,-0.386915,0.000000,-0.000000,0.000000,-0.000000,3.048630,4.587920,3.818275,0.500000,0.500000
101807,Oliva,MEI,277,SAN,2,10.000000,10.000000,fora,285,INT,2026-09-06 16:00:00,26,0.333333,2.666667,0.000000,0.000000,0.020965,0.062894,0.003768,0.004522,0.347295,0.277836,0.641131,0.320566,0.000000,0.000000,0.000000,-0.000000,0.876898,1.315347,0.000000,0.000000,0.000000,0.000000,0.000000,0.000000,0.000000,-0.000000,0.000000,-0.000000,0.000000,-0.000000,0.000000,-0.000000,1.971181,-0.591354,0.007751,-0.007751,0.000000,-0.000000,4.048725,3.565813,3.807269,0.500000,0.500000
70592,Felipe Anderson,MEI,275,PAL,2,10.000000,10.000000,fora,263,BOT,2026-09-06 18:30:00,26,0.000000,0.000000,0.000000,0.000000,0.024902,0.074706,0.000057,0.000069,0.212646,0.170117,0.803046,0.401523,0.000000,0.000000,0.000000,-0.000000,1.423913,2.135869,0.000000,0.000000,0.000000,0.000000,0.000000,0.000000,0.000000,-0.000000,0.000000,-0.000000,0.000000,-0.000000,0.000000,-0.000000,0.475173,-0.142552,0.000000,-0.000000,0.000000,-0.000000,2.639732,4.944665,3.792198,0.500000,0.500000
141754,Gabriel Bontempo,MEI,277,SAN,7,95.000000,85.000000,fora,285,INT,2026-09-06 16:00:00,26,0.000000,0.000000,0.000000,0.000000,0.021598,0.064794,0.000104,0.000125,0.292827,0.234262,1.276823,0.638411,0.000000,0.000000,0.000000,-0.000000,1.651569,2.477354,0.000000,0.000000,0.000000,0.000000,0.000000,0.000000,0.000000,-0.000000,0.000000,-0.000000,0.000000,-0.000000,0.000000,-0.000000,0.492913,-0.147874,0.005000,-0.005000,0.000000,-0.000000,3.262072,4.275845,3.768959,0.500000,0.500000
89637,Thiago Maia,MEI,285,INT,7,95.000000,85.000000,casa,277,SAN,2026-09-06 16:00:00,26,0.000000,0.000000,0.333333,1.666667,0.020563,0.061690,0.074869,0.089843,0.497755,0.398204,0.568007,0.284004,0.000000,0.000000,0.012456,-0.001246,1.138074,1.707111,0.000000,0.000000,0.000000,0.000000,0.000000,0.000000,0.000000,-0.000000,0.000000,-0.000000,0.000000,-0.000000,0.000000,-0.000000,0.012456,-0.003737,0.017541,-0.017541,0.000000,-0.000000,4.184995,3.239180,3.712088,0.500000,0.500000
113359,Pablo Maia,MEI,276,SAO,6,10.000000,10.000000,casa,282,CAM,2026-09-05 18:30:00,26,0.333333,2.666667,0.000000,0.000000,0.020499,0.061496,0.022648,0.027177,0.442066,0.353653,0.796677,0.398339,0.000000,0.000000,0.000000,-0.000000,0.928557,1.392836,0.000000,0.000000,0.000000,0.000000,0.000000,0.000000,0.000000,-0.000000,0.000000,-0.000000,0.333333,-0.333333,0.000000,-0.000000,0.741883,-0.222565,0.000000,-0.000000,0.000000,-0.000000,4.344269,2.965303,3.654786,0.500000,0.500000
100742,Matheus Henrique,MEI,283,CRU,2,10.000000,10.000000,casa,293,CAP,2026-09-06 16:00:00,26,0.000000,0.000000,0.333333,1.666667,0.020673,0.062020,0.000000,0.000000,0.537782,0.430226,0.951681,0.475841,0.000000,0.000000,0.000000,-0.000000,1.240166,1.860249,0.000000,0.000000,0.000000,0.000000,0.000000,0.000000,0.000000,-0.000000,0.000000,-0.000000,0.333333,-0.333333,0.000000,-0.000000,0.973293,-0.291988,0.000000,-0.000000,0.000000,-0.000000,3.869680,3.314916,3.592298,0.500000,0.500000
118563,Rodriguinho,MEI,280,RBB,7,95.000000,85.000000,casa,265,BAH,2026-09-05 16:00:00,26,0.000000,0.000000,0.000000,0.000000,0.022350,0.067049,0.247500,0.297000,0.495185,0.396148,0.776752,0.388376,0.000000,0.000000,0.000766,-0.000077,1.291444,1.937166,0.000000,0.000000,0.000000,0.000000,0.000000,0.000000,0.000000,-0.000000,0.000000,-0.000000,0.000000,-0.000000,0.000000,-0.000000,0.562044,-0.168613,0.025150,-0.025150,0.000000,-0.000000,2.891900,4.239710,3.565805,0.500000,0.500000
91473,Erick Pulgar,MEI,262,FLA,2,10.000000,10.000000,fora,364,REM,2026-09-06 16:00:00,26,0.000000,0.000000,0.000000,0.000000,0.021691,0.065072,0.000627,0.000752,0.229193,0.183355,0.686311,0.343155,0.000000,0.000000,0.000000,-0.000000,1.726410,2.589615,0.000000,0.000000,0.000000,0.000000,0.000000,0.000000,0.000000,-0.000000,0.003768,-0.011304,0.000000,-0.000000,0.000000,-0.000000,1.099204,-0.329761,0.002778,-0.002778,0.000000,-0.000000,2.838106,4.292261,3.565183,0.500000,0.500000
103767,Gabriel Menino,MEI,277,SAN,5,10.000000,10.000000,fora,285,INT,2026-09-06 16:00:00,26,0.000000,0.000000,0.000000,0.000000,0.021649,0.064946,0.534395,0.641274,0.263815,0.211052,0.850872,0.425436,0.000000,0.000000,0.008373,-0.000837,1.736398,2.604598,0.000000,0.000000,0.000000,0.000000,0.000000,0.000000,0.000000,-0.000000,0.000000,-0.000000,0.333333,-0.333333,0.000000,-0.000000,0.061262,-0.018379,0.003704,-0.003704,0.000000,-0.000000,3.591051,3.518775,3.554913,0.500000,0.500000
107256,Zé Vitor,MEI,287,VIT,7,95.000000,85.000000,casa,284,GRE,2026-09-07 20:00:00,26,0.000000,0.000000,0.000000,0.000000,0.021788,0.065363,0.001140,0.001368,0.835151,0.668121,1.089440,0.544720,0.000000,0.000000,0.000000,-0.000000,1.977649,2.966473,0.000000,0.000000,0.000000,0.000000,0.000000,0.000000,0.000000,-0.000000,0.000000,-0.000000,0.333333,-0.333333,0.000000,-0.000000,1.592648,-0.477794,0.000000,-0.000000,0.000000,-0.000000,3.434916,3.599844,3.517380,0.500000,0.500000
102256,Rollheiser,MEI,277,SAN,6,10.000000,10.000000,fora,285,INT,2026-09-06 16:00:00,26,0.000000,0.000000,0.333333,1.666667,0.020702,0.062105,0.007919,0.009503,0.648751,0.519001,0.663918,0.331959,0.000000,0.000000,0.006851,-0.000685,0.994937,1.492405,0.000000,0.000000,0.000000,0.000000,0.000000,0.000000,0.000000,-0.000000,0.000000,-0.000000,0.000000,-0.000000,0.000000,-0.000000,0.171366,-0.051410,0.000000,-0.000000,0.000000,-0.000000,4.029545,2.967098,3.498322,0.500000,0.500000
141776,Gustavo Henrique,MEI,277,SAN,7,95.000000,85.000000,fora,285,INT,2026-09-06 16:00:00,26,0.000000,0.000000,0.000000,0.000000,0.021695,0.065086,0.247500,0.297000,0.463263,0.370611,0.831927,0.415964,0.000000,0.000000,0.000000,-0.000000,1.828617,2.742926,0.000000,0.000000,0.000000,0.000000,0.000000,0.000000,0.000000,-0.000000,0.074869,-0.224606,0.000000,-0.000000,0.000000,-0.000000,0.725536,-0.217661,0.005952,-0.005952,0.000000,-0.000000,3.443367,3.527499,3.485433,0.500000,0.500000
111682,Adson,MEI,267,VAS,7,95.000000,85.000000,fora,266,FLU,2026-09-05 21:00:00,26,0.000000,0.000000,0.000000,0.000000,0.021300,0.063901,1.001194,1.201433,0.384310,0.307448,0.845718,0.422859,0.000000,0.000000,0.000000,-0.000000,1.482234,2.223350,0.000000,0.000000,0.000000,0.000000,0.000000,0.000000,0.000000,-0.000000,0.000000,-0.000000,0.333333,-0.333333,0.000000,-0.000000,1.235113,-0.370534,0.004356,-0.004356,0.000000,-0.000000,3.510768,3.442670,3.476719,0.500000,0.500000
113125,Picco,MEI,364,REM,7,95.000000,85.000000,casa,262,FLA,2026-09-06 16:00:00,26,0.000000,0.000000,0.000000,0.000000,0.021133,0.063399,0.000004,0.000004,0.530921,0.424737,0.630497,0.315248,0.000000,0.000000,0.000000,-0.000000,1.692275,2.538412,0.000000,0.000000,0.000000,0.000000,0.000000,0.000000,0.000000,-0.000000,0.000000,-0.000000,0.000000,-0.000000,0.000000,-0.000000,0.162986,-0.048896,0.000000,-0.000000,0.000000,-0.000000,3.292906,3.550322,3.421614,0.500000,0.500000
94067,Matheus Fernandes,MEI,280,RBB,6,10.000000,10.000000,casa,265,BAH,2026-09-05 16:00:00,26,0.000000,0.000000,0.000000,0.000000,0.020836,0.062507,0.041178,0.049413,0.462105,0.369684,0.629831,0.314916,0.000000,0.000000,0.006851,-0.000685,1.486014,2.229021,0.000000,0.000000,0.000000,0.000000,0.000000,0.000000,0.000000,-0.000000,0.000000,-0.000000,0.000000,-0.000000,0.000000,-0.000000,0.887724,-0.266317,0.057410,-0.057410,0.000000,-0.000000,2.701129,4.022751,3.361940,0.500000,0.500000
106294,Marcos Antônio,MEI,276,SAO,7,95.000000,85.000000,casa,282,CAM,2026-09-05 18:30:00,26,0.000000,0.000000,0.000000,0.000000,0.020857,0.062572,0.531909,0.638291,0.363267,0.290614,0.913035,0.456518,0.000000,0.000000,0.041367,-0.004137,1.388120,2.082180,0.000000,0.000000,0.000000,0.000000,0.000000,0.000000,0.000000,-0.000000,0.000000,-0.000000,0.000000,-0.000000,0.000000,-0.000000,0.136139,-0.040842,0.000000,-0.000000,0.000000,-0.000000,3.485196,3.210185,3.347690,0.500000,0.500000
122394,Gustavinho,MEI,280,RBB,6,10.000000,10.000000,casa,265,BAH,2026-09-05 16:00:00,26,0.000000,0.000000,0.333333,1.666667,0.019854,0.059562,0.000268,0.000321,0.226734,0.181388,0.606508,0.303254,0.000000,0.000000,0.000000,-0.000000,0.866054,1.299081,0.000000,0.000000,0.000000,0.000000,0.000000,0.000000,0.000000,-0.000000,0.000000,-0.000000,0.000000,-0.000000,0.000000,-0.000000,0.032652,-0.009796,0.002778,-0.002778,0.000000,-0.000000,3.497699,3.089349,3.293524,0.500000,0.500000
83433,Patrick,MEI,364,REM,6,10.000000,10.000000,casa,262,FLA,2026-09-06 16:00:00,26,0.000000,0.000000,0.000000,0.000000,0.021976,0.065927,0.003212,0.003855,0.271775,0.217420,1.005420,0.502710,0.000000,0.000000,0.000057,-0.000006,1.598051,2.397076,0.000000,0.000000,0.000000,0.000000,0.000000,0.000000,0.000000,-0.000000,0.000000,-0.000000,0.000000,-0.000000,0.000000,-0.000000,0.264261,-0.079278,0.000000,-0.000000,0.000000,-0.000000,3.107704,3.470317,3.289010,0.500000,0.500000
104036,Labyad,MEI,264,COR,5,10.000000,10.000000,casa,315,CHA,2026-09-06 19:30:00,26,0.000000,0.000000,0.333333,1.666667,0.020014,0.060042,0.000000,0.000000,0.357010,0.285608,0.686642,0.343321,0.000000,0.000000,0.000000,-0.000000,0.873858,1.310786,0.000000,0.000000,0.000000,0.000000,0.000000,0.000000,0.000000,-0.000000,0.000000,-0.000000,0.000000,-0.000000,0.000000,-0.000000,1.444812,-0.433444,0.003571,-0.003571,0.000000,-0.000000,3.229409,3.296857,3.263133,0.500000,0.500000
107873,Bobadilla,MEI,276,SAO,5,10.000000,10.000000,casa,282,CAM,2026-09-05 18:30:00,26,0.000000,0.000000,0.000000,0.000000,0.020830,0.062489,0.589056,0.706867,0.324872,0.259897,0.673076,0.336538,0.000000,0.000000,0.000127,-0.000013,1.656036,2.484054,0.000000,0.000000,0.000000,0.000000,0.000000,0.000000,0.000000,-0.000000,0.000000,-0.000000,0.333333,-0.333333,0.000000,-0.000000,0.804880,-0.241464,0.000000,-0.000000,0.000000,-0.000000,3.275036,3.004949,3.139993,0.500000,0.500000
102255,Santiago Sosa,MEI,267,VAS,7,95.000000,85.000000,fora,266,FLU,2026-09-05 21:00:00,26,0.000000,0.000000,0.000000,0.000000,0.020954,0.062863,0.000000,0.000000,0.319404,0.255523,0.587479,0.293740,0.000000,0.000000,0.450000,-0.045000,1.624785,2.437178,0.000000,0.000000,0.000000,0.000000,0.000000,0.000000,0.000000,-0.000000,0.000000,-0.000000,0.000000,-0.000000,0.000000,-0.000000,1.347500,-0.404250,0.000000,-0.000000,0.000000,-0.000000,2.600053,3.506658,3.053356,0.500000,0.500000
71123,Thiago Mendes,MEI,267,VAS,7,95.000000,85.000000,fora,266,FLU,2026-09-05 21:00:00,26,0.000000,0.000000,0.000000,0.000000,0.020953,0.062859,0.386384,0.463661,0.553460,0.442768,1.362395,0.681197,0.000000,0.000000,0.000345,-0.000034,1.283239,1.924858,0.000000,0.000000,0.000000,0.000000,0.000000,0.000000,0.000000,-0.000000,0.000000,-0.000000,0.333333,-0.333333,0.000000,-0.000000,1.204106,-0.361232,0.005000,-0.005000,0.000000,-0.000000,2.875744,3.226448,3.051096,0.500000,0.500000
118774,Alexsander,MEI,282,CAM,6,10.000000,10.000000,fora,276,SAO,2026-09-05 18:30:00,26,0.000000,0.000000,0.000000,0.000000,0.020632,0.061896,1.350000,1.620000,0.415737,0.332590,0.709751,0.354876,0.000000,0.000000,0.000000,-0.000000,1.129869,1.694804,0.000000,0.000000,0.000000,0.000000,0.000000,0.000000,0.000000,-0.000000,0.000000,-0.000000,0.000000,-0.000000,0.000000,-0.000000,1.086453,-0.325936,0.019643,-0.019643,0.000000,-0.000000,3.718586,2.383392,3.050989,0.500000,0.500000
112576,Vini Paulista,MEI,294,CFC,6,10.000000,10.000000,casa,2305,MIR,2026-09-06 11:00:00,26,0.000000,0.000000,0.000000,0.000000,0.023337,0.070011,0.000345,0.000414,0.208812,0.167050,0.715328,0.357664,0.000000,0.000000,0.012456,-0.001246,1.449190,2.173786,0.000000,0.000000,0.000000,0.000000,0.000000,0.000000,0.000000,-0.000000,0.000000,-0.000000,0.000000,-0.000000,0.000000,-0.000000,0.316010,-0.094803,0.002273,-0.002273,0.000000,-0.000000,2.670603,3.353913,3.012258,0.500000,0.500000
141160,Zé Lucas,MEI,283,CRU,6,10.000000,10.000000,casa,293,CAP,2026-09-06 16:00:00,26,0.000000,0.000000,0.000000,0.000000,0.020561,0.061682,0.000000,0.000000,0.278279,0.222624,1.044175,0.522088,0.000000,0.000000,0.000000,-0.000000,1.471647,2.207470,0.000000,0.000000,0.000000,0.000000,0.000000,0.000000,0.000000,-0.000000,0.000000,-0.000000,0.000000,-0.000000,0.000000,-0.000000,0.468875,-0.140663,0.000000,-0.000000,0.000000,-0.000000,2.873201,3.139995,3.006598,0.500000,0.500000
62977,Ganso,MEI,266,FLU,7,95.000000,85.000000,casa,267,VAS,2026-09-05 21:00:00,26,0.000000,0.000000,0.000000,0.000000,0.020649,0.061947,0.251268,0.301522,0.486948,0.389559,1.085962,0.542981,0.000000,0.000000,0.247500,-0.024750,1.438478,2.157717,0.000000,0.000000,0.000000,0.000000,0.000000,0.000000,0.000000,-0.000000,0.000000,-0.000000,0.333333,-0.333333,0.000000,-0.000000,0.942522,-0.282757,0.000000,-0.000000,0.000000,-0.000000,2.812886,3.112006,2.962446,0.500000,0.500000
103388,Emmanuel Martínez,MEI,287,VIT,5,10.000000,10.000000,casa,284,GRE,2026-09-07 20:00:00,26,0.000000,0.000000,0.000000,0.000000,0.020575,0.061724,0.087325,0.104790,0.422776,0.338221,0.775789,0.387895,0.000000,0.000000,0.022648,-0.002265,1.609501,2.414252,0.000000,0.000000,0.000000,0.000000,0.000000,0.000000,0.000000,-0.000000,0.000000,-0.000000,0.333333,-0.333333,0.000000,-0.000000,0.986502,-0.295951,0.000000,-0.000000,0.000000,-0.000000,2.675332,3.175861,2.925596,0.500000,0.500000
117910,Breno Bidon,MEI,264,COR,7,95.000000,85.000000,casa,315,CHA,2026-09-06 19:30:00,26,0.000000,0.000000,0.000000,0.000000,0.020338,0.061013,0.022648,0.027177,0.257334,0.205867,0.709810,0.354905,0.000000,0.000000,0.029499,-0.002950,1.546355,2.319533,0.000000,0.000000,0.000000,0.000000,0.000000,0.000000,0.000000,-0.000000,0.000000,-0.000000,0.333333,-0.333333,0.000000,-0.000000,1.159140,-0.347742,0.000000,-0.000000,0.000000,-0.000000,2.284471,3.542753,2.913612,0.500000,0.500000
109987,Medina,MEI,263,BOT,7,95.000000,85.000000,casa,275,PAL,2026-09-06 18:30:00,26,0.000000,0.000000,0.000000,0.000000,0.020171,0.060514,0.022648,0.027177,0.384066,0.307253,0.791487,0.395743,0.000000,0.000000,0.000000,-0.000000,1.315387,1.973080,0.000000,0.000000,0.000000,0.000000,0.000000,0.000000,0.000000,-0.000000,0.000190,-0.000569,0.000000,-0.000000,0.000000,-0.000000,0.341058,-0.102318,0.000000,-0.000000,0.000000,-0.000000,2.660881,3.070713,2.865797,0.500000,0.500000
108683,Emiliano Martínez,MEI,275,PAL,6,10.000000,10.000000,fora,263,BOT,2026-09-06 18:30:00,26,0.000000,0.000000,0.000000,0.000000,0.020398,0.061193,0.042318,0.050781,0.391224,0.312979,0.612107,0.306053,0.000000,0.000000,0.000000,-0.000000,1.421399,2.132098,0.000000,0.000000,0.000000,0.000000,0.000000,0.000000,0.000000,-0.000000,0.000000,-0.000000,0.000000,-0.000000,0.000000,-0.000000,0.505483,-0.151645,0.019654,-0.019654,0.000000,-0.000000,2.691807,2.982654,2.837230,0.500000,0.500000
69140,Allan,MEI,263,BOT,6,10.000000,10.000000,casa,275,PAL,2026-09-06 18:30:00,26,0.000000,0.000000,0.000000,0.000000,0.019957,0.059872,0.000000,0.000000,0.513048,0.410439,0.616069,0.308034,0.000000,0.000000,0.000000,-0.000000,1.336552,2.004829,0.000000,0.000000,0.000000,0.000000,0.000000,0.000000,0.000000,-0.000000,0.000000,-0.000000,0.000000,-0.000000,0.000000,-0.000000,0.298658,-0.089597,0.000000,-0.000000,0.000000,-0.000000,2.693576,2.979468,2.836522,0.500000,0.500000
107173,Michel Araújo,MEI,265,BAH,6,10.000000,10.000000,fora,280,RBB,2026-09-05 16:00:00,26,0.000000,0.000000,0.333333,1.666667,0.019920,0.059760,0.254351,0.305221,0.153080,0.122464,0.595227,0.297613,0.000000,0.000000,0.006030,-0.000603,0.820146,1.230219,0.000000,0.000000,0.000000,0.000000,0.000000,0.000000,0.000000,-0.000000,0.000070,-0.000210,0.333333,-0.333333,0.000000,-0.000000,0.844062,-0.253219,0.000000,-0.000000,0.000000,-0.000000,3.094578,2.576216,2.835397,0.500000,0.500000
126189,Tomás Pérez,MEI,282,CAM,5,10.000000,10.000000,fora,276,SAO,2026-09-05 18:30:00,26,0.000000,0.000000,0.000000,0.000000,0.020523,0.061570,0.041805,0.050166,0.423110,0.338488,0.621120,0.310560,0.000000,0.000000,0.000000,-0.000000,1.423571,2.135357,0.000000,0.000000,0.000000,0.000000,0.000000,0.000000,0.000000,-0.000000,0.000000,-0.000000,0.000000,-0.000000,0.000000,-0.000000,0.590052,-0.177016,0.000806,-0.000806,0.000000,-0.000000,2.718318,2.836806,2.777562,0.500000,0.500000
101352,Bruno Matias,MEI,315,CHA,6,10.000000,10.000000,fora,264,COR,2026-09-06 19:30:00,26,0.000000,0.000000,0.000000,0.000000,0.020857,0.062571,0.000000,0.000000,0.202157,0.161726,0.676200,0.338100,0.000000,0.000000,0.000000,-0.000000,1.426314,2.139471,0.000000,0.000000,0.000000,0.000000,0.000000,0.000000,0.000000,-0.000000,0.000000,-0.000000,0.000000,-0.000000,0.000000,-0.000000,0.141835,-0.042550,0.038472,-0.038472,0.000000,-0.000000,2.620846,2.906181,2.763513,0.500000,0.500000
123360,Cauly,MEI,276,SAO,6,10.000000,10.000000,casa,282,CAM,2026-09-05 18:30:00,26,0.000000,0.000000,0.000000,0.000000,0.020452,0.061357,0.491599,0.589919,0.442322,0.353858,0.758145,0.379073,0.000000,0.000000,0.000000,-0.000000,1.233874,1.850810,0.000000,0.000000,0.000000,0.000000,0.000000,0.000000,0.000000,-0.000000,0.000000,-0.000000,0.000000,-0.000000,0.000000,-0.000000,0.885710,-0.265713,0.006250,-0.006250,0.000000,-0.000000,2.963053,2.530137,2.746595,0.500000,0.500000
78605,Gabriel,MEI,280,RBB,6,10.000000,10.000000,casa,265,BAH,2026-09-05 16:00:00,26,0.000000,0.000000,0.000000,0.000000,0.020333,0.060999,0.085649,0.102779,0.431016,0.344813,0.560708,0.280354,0.000000,0.000000,0.000000,-0.000000,1.550977,2.326466,0.000000,0.000000,0.000000,0.000000,0.000000,0.000000,0.000000,-0.000000,0.000000,-0.000000,0.000000,-0.000000,0.000000,-0.000000,1.452344,-0.435703,0.000000,-0.000000,0.000000,-0.000000,2.679708,2.787116,2.733412,0.500000,0.500000
100596,Krovinovic,MEI,284,GRE,7,95.000000,85.000000,fora,287,VIT,2026-09-07 20:00:00,26,0.000000,0.000000,0.000000,0.000000,0.019831,0.059492,0.450000,0.540000,0.915985,0.732788,0.550912,0.275456,0.000000,0.000000,0.000000,-0.000000,0.928362,1.392542,0.000000,0.000000,0.000000,0.000000,0.000000,0.000000,0.000000,-0.000000,0.000000,-0.000000,0.000000,-0.000000,0.000000,-0.000000,2.092500,-0.627750,0.003571,-0.003571,0.000000,-0.000000,2.368957,3.094276,2.731616,0.500000,0.500000
147088,Cissé,MEI,282,CAM,6,10.000000,10.000000,fora,276,SAO,2026-09-05 18:30:00,26,0.000000,0.000000,0.000000,0.000000,0.020608,0.061823,0.003768,0.004522,0.605249,0.484199,1.941878,0.970939,0.000000,0.000000,0.012456,-0.001246,1.290343,1.935515,0.000000,0.000000,0.000000,0.000000,0.000000,0.000000,0.000000,-0.000000,0.000000,-0.000000,0.666667,-0.666667,0.000000,-0.000000,1.892744,-0.567823,0.007730,-0.007730,0.000000,-0.000000,2.213533,3.118951,2.666242,0.500000,0.500000
99267,Pochettino,MEI,287,VIT,2,10.000000,10.000000,casa,284,GRE,2026-09-07 20:00:00,26,0.000000,0.000000,0.000000,0.000000,0.023600,0.070800,0.339006,0.406808,0.385335,0.308268,0.659839,0.329920,0.000000,0.000000,0.000000,-0.000000,1.090845,1.636268,0.000000,0.000000,0.000000,0.000000,0.000000,0.000000,0.000000,-0.000000,0.000000,-0.000000,0.000000,-0.000000,0.000000,-0.000000,0.247500,-0.074250,0.000000,-0.000000,0.000000,-0.000000,2.677813,2.608118,2.642965,0.500000,0.500000
70944,Bruno Henrique,MEI,285,INT,6,10.000000,10.000000,casa,277,SAN,2026-09-06 16:00:00,26,0.000000,0.000000,0.000000,0.000000,0.020021,0.060063,0.137727,0.165273,0.458906,0.367125,0.590103,0.295052,0.000000,0.000000,0.000010,-0.000001,1.297492,1.946239,0.000000,0.000000,0.000000,0.000000,0.000000,0.000000,0.000000,-0.000000,0.000000,-0.000000,0.000000,-0.000000,0.000000,-0.000000,1.845044,-0.553513,0.000000,-0.000000,0.000000,-0.000000,2.280236,3.002781,2.641509,0.500000,0.500000
81091,Jair,MEI,267,VAS,5,10.000000,10.000000,fora,266,FLU,2026-09-05 21:00:00,26,0.000000,0.000000,0.000000,0.000000,0.020176,0.060529,0.000000,0.000000,0.284287,0.227429,0.716567,0.358283,0.000000,0.000000,0.000000,-0.000000,1.317528,1.976292,0.000000,0.000000,0.000000,0.000000,0.000000,0.000000,0.000000,-0.000000,0.000000,-0.000000,0.000000,-0.000000,0.000000,-0.000000,0.495000,-0.148500,0.000000,-0.000000,0.000000,-0.000000,2.474033,2.804769,2.639401,0.500000,0.500000
122485,Barros,MEI,267,VAS,6,10.000000,10.000000,fora,266,FLU,2026-09-05 21:00:00,26,0.000000,0.000000,0.000000,0.000000,0.020767,0.062300,0.000000,0.000000,0.447159,0.357727,0.830776,0.415388,0.000000,0.000000,0.000000,-0.000000,1.660777,2.491166,0.000000,0.000000,0.000000,0.000000,0.000000,0.000000,0.000000,-0.000000,0.000345,-0.001034,0.333333,-0.333333,0.000000,-0.000000,1.362002,-0.408601,0.000000,-0.000000,0.000000,-0.000000,2.583613,2.632364,2.607989,0.500000,0.500000
77485,Carrillo,MEI,264,COR,2,10.000000,10.000000,casa,315,CHA,2026-09-06 19:30:00,26,0.000000,0.000000,0.000000,0.000000,0.020098,0.060294,0.000000,0.000000,0.369132,0.295305,0.658207,0.329103,0.000000,0.000000,0.472648,-0.047265,1.422492,2.133738,0.000000,0.000000,0.000000,0.000000,0.000000,0.000000,0.000000,-0.000000,0.000000,-0.000000,0.333333,-0.333333,0.000000,-0.000000,1.198838,-0.359652,0.000000,-0.000000,0.000000,-0.000000,2.078191,3.129405,2.603798,0.500000,0.500000
116447,Hércules,MEI,266,FLU,7,95.000000,85.000000,casa,267,VAS,2026-09-05 21:00:00,26,0.000000,0.000000,0.000000,0.000000,0.020040,0.060120,0.849084,1.018901,0.183522,0.146818,0.700405,0.350202,0.000000,0.000000,0.450032,-0.045003,1.198885,1.798328,0.000000,0.000000,0.000000,0.000000,0.000000,0.000000,0.000000,-0.000000,0.000000,-0.000000,0.333333,-0.333333,0.000000,-0.000000,0.627817,-0.188345,0.000000,-0.000000,0.000000,-0.000000,2.807687,2.347901,2.577794,0.500000,0.500000
105903,Aldo Filho,MEI,2305,MIR,5,10.000000,10.000000,fora,294,CFC,2026-09-06 11:00:00,26,0.000000,0.000000,0.000000,0.000000,0.020044,0.060133,0.249917,0.299901,0.611414,0.489131,0.645418,0.322709,0.000000,0.000000,0.001140,-0.000114,1.142329,1.713493,0.000000,0.000000,0.000000,0.000000,0.000000,0.000000,0.000000,-0.000000,0.000000,-0.000000,0.000000,-0.000000,0.000000,-0.000000,1.174708,-0.352413,0.000000,-0.000000,0.000000,-0.000000,2.532840,2.620096,2.576468,0.500000,0.500000
141995,Dieguinho,MEI,264,COR,6,10.000000,10.000000,casa,315,CHA,2026-09-06 19:30:00,26,0.000000,0.000000,0.000000,0.000000,0.019792,0.059377,0.450000,0.540000,0.220892,0.176713,0.667511,0.333755,0.000000,0.000000,0.000766,-0.000077,1.097994,1.646992,0.000000,0.000000,0.000000,0.000000,0.000000,0.000000,0.000000,-0.000000,0.000000,-0.000000,0.000000,-0.000000,0.000000,-0.000000,0.248266,-0.074480,0.000000,-0.000000,0.000000,-0.000000,2.682280,2.460791,2.571536,0.500000,0.500000
81845,Alisson,MEI,266,FLU,5,10.000000,10.000000,casa,267,VAS,2026-09-05 21:00:00,26,0.000000,0.000000,0.333333,1.666667,0.019298,0.057894,0.450000,0.540000,0.205006,0.164005,0.777900,0.388950,0.000000,0.000000,0.000000,-0.000000,0.845121,1.267681,0.000000,0.000000,0.000000,0.000000,0.000000,0.000000,0.000000,-0.000000,0.000000,-0.000000,0.666667,-0.666667,0.000000,-0.000000,0.859694,-0.257908,0.004167,-0.004167,0.000000,-0.000000,3.156455,1.986491,2.571473,0.500000,0.500000
130620,Edenílson,MEI,287,VIT,6,10.000000,10.000000,casa,284,GRE,2026-09-07 20:00:00,26,0.000000,0.000000,0.000000,0.000000,0.019398,0.058195,0.000000,0.000000,0.217112,0.173690,0.532868,0.266434,0.000000,0.000000,0.000000,-0.000000,1.123847,1.685770,0.000000,0.000000,0.000000,0.000000,0.000000,0.000000,0.000000,-0.000000,0.012456,-0.037369,0.000000,-0.000000,0.000000,-0.000000,0.269696,-0.080909,0.000000,-0.000000,0.000000,-0.000000,2.065811,3.057425,2.561618,0.500000,0.500000
151600,Miguel Carvalho,MEI,315,CHA,6,10.000000,10.000000,fora,264,COR,2026-09-06 19:30:00,26,0.000000,0.000000,0.000000,0.000000,0.020193,0.060579,0.000000,0.000000,0.608888,0.487111,0.564184,0.282092,0.000000,0.000000,0.000000,-0.000000,0.903803,1.355704,0.000000,0.000000,0.000000,0.000000,0.000000,0.000000,0.000000,-0.000000,0.000000,-0.000000,0.000000,-0.000000,0.000000,-0.000000,0.000000,-0.000000,0.000000,-0.000000,0.000000,-0.000000,2.185485,2.914795,2.550140,0.500000,0.500000
105157,Villagra,MEI,285,INT,7,95.000000,85.000000,casa,277,SAN,2026-09-06 16:00:00,26,0.000000,0.000000,0.000000,0.000000,0.020109,0.060326,0.000115,0.000138,0.250630,0.200504,0.713645,0.356823,0.000000,0.000000,0.000000,-0.000000,1.599720,2.399579,0.000000,0.000000,0.000000,0.000000,0.000000,0.000000,0.000000,-0.000000,0.000000,-0.000000,0.333333,-0.333333,0.000000,-0.000000,2.775586,-0.832676,0.000000,-0.000000,0.000000,-0.000000,1.851361,3.243590,2.547475,0.500000,0.500000
130414,Robert,MEI,315,CHA,5,10.000000,10.000000,fora,264,COR,2026-09-06 19:30:00,26,0.000000,0.000000,0.000000,0.000000,0.020139,0.060417,0.000000,0.000000,0.284345,0.227476,0.562508,0.281254,0.000000,0.000000,0.000000,-0.000000,1.333286,1.999930,0.000000,0.000000,0.000000,0.000000,0.000000,0.000000,0.000000,-0.000000,0.000000,-0.000000,0.000000,-0.000000,0.000000,-0.000000,0.000000,-0.000000,0.000000,-0.000000,0.000000,-0.000000,2.569077,2.489865,2.529471,0.500000,0.500000
141400,Huguinho,MEI,263,BOT,7,95.000000,85.000000,casa,275,PAL,2026-09-06 18:30:00,26,0.000000,0.000000,0.000000,0.000000,0.019693,0.059078,0.000000,0.000000,0.493115,0.394492,0.964773,0.482387,0.000000,0.000000,0.000000,-0.000000,1.177399,1.766099,0.000000,0.000000,0.000000,0.000000,0.000000,0.000000,0.000000,-0.000000,0.000000,-0.000000,0.333333,-0.333333,0.000000,-0.000000,2.041178,-0.612353,0.000000,-0.000000,0.000000,-0.000000,1.756369,3.288725,2.522547,0.500000,0.500000
150180,Ramon Rique,MEI,267,VAS,6,10.000000,10.000000,fora,266,FLU,2026-09-05 21:00:00,26,0.000000,0.000000,0.333333,1.666667,0.020010,0.060031,0.074869,0.089843,0.266018,0.212814,0.566953,0.283477,0.000000,0.000000,0.000000,-0.000000,0.781303,1.171954,0.000000,0.000000,0.000000,0.000000,0.000000,0.000000,0.000000,-0.000000,0.000000,-0.000000,0.000000,-0.000000,0.000000,-0.000000,1.197172,-0.359151,0.028395,-0.028395,0.000000,-0.000000,3.097239,1.897451,2.497345,0.500000,0.500000
132274,Ignacio Sosa,MEI,280,RBB,6,10.000000,10.000000,casa,265,BAH,2026-09-05 16:00:00,26,0.000000,0.000000,0.000000,0.000000,0.019615,0.058846,0.003768,0.004522,0.225936,0.180749,0.746728,0.373364,0.000000,0.000000,0.000000,-0.000000,1.301054,1.951581,0.000000,0.000000,0.000000,0.000000,0.000000,0.000000,0.000000,-0.000000,0.000000,-0.000000,0.333333,-0.333333,0.000000,-0.000000,1.232609,-0.369783,0.000000,-0.000000,0.000000,-0.000000,1.865946,3.072583,2.469265,0.500000,0.500000
51772,Everton Ribeiro,MEI,265,BAH,6,10.000000,10.000000,fora,280,RBB,2026-09-05 16:00:00,26,0.000000,0.000000,0.000000,0.000000,0.020314,0.060943,0.024604,0.029525,0.471039,0.376831,0.661683,0.330841,0.000000,0.000000,0.000000,-0.000000,1.155896,1.733845,0.000000,0.000000,0.000000,0.000000,0.000000,0.000000,0.000000,-0.000000,0.000000,-0.000000,0.000000,-0.000000,0.000000,-0.000000,0.793050,-0.237915,0.000000,-0.000000,0.000000,-0.000000,2.294070,2.572177,2.433124,0.500000,0.500000
71536,Luiz Gustavo,MEI,293,CAP,7,95.000000,85.000000,fora,283,CRU,2026-09-06 16:00:00,26,0.000000,0.000000,0.000000,0.000000,0.020408,0.061225,0.055657,0.066788,0.188400,0.150720,0.623392,0.311696,0.000000,0.000000,0.000000,-0.000000,1.504866,2.257299,0.000000,0.000000,0.000000,0.000000,0.000000,0.000000,0.000000,-0.000000,0.000000,-0.000000,0.000000,-0.000000,0.000000,-0.000000,1.285561,-0.385668,0.000000,-0.000000,0.000000,-0.000000,2.462060,2.400188,2.431124,0.500000,0.500000
88479,Walace,MEI,287,VIT,6,10.000000,10.000000,casa,284,GRE,2026-09-07 20:00:00,26,0.000000,0.000000,0.000000,0.000000,0.019500,0.058500,0.450000,0.540000,0.287171,0.229736,0.591708,0.295854,0.000000,0.000000,0.000000,-0.000000,0.945675,1.418513,0.000000,0.000000,0.000000,0.000000,0.000000,0.000000,0.000000,-0.000000,0.000000,-0.000000,0.000000,-0.000000,0.000000,-0.000000,0.594619,-0.178386,0.035377,-0.035377,0.000000,-0.000000,2.328841,2.517305,2.423073,0.500000,0.500000
80061,Saúl,MEI,262,FLA,6,10.000000,10.000000,fora,364,REM,2026-09-06 16:00:00,26,0.000000,0.000000,0.000000,0.000000,0.019708,0.059123,0.000000,0.000000,0.296233,0.236987,0.537083,0.268542,0.000000,0.000000,0.000000,-0.000000,1.084762,1.627144,0.000000,0.000000,0.000000,0.000000,0.000000,0.000000,0.000000,-0.000000,0.000000,-0.000000,0.000000,-0.000000,0.000000,-0.000000,0.252172,-0.075651,0.017054,-0.017054,0.000000,-0.000000,2.099089,2.705736,2.402412,0.500000,0.500000
142890,Montoro,MEI,263,BOT,7,95.000000,85.000000,casa,275,PAL,2026-09-06 18:30:00,26,0.000000,0.000000,0.000000,0.000000,0.023067,0.069202,0.140788,0.168946,0.176085,0.140868,0.851768,0.425884,0.000000,0.000000,0.000000,-0.000000,1.124371,1.686556,0.000000,0.000000,0.000000,0.000000,0.000000,0.000000,0.000000,-0.000000,0.000000,-0.000000,0.333333,-0.333333,0.000000,-0.000000,0.541415,-0.162424,0.000000,-0.000000,0.000000,-0.000000,1.995697,2.792617,2.394157,0.500000,0.500000
85403,Danielzinho,MEI,276,SAO,7,95.000000,85.000000,casa,282,CAM,2026-09-05 18:30:00,26,0.000000,0.000000,0.000000,0.000000,0.019838,0.059514,0.006851,0.008221,0.183432,0.146745,0.632777,0.316389,0.000000,0.000000,0.000000,-0.000000,1.436531,2.154796,0.000000,0.000000,0.000000,0.000000,0.000000,0.000000,0.000000,-0.000000,0.000000,-0.000000,0.333333,-0.333333,0.000000,-0.000000,1.601505,-0.480451,0.000000,-0.000000,0.000000,-0.000000,1.871881,2.915929,2.393905,0.500000,0.500000
90532,Arthur Melo,MEI,277,SAN,2,10.000000,10.000000,fora,285,INT,2026-09-06 16:00:00,26,0.000000,0.000000,0.000000,0.000000,0.020230,0.060691,0.000000,0.000000,0.277803,0.222242,1.889536,0.944768,0.000000,0.000000,0.000000,-0.000000,0.994607,1.491911,0.000000,0.000000,0.000000,0.000000,0.000000,0.000000,0.000000,-0.000000,0.000000,-0.000000,0.000000,-0.000000,0.000000,-0.000000,1.095610,-0.328683,0.015069,-0.015069,0.000000,-0.000000,2.375860,2.359306,2.367583,0.500000,0.500000
103295,Eric Ramires,MEI,280,RBB,7,95.000000,85.000000,casa,265,BAH,2026-09-05 16:00:00,26,0.000000,0.000000,0.000000,0.000000,0.019438,0.058314,0.000000,0.000000,0.241397,0.193117,0.685211,0.342606,0.000000,0.000000,0.000000,-0.000000,1.080211,1.620317,0.000000,0.000000,0.000000,0.000000,0.000000,0.000000,0.000000,-0.000000,0.000000,-0.000000,0.000000,-0.000000,0.000000,-0.000000,0.315569,-0.094671,0.000000,-0.000000,0.000000,-0.000000,2.119684,2.576640,2.348162,0.500000,0.500000
110605,Vinícius Balieiro,MEI,315,CHA,6,10.000000,10.000000,fora,264,COR,2026-09-06 19:30:00,26,0.000000,0.000000,0.000000,0.000000,0.019590,0.058770,0.000000,0.000000,0.190869,0.152695,0.705281,0.352640,0.000000,0.000000,0.000000,-0.000000,0.982886,1.474329,0.000000,0.000000,0.000000,0.000000,0.000000,0.000000,0.000000,-0.000000,0.000000,-0.000000,0.000000,-0.000000,0.000000,-0.000000,0.247500,-0.074250,0.000000,-0.000000,0.000000,-0.000000,1.964185,2.684272,2.324229,0.500000,0.500000
77777,João Schmidt,MEI,277,SAN,6,10.000000,10.000000,fora,285,INT,2026-09-06 16:00:00,26,0.000000,0.000000,0.000000,0.000000,0.020417,0.061251,0.000000,0.000000,0.399005,0.319204,0.587702,0.293851,0.000000,0.000000,0.000000,-0.000000,1.562199,2.343299,0.000000,0.000000,0.000000,0.000000,0.000000,0.000000,0.000000,-0.000000,0.000000,-0.000000,0.333333,-0.333333,0.000000,-0.000000,1.761621,-0.528486,0.022749,-0.022749,0.000000,-0.000000,2.133036,2.509563,2.321299,0.500000,0.500000
86859,José Welison,MEI,364,REM,7,95.000000,85.000000,casa,262,FLA,2026-09-06 16:00:00,26,0.000000,0.000000,0.000000,0.000000,0.020313,0.060938,0.136125,0.163350,0.590232,0.472186,0.671915,0.335958,0.000000,0.000000,0.000000,-0.000000,1.847956,2.771935,0.000000,0.000000,0.000000,0.000000,0.000000,0.000000,0.450000,-1.350000,0.000000,-0.000000,0.333333,-0.333333,0.000000,-0.000000,2.670312,-0.801094,0.000000,-0.000000,0.000000,-0.000000,1.319939,3.316174,2.318056,0.500000,0.500000
112017,Felipinho,MEI,293,CAP,6,10.000000,10.000000,fora,283,CRU,2026-09-06 16:00:00,26,0.000000,0.000000,0.000000,0.000000,0.021425,0.064276,0.000000,0.000000,0.266677,0.213342,0.637180,0.318590,0.000000,0.000000,0.000000,-0.000000,1.404239,2.106358,0.000000,0.000000,0.000000,0.000000,0.000000,0.000000,0.000000,-0.000000,0.000000,-0.000000,0.333333,-0.333333,0.000000,-0.000000,1.053408,-0.316022,0.067805,-0.067805,0.000000,-0.000000,1.985406,2.575488,2.280447,0.500000,0.500000
87742,Neto Moura,MEI,2305,MIR,7,95.000000,85.000000,fora,294,CFC,2026-09-06 11:00:00,26,0.000000,0.000000,0.000000,0.000000,0.020394,0.061181,0.042318,0.050781,0.272636,0.218109,0.563653,0.281827,0.000000,0.000000,0.000000,-0.000000,1.632200,2.448301,0.000000,0.000000,0.000000,0.000000,0.000000,0.000000,0.000000,-0.000000,0.000000,-0.000000,1.000000,-1.000000,0.000000,-0.000000,0.969506,-0.290852,0.003571,-0.003571,0.000000,-0.000000,1.765775,2.742511,2.254143,0.500000,0.500000
122660,Japa,MEI,2305,MIR,6,10.000000,10.000000,fora,294,CFC,2026-09-06 11:00:00,26,0.000000,0.000000,0.000000,0.000000,0.019797,0.059390,0.157224,0.188669,0.359932,0.287946,0.639703,0.319852,0.000000,0.000000,0.000000,-0.000000,0.966215,1.449323,0.000000,0.000000,0.000000,0.000000,0.000000,0.000000,0.000000,-0.000000,0.000000,-0.000000,0.000000,-0.000000,0.000000,-0.000000,0.213563,-0.064069,0.069947,-0.069947,0.000000,-0.000000,2.171164,2.284226,2.227695,0.500000,0.500000
126120,Marcelinho,MEI,280,RBB,6,10.000000,10.000000,casa,265,BAH,2026-09-05 16:00:00,26,0.000000,0.000000,0.000000,0.000000,0.019382,0.058145,0.074869,0.089843,0.241783,0.193426,0.720494,0.360247,0.000000,0.000000,0.383625,-0.038363,0.861942,1.292914,0.000000,0.000000,0.000000,0.000000,0.000000,0.000000,0.000000,-0.000000,0.000000,-0.000000,0.000000,-0.000000,0.000000,-0.000000,0.611256,-0.183377,0.014327,-0.014327,0.000000,-0.000000,1.758508,2.690076,2.224292,0.500000,0.500000
104519,Camilo,MEI,315,CHA,7,95.000000,85.000000,fora,264,COR,2026-09-06 19:30:00,26,0.000000,0.000000,0.000000,0.000000,0.020447,0.061341,0.012561,0.015073,0.282980,0.226384,0.623886,0.311943,0.000000,0.000000,0.000000,-0.000000,1.796415,2.694622,0.000000,0.000000,0.000000,0.000000,0.000000,0.000000,0.000000,-0.000000,0.000000,-0.000000,0.666667,-0.666667,0.000000,-0.000000,3.078628,-0.923588,0.000000,-0.000000,0.000000,-0.000000,1.719109,2.711985,2.215547,0.500000,0.500000
147546,Roger,MEI,284,GRE,6,10.000000,10.000000,fora,287,VIT,2026-09-07 20:00:00,26,0.000000,0.000000,0.000000,0.000000,0.019228,0.057685,0.550000,0.660000,0.205236,0.164189,0.533718,0.266859,0.000000,0.000000,0.000000,-0.000000,0.740638,1.110957,0.000000,0.000000,0.000000,0.000000,0.000000,0.000000,0.000000,-0.000000,0.000000,-0.000000,0.000000,-0.000000,0.000000,-0.000000,0.450000,-0.135000,0.007083,-0.007083,0.000000,-0.000000,2.117606,2.295169,2.206387,0.500000,0.500000
93790,Marlon Freitas,MEI,275,PAL,7,95.000000,85.000000,fora,263,BOT,2026-09-06 18:30:00,26,0.000000,0.000000,0.000000,0.000000,0.020020,0.060059,0.000010,0.000011,0.247230,0.197784,0.548981,0.274491,0.000000,0.000000,0.000001,-0.000000,1.260199,1.890298,0.000000,0.000000,0.000000,0.000000,0.000000,0.000000,0.000000,-0.000000,0.000000,-0.000000,0.333333,-0.333333,0.000000,-0.000000,1.015276,-0.304583,0.000000,-0.000000,0.000000,-0.000000,1.784727,2.626393,2.205560,0.500000,0.500000
97145,Villasanti,MEI,284,GRE,7,95.000000,85.000000,fora,287,VIT,2026-09-07 20:00:00,26,0.000000,0.000000,0.000000,0.000000,0.019514,0.058542,0.302500,0.363000,0.306988,0.245591,0.914573,0.457286,0.000000,0.000000,0.000000,-0.000000,0.763856,1.145784,0.000000,0.000000,0.000000,0.000000,0.000000,0.000000,0.000000,-0.000000,0.000000,-0.000000,0.333333,-0.333333,0.000000,-0.000000,0.722250,-0.216675,0.000000,-0.000000,0.000000,-0.000000,1.720194,2.686165,2.203179,0.500000,0.500000
126182,Paulinho,MEI,285,INT,6,10.000000,10.000000,casa,277,SAN,2026-09-06 16:00:00,26,0.000000,0.000000,0.000000,0.000000,0.019704,0.059113,0.532378,0.638854,0.138707,0.110966,0.780247,0.390123,0.000000,0.000000,0.000032,-0.000003,1.174766,1.762149,0.000000,0.000000,0.000000,0.000000,0.000000,0.000000,0.000000,-0.000000,0.000000,-0.000000,0.666667,-0.666667,0.000000,-0.000000,1.161150,-0.348345,0.000000,-0.000000,0.000000,-0.000000,1.946190,2.408286,2.177238,0.500000,0.500000
140438,David,MEI,315,CHA,6,10.000000,10.000000,fora,264,COR,2026-09-06 19:30:00,26,0.000000,0.000000,0.000000,0.000000,0.019196,0.057588,0.000000,0.000000,0.366263,0.293011,0.556802,0.278401,0.000000,0.000000,0.000000,-0.000000,0.831730,1.247596,0.000000,0.000000,0.000000,0.000000,0.000000,0.000000,0.000000,-0.000000,0.000000,-0.000000,0.000000,-0.000000,0.000000,-0.000000,0.097517,-0.029255,0.000000,-0.000000,0.000000,-0.000000,1.847340,2.501552,2.174446,0.500000,0.500000
147545,Jefinho,MEI,284,GRE,6,10.000000,10.000000,fora,287,VIT,2026-09-07 20:00:00,26,0.000000,0.000000,0.000000,0.000000,0.019347,0.058041,0.000000,0.000000,0.215557,0.172446,0.537969,0.268985,0.000000,0.000000,0.000000,-0.000000,0.938055,1.407082,0.000000,0.000000,0.000000,0.000000,0.000000,0.000000,0.000000,-0.000000,0.000000,-0.000000,0.000000,-0.000000,0.000000,-0.000000,0.000000,-0.000000,0.013591,-0.013591,0.000000,-0.000000,1.892963,2.412476,2.152720,0.500000,0.500000
95541,Gustavo Cazonatti,MEI,2305,MIR,6,10.000000,10.000000,fora,294,CFC,2026-09-06 11:00:00,26,0.000000,0.000000,0.000000,0.000000,0.020249,0.060746,0.074869,0.089843,0.257728,0.206182,0.851074,0.425537,0.000000,0.000000,0.000000,-0.000000,1.289365,1.934047,0.000000,0.000000,0.000000,0.000000,0.000000,0.000000,0.000000,-0.000000,0.000000,-0.000000,0.333333,-0.333333,0.000000,-0.000000,0.847238,-0.254171,0.013393,-0.013393,0.000000,-0.000000,2.115457,2.176906,2.146182,0.500000,0.500000
115986,Denilson,MEI,2305,MIR,7,95.000000,85.000000,fora,294,CFC,2026-09-06 11:00:00,26,0.000000,0.000000,0.000000,0.000000,0.020314,0.060942,0.012456,0.014948,0.265125,0.212100,0.876638,0.438319,0.000000,0.000000,0.000000,-0.000000,1.817940,2.726910,0.000000,0.000000,0.000000,0.000000,0.000000,0.000000,0.000000,-0.000000,0.000000,-0.000000,0.666667,-0.666667,0.000000,-0.000000,3.395907,-1.018772,0.002778,-0.002778,0.000000,-0.000000,1.765003,2.451063,2.108033,0.500000,0.500000
130906,Riquelme,MEI,293,CAP,6,10.000000,10.000000,fora,283,CRU,2026-09-06 16:00:00,26,0.000000,0.000000,0.000000,0.000000,0.019525,0.058574,0.136125,0.163350,0.199697,0.159758,0.533079,0.266540,0.000000,0.000000,0.000000,-0.000000,0.989010,1.483515,0.000000,0.000000,0.000000,0.000000,0.000000,0.000000,0.000000,-0.000000,0.000000,-0.000000,0.333333,-0.333333,0.000000,-0.000000,0.302500,-0.090750,0.002778,-0.002778,0.000000,-0.000000,1.704874,2.497294,2.101084,0.500000,0.500000
142260,Bernardo Zortea,MEI,284,GRE,6,10.000000,10.000000,fora,287,VIT,2026-09-07 20:00:00,26,0.000000,0.000000,0.000000,0.000000,0.019477,0.058431,0.000000,0.000000,0.232831,0.186265,0.612656,0.306328,0.000000,0.000000,0.000000,-0.000000,0.926754,1.390131,0.000000,0.000000,0.000000,0.000000,0.000000,0.000000,0.000000,-0.000000,0.000000,-0.000000,0.000000,-0.000000,0.000000,-0.000000,0.631125,-0.189338,0.000000,-0.000000,0.000000,-0.000000,1.751817,2.439869,2.095843,0.500000,0.500000
106843,Borrero,MEI,315,CHA,6,10.000000,10.000000,fora,264,COR,2026-09-06 19:30:00,26,0.000000,0.000000,0.000000,0.000000,0.019408,0.058223,0.000000,0.000000,0.205236,0.164189,0.539736,0.269868,0.000000,0.000000,0.000000,-0.000000,0.964429,1.446644,0.000000,0.000000,0.000000,0.000000,0.000000,0.000000,0.000000,-0.000000,0.000000,-0.000000,0.000000,-0.000000,0.000000,-0.000000,0.000000,-0.000000,0.000000,-0.000000,0.000000,-0.000000,1.938924,2.229465,2.084194,0.500000,0.500000
92981,Ronaldo,MEI,285,INT,6,10.000000,10.000000,casa,277,SAN,2026-09-06 16:00:00,26,0.000000,0.000000,0.000000,0.000000,0.019187,0.057561,0.000000,0.000000,0.317687,0.254150,0.530038,0.265019,0.000000,0.000000,0.000000,-0.000000,1.055428,1.583143,0.000000,0.000000,0.000000,0.000000,0.000000,0.000000,0.000000,-0.000000,0.000000,-0.000000,0.000000,-0.000000,0.000000,-0.000000,1.541791,-0.462537,0.000000,-0.000000,0.000000,-0.000000,1.697335,2.463466,2.080400,0.500000,0.500000
89837,Lucho Acosta,MEI,266,FLU,6,10.000000,10.000000,casa,267,VAS,2026-09-05 21:00:00,26,0.000000,0.000000,0.000000,0.000000,0.019885,0.059655,0.075847,0.091016,0.176085,0.140868,0.574233,0.287117,0.000000,0.000000,0.000000,-0.000000,1.350954,2.026431,0.000000,0.000000,0.000000,0.000000,0.000000,0.000000,0.000000,-0.000000,0.000000,-0.000000,0.333333,-0.333333,0.000000,-0.000000,0.348438,-0.104531,0.000000,-0.000000,0.000000,-0.000000,2.167222,1.987560,2.077391,0.500000,0.500000
100987,Nonato,MEI,266,FLU,6,10.000000,10.000000,casa,267,VAS,2026-09-05 21:00:00,26,0.000000,0.000000,0.000000,0.000000,0.019888,0.059665,0.074869,0.089843,0.206525,0.165220,0.815965,0.407983,0.000000,0.000000,0.000000,-0.000000,1.376366,2.064550,0.000000,0.000000,0.000000,0.000000,0.000000,0.000000,0.000000,-0.000000,0.000000,-0.000000,0.333333,-0.333333,0.000000,-0.000000,1.025389,-0.307617,0.000000,-0.000000,0.000000,-0.000000,2.146310,1.987894,2.067102,0.500000,0.500000
125926,Zapelli,MEI,293,CAP,6,10.000000,10.000000,fora,283,CRU,2026-09-06 16:00:00,26,0.000000,0.000000,0.000000,0.000000,0.019545,0.058634,0.524869,0.629842,0.197678,0.158142,0.557305,0.278652,0.000000,0.000000,0.000000,-0.000000,0.895712,1.343568,0.000000,0.000000,0.000000,0.000000,0.000000,0.000000,0.000000,-0.000000,0.000627,-0.001881,0.000000,-0.000000,0.000000,-0.000000,0.155201,-0.046560,0.000000,-0.000000,0.000000,-0.000000,2.420398,1.697731,2.059064,0.500000,0.500000
124270,Allex,MEI,285,INT,5,10.000000,10.000000,casa,277,SAN,2026-09-06 16:00:00,26,0.000000,0.000000,0.000000,0.000000,0.018951,0.056853,0.003768,0.004522,0.312721,0.250177,0.595193,0.297596,0.000000,0.000000,0.000000,-0.000000,0.785053,1.177580,0.000000,0.000000,0.000000,0.000000,0.000000,0.000000,0.000000,-0.000000,0.000000,-0.000000,0.000000,-0.000000,0.000000,-0.000000,0.031764,-0.009529,0.000000,-0.000000,0.000000,-0.000000,1.777199,2.321668,2.049434,0.500000,0.500000
87470,Thaciano,MEI,277,SAN,6,10.000000,10.000000,fora,285,INT,2026-09-06 16:00:00,26,0.000000,0.000000,0.000000,0.000000,0.019470,0.058411,0.022648,0.027177,0.260610,0.208488,0.559043,0.279522,0.000000,0.000000,0.002915,-0.000292,0.928415,1.392622,0.000000,0.000000,0.000000,0.000000,0.000000,0.000000,0.000000,-0.000000,0.000000,-0.000000,0.000000,-0.000000,0.000000,-0.000000,0.454189,-0.136257,0.000000,-0.000000,0.000000,-0.000000,1.829672,2.220503,2.025087,0.500000,0.500000
142279,Nuno Moreira,MEI,267,VAS,6,10.000000,10.000000,fora,266,FLU,2026-09-05 21:00:00,26,0.000000,0.000000,0.000000,0.000000,0.019844,0.059532,0.491314,0.589576,0.124000,0.099200,0.573411,0.286706,0.000000,0.000000,0.002072,-0.000207,1.087110,1.630666,0.000000,0.000000,0.000000,0.000000,0.000000,0.000000,0.000000,-0.000000,0.000000,-0.000000,0.333333,-0.333333,0.000000,-0.000000,0.750608,-0.225183,0.000000,-0.000000,0.000000,-0.000000,2.106957,1.913893,2.010425,0.500000,0.500000
107203,Max,MEI,315,CHA,5,10.000000,10.000000,fora,264,COR,2026-09-06 19:30:00,26,0.000000,0.000000,0.000000,0.000000,0.019588,0.058763,0.000000,0.000000,0.251188,0.200950,0.661000,0.330500,0.000000,0.000000,0.000000,-0.000000,0.956984,1.435476,0.000000,0.000000,0.000000,0.000000,0.000000,0.000000,0.000000,-0.000000,0.000000,-0.000000,0.000000,-0.000000,0.000000,-0.000000,1.100000,-0.330000,0.000000,-0.000000,0.000000,-0.000000,1.695689,2.321165,2.008427,0.500000,0.500000
84674,Lucas Evangelista,MEI,275,PAL,2,10.000000,10.000000,fora,263,BOT,2026-09-06 18:30:00,26,0.000000,0.000000,0.000000,0.000000,0.019484,0.058451,0.000000,0.000000,0.212210,0.169768,0.762390,0.381195,0.000000,0.000000,0.000000,-0.000000,0.833233,1.249849,0.000000,0.000000,0.000000,0.000000,0.000000,0.000000,0.000000,-0.000000,0.000000,-0.000000,0.000000,-0.000000,0.000000,-0.000000,0.069303,-0.020791,0.000000,-0.000000,0.000000,-0.000000,1.838473,2.146771,1.992622,0.500000,0.500000
141536,Yuri Alves,MEI,280,RBB,6,10.000000,10.000000,casa,265,BAH,2026-09-05 16:00:00,26,0.000000,0.000000,0.000000,0.000000,0.019129,0.057388,0.000000,0.000000,0.181048,0.144838,0.652549,0.326275,0.000000,0.000000,0.000000,-0.000000,0.887027,1.330540,0.000000,0.000000,0.000000,0.000000,0.000000,0.000000,0.000000,-0.000000,0.000000,-0.000000,0.000000,-0.000000,0.000000,-0.000000,0.697500,-0.209250,0.003571,-0.003571,0.000000,-0.000000,1.646219,2.314780,1.980500,0.500000,0.500000
128433,Johan Rojas,MEI,267,VAS,6,10.000000,10.000000,fora,266,FLU,2026-09-05 21:00:00,26,0.000000,0.000000,0.000000,0.000000,0.019836,0.059508,0.345347,0.414416,0.262679,0.210143,0.540705,0.270353,0.000000,0.000000,0.383970,-0.038397,0.986461,1.479691,0.000000,0.000000,0.000000,0.000000,0.000000,0.000000,0.000000,-0.000000,0.000000,-0.000000,0.000000,-0.000000,0.000000,-0.000000,0.636105,-0.190832,0.000000,-0.000000,0.000000,-0.000000,2.204883,1.743259,1.974071,0.500000,0.500000
123016,David Braga,MEI,364,REM,6,10.000000,10.000000,casa,262,FLA,2026-09-06 16:00:00,26,0.000000,0.000000,0.000000,0.000000,0.019147,0.057440,0.450000,0.540000,0.364097,0.291278,0.573291,0.286646,0.000000,0.000000,0.000000,-0.000000,0.791531,1.187297,0.000000,0.000000,0.000000,0.000000,0.000000,0.000000,0.000000,-0.000000,0.000000,-0.000000,0.000000,-0.000000,0.000000,-0.000000,0.724753,-0.217426,0.000000,-0.000000,0.000000,-0.000000,2.145234,1.797744,1.971489,0.500000,0.500000
98672,Savarino,MEI,266,FLU,6,10.000000,10.000000,casa,267,VAS,2026-09-05 21:00:00,26,0.000000,0.000000,0.000000,0.000000,0.019774,0.059323,0.110084,0.132101,0.135125,0.108100,0.588672,0.294336,0.000000,0.000000,0.025176,-0.002518,1.081486,1.622229,0.000000,0.000000,0.000000,0.000000,0.000000,0.000000,0.000000,-0.000000,0.000000,-0.000000,0.000000,-0.000000,0.000000,-0.000000,0.075631,-0.022689,0.000000,-0.000000,0.000000,-0.000000,2.190882,1.751731,1.971306,0.500000,0.500000
98224,Jáderson,MEI,364,REM,6,10.000000,10.000000,casa,262,FLA,2026-09-06 16:00:00,26,0.000000,0.000000,0.000000,0.000000,0.019133,0.057399,0.000000,0.000000,0.302738,0.242190,0.634167,0.317083,0.000000,0.000000,0.000000,-0.000000,0.957838,1.436757,0.000000,0.000000,0.000000,0.000000,0.000000,0.000000,0.000000,-0.000000,0.000000,-0.000000,0.000000,-0.000000,0.000000,-0.000000,0.493711,-0.148113,0.000000,-0.000000,0.000000,-0.000000,1.905317,1.996095,1.950706,0.500000,0.500000
144976,Domingos Andrade,MEI,263,BOT,6,10.000000,10.000000,casa,275,PAL,2026-09-06 18:30:00,26,0.000000,0.000000,0.000000,0.000000,0.019270,0.057810,0.000000,0.000000,0.291733,0.233387,0.535224,0.267612,0.000000,0.000000,0.000000,-0.000000,1.040713,1.561069,0.000000,0.000000,0.000000,0.000000,0.000000,0.000000,0.000000,-0.000000,0.000000,-0.000000,0.000000,-0.000000,0.000000,-0.000000,0.000000,-0.000000,0.001923,-0.001923,0.000000,-0.000000,2.117955,1.752808,1.935381,0.500000,0.500000
90370,Matheus Pereira,MEI,264,COR,2,10.000000,10.000000,casa,315,CHA,2026-09-06 19:30:00,26,0.000000,0.000000,0.000000,0.000000,0.019392,0.058177,0.001254,0.001505,0.205539,0.164431,0.554529,0.277265,0.000000,0.000000,0.000000,-0.000000,1.167362,1.751043,0.000000,0.000000,0.000000,0.000000,0.000000,0.000000,0.000000,-0.000000,0.000000,-0.000000,0.333333,-0.333333,0.000000,-0.000000,0.271643,-0.081493,0.000000,-0.000000,0.000000,-0.000000,1.837594,1.961472,1.899533,0.500000,0.500000
94154,Maycon,MEI,282,CAM,6,10.000000,10.000000,fora,276,SAO,2026-09-05 18:30:00,26,0.000000,0.000000,0.000000,0.000000,0.019521,0.058564,0.022648,0.027177,0.232253,0.185802,0.602112,0.301056,0.000000,0.000000,0.000000,-0.000000,1.019872,1.529809,0.000000,0.000000,0.000000,0.000000,0.000000,0.000000,0.000000,-0.000000,0.000000,-0.000000,0.000000,-0.000000,0.000000,-0.000000,0.439514,-0.131854,0.000000,-0.000000,0.000000,-0.000000,1.970554,1.797682,1.884118,0.500000,0.500000
89883,Dodi,MEI,284,GRE,5,10.000000,10.000000,fora,287,VIT,2026-09-07 20:00:00,26,0.000000,0.000000,0.000000,0.000000,0.018877,0.056630,0.000000,0.000000,0.249290,0.199432,0.514572,0.257286,0.000000,0.000000,0.000000,-0.000000,0.735349,1.103024,0.000000,0.000000,0.000000,0.000000,0.000000,0.000000,0.000000,-0.000000,0.000000,-0.000000,0.000000,-0.000000,0.000000,-0.000000,1.340142,-0.402043,0.000641,-0.000641,0.000000,-0.000000,1.213689,2.541978,1.877833,0.500000,0.500000
96342,Charles,MEI,264,COR,6,10.000000,10.000000,casa,315,CHA,2026-09-06 19:30:00,26,0.000000,0.000000,0.000000,0.000000,0.019066,0.057198,0.000000,0.000000,0.246683,0.197347,0.599425,0.299713,0.000000,0.000000,0.302500,-0.030250,0.926733,1.390100,0.000000,0.000000,0.000000,0.000000,0.000000,0.000000,0.000000,-0.000000,0.000000,-0.000000,0.000000,-0.000000,0.000000,-0.000000,0.450000,-0.135000,0.000000,-0.000000,0.000000,-0.000000,1.779107,1.974225,1.876666,0.500000,0.500000
63289,Edenílson,MEI,263,BOT,6,10.000000,10.000000,casa,275,PAL,2026-09-06 18:30:00,26,0.000000,0.000000,0.000000,0.000000,0.022477,0.067431,0.005840,0.007009,0.164889,0.131912,0.590780,0.295390,0.000000,0.000000,0.006851,-0.000685,0.916984,1.375476,0.000000,0.000000,0.000000,0.000000,0.000000,0.000000,0.000000,-0.000000,0.000000,-0.000000,0.333333,-0.333333,0.000000,-0.000000,0.124333,-0.037300,0.000000,-0.000000,0.000000,-0.000000,1.505899,2.215199,1.860549,0.500000,0.500000
136156,Larson,MEI,275,PAL,6,10.000000,10.000000,fora,263,BOT,2026-09-06 18:30:00,26,0.000000,0.000000,0.000000,0.000000,0.018977,0.056930,0.247500,0.297000,0.184029,0.147223,0.595885,0.297942,0.000000,0.000000,0.000000,-0.000000,0.577034,0.865551,0.000000,0.000000,0.000000,0.000000,0.000000,0.000000,0.000000,-0.000000,0.000000,-0.000000,0.000000,-0.000000,0.000000,-0.000000,0.383625,-0.115088,0.000000,-0.000000,0.000000,-0.000000,1.549560,2.162248,1.855904,0.500000,0.500000
106323,Caio Alexandre,MEI,265,BAH,6,10.000000,10.000000,fora,280,RBB,2026-09-05 16:00:00,26,0.000000,0.000000,0.000000,0.000000,0.019295,0.057886,0.000000,0.000000,0.276141,0.220913,0.627259,0.313629,0.000000,0.000000,0.000000,-0.000000,0.876195,1.314293,0.000000,0.000000,0.000000,0.000000,0.000000,0.000000,0.000000,-0.000000,0.000000,-0.000000,0.000000,-0.000000,0.000000,-0.000000,0.673781,-0.202134,0.000000,-0.000000,0.000000,-0.000000,1.704586,1.982541,1.843563,0.500000,0.500000
102909,Luan,MEI,276,SAO,6,10.000000,10.000000,casa,282,CAM,2026-09-05 18:30:00,26,0.000000,0.000000,0.000000,0.000000,0.019189,0.057567,0.000000,0.000000,0.233239,0.186591,0.529213,0.264606,0.000000,0.000000,0.000000,-0.000000,1.064706,1.597058,0.000000,0.000000,0.000000,0.000000,0.000000,0.000000,0.000000,-0.000000,0.000000,-0.000000,0.333333,-0.333333,0.000000,-0.000000,0.495000,-0.148500,0.003571,-0.003571,0.000000,-0.000000,1.620419,2.065427,1.842923,0.500000,0.500000
70164,Lucas Moura,MEI,276,SAO,5,10.000000,10.000000,casa,282,CAM,2026-09-05 18:30:00,26,0.000000,0.000000,0.000000,0.000000,0.019081,0.057244,0.148581,0.178298,0.224507,0.179606,0.727322,0.363661,0.000000,0.000000,0.000000,-0.000000,0.740246,1.110369,0.000000,0.000000,0.000000,0.000000,0.000000,0.000000,0.000000,-0.000000,0.000000,-0.000000,0.000000,-0.000000,0.000000,-0.000000,0.812343,-0.243703,0.000000,-0.000000,0.000000,-0.000000,1.645474,2.034491,1.839983,0.500000,0.500000
79701,Lucas Silva,MEI,283,CRU,6,10.000000,10.000000,casa,293,CAP,2026-09-06 16:00:00,26,0.000000,0.000000,0.000000,0.000000,0.019348,0.058043,0.000000,0.000000,0.207924,0.166339,0.582096,0.291048,0.000000,0.000000,0.000000,-0.000000,1.123702,1.685553,0.000000,0.000000,0.000000,0.000000,0.000000,0.000000,0.000000,-0.000000,0.000000,-0.000000,0.333333,-0.333333,0.000000,-0.000000,0.301932,-0.090580,0.000000,-0.000000,0.000000,-0.000000,1.777070,1.895589,1.836329,0.500000,0.500000
125746,Dudu,MEI,293,CAP,6,10.000000,10.000000,fora,283,CRU,2026-09-06 16:00:00,26,0.000000,0.000000,0.000000,0.000000,0.019605,0.058815,0.000627,0.000752,0.248450,0.198760,0.536486,0.268243,0.000000,0.000000,0.000000,-0.000000,1.020953,1.531430,0.000000,0.000000,0.000000,0.000000,0.000000,0.000000,0.000000,-0.000000,0.000000,-0.000000,0.000000,-0.000000,0.000000,-0.000000,0.065523,-0.019657,0.000000,-0.000000,0.000000,-0.000000,2.038343,1.630374,1.834359,0.500000,0.500000
108162,Nardoni,MEI,284,GRE,6,10.000000,10.000000,fora,287,VIT,2026-09-07 20:00:00,26,0.000000,0.000000,0.000000,0.000000,0.019640,0.058920,0.136125,0.163350,0.200158,0.160126,0.874593,0.437297,0.000000,0.000000,0.006851,-0.000685,0.898380,1.347570,0.000000,0.000000,0.000000,0.000000,0.000000,0.000000,0.000000,-0.000000,0.000000,-0.000000,0.333333,-0.333333,0.000000,-0.000000,1.216909,-0.365073,0.005000,-0.005000,0.000000,-0.000000,1.463172,2.204075,1.833624,0.500000,0.500000
111760,Fabinho,MEI,280,RBB,6,10.000000,10.000000,casa,265,BAH,2026-09-05 16:00:00,26,0.000000,0.000000,0.000000,0.000000,0.019276,0.057828,0.000000,0.000000,0.181048,0.144838,0.661258,0.330629,0.000000,0.000000,0.000000,-0.000000,0.980422,1.470633,0.000000,0.000000,0.000000,0.000000,0.000000,0.000000,0.000000,-0.000000,0.022648,-0.067943,0.000000,-0.000000,0.000000,-0.000000,1.728782,-0.518635,0.005000,-0.005000,0.000000,-0.000000,1.412350,2.246683,1.829517,0.500000,0.500000
109461,Calebe,MEI,285,INT,6,10.000000,10.000000,casa,277,SAN,2026-09-06 16:00:00,26,0.000000,0.000000,0.000000,0.000000,0.018977,0.056930,0.000000,0.000000,0.194077,0.155261,0.880745,0.440373,0.000000,0.000000,0.000000,-0.000000,0.659115,0.988673,0.000000,0.000000,0.000000,0.000000,0.000000,0.000000,0.000000,-0.000000,0.000000,-0.000000,0.000000,-0.000000,0.000000,-0.000000,0.450000,-0.135000,0.000000,-0.000000,0.000000,-0.000000,1.506236,2.123804,1.815020,0.500000,0.500000
104693,Newton,MEI,276,SAO,6,10.000000,10.000000,casa,282,CAM,2026-09-05 18:30:00,26,0.000000,0.000000,0.000000,0.000000,0.019300,0.057900,0.074869,0.089843,0.233176,0.186541,0.630589,0.315295,0.000000,0.000000,0.000000,-0.000000,0.956649,1.434973,0.000000,0.000000,0.000000,0.000000,0.000000,0.000000,0.000000,-0.000000,0.000000,-0.000000,0.333333,-0.333333,0.000000,-0.000000,0.926158,-0.277847,0.003571,-0.003571,0.000000,-0.000000,1.469799,2.124276,1.797037,0.500000,0.500000
141615,Pedro Ferreira,MEI,276,SAO,6,10.000000,10.000000,casa,282,CAM,2026-09-05 18:30:00,26,0.000000,0.000000,0.000000,0.000000,0.018992,0.056976,0.247500,0.297000,0.212094,0.169675,0.881503,0.440752,0.000000,0.000000,0.000000,-0.000000,0.658429,0.987643,0.000000,0.000000,0.000000,0.000000,0.000000,0.000000,0.000000,-0.000000,0.000000,-0.000000,0.000000,-0.000000,0.000000,-0.000000,0.697500,-0.209250,0.000000,-0.000000,0.000000,-0.000000,1.742796,1.836576,1.789686,0.500000,0.500000
141344,Vitor Tissi,MEI,294,CFC,6,10.000000,10.000000,casa,2305,MIR,2026-09-06 11:00:00,26,0.000000,0.000000,0.000000,0.000000,0.019244,0.057731,0.000000,0.000000,0.191977,0.153582,0.707950,0.353975,0.000000,0.000000,0.000000,-0.000000,0.977690,1.466535,0.000000,0.000000,0.000000,0.000000,0.000000,0.000000,0.000000,-0.000000,0.000000,-0.000000,0.333333,-0.333333,0.000000,-0.000000,0.210994,-0.063298,0.037323,-0.037323,0.000000,-0.000000,1.597868,1.916849,1.757359,0.500000,0.500000
115914,Evertton Araújo,MEI,262,FLA,5,10.000000,10.000000,fora,364,REM,2026-09-06 16:00:00,26,0.000000,0.000000,0.000000,0.000000,0.019500,0.058500,0.000000,0.000000,0.128599,0.102879,0.530904,0.265452,0.000000,0.000000,0.000000,-0.000000,0.939242,1.408862,0.000000,0.000000,0.000000,0.000000,0.000000,0.000000,0.000000,-0.000000,0.000104,-0.000313,0.000000,-0.000000,0.000000,-0.000000,0.188766,-0.056630,0.000000,-0.000000,0.000000,-0.000000,1.778750,1.728633,1.753691,0.500000,0.500000
127970,Felipe Chiqueti,MEI,293,CAP,6,10.000000,10.000000,fora,283,CRU,2026-09-06 16:00:00,26,0.000000,0.000000,0.000000,0.000000,0.019439,0.058317,0.027681,0.033217,0.173993,0.139195,0.713845,0.356922,0.000000,0.000000,0.000000,-0.000000,0.920959,1.381438,0.000000,0.000000,0.000000,0.000000,0.000000,0.000000,0.000000,-0.000000,0.000000,-0.000000,0.000000,-0.000000,0.000000,-0.000000,1.086006,-0.325802,0.012778,-0.012778,0.000000,-0.000000,1.630509,1.857344,1.743926,0.500000,0.500000
82407,Chico Kim,MEI,2305,MIR,6,10.000000,10.000000,fora,294,CFC,2026-09-06 11:00:00,26,0.000000,0.000000,0.000000,0.000000,0.018829,0.056486,0.000000,0.000000,0.293517,0.234814,0.584055,0.292027,0.000000,0.000000,0.000000,-0.000000,0.665547,0.998320,0.000000,0.000000,0.000000,0.000000,0.000000,0.000000,0.000000,-0.000000,0.000000,-0.000000,0.000000,-0.000000,0.000000,-0.000000,0.136125,-0.040838,0.000000,-0.000000,0.000000,-0.000000,1.540809,1.938368,1.739589,0.500000,0.500000
86777,Danilo Barbosa,MEI,284,GRE,6,10.000000,10.000000,fora,287,VIT,2026-09-07 20:00:00,26,0.000000,0.000000,0.000000,0.000000,0.018669,0.056008,0.000000,0.000000,0.267808,0.214246,0.626094,0.313047,0.000000,0.000000,0.000000,-0.000000,0.556219,0.834329,0.000000,0.000000,0.000000,0.000000,0.000000,0.000000,0.000000,-0.000000,0.000000,-0.000000,0.000000,-0.000000,0.000000,-0.000000,0.450000,-0.135000,0.000000,-0.000000,0.000000,-0.000000,1.282630,2.180046,1.731338,0.500000,0.500000
110633,Gustavo,MEI,294,CFC,6,10.000000,10.000000,casa,2305,MIR,2026-09-06 11:00:00,26,0.000000,0.000000,0.000000,0.000000,0.019171,0.057513,0.000000,0.000000,0.231689,0.185351,0.582168,0.291084,0.000000,0.000000,0.000000,-0.000000,0.803412,1.205118,0.000000,0.000000,0.000000,0.000000,0.000000,0.000000,0.000000,-0.000000,0.000000,-0.000000,0.000000,-0.000000,0.000000,-0.000000,0.000000,-0.000000,0.004167,-0.004167,0.000000,-0.000000,1.734900,1.714578,1.724739,0.500000,0.500000
131832,Portilla,MEI,293,CAP,6,10.000000,10.000000,fora,283,CRU,2026-09-06 16:00:00,26,0.000000,0.000000,0.000000,0.000000,0.019674,0.059021,0.003768,0.004522,0.172688,0.138150,0.788606,0.394303,0.000000,0.000000,0.000000,-0.000000,1.038155,1.557233,0.000000,0.000000,0.000000,0.000000,0.000000,0.000000,0.000000,-0.000000,0.000000,-0.000000,0.333333,-0.333333,0.000000,-0.000000,0.468177,-0.140453,0.000000,-0.000000,0.000000,-0.000000,1.679442,1.688471,1.683957,0.500000,0.500000
97520,Shaylon,MEI,2305,MIR,2,10.000000,10.000000,fora,294,CFC,2026-09-06 11:00:00,26,0.000000,0.000000,0.000000,0.000000,0.019551,0.058654,0.076009,0.091210,0.152527,0.122022,0.654046,0.327023,0.000000,0.000000,0.000000,-0.000000,0.930383,1.395575,0.000000,0.000000,0.000000,0.000000,0.000000,0.000000,0.000000,-0.000000,0.000000,-0.000000,0.333333,-0.333333,0.000000,-0.000000,1.125943,-0.337783,0.000000,-0.000000,0.000000,-0.000000,1.323368,2.022456,1.672912,0.500000,0.500000
140496,Tiaguinho,MEI,284,GRE,6,10.000000,10.000000,fora,287,VIT,2026-09-07 20:00:00,26,0.000000,0.000000,0.000000,0.000000,0.018586,0.055759,0.000000,0.000000,0.278129,0.222503,0.514501,0.257250,0.000000,0.000000,0.000000,-0.000000,0.542824,0.814235,0.000000,0.000000,0.000000,0.000000,0.000000,0.000000,0.000000,-0.000000,0.000000,-0.000000,0.000000,-0.000000,0.000000,-0.000000,0.000000,-0.000000,0.000000,-0.000000,0.000000,-0.000000,1.349748,1.971650,1.660699,0.500000,0.500000
112939,Catarozzi,MEI,364,REM,6,10.000000,10.000000,casa,262,FLA,2026-09-06 16:00:00,26,0.000000,0.000000,0.000000,0.000000,0.018963,0.056890,0.000000,0.000000,0.292827,0.234262,0.525759,0.262879,0.000000,0.000000,0.000000,-0.000000,1.053557,1.580336,0.000000,0.000000,0.000000,0.000000,0.000000,0.000000,0.000000,-0.000000,0.000000,-0.000000,0.000000,-0.000000,0.000000,-0.000000,2.000000,-0.600000,0.006071,-0.006071,0.000000,-0.000000,1.528296,1.739447,1.633871,0.500000,0.500000
39656,Alan Franco,MEI,282,CAM,7,95.000000,85.000000,fora,276,SAO,2026-09-05 18:30:00,26,0.000000,0.000000,0.000000,0.000000,0.019516,0.058547,0.000402,0.000483,0.206075,0.164860,0.710341,0.355170,0.000000,0.000000,0.450345,-0.045034,1.061518,1.592277,0.000000,0.000000,0.000000,0.000000,0.000000,0.000000,0.000000,-0.000000,0.000000,-0.000000,0.333333,-0.333333,0.000000,-0.000000,0.653933,-0.196180,0.000000,-0.000000,0.000000,-0.000000,1.596790,1.668809,1.632800,0.500000,0.500000
146991,Rhuan Gabriel,MEI,283,CRU,6,10.000000,10.000000,casa,293,CAP,2026-09-06 16:00:00,26,0.000000,0.000000,0.000000,0.000000,0.019116,0.057348,0.000000,0.000000,0.291733,0.233387,1.736082,0.868041,0.000000,0.000000,0.000000,-0.000000,0.619792,0.929688,0.000000,0.000000,0.000000,0.000000,0.000000,0.000000,0.000000,-0.000000,0.000000,-0.000000,0.000000,-0.000000,0.000000,-0.000000,1.000000,-0.300000,0.011905,-0.011905,0.000000,-0.000000,1.776559,1.402065,1.589312,0.500000,0.500000
85465,Alex Santana,MEI,264,COR,6,10.000000,10.000000,casa,315,CHA,2026-09-06 19:30:00,26,0.000000,0.000000,0.000000,0.000000,0.018913,0.056738,0.000000,0.000000,0.245022,0.196018,0.524198,0.262099,0.000000,0.000000,0.000000,-0.000000,0.628355,0.942533,0.000000,0.000000,0.000000,0.000000,0.000000,0.000000,0.000000,-0.000000,0.000000,-0.000000,0.000000,-0.000000,0.000000,-0.000000,0.000000,-0.000000,0.000000,-0.000000,0.000000,-0.000000,1.457388,1.698834,1.578111,0.500000,0.500000
146701,Benjamin Arhin,MEI,285,INT,5,10.000000,10.000000,casa,277,SAN,2026-09-06 16:00:00,26,0.000000,0.000000,0.000000,0.000000,0.018365,0.055094,0.000000,0.000000,0.299988,0.239990,0.507329,0.253664,0.000000,0.000000,0.000000,-0.000000,0.651904,0.977855,0.000000,0.000000,0.000000,0.000000,0.000000,0.000000,0.000000,-0.000000,0.000000,-0.000000,0.000000,-0.000000,0.000000,-0.000000,1.000000,-0.300000,0.005878,-0.005878,0.000000,-0.000000,1.220725,1.930357,1.575541,0.500000,0.500000
140726,David Martins,MEI,265,BAH,6,10.000000,10.000000,fora,280,RBB,2026-09-05 16:00:00,26,0.000000,0.000000,0.000000,0.000000,0.018610,0.055829,0.000000,0.000000,0.267808,0.214246,0.514190,0.257095,0.000000,0.000000,0.000000,-0.000000,0.575892,0.863838,0.000000,0.000000,0.000000,0.000000,0.000000,0.000000,0.000000,-0.000000,0.000000,-0.000000,0.000000,-0.000000,0.000000,-0.000000,0.247500,-0.074250,0.000000,-0.000000,0.000000,-0.000000,1.316758,1.739053,1.527905,0.500000,0.500000
150757,Samuel Pierri,MEI,277,SAN,6,10.000000,10.000000,fora,285,INT,2026-09-06 16:00:00,26,0.000000,0.000000,0.000000,0.000000,0.018839,0.056518,0.000000,0.000000,0.259852,0.207882,0.521588,0.260794,0.000000,0.000000,0.000000,-0.000000,0.756836,1.135254,0.000000,0.000000,0.000000,0.000000,0.000000,0.000000,0.000000,-0.000000,0.000000,-0.000000,0.000000,-0.000000,0.000000,-0.000000,0.900000,-0.270000,0.000000,-0.000000,0.000000,-0.000000,1.390448,1.637144,1.513796,0.500000,0.500000
146623,Luis Pacheco,MEI,275,PAL,6,10.000000,10.000000,fora,263,BOT,2026-09-06 18:30:00,26,0.000000,0.000000,0.000000,0.000000,0.018614,0.055842,0.000000,0.000000,0.213358,0.170686,0.513449,0.256725,0.000000,0.000000,0.000000,-0.000000,0.707377,1.061065,0.000000,0.000000,0.000000,0.000000,0.000000,0.000000,0.000000,-0.000000,0.000000,-0.000000,0.666667,-0.666667,0.000000,-0.000000,0.450000,-0.135000,0.000000,-0.000000,0.000000,-0.000000,0.742652,2.276746,1.509699,0.500000,0.500000
146410,Marquinhos,MEI,263,BOT,6,10.000000,10.000000,casa,275,PAL,2026-09-06 18:30:00,26,0.000000,0.000000,0.000000,0.000000,0.018512,0.055537,0.000000,0.000000,0.324339,0.259472,0.511875,0.255937,0.000000,0.000000,0.000000,-0.000000,0.645481,0.968222,0.000000,0.000000,0.000000,0.000000,0.000000,0.000000,0.000000,-0.000000,0.000000,-0.000000,0.000000,-0.000000,0.000000,-0.000000,0.000000,-0.000000,0.059980,-0.059980,0.000000,-0.000000,1.479189,1.528918,1.504053,0.500000,0.500000
82463,Otávio,MEI,266,FLU,6,10.000000,10.000000,casa,267,VAS,2026-09-05 21:00:00,26,0.000000,0.000000,0.000000,0.000000,0.018886,0.056659,0.050328,0.060394,0.387940,0.310352,0.593531,0.296766,0.000000,0.000000,0.000000,-0.000000,0.893046,1.339569,0.000000,0.000000,0.000000,0.000000,0.000000,0.000000,0.000000,-0.000000,0.000000,-0.000000,0.333333,-0.333333,0.000000,-0.000000,1.672369,-0.501711,0.000000,-0.000000,0.000000,-0.000000,1.228696,1.768625,1.498661,0.500000,0.500000
143295,Joshua,MEI,262,FLA,6,10.000000,10.000000,fora,364,REM,2026-09-06 16:00:00,26,0.000000,0.000000,0.000000,0.000000,0.018438,0.055314,0.000000,0.000000,0.210257,0.168205,0.509932,0.254966,0.000000,0.000000,0.000000,-0.000000,0.549246,0.823869,0.000000,0.000000,0.000000,0.000000,0.000000,0.000000,0.000000,-0.000000,0.000000,-0.000000,0.000000,-0.000000,0.000000,-0.000000,1.000000,-0.300000,0.000000,-0.000000,0.000000,-0.000000,1.002354,1.926015,1.464184,0.500000,0.500000
130279,Lukas Zuccarello,MEI,267,VAS,6,10.000000,10.000000,fora,266,FLU,2026-09-05 21:00:00,26,0.000000,0.000000,0.000000,0.000000,0.019244,0.057732,0.000000,0.000000,0.177469,0.141975,0.793983,0.396991,0.000000,0.000000,0.000000,-0.000000,0.514994,0.772490,0.000000,0.000000,0.000000,0.000000,0.000000,0.000000,0.000000,-0.000000,0.000000,-0.000000,0.000000,-0.000000,0.000000,-0.000000,0.000000,-0.000000,0.049856,-0.049856,0.000000,-0.000000,1.319332,1.567047,1.443190,0.500000,0.500000
105901,Edson Fernando,MEI,364,REM,6,10.000000,10.000000,casa,262,FLA,2026-09-06 16:00:00,26,0.000000,0.000000,0.000000,0.000000,0.018365,0.055094,0.000000,0.000000,0.299988,0.239990,0.507329,0.253664,0.000000,0.000000,0.000000,-0.000000,0.651904,0.977855,0.000000,0.000000,0.000000,0.000000,0.000000,0.000000,0.000000,-0.000000,0.000000,-0.000000,0.000000,-0.000000,0.000000,-0.000000,1.000000,-0.300000,0.005878,-0.005878,0.000000,-0.000000,1.220725,1.613240,1.416983,0.500000,0.500000
124961,Castaño,MEI,282,CAM,7,95.000000,85.000000,fora,276,SAO,2026-09-05 18:30:00,26,0.000000,0.000000,0.000000,0.000000,0.018805,0.056416,0.450000,0.540000,0.293517,0.234814,0.520376,0.260188,0.000000,0.000000,0.000000,-0.000000,0.758081,1.137122,0.000000,0.000000,0.000000,0.000000,0.000000,0.000000,0.000000,-0.000000,0.000000,-0.000000,0.500000,-0.500000,0.000000,-0.000000,1.550000,-0.465000,0.000000,-0.000000,0.000000,-0.000000,1.263539,1.520637,1.392088,0.500000,0.500000
101405,Wallisson,MEI,2305,MIR,6,10.000000,10.000000,fora,294,CFC,2026-09-06 11:00:00,26,0.000000,0.000000,0.000000,0.000000,0.019307,0.057920,0.000000,0.000000,0.166410,0.133128,0.713289,0.356645,0.000000,0.000000,0.000345,-0.000034,1.040735,1.561103,0.000000,0.000000,0.000000,0.000000,0.000000,0.000000,0.000000,-0.000000,0.450000,-1.350000,0.000000,-0.000000,0.000000,-0.000000,1.900559,-0.570168,0.000000,-0.000000,0.000000,-0.000000,0.188593,2.340319,1.264456,0.500000,0.500000
148215,Djhordney,MEI,276,SAO,6,10.000000,10.000000,casa,282,CAM,2026-09-05 18:30:00,26,0.000000,0.000000,0.000000,0.000000,0.018488,0.055465,0.000000,0.000000,0.328035,0.262428,0.588607,0.294304,0.000000,0.000000,0.000000,-0.000000,0.812975,1.219463,0.000000,0.000000,0.000000,0.000000,0.000000,0.000000,0.000000,-0.000000,0.000000,-0.000000,0.333333,-0.333333,0.000000,-0.000000,1.752500,-0.525750,0.045350,-0.045350,0.000000,-0.000000,0.927226,1.503906,1.215566,0.500000,0.500000
99228,De la Cruz,MEI,262,FLA,6,10.000000,10.000000,fora,364,REM,2026-09-06 16:00:00,26,0.000000,0.000000,0.000000,0.000000,0.018758,0.056275,0.000000,0.000000,0.210788,0.168630,0.602533,0.301266,0.000000,0.000000,0.000000,-0.000000,0.746213,1.119319,0.000000,0.000000,0.000000,0.000000,0.000000,0.000000,0.000000,-0.000000,0.000000,-0.000000,0.666667,-0.666667,0.000000,-0.000000,0.799887,-0.239966,0.000000,-0.000000,0.000000,-0.000000,0.738858,1.540431,1.139644,0.500000,0.500000
130889,Riquelme,MEI,284,GRE,6,10.000000,10.000000,fora,287,VIT,2026-09-07 20:00:00,26,0.000000,0.000000,0.000000,0.000000,0.017930,0.053791,0.000000,0.000000,0.209036,0.167229,0.726191,0.363095,0.000000,0.000000,0.000000,-0.000000,0.589005,0.883507,0.000000,0.000000,0.000000,0.000000,0.000000,0.000000,0.000000,-0.000000,0.450000,-1.350000,0.000000,-0.000000,0.000000,-0.000000,1.450000,-0.435000,0.000000,-0.000000,0.000000,-0.000000,-0.317378,2.000354,0.841488,0.500000,0.500000
77510,Fred,MEI,282,CAM,6,10.000000,10.000000,fora,276,SAO,2026-09-05 18:30:00,26,0.000000,0.000000,0.000000,0.000000,0.018537,0.055610,0.000000,0.000000,0.325975,0.260780,1.130753,0.565376,0.000000,0.000000,0.000000,-0.000000,0.544964,0.817447,0.000000,0.000000,0.000000,0.000000,0.000000,0.000000,0.000000,-0.000000,0.000000,-0.000000,1.000000,-1.000000,0.000000,-0.000000,3.000000,-0.900000,0.004167,-0.004167,0.000000,-0.000000,-0.204954,1.458231,0.626639,0.500000,0.500000
107985,Terán,ZAG,293,CAP,6,10.000000,10.000000,fora,283,CRU,2026-09-06 16:00:00,26,0.040257,0.322052,0.005890,0.029450,0.022460,0.067381,0.059376,0.071251,0.023788,0.019030,0.666667,0.333333,0.000000,0.000000,0.000000,-0.000000,1.230685,1.846028,0.795783,3.978914,0.000000,0.000000,0.000000,0.000000,0.000000,-0.000000,0.000000,-0.000000,0.092004,-0.092004,0.000000,-0.000000,0.839860,-0.251958,0.000000,-0.000000,0.000000,-0.000000,6.323477,4.833009,5.578243,0.500000,0.500000
97867,Léo Ortiz,ZAG,262,FLA,6,10.000000,10.000000,fora,364,REM,2026-09-06 16:00:00,26,0.046947,0.375577,0.015985,0.079927,0.000000,0.000000,0.061458,0.073750,0.383625,0.306900,0.000000,0.000000,0.000000,0.000000,0.000000,-0.000000,1.076660,1.614990,0.679484,3.397418,0.000000,0.000000,0.000000,0.000000,0.000000,-0.000000,0.000000,-0.000000,0.208621,-0.208621,0.000000,-0.000000,0.824041,-0.247212,0.000000,-0.000000,0.000000,-0.000000,5.392728,4.514534,4.953631,0.500000,0.500000
133679,Benedetti,ZAG,275,PAL,6,10.000000,10.000000,fora,263,BOT,2026-09-06 18:30:00,26,0.040668,0.325344,0.007174,0.035871,0.000000,0.000000,0.003735,0.004482,0.000000,0.000000,0.000000,0.000000,0.000000,0.000000,0.000000,-0.000000,0.791862,1.187794,1.000000,5.000000,0.000000,0.000000,0.000000,0.000000,0.000000,-0.000000,0.000000,-0.000000,0.252664,-0.252664,0.000000,-0.000000,0.882371,-0.264711,0.000000,-0.000000,0.000000,-0.000000,6.036116,3.863042,4.949579,0.500000,0.500000
140492,João Victor,ZAG,262,FLA,6,10.000000,10.000000,fora,364,REM,2026-09-06 16:00:00,26,0.036548,0.292386,0.000000,0.000000,0.000000,0.000000,0.126499,0.151799,0.000000,0.000000,0.000000,0.000000,0.000000,0.000000,0.000000,-0.000000,0.930088,1.395133,1.000000,5.000000,0.000000,0.000000,0.000000,0.000000,0.000000,-0.000000,0.000000,-0.000000,0.289642,-0.289642,0.000000,-0.000000,0.871886,-0.261566,0.000000,-0.000000,0.000000,-0.000000,6.288109,3.453085,4.870597,0.500000,0.500000
83528,Léo Pereira,ZAG,262,FLA,7,95.000000,85.000000,fora,364,REM,2026-09-06 16:00:00,26,0.037373,0.298983,0.004054,0.020272,0.000000,0.000000,0.029992,0.035990,0.930837,0.744670,0.000000,0.000000,0.000000,0.000000,0.000000,-0.000000,1.257099,1.885648,0.614501,3.072504,0.000000,0.000000,0.000000,0.000000,0.000000,-0.000000,0.000000,-0.000000,0.337572,-0.337572,0.000000,-0.000000,0.863031,-0.258909,0.000000,-0.000000,0.000000,-0.000000,5.461586,4.211352,4.836469,0.500000,0.500000
105990,Santiago Mingo,ZAG,265,BAH,7,95.000000,85.000000,fora,280,RBB,2026-09-05 16:00:00,26,0.047206,0.377651,0.015281,0.076404,0.000000,0.000000,0.324391,0.389269,0.148581,0.118865,1.000000,0.500000,0.000000,0.000000,0.000000,-0.000000,1.280051,1.920076,0.363705,1.818525,0.000000,0.000000,0.000000,0.000000,0.000190,-0.000569,0.000000,-0.000000,0.166363,-0.166363,0.000000,-0.000000,0.806521,-0.241956,0.000000,-0.000000,0.000000,-0.000000,4.791903,4.849837,4.820870,0.500000,0.500000
113034,Freytes,ZAG,266,FLU,6,10.000000,10.000000,casa,267,VAS,2026-09-05 21:00:00,26,0.053951,0.431608,0.020620,0.103100,0.004167,0.012500,0.028562,0.034274,0.054334,0.043467,0.666667,0.333333,0.000000,0.000000,0.000000,-0.000000,1.174903,1.762355,0.451589,2.257945,0.000000,0.000000,0.000000,0.000000,0.000000,-0.000000,0.000000,-0.000000,0.107497,-0.107497,0.000000,-0.000000,0.733206,-0.219962,0.000000,-0.000000,0.000000,-0.000000,4.651123,4.959487,4.805305,0.500000,0.500000
92440,André Ramalho,ZAG,264,COR,5,10.000000,10.000000,casa,315,CHA,2026-09-06 19:30:00,26,0.051019,0.408149,0.018246,0.091230,0.014125,0.042376,0.050479,0.060575,0.247500,0.198000,1.000000,0.500000,0.000000,0.000000,0.000000,-0.000000,0.946324,1.419485,0.491178,2.455889,0.000000,0.000000,0.000000,0.000000,0.000000,-0.000000,0.000000,-0.000000,0.060565,-0.060565,0.000000,-0.000000,0.756430,-0.226929,0.000000,-0.000000,0.000000,-0.000000,4.888212,4.690466,4.789339,0.500000,0.500000
104085,Bruno Fuchs,ZAG,275,PAL,6,10.000000,10.000000,fora,263,BOT,2026-09-06 18:30:00,26,0.041160,0.329284,0.005424,0.027118,0.006746,0.020238,0.086529,0.103834,0.000000,0.000000,0.000000,0.000000,0.000000,0.000000,0.000000,-0.000000,1.061043,1.591565,0.683642,3.418208,0.000000,0.000000,0.000000,0.000000,0.000000,-0.000000,0.000000,-0.000000,0.121349,-0.121349,0.000000,-0.000000,0.811962,-0.243589,0.000000,-0.000000,0.000000,-0.000000,5.125309,4.244273,4.684791,0.500000,0.500000
89493,Igor Rabello,ZAG,266,FLU,5,10.000000,10.000000,casa,267,VAS,2026-09-05 21:00:00,26,0.039271,0.314165,0.001455,0.007275,0.000000,0.000000,0.143664,0.172397,0.550000,0.440000,0.000000,0.000000,0.000000,0.000000,0.000000,-0.000000,1.291196,1.936795,0.550000,2.750000,0.000000,0.000000,0.000000,0.000000,0.000000,-0.000000,0.000000,-0.000000,0.161468,-0.161468,0.000000,-0.000000,0.862137,-0.258641,0.000000,-0.000000,0.000000,-0.000000,5.200522,4.165333,4.682927,0.500000,0.500000
99274,Alexander Barboza,ZAG,275,PAL,2,10.000000,10.000000,fora,263,BOT,2026-09-06 18:30:00,26,0.040546,0.324371,0.010023,0.050114,0.014028,0.042083,0.259525,0.311430,0.290517,0.232414,0.000000,0.000000,0.000000,0.000000,0.000000,-0.000000,1.543330,2.314995,0.383625,1.918125,0.000000,0.000000,0.000000,0.000000,0.000000,-0.000000,0.000627,-0.001881,0.024952,-0.024952,0.000000,-0.000000,1.072868,-0.321860,0.000000,-0.000000,0.000000,-0.000000,4.844839,4.498799,4.671819,0.500000,0.500000
84847,Luan Peres,ZAG,277,SAN,7,95.000000,85.000000,fora,285,INT,2026-09-06 16:00:00,26,0.037162,0.297293,0.017632,0.088158,0.005903,0.017708,0.168604,0.202324,0.270148,0.216118,0.666667,0.333333,0.000000,0.000000,0.000000,-0.000000,1.358068,2.037103,0.591660,2.958299,0.000000,0.000000,0.000000,0.000000,0.000000,-0.000000,0.000345,-0.001034,0.205438,-0.205438,0.000000,-0.000000,1.033193,-0.309958,0.000000,-0.000000,0.000000,-0.000000,5.633906,3.651536,4.642721,0.500000,0.500000
110750,Gustavo Marques,ZAG,280,RBB,7,95.000000,85.000000,casa,265,BAH,2026-09-05 16:00:00,26,0.044607,0.356859,0.018641,0.093206,0.000000,0.000000,0.270304,0.324365,0.456294,0.365035,1.333333,0.666667,0.000000,0.000000,0.000000,-0.000000,1.268358,1.902538,0.358028,1.790142,0.000000,0.000000,0.000000,0.000000,0.000000,-0.000000,0.000000,-0.000000,0.182351,-0.182351,0.000000,-0.000000,0.880830,-0.264249,0.000000,-0.000000,0.000000,-0.000000,5.052211,4.210489,4.631350,0.500000,0.500000
111246,Alix Vinicius,ZAG,280,RBB,6,10.000000,10.000000,casa,265,BAH,2026-09-05 16:00:00,26,0.051104,0.408831,0.012082,0.060412,0.000556,0.001667,0.148979,0.178775,0.532065,0.425652,0.666667,0.333333,0.000000,0.000000,0.000000,-0.000000,1.129074,1.693612,0.366886,1.834431,0.000000,0.000000,0.000000,0.000000,0.000000,-0.000000,0.000104,-0.000313,0.119130,-0.119130,0.000000,-0.000000,0.839310,-0.251793,0.000000,-0.000000,0.000000,-0.000000,4.565476,4.665264,4.615370,0.500000,0.500000
91772,David Duarte,ZAG,265,BAH,7,95.000000,85.000000,fora,280,RBB,2026-09-05 16:00:00,26,0.042500,0.340001,0.003325,0.016625,0.000000,0.000000,0.297366,0.356839,0.587454,0.469964,1.000000,0.500000,0.000000,0.000000,0.000000,-0.000000,1.188852,1.783278,0.322473,1.612365,0.000000,0.000000,0.000000,0.000000,0.000345,-0.001034,0.000000,-0.000000,0.254527,-0.254527,0.000000,-0.000000,0.891774,-0.267532,0.000000,-0.000000,0.000000,-0.000000,4.555977,4.620003,4.587990,0.500000,0.500000
72951,Mercado,ZAG,285,INT,7,95.000000,85.000000,casa,277,SAN,2026-09-06 16:00:00,26,0.052136,0.417088,0.024712,0.123561,0.000000,0.000000,0.060126,0.072151,0.007196,0.005757,0.666667,0.333333,0.000000,0.000000,0.000000,-0.000000,1.303258,1.954887,0.461759,2.308794,0.000000,0.000000,0.000000,0.000000,0.000000,-0.000000,0.000000,-0.000000,0.203829,-0.203829,0.000000,-0.000000,0.752333,-0.225700,0.000000,-0.000000,0.000000,-0.000000,4.786042,4.218743,4.502393,0.500000,0.500000
63008,Rafael Tolói,ZAG,276,SAO,6,10.000000,10.000000,casa,282,CAM,2026-09-05 18:30:00,26,0.049696,0.397567,0.021943,0.109717,0.010048,0.030144,0.082965,0.099558,0.136125,0.108900,0.666667,0.333333,0.000000,0.000000,0.000000,-0.000000,1.122258,1.683387,0.297828,1.489142,0.000000,0.000000,0.000000,0.000000,0.000000,-0.000000,0.000000,-0.000000,0.084858,-0.084858,0.000000,-0.000000,0.859874,-0.257962,0.000000,-0.000000,0.000000,-0.000000,3.908929,4.908762,4.408846,0.500000,0.500000
93368,Lucas Veríssimo,ZAG,277,SAN,3,10.000000,10.000000,fora,285,INT,2026-09-06 16:00:00,26,0.047404,0.379228,0.016918,0.084591,0.003125,0.009375,0.039947,0.047936,0.117813,0.094251,0.666667,0.333333,0.000000,0.000000,0.000000,-0.000000,1.230873,1.846309,0.476113,2.380567,0.000000,0.000000,0.000000,0.000000,0.000000,-0.000000,0.000000,-0.000000,0.136548,-0.136548,0.000000,-0.000000,0.956584,-0.286975,0.000000,-0.000000,0.000000,-0.000000,4.752068,3.960707,4.356387,0.500000,0.500000
78855,Thiago Santos,ZAG,294,CFC,7,95.000000,85.000000,casa,2305,MIR,2026-09-06 11:00:00,26,0.050001,0.400007,0.016166,0.080831,0.000000,0.000000,0.209380,0.251256,0.772369,0.617895,1.333333,0.666667,0.000000,0.000000,0.000000,-0.000000,1.563194,2.344791,0.045867,0.229333,0.000000,0.000000,0.000000,0.000000,0.000000,-0.000000,0.000000,-0.000000,0.146671,-0.146671,0.000000,-0.000000,0.931294,-0.279388,0.000000,-0.000000,0.000000,-0.000000,4.164720,4.536388,4.350554,0.500000,0.500000
97878,Jacy,ZAG,294,CFC,7,95.000000,85.000000,casa,2305,MIR,2026-09-06 11:00:00,26,0.051908,0.415268,0.027625,0.138127,0.028864,0.086591,0.086271,0.103525,0.299710,0.239768,0.666667,0.333333,0.000000,0.000000,0.000000,-0.000000,1.715892,2.573838,0.023324,0.116618,0.000000,0.000000,0.000000,0.000000,0.000000,-0.000000,0.001140,-0.003419,0.214208,-0.214208,0.000000,-0.000000,0.852585,-0.255775,0.000000,-0.000000,0.000000,-0.000000,3.533666,5.038304,4.285985,0.500000,0.500000
78248,Gustavo Henrique,ZAG,264,COR,7,95.000000,85.000000,casa,315,CHA,2026-09-06 19:30:00,26,0.048750,0.389997,0.020017,0.100085,0.002276,0.006829,0.068503,0.082204,0.613214,0.490571,0.333333,0.166667,0.000000,0.000000,0.000000,-0.000000,1.232176,1.848264,0.106489,0.532443,0.000000,0.000000,0.000000,0.000000,0.000000,-0.000000,0.000000,-0.000000,0.167902,-0.167902,0.000000,-0.000000,0.780767,-0.234230,0.000000,-0.000000,0.000000,-0.000000,3.214928,5.243761,4.229345,0.500000,0.500000
117330,Robert Renan,ZAG,267,VAS,7,95.000000,85.000000,fora,266,FLU,2026-09-05 21:00:00,26,0.044095,0.352758,0.012296,0.061482,0.000000,0.000000,0.134655,0.161586,0.588203,0.470562,0.000000,0.000000,0.000000,0.000000,0.000000,-0.000000,1.865935,2.798903,0.142976,0.714880,0.000000,0.000000,0.000000,0.000000,0.000000,-0.000000,0.000000,-0.000000,0.103151,-0.103151,0.000000,-0.000000,0.988811,-0.296643,0.000000,-0.000000,0.000000,-0.000000,4.160376,4.232032,4.196204,0.500000,0.500000
103523,Ignácio,ZAG,266,FLU,7,95.000000,85.000000,casa,267,VAS,2026-09-05 21:00:00,26,0.032349,0.258795,0.002121,0.010603,0.000000,0.000000,0.123330,0.147996,0.389926,0.311941,0.666667,0.333333,0.000000,0.000000,0.000000,-0.000000,1.654375,2.481563,0.074869,0.374344,0.000000,0.000000,0.000000,0.000000,0.000000,-0.000000,0.000000,-0.000000,0.318064,-0.318064,0.000000,-0.000000,1.033509,-0.310053,0.000000,-0.000000,0.000000,-0.000000,3.290458,5.013130,4.151794,0.500000,0.500000
98617,Maripán,ZAG,285,INT,7,95.000000,85.000000,casa,277,SAN,2026-09-06 16:00:00,26,0.050208,0.401667,0.019894,0.099469,0.000556,0.001667,0.118422,0.142107,0.725181,0.580145,0.666667,0.333333,0.000000,0.000000,0.000000,-0.000000,1.113485,1.670227,0.322369,1.611844,0.000000,0.000000,0.000000,0.000000,0.000000,-0.000000,0.000000,-0.000000,0.254491,-0.254491,0.000000,-0.000000,1.050003,-0.315001,0.000000,-0.000000,0.000000,-0.000000,4.270966,4.010088,4.140527,0.500000,0.500000
102310,Matheus Felipe,ZAG,364,REM,6,10.000000,10.000000,casa,262,FLA,2026-09-06 16:00:00,26,0.050047,0.400380,0.019472,0.097362,0.043049,0.129147,0.029625,0.035550,0.000000,0.000000,0.000000,0.000000,0.000000,0.000000,0.000000,-0.000000,1.001818,1.502727,0.550000,2.750000,0.000000,0.000000,0.000000,0.000000,0.000000,-0.000000,0.000000,-0.000000,0.233775,-0.233775,0.000000,-0.000000,0.858320,-0.257496,0.000000,-0.000000,0.000000,-0.000000,4.423894,3.856516,4.140205,0.500000,0.500000
87225,Pedro Henrique,ZAG,280,RBB,7,95.000000,85.000000,casa,265,BAH,2026-09-05 16:00:00,26,0.047341,0.378729,0.020439,0.102193,0.005610,0.016829,0.223313,0.267976,0.076136,0.060909,0.333333,0.166667,0.000000,0.000000,0.000000,-0.000000,1.099858,1.649787,0.313630,1.568149,0.000000,0.000000,0.000000,0.000000,0.000000,-0.000000,0.000000,-0.000000,0.149696,-0.149696,0.000000,-0.000000,0.770885,-0.231265,0.333333,-0.333333,0.000000,-0.000000,3.496944,4.770029,4.133487,0.500000,0.500000
100842,Ruan,ZAG,282,CAM,5,10.000000,10.000000,fora,276,SAO,2026-09-05 18:30:00,26,0.038464,0.307714,0.000237,0.001185,0.000000,0.000000,0.102148,0.122577,0.003825,0.003060,0.000000,0.000000,0.000000,0.000000,0.000000,-0.000000,1.388716,2.083074,0.697902,3.489511,0.000000,0.000000,0.000000,0.000000,0.000000,-0.000000,0.000000,-0.000000,0.266181,-0.266181,0.000000,-0.000000,0.913524,-0.274057,0.000000,-0.000000,0.000000,-0.000000,5.466884,2.760823,4.113853,0.500000,0.500000
150825,Breno,ZAG,280,RBB,6,10.000000,10.000000,casa,265,BAH,2026-09-05 16:00:00,26,0.048654,0.389235,0.018667,0.093335,0.000000,0.000000,0.022153,0.026584,0.000000,0.000000,0.500000,0.250000,0.000000,0.000000,0.000000,-0.000000,0.911898,1.367847,0.450000,2.250000,0.000000,0.000000,0.000000,0.000000,0.000000,-0.000000,0.000000,-0.000000,0.152688,-0.152688,0.000000,-0.000000,0.799599,-0.239880,0.000000,-0.000000,0.000000,-0.000000,3.984433,4.157820,4.071126,0.500000,0.500000
100804,Tchamba,ZAG,364,REM,7,95.000000,85.000000,casa,262,FLA,2026-09-06 16:00:00,26,0.044973,0.359787,0.007278,0.036391,0.000000,0.000000,0.285558,0.342670,0.613681,0.490945,0.666667,0.333333,0.000000,0.000000,0.000000,-0.000000,1.450399,2.175598,0.075496,0.377478,0.000000,0.000000,0.000000,0.000000,0.004145,-0.012434,0.000000,-0.000000,0.066977,-0.066977,0.000000,-0.000000,0.780935,-0.234281,0.000000,-0.000000,0.000000,-0.000000,3.802510,4.333683,4.068097,0.500000,0.500000
69208,Gabriel Paulista,ZAG,264,COR,3,10.000000,10.000000,casa,315,CHA,2026-09-06 19:30:00,26,0.057420,0.459363,0.025061,0.125307,0.003125,0.009375,0.007812,0.009375,0.336300,0.269040,0.000000,0.000000,0.000000,0.000000,0.333333,-0.033333,1.316476,1.974714,0.106496,0.532482,0.000000,0.000000,0.000000,0.000000,0.000000,-0.000000,0.000000,-0.000000,0.149356,-0.149356,0.000000,-0.000000,0.706788,-0.212036,0.000000,-0.000000,0.000000,-0.000000,2.984931,5.063355,4.024143,0.500000,0.500000
90768,Fabrício Bruno,ZAG,283,CRU,7,95.000000,85.000000,casa,293,CAP,2026-09-06 16:00:00,26,0.057255,0.458039,0.029468,0.147340,0.011944,0.035833,0.143702,0.172443,0.000152,0.000121,0.000000,0.000000,0.000000,0.000000,0.000000,-0.000000,1.331741,1.997612,0.250107,1.250534,0.000000,0.000000,0.000000,0.000000,0.000000,-0.000000,0.000000,-0.000000,0.179477,-0.179477,0.000000,-0.000000,0.750752,-0.225226,0.000000,-0.000000,0.000000,-0.000000,3.657220,4.321400,3.989310,0.500000,0.500000
37715,Thiago Silva,ZAG,266,FLU,7,95.000000,85.000000,casa,267,VAS,2026-09-05 21:00:00,26,0.049284,0.394270,0.018557,0.092785,0.024014,0.072041,0.036659,0.043990,1.147500,0.918000,0.333333,0.166667,0.000000,0.000000,0.000000,-0.000000,0.971451,1.457177,0.247500,1.237500,0.000000,0.000000,0.000000,0.000000,0.000000,-0.000000,0.000000,-0.000000,0.243663,-0.243663,0.000000,-0.000000,0.819508,-0.245852,0.000000,-0.000000,0.000000,-0.000000,3.892915,3.961973,3.927444,0.500000,0.500000
132553,Jemmes,ZAG,266,FLU,6,10.000000,10.000000,casa,267,VAS,2026-09-05 21:00:00,26,0.053837,0.430695,0.030960,0.154798,0.006050,0.018150,0.046916,0.056299,0.181071,0.144857,0.333333,0.166667,0.000000,0.000000,0.000000,-0.000000,1.319047,1.978571,0.001434,0.007169,0.000000,0.000000,0.000000,0.000000,0.000000,-0.000000,0.000000,-0.000000,0.123688,-0.123688,0.000000,-0.000000,0.853524,-0.256057,0.000000,-0.000000,0.000000,-0.000000,2.577460,5.204492,3.890976,0.500000,0.500000
92182,Juninho,ZAG,285,INT,6,10.000000,10.000000,casa,277,SAN,2026-09-06 16:00:00,26,0.046633,0.373063,0.023189,0.115946,0.012121,0.036364,0.082618,0.099141,0.945000,0.756000,0.000000,0.000000,0.000000,0.000000,0.000000,-0.000000,1.092551,1.638827,0.398849,1.994247,0.000000,0.000000,0.000000,0.000000,0.000000,-0.000000,0.000000,-0.000000,0.118377,-0.118377,0.000000,-0.000000,0.744704,-0.223411,0.000000,-0.000000,0.000000,-0.000000,4.671799,3.054837,3.863318,0.500000,0.500000
105300,Ferraresi,ZAG,263,BOT,7,95.000000,85.000000,casa,275,PAL,2026-09-06 18:30:00,26,0.043106,0.344846,0.015919,0.079594,0.000000,0.000000,0.047515,0.057018,0.012991,0.010393,1.000000,0.500000,0.000000,0.000000,0.333333,-0.033333,2.213195,3.319793,0.041178,0.205889,0.000000,0.000000,0.000000,0.000000,0.022648,-0.067943,0.000000,-0.000000,0.328031,-0.328031,0.000000,-0.000000,0.995029,-0.298509,0.000000,-0.000000,0.000000,-0.000000,3.789716,3.911705,3.850711,0.500000,0.500000
97653,Murilo,ZAG,275,PAL,7,95.000000,85.000000,fora,263,BOT,2026-09-06 18:30:00,26,0.049754,0.398035,0.014872,0.074359,0.000000,0.000000,0.075528,0.090634,0.076040,0.060832,0.666667,0.333333,0.000000,0.000000,0.000000,-0.000000,1.372052,2.058078,0.127232,0.636158,0.000000,0.000000,0.000000,0.000000,0.000000,-0.000000,0.000345,-0.001034,0.167345,-0.167345,0.000000,-0.000000,0.888197,-0.266459,0.000000,-0.000000,0.000000,-0.000000,3.216591,4.415643,3.816117,0.500000,0.500000
91573,Arboleda,ZAG,276,SAO,7,95.000000,85.000000,casa,282,CAM,2026-09-05 18:30:00,26,0.052978,0.423827,0.014437,0.072184,0.043848,0.131543,0.027546,0.033055,0.450000,0.360000,1.000000,0.500000,0.000000,0.000000,0.000000,-0.000000,1.171193,1.756789,0.010619,0.053095,0.000000,0.000000,0.000000,0.000000,0.000000,-0.000000,0.000000,-0.000000,0.422789,-0.422789,0.000000,-0.000000,0.786082,-0.235825,0.000000,-0.000000,0.000000,-0.000000,2.671880,4.868253,3.770066,0.500000,0.500000
130048,Noriega,ZAG,284,GRE,7,95.000000,85.000000,fora,287,VIT,2026-09-07 20:00:00,26,0.048362,0.386894,0.019045,0.095223,0.000000,0.000000,0.034040,0.040848,0.491305,0.393044,1.333333,0.666667,0.000000,0.000000,0.000000,-0.000000,1.363786,2.045679,0.009550,0.047751,0.000000,0.000000,0.000000,0.000000,0.000000,-0.000000,0.000000,-0.000000,0.496120,-0.496120,0.000000,-0.000000,0.931566,-0.279470,0.000000,-0.000000,0.000000,-0.000000,2.900517,4.499403,3.699960,0.500000,0.500000
124912,Jonathan Jesus,ZAG,283,CRU,5,10.000000,10.000000,casa,293,CAP,2026-09-06 16:00:00,26,0.051207,0.409654,0.016293,0.081464,0.000556,0.001667,0.054358,0.065230,0.209054,0.167243,0.333333,0.166667,0.000000,0.000000,0.000000,-0.000000,1.514805,2.272207,0.075840,0.379202,0.000000,0.000000,0.000000,0.000000,0.000000,-0.000000,0.000000,-0.000000,0.190748,-0.190748,0.000000,-0.000000,0.894467,-0.268340,0.000000,-0.000000,0.000000,-0.000000,3.084246,4.293332,3.688789,0.500000,0.500000
109127,Tiago Cóser,ZAG,294,CFC,3,10.000000,10.000000,casa,2305,MIR,2026-09-06 11:00:00,26,0.050403,0.403222,0.022753,0.113765,0.000000,0.000000,0.019880,0.023856,0.074973,0.059978,1.000000,0.500000,0.000000,0.000000,0.000000,-0.000000,1.291127,1.936691,0.025123,0.125617,0.000000,0.000000,0.000000,0.000000,0.000000,-0.000000,0.001140,-0.003419,0.201681,-0.201681,0.000000,-0.000000,0.975934,-0.292780,0.000000,-0.000000,0.000000,-0.000000,2.665249,4.676996,3.671122,0.500000,0.500000
101393,Eduardo Doma,ZAG,315,CHA,7,95.000000,85.000000,fora,264,COR,2026-09-06 19:30:00,26,0.051920,0.415358,0.025226,0.126129,0.000510,0.001531,0.022740,0.027288,0.473435,0.378748,0.000000,0.000000,0.000000,0.000000,0.000000,-0.000000,1.241244,1.861866,0.247557,1.237787,0.000000,0.000000,0.000000,0.000000,0.000000,-0.000000,0.002072,-0.006217,0.347426,-0.347426,0.000000,-0.000000,0.730994,-0.219298,0.000000,-0.000000,0.000000,-0.000000,3.475764,3.852356,3.664060,0.500000,0.500000
91866,Zé Ivaldo,ZAG,364,REM,6,10.000000,10.000000,casa,262,FLA,2026-09-06 16:00:00,26,0.051675,0.413397,0.026092,0.130462,0.000000,0.000000,0.112030,0.134436,0.660994,0.528795,0.333333,0.166667,0.000000,0.000000,0.000000,-0.000000,1.090872,1.636307,0.136125,0.680625,0.000000,0.000000,0.000000,0.000000,0.022648,-0.067943,0.000000,-0.000000,0.165241,-0.165241,0.000000,-0.000000,0.779524,-0.233857,0.000000,-0.000000,0.000000,-0.000000,3.223646,4.030726,3.627186,0.500000,0.500000
125488,João Pedro,ZAG,264,COR,7,95.000000,85.000000,casa,315,CHA,2026-09-06 19:30:00,26,0.037798,0.302385,0.004325,0.021623,0.000000,0.000000,0.194698,0.233637,0.247500,0.198000,0.333333,0.166667,0.000000,0.000000,0.000000,-0.000000,1.075293,1.612939,0.247500,1.237500,0.000000,0.000000,0.000000,0.000000,0.000000,-0.000000,0.000000,-0.000000,0.256435,-0.256435,0.000000,-0.000000,1.024248,-0.307274,0.000000,-0.000000,0.000000,-0.000000,3.209042,4.007771,3.608406,0.500000,0.500000
85626,Léo,ZAG,293,CAP,6,10.000000,10.000000,fora,283,CRU,2026-09-06 16:00:00,26,0.040548,0.324381,0.006965,0.034827,0.000000,0.000000,0.003735,0.004482,0.000000,0.000000,0.000000,0.000000,0.000000,0.000000,0.000000,-0.000000,1.123691,1.685537,0.550000,2.750000,0.000000,0.000000,0.000000,0.000000,0.000000,-0.000000,0.000000,-0.000000,0.224344,-0.224344,0.000000,-0.000000,1.165984,-0.349795,0.000000,-0.000000,0.000000,-0.000000,4.225087,2.988853,3.606970,0.500000,0.500000
118655,Saldivia,ZAG,267,VAS,6,10.000000,10.000000,fora,266,FLU,2026-09-05 21:00:00,26,0.045318,0.362540,0.014988,0.074938,0.010000,0.030000,0.271955,0.326346,0.350887,0.280709,0.000000,0.000000,0.000000,0.000000,0.000000,-0.000000,1.159808,1.739712,0.450000,2.250000,0.000000,0.000000,0.000000,0.000000,0.022648,-0.067943,0.000000,-0.000000,0.200165,-0.200165,0.000000,-0.000000,0.840053,-0.252016,0.000000,-0.000000,0.000000,-0.000000,4.544122,2.663343,3.603733,0.500000,0.500000
63354,Rodrigo Moledo,ZAG,294,CFC,7,95.000000,85.000000,casa,2305,MIR,2026-09-06 11:00:00,26,0.046228,0.369821,0.013748,0.068738,0.006285,0.018854,0.018247,0.021896,0.000000,0.000000,1.000000,0.500000,0.000000,0.000000,0.000000,-0.000000,0.941570,1.412356,0.136125,0.680625,0.000000,0.000000,0.000000,0.000000,0.000000,-0.000000,0.000000,-0.000000,0.097319,-0.097319,0.000000,-0.000000,0.791052,-0.237316,0.000000,-0.000000,0.000000,-0.000000,2.737656,4.459368,3.598512,0.500000,0.500000
106593,Villalba,ZAG,283,CRU,2,10.000000,10.000000,casa,293,CAP,2026-09-06 16:00:00,26,0.047194,0.377555,0.010781,0.053903,0.000000,0.000000,0.242357,0.290828,0.013596,0.010877,0.000000,0.000000,0.000000,0.000000,0.000000,-0.000000,1.236253,1.854379,0.085488,0.427439,0.000000,0.000000,0.000000,0.000000,0.000000,-0.000000,0.000000,-0.000000,0.157752,-0.157752,0.000000,-0.000000,0.932923,-0.279877,0.000000,-0.000000,0.000000,-0.000000,2.577352,4.616972,3.597162,0.500000,0.500000
141131,Vitão,ZAG,282,CAM,7,95.000000,85.000000,fora,276,SAO,2026-09-05 18:30:00,26,0.043919,0.351354,0.012228,0.061140,0.000000,0.000000,0.020506,0.024608,0.450000,0.360000,0.000000,0.000000,0.000000,0.000000,0.000000,-0.000000,0.873642,1.310463,0.550000,2.750000,0.000000,0.000000,0.000000,0.000000,0.000000,-0.000000,0.000000,-0.000000,0.111324,-0.111324,0.000000,-0.000000,0.825087,-0.247526,0.000000,-0.000000,0.000000,-0.000000,4.498715,2.691385,3.595050,0.500000,0.500000
130843,Arthur Dias,ZAG,293,CAP,7,95.000000,85.000000,fora,283,CRU,2026-09-06 16:00:00,26,0.049607,0.396854,0.013294,0.066470,0.003125,0.009375,0.026930,0.032316,0.005880,0.004704,1.333333,0.666667,0.000000,0.000000,0.000000,-0.000000,1.365785,2.048677,0.129896,0.649480,0.000000,0.000000,0.000000,0.000000,0.000000,-0.000000,0.000000,-0.000000,0.287737,-0.287737,0.000000,-0.000000,0.975913,-0.292774,0.000000,-0.000000,0.000000,-0.000000,3.294031,3.882929,3.588480,0.500000,0.500000
70666,Marllon,ZAG,364,REM,7,95.000000,85.000000,casa,262,FLA,2026-09-06 16:00:00,26,0.062474,0.499788,0.035810,0.179049,0.002778,0.008333,0.063395,0.076074,0.472665,0.378132,0.666667,0.333333,0.000000,0.000000,0.000000,-0.000000,1.164618,1.746926,0.022837,0.114187,0.000000,0.000000,0.000000,0.000000,0.074869,-0.224606,0.000000,-0.000000,0.093333,-0.093333,0.000000,-0.000000,0.696280,-0.208884,0.000000,-0.000000,0.000000,-0.000000,2.808999,4.355807,3.582403,0.500000,0.500000
97642,Félix Torres,ZAG,285,INT,6,10.000000,10.000000,casa,277,SAN,2026-09-06 16:00:00,26,0.048009,0.384070,0.017161,0.085807,0.000000,0.000000,0.151296,0.181555,0.037908,0.030326,0.333333,0.166667,0.000000,0.000000,0.000000,-0.000000,1.543012,2.314518,0.144743,0.723713,0.000000,0.000000,0.000000,0.000000,0.000000,-0.000000,0.000000,-0.000000,0.306533,-0.306533,0.000000,-0.000000,0.758038,-0.227411,0.000000,-0.000000,0.000000,-0.000000,3.352712,3.775521,3.564116,0.500000,0.500000
71227,Maicon,ZAG,294,CFC,6,10.000000,10.000000,casa,2305,MIR,2026-09-06 11:00:00,26,0.060585,0.484681,0.027176,0.135881,0.044220,0.132659,0.046766,0.056119,0.000000,0.000000,0.333333,0.166667,0.000000,0.000000,0.000000,-0.000000,1.050213,1.575319,0.087560,0.437801,0.000000,0.000000,0.000000,0.000000,0.000000,-0.000000,0.012456,-0.037369,0.196123,-0.196123,0.000000,-0.000000,0.698584,-0.209575,0.333333,-0.333333,0.000000,-0.000000,2.212725,4.880409,3.546567,0.500000,0.500000
123869,Aguirre,ZAG,293,CAP,7,95.000000,85.000000,fora,283,CRU,2026-09-06 16:00:00,26,0.048859,0.390873,0.010298,0.051488,0.003125,0.009375,0.077171,0.092605,0.457991,0.366393,0.000000,0.000000,0.000000,0.000000,0.000000,-0.000000,1.362923,2.044385,0.145959,0.729796,0.000000,0.000000,0.000000,0.000000,0.000000,-0.000000,0.000000,-0.000000,0.153063,-0.153063,0.000000,-0.000000,1.017481,-0.305244,0.000000,-0.000000,0.000000,-0.000000,3.226607,3.857072,3.541839,0.500000,0.500000
145563,João Ananias,ZAG,277,SAN,6,10.000000,10.000000,fora,285,INT,2026-09-06 16:00:00,26,0.047486,0.379887,0.019253,0.096267,0.000000,0.000000,0.067176,0.080611,0.136125,0.108900,0.333333,0.166667,0.000000,0.000000,0.000000,-0.000000,1.043111,1.564666,0.450000,2.250000,0.000000,0.000000,0.000000,0.000000,0.136125,-0.408375,0.000000,-0.000000,0.187906,-0.187906,0.000000,-0.000000,0.846709,-0.254013,0.000000,-0.000000,0.000000,-0.000000,3.796704,3.271625,3.534164,0.500000,0.500000
87887,Balbuena,ZAG,284,GRE,6,10.000000,10.000000,fora,287,VIT,2026-09-07 20:00:00,26,0.042943,0.343541,0.010297,0.051483,0.000000,0.000000,0.020506,0.024608,0.247500,0.198000,0.333333,0.166667,0.000000,0.000000,0.000000,-0.000000,1.150882,1.726323,0.322369,1.611844,0.000000,0.000000,0.000000,0.000000,0.000000,-0.000000,0.000000,-0.000000,0.163461,-0.163461,0.000000,-0.000000,0.870368,-0.261110,0.000000,-0.000000,0.000000,-0.000000,3.697893,3.265459,3.481676,0.500000,0.500000
146430,Justino,ZAG,263,BOT,2,10.000000,10.000000,casa,275,PAL,2026-09-06 18:30:00,26,0.049653,0.397225,0.011559,0.057797,0.005604,0.016811,0.044003,0.052804,0.000000,0.000000,2.000000,1.000000,0.000000,0.000000,0.000000,-0.000000,1.057989,1.586983,0.074869,0.374344,0.000000,0.000000,0.000000,0.000000,0.000000,-0.000000,0.000000,-0.000000,0.069997,-0.069997,0.000000,-0.000000,0.912112,-0.273633,0.000000,-0.000000,0.000000,-0.000000,3.142333,3.811588,3.476960,0.500000,0.500000
105047,João Marcelo,ZAG,283,CRU,7,95.000000,85.000000,casa,293,CAP,2026-09-06 16:00:00,26,0.054337,0.434694,0.019918,0.099592,0.019215,0.057644,0.025000,0.030001,0.000000,0.000000,1.666667,0.833333,0.000000,0.000000,0.000000,-0.000000,1.069827,1.604741,0.012456,0.062281,0.000000,0.000000,0.000000,0.000000,0.000000,-0.000000,0.000000,-0.000000,0.088367,-0.088367,0.000000,-0.000000,0.908270,-0.272481,0.000000,-0.000000,0.000000,-0.000000,2.761439,4.188208,3.474823,0.500000,0.500000
97900,Vitão,ZAG,262,FLA,6,10.000000,10.000000,fora,364,REM,2026-09-06 16:00:00,26,0.051134,0.409071,0.022316,0.111578,0.002177,0.006531,0.043714,0.052456,0.259956,0.207965,0.000000,0.000000,0.000000,0.000000,0.000000,-0.000000,0.946009,1.419013,0.242015,1.210075,0.000000,0.000000,0.000000,0.000000,0.000000,-0.000000,0.000000,-0.000000,0.207995,-0.207995,0.000000,-0.000000,0.867194,-0.260158,0.000000,-0.000000,0.000000,-0.000000,2.948536,3.996699,3.472618,0.500000,0.500000
102340,Cacá,ZAG,287,VIT,3,10.000000,10.000000,casa,284,GRE,2026-09-07 20:00:00,26,0.056256,0.450046,0.032602,0.163011,0.032260,0.096781,0.062163,0.074596,0.945104,0.756083,0.000000,0.000000,0.000000,0.000000,0.000000,-0.000000,1.189800,1.784700,0.162232,0.811160,0.000000,0.000000,0.000000,0.000000,0.000000,-0.000000,0.074869,-0.224606,0.064575,-0.064575,0.000000,-0.000000,0.711326,-0.213398,0.000000,-0.000000,0.000000,-0.000000,3.633799,3.278543,3.456171,0.500000,0.500000
72605,Vitor Hugo,ZAG,282,CAM,7,95.000000,85.000000,fora,276,SAO,2026-09-05 18:30:00,26,0.042299,0.338389,0.025321,0.126605,0.010134,0.030402,0.014443,0.017332,0.016224,0.012979,0.000000,0.000000,0.000000,0.000000,0.000000,-0.000000,0.921044,1.381566,0.408345,2.041726,0.000000,0.000000,0.000000,0.000000,0.000000,-0.000000,0.000000,-0.000000,0.234845,-0.234845,0.000000,-0.000000,0.819850,-0.245955,0.000000,-0.000000,0.000000,-0.000000,3.468199,3.333684,3.400941,0.500000,0.500000
104075,Sabino,ZAG,276,SAO,7,95.000000,85.000000,casa,282,CAM,2026-09-05 18:30:00,26,0.057051,0.456411,0.021863,0.109314,0.006696,0.020089,0.013738,0.016485,0.003958,0.003166,0.333333,0.166667,0.000000,0.000000,0.000000,-0.000000,1.289388,1.934082,0.007013,0.035063,0.000000,0.000000,0.000000,0.000000,0.000000,-0.000000,0.000000,-0.000000,0.214456,-0.214456,0.000000,-0.000000,0.762970,-0.228891,0.000000,-0.000000,0.000000,-0.000000,2.297930,4.446067,3.371999,0.500000,0.500000
111309,Gustavo Martins,ZAG,284,GRE,7,95.000000,85.000000,fora,287,VIT,2026-09-07 20:00:00,26,0.036245,0.289956,0.002643,0.013215,0.028924,0.086771,0.073631,0.088357,0.266236,0.212989,1.000000,0.500000,0.000000,0.000000,0.000000,-0.000000,1.078995,1.618492,0.033267,0.166334,0.000000,0.000000,0.000000,0.000000,0.136125,-0.408375,0.000000,-0.000000,0.066858,-0.066858,0.000000,-0.000000,0.827555,-0.248267,0.000000,-0.000000,0.000000,-0.000000,2.252614,4.468166,3.360390,0.500000,0.500000
71684,Gustavo Gómez,ZAG,275,PAL,2,10.000000,10.000000,fora,263,BOT,2026-09-06 18:30:00,26,0.040908,0.327268,0.008454,0.042268,0.000000,0.000000,0.174270,0.209125,0.089952,0.071962,0.000000,0.000000,0.000000,0.000000,0.333333,-0.033333,1.376898,2.065348,0.089572,0.447862,0.000000,0.000000,0.000000,0.000000,0.000000,-0.000000,0.000000,-0.000000,0.253165,-0.253165,0.000000,-0.000000,1.107463,-0.332239,0.000000,-0.000000,0.000000,-0.000000,2.545095,4.053696,3.299395,0.500000,0.500000
98484,Kanu,ZAG,265,BAH,6,10.000000,10.000000,fora,280,RBB,2026-09-05 16:00:00,26,0.052218,0.417743,0.025335,0.126674,0.000000,0.000000,0.012252,0.014702,0.000000,0.000000,0.333333,0.166667,0.000000,0.000000,0.333333,-0.033333,0.815945,1.223918,0.302500,1.512500,0.000000,0.000000,0.000000,0.000000,0.000000,-0.000000,0.000000,-0.000000,0.061751,-0.061751,0.000000,-0.000000,0.783254,-0.234976,0.000000,-0.000000,0.000000,-0.000000,3.132144,3.436954,3.284549,0.500000,0.500000
150197,Osorio,ZAG,276,SAO,6,10.000000,10.000000,casa,282,CAM,2026-09-05 18:30:00,26,0.050904,0.407230,0.028713,0.143563,0.006265,0.018794,0.024356,0.029227,0.000000,0.000000,0.666667,0.333333,0.000000,0.000000,0.000000,-0.000000,1.111625,1.667437,0.000000,0.000000,0.000000,0.000000,0.000000,0.000000,0.000000,-0.000000,0.000000,-0.000000,0.309613,-0.309613,0.000000,-0.000000,0.966655,-0.289997,0.000000,-0.000000,0.000000,-0.000000,1.999974,4.509705,3.254840,0.500000,0.500000
124219,Millán,ZAG,266,FLU,6,10.000000,10.000000,casa,267,VAS,2026-09-05 21:00:00,26,0.057763,0.462107,0.029748,0.148739,0.008939,0.026818,0.092722,0.111267,0.722250,0.577800,0.000000,0.000000,0.000000,0.000000,0.000000,-0.000000,0.903592,1.355389,0.000000,0.000000,0.000000,0.000000,0.000000,0.000000,0.000000,-0.000000,0.000000,-0.000000,0.155818,-0.155818,0.000000,-0.000000,0.731677,-0.219503,0.000000,-0.000000,0.000000,-0.000000,2.306799,4.159786,3.233293,0.500000,0.500000
115537,Marcos Victor,ZAG,265,BAH,2,10.000000,10.000000,fora,280,RBB,2026-09-05 16:00:00,26,0.045412,0.363296,0.018612,0.093061,0.000000,0.000000,0.021872,0.026247,0.000000,0.000000,0.000000,0.000000,0.000000,0.000000,0.000000,-0.000000,1.039459,1.559189,0.247500,1.237500,0.000000,0.000000,0.000000,0.000000,0.000000,-0.000000,0.000000,-0.000000,0.135167,-0.135167,0.000000,-0.000000,0.726891,-0.218067,0.000000,-0.000000,0.000000,-0.000000,2.926058,3.474264,3.200161,0.500000,0.500000
96793,Camutanga,ZAG,287,VIT,5,10.000000,10.000000,casa,284,GRE,2026-09-07 20:00:00,26,0.048912,0.391297,0.025235,0.126177,0.005358,0.016073,0.279572,0.335487,0.050328,0.040263,0.333333,0.166667,0.000000,0.000000,0.000000,-0.000000,1.197598,1.796396,0.204983,1.024917,0.000000,0.000000,0.000000,0.000000,0.074869,-0.224606,0.000000,-0.000000,0.136301,-0.136301,0.000000,-0.000000,0.811952,-0.243586,0.000000,-0.000000,0.000000,-0.000000,3.292784,3.088308,3.190546,0.500000,0.500000
100342,Léo Andrade,ZAG,364,REM,6,10.000000,10.000000,casa,262,FLA,2026-09-06 16:00:00,26,0.050483,0.403864,0.020572,0.102860,0.043199,0.129598,0.027047,0.032456,0.000000,0.000000,0.333333,0.166667,0.000000,0.000000,0.000000,-0.000000,1.256280,1.884420,0.000000,0.000000,0.000000,0.000000,0.000000,0.000000,0.000000,-0.000000,0.000000,-0.000000,0.146371,-0.146371,0.000000,-0.000000,0.872562,-0.261769,0.000000,-0.000000,0.000000,-0.000000,2.311726,4.021355,3.166540,0.500000,0.500000
104994,Wagner Leonardo,ZAG,284,GRE,6,10.000000,10.000000,fora,287,VIT,2026-09-07 20:00:00,26,0.054560,0.436484,0.021378,0.106888,0.011168,0.033504,0.021081,0.025298,0.026416,0.021133,0.333333,0.166667,0.000000,0.000000,0.000000,-0.000000,0.961771,1.442656,0.063826,0.319128,0.000000,0.000000,0.000000,0.000000,0.000000,-0.000000,0.006851,-0.020553,0.176834,-0.176834,0.000000,-0.000000,0.772702,-0.231811,0.000000,-0.000000,0.000000,-0.000000,2.122560,4.108322,3.115441,0.500000,0.500000
106313,Domingos Duarte,ZAG,276,SAO,7,95.000000,85.000000,casa,282,CAM,2026-09-05 18:30:00,26,0.043589,0.348712,0.008301,0.041503,0.000000,0.000000,0.133993,0.160791,0.000000,0.000000,0.666667,0.333333,0.000000,0.000000,0.000000,-0.000000,1.408820,2.113229,0.000000,0.000000,0.000000,0.000000,0.000000,0.000000,0.000000,-0.000000,0.000000,-0.000000,0.096930,-0.096930,0.000000,-0.000000,0.899788,-0.269936,0.000000,-0.000000,0.000000,-0.000000,2.630703,3.592728,3.111716,0.500000,0.500000
92087,Lyanco,ZAG,282,CAM,5,10.000000,10.000000,fora,276,SAO,2026-09-05 18:30:00,26,0.048242,0.385936,0.026557,0.132785,0.005788,0.017364,0.023890,0.028669,0.479499,0.383599,1.000000,0.500000,0.000000,0.000000,0.000000,-0.000000,1.048213,1.572320,0.151349,0.756747,0.000000,0.000000,0.000000,0.000000,0.000000,-0.000000,0.041178,-0.123533,0.364743,-0.364743,0.000000,-0.000000,0.806702,-0.242011,0.000000,-0.000000,0.000000,-0.000000,3.047133,3.163136,3.105135,0.500000,0.500000
69783,Danilo,ZAG,262,FLA,7,95.000000,85.000000,fora,364,REM,2026-09-06 16:00:00,26,0.051417,0.411333,0.022015,0.110075,0.000000,0.000000,0.015312,0.018374,0.041178,0.032942,0.000000,0.000000,0.000000,0.000000,0.000000,-0.000000,1.029390,1.544085,0.074869,0.374344,0.000000,0.000000,0.000000,0.000000,0.000000,-0.000000,0.041178,-0.123533,0.156645,-0.156645,0.000000,-0.000000,0.740114,-0.222034,0.000000,-0.000000,0.000000,-0.000000,1.988939,4.070200,3.029570,0.500000,0.500000
101908,Willian Machado,ZAG,2305,MIR,7,95.000000,85.000000,fora,294,CFC,2026-09-06 11:00:00,26,0.049221,0.393764,0.021223,0.106115,0.000000,0.000000,0.014299,0.017159,0.041321,0.033057,0.333333,0.166667,0.000000,0.000000,0.000000,-0.000000,1.485605,2.228408,0.022648,0.113239,0.000000,0.000000,0.000000,0.000000,0.000000,-0.000000,0.000000,-0.000000,0.213494,-0.213494,0.000000,-0.000000,1.019746,-0.305924,0.000000,-0.000000,0.000000,-0.000000,2.538991,3.502672,3.020832,0.500000,0.500000
130307,Wallace,ZAG,284,GRE,7,95.000000,85.000000,fora,287,VIT,2026-09-07 20:00:00,26,0.043535,0.348279,0.005173,0.025865,0.000000,0.000000,0.015034,0.018041,0.413875,0.331100,1.333333,0.666667,0.000000,0.000000,0.000000,-0.000000,0.986220,1.479330,0.000000,0.000000,0.000000,0.000000,0.000000,0.000000,0.000000,-0.000000,0.000000,-0.000000,0.259041,-0.259041,0.000000,-0.000000,0.883054,-0.264916,0.000000,-0.000000,0.000000,-0.000000,2.345325,3.685175,3.015250,0.500000,0.500000
115141,Lucas Freitas,ZAG,267,VAS,6,10.000000,10.000000,fora,266,FLU,2026-09-05 21:00:00,26,0.038048,0.304382,0.005698,0.028492,0.000000,0.000000,0.096353,0.115624,0.450000,0.360000,0.333333,0.166667,0.000000,0.000000,0.000000,-0.000000,0.801204,1.201806,0.247500,1.237500,0.000000,0.000000,0.000000,0.000000,0.000000,-0.000000,0.000000,-0.000000,0.121349,-0.121349,0.000000,-0.000000,0.849601,-0.254880,0.000000,-0.000000,0.000000,-0.000000,3.038241,2.911154,2.974697,0.500000,0.500000
101995,Brítez,ZAG,287,VIT,7,95.000000,85.000000,casa,284,GRE,2026-09-07 20:00:00,26,0.051518,0.412144,0.023341,0.116703,0.049170,0.147510,0.022135,0.026562,0.091506,0.073205,0.666667,0.333333,0.000000,0.000000,0.000000,-0.000000,1.035161,1.552742,0.136125,0.680625,0.000000,0.000000,0.000000,0.000000,0.000000,-0.000000,0.000000,-0.000000,0.204609,-0.204609,0.000000,-0.000000,0.790950,-0.237285,0.000000,-0.000000,0.000000,-0.000000,2.900930,2.883199,2.892065,0.500000,0.500000
97095,Carlos Cuesta,ZAG,267,VAS,7,95.000000,85.000000,fora,266,FLU,2026-09-05 21:00:00,26,0.055440,0.443520,0.022887,0.114436,0.032426,0.097277,0.027477,0.032972,0.001906,0.001525,0.333333,0.166667,0.000000,0.000000,0.000000,-0.000000,0.994100,1.491150,0.081720,0.408599,0.000000,0.000000,0.000000,0.000000,0.000766,-0.002299,0.012456,-0.037369,0.218115,-0.218115,0.000000,-0.000000,0.725720,-0.217716,0.333333,-0.333333,0.000000,-0.000000,1.947314,3.493089,2.720201,0.500000,0.500000
97460,João Victor,ZAG,2305,MIR,7,95.000000,85.000000,fora,294,CFC,2026-09-06 11:00:00,26,0.041796,0.334372,0.006019,0.030094,0.000000,0.000000,0.147409,0.176891,0.463786,0.371029,0.333333,0.166667,0.000000,0.000000,0.333333,-0.033333,1.354408,2.031613,0.006851,0.034255,0.000000,0.000000,0.000000,0.000000,0.002072,-0.006217,0.000000,-0.000000,0.223854,-0.223854,0.000000,-0.000000,0.798649,-0.239595,0.000000,-0.000000,0.000000,-0.000000,2.641920,2.757658,2.699789,0.500000,0.500000
111466,Victor Gabriel,ZAG,285,INT,3,10.000000,10.000000,casa,277,SAN,2026-09-06 16:00:00,26,0.062600,0.500803,0.025437,0.127184,0.036389,0.109167,0.291509,0.349811,0.035104,0.028083,0.000000,0.000000,0.000000,0.000000,0.000000,-0.000000,1.207599,1.811398,0.050101,0.250506,0.000000,0.000000,0.000000,0.000000,0.000000,-0.000000,0.450000,-1.350000,0.116332,-0.116332,0.000000,-0.000000,0.783728,-0.235118,0.333333,-0.333333,0.000000,-0.000000,1.142170,4.246439,2.694304,0.500000,0.500000
142257,Luis Eduardo,ZAG,284,GRE,6,10.000000,10.000000,fora,287,VIT,2026-09-07 20:00:00,26,0.055781,0.446246,0.030632,0.153161,0.052654,0.157963,0.146042,0.175251,0.000000,0.000000,0.000000,0.000000,0.000000,0.000000,0.000000,-0.000000,0.808248,1.212372,0.000000,0.000000,0.000000,0.000000,0.000000,0.000000,0.000000,-0.000000,0.000000,-0.000000,0.103319,-0.103319,0.000000,-0.000000,0.746791,-0.224037,0.000000,-0.000000,0.000000,-0.000000,1.817635,3.490387,2.654011,0.500000,0.500000
124483,Lucas Monzón,ZAG,263,BOT,2,10.000000,10.000000,casa,275,PAL,2026-09-06 18:30:00,26,0.056646,0.453171,0.029473,0.147366,0.019643,0.058929,0.110373,0.132447,0.000000,0.000000,0.500000,0.250000,0.000000,0.000000,0.000000,-0.000000,0.920170,1.380255,0.000000,0.000000,0.000000,0.000000,0.000000,0.000000,0.000000,-0.000000,0.000000,-0.000000,0.111313,-0.111313,0.000000,-0.000000,0.779419,-0.233826,0.000000,-0.000000,0.000000,-0.000000,2.077029,3.115707,2.596368,0.500000,0.500000
106434,Eduardo Santos,ZAG,280,RBB,6,10.000000,10.000000,casa,265,BAH,2026-09-05 16:00:00,26,0.054178,0.433427,0.024521,0.122606,0.036599,0.109797,0.000000,0.000000,0.000000,0.000000,0.000000,0.000000,0.000000,0.000000,0.000000,-0.000000,0.910900,1.366350,0.000000,0.000000,0.000000,0.000000,0.000000,0.000000,0.000000,-0.000000,0.000000,-0.000000,0.129012,-0.129012,0.000000,-0.000000,0.708355,-0.212506,0.000000,-0.000000,0.000000,-0.000000,1.690663,3.447114,2.568888,0.500000,0.500000
87342,Kannemann,ZAG,284,GRE,6,10.000000,10.000000,fora,287,VIT,2026-09-07 20:00:00,26,0.055605,0.444839,0.029939,0.149695,0.054709,0.164126,0.000000,0.000000,0.000000,0.000000,0.000000,0.000000,0.000000,0.000000,0.000000,-0.000000,0.930316,1.395474,0.000000,0.000000,0.000000,0.000000,0.000000,0.000000,0.000000,-0.000000,0.000000,-0.000000,0.069742,-0.069742,0.000000,-0.000000,0.706422,-0.211927,0.333333,-0.333333,0.000000,-0.000000,1.539133,3.596092,2.567612,0.500000,0.500000
130806,Kauan,ZAG,315,CHA,7,95.000000,85.000000,fora,264,COR,2026-09-06 19:30:00,26,0.049888,0.399102,0.024255,0.121277,0.000510,0.001531,0.036790,0.044148,0.000000,0.000000,0.000000,0.000000,0.000000,0.000000,0.000000,-0.000000,0.922226,1.383338,0.247500,1.237500,0.000000,0.000000,0.000000,0.000000,0.136125,-0.408375,0.000000,-0.000000,0.176376,-0.176376,0.000000,-0.000000,0.736488,-0.220946,0.000000,-0.000000,0.000000,-0.000000,2.381199,2.687416,2.534307,0.500000,0.500000
107453,João Paulo,ZAG,315,CHA,5,10.000000,10.000000,fora,264,COR,2026-09-06 19:30:00,26,0.043249,0.345993,0.020320,0.101598,0.000000,0.000000,0.015796,0.018955,0.495000,0.396000,0.666667,0.333333,0.000000,0.000000,0.000000,-0.000000,1.024556,1.536833,0.000000,0.000000,0.000000,0.000000,0.000000,0.000000,0.000000,-0.000000,0.000000,-0.000000,0.449248,-0.449248,0.000000,-0.000000,0.962698,-0.288809,0.000000,-0.000000,0.000000,-0.000000,1.994655,2.924719,2.459687,0.500000,0.500000
97432,Victor Caetano,ZAG,315,CHA,6,10.000000,10.000000,fora,264,COR,2026-09-06 19:30:00,26,0.054529,0.436236,0.030404,0.152018,0.000833,0.002500,0.073579,0.088295,0.000000,0.000000,0.000000,0.000000,0.000000,0.000000,0.333333,-0.033333,1.027456,1.541184,0.000000,0.000000,0.000000,0.000000,0.000000,0.000000,0.000000,-0.000000,0.000000,-0.000000,0.165920,-0.165920,0.000000,-0.000000,0.725663,-0.217699,0.000000,-0.000000,0.000000,-0.000000,1.803280,2.966516,2.384898,0.500000,0.500000
94514,Lucas Oliveira,ZAG,2305,MIR,6,10.000000,10.000000,fora,294,CFC,2026-09-06 11:00:00,26,0.049193,0.393541,0.015625,0.078127,0.000000,0.000000,0.000000,0.000000,0.022648,0.018118,0.000000,0.000000,0.000000,0.000000,0.000000,-0.000000,1.054223,1.581335,0.074869,0.374344,0.000000,0.000000,0.000000,0.000000,0.000000,-0.000000,0.000000,-0.000000,0.199036,-0.199036,0.000000,-0.000000,0.739181,-0.221754,0.000000,-0.000000,0.000000,-0.000000,2.024673,2.632084,2.328379,0.500000,0.500000
148124,Vinicius,ZAG,315,CHA,5,10.000000,10.000000,fora,264,COR,2026-09-06 19:30:00,26,0.054588,0.436702,0.029351,0.146756,0.067277,0.201830,0.086918,0.104302,0.000000,0.000000,0.000000,0.000000,0.000000,0.000000,0.000000,-0.000000,0.881443,1.322165,0.000000,0.000000,0.000000,0.000000,0.000000,0.000000,0.000000,-0.000000,0.000000,-0.000000,0.077168,-0.077168,0.000000,-0.000000,0.694685,-0.208405,0.000000,-0.000000,0.000000,-0.000000,1.926182,2.701504,2.313843,0.500000,0.500000
123445,Dantas,ZAG,293,CAP,7,95.000000,85.000000,fora,283,CRU,2026-09-06 16:00:00,26,0.042355,0.338838,0.017630,0.088152,0.000000,0.000000,0.020506,0.024608,0.000000,0.000000,0.333333,0.166667,0.000000,0.000000,0.000000,-0.000000,1.185877,1.778816,0.000000,0.000000,0.000000,0.000000,0.000000,0.000000,0.000000,-0.000000,0.000000,-0.000000,0.186247,-0.186247,0.000000,-0.000000,0.941826,-0.282548,0.000000,-0.000000,0.000000,-0.000000,1.928286,2.655008,2.291647,0.500000,0.500000
117061,Gabriel Knesowitsch,ZAG,2305,MIR,6,10.000000,10.000000,fora,294,CFC,2026-09-06 11:00:00,26,0.057405,0.459243,0.029401,0.147004,0.031211,0.093633,0.146042,0.175251,0.000000,0.000000,0.000000,0.000000,0.000000,0.000000,0.000000,-0.000000,0.848391,1.272587,0.000000,0.000000,0.000000,0.000000,0.000000,0.000000,0.000000,-0.000000,0.000000,-0.000000,0.073666,-0.073666,0.000000,-0.000000,0.719858,-0.215957,0.000000,-0.000000,0.000000,-0.000000,1.858093,2.580560,2.219327,0.500000,0.500000
105842,Edu,ZAG,287,VIT,5,10.000000,10.000000,casa,284,GRE,2026-09-07 20:00:00,26,0.053847,0.430778,0.025644,0.128221,0.118626,0.355879,0.068920,0.082704,0.000000,0.000000,0.000000,0.000000,0.000000,0.000000,0.000000,-0.000000,0.993409,1.490113,0.000000,0.000000,0.000000,0.000000,0.000000,0.000000,0.000000,-0.000000,0.000000,-0.000000,0.183200,-0.183200,0.000000,-0.000000,0.666495,-0.199948,0.000000,-0.000000,0.000000,-0.000000,2.104546,2.212828,2.158687,0.500000,0.500000
83048,Rafael Thyere,ZAG,315,CHA,6,10.000000,10.000000,fora,264,COR,2026-09-06 19:30:00,26,0.055374,0.442990,0.029848,0.149239,0.059570,0.178710,0.018109,0.021731,0.000000,0.000000,0.000000,0.000000,0.000000,0.000000,0.000000,-0.000000,0.939897,1.409846,0.000000,0.000000,0.000000,0.000000,0.000000,0.000000,0.450000,-1.350000,0.000000,-0.000000,0.212018,-0.212018,0.000000,-0.000000,0.662555,-0.198767,0.000000,-0.000000,0.000000,-0.000000,0.441730,2.836974,1.639352,0.500000,0.500000
