atleta_id,apelido,posicao,clube_id,sigla_clube,status_id,titularidade_pre_rodada,minutos_esperados_pre_rodada,mando,adversario_id,sigla_adversario,data_partida,rodada,scout_esperado_G,contrib_pontos_G,scout_esperado_A,contrib_pontos_A,scout_esperado_FT,contrib_pontos_FT,scout_esperado_FD,contrib_pontos_FD,scout_esperado_FF,contrib_pontos_FF,scout_esperado_FS,contrib_pontos_FS,scout_esperado_PS,contrib_pontos_PS,scout_esperado_I,contrib_pontos_I,scout_esperado_DS,contrib_pontos_DS,scout_esperado_SG,contrib_pontos_SG,scout_esperado_DP,contrib_pontos_DP,scout_esperado_DE,contrib_pontos_DE,scout_esperado_GC,contrib_pontos_GC,scout_esperado_CV,contrib_pontos_CV,scout_esperado_CA,contrib_pontos_CA,scout_esperado_GS,contrib_pontos_GS,scout_esperado_FC,contrib_pontos_FC,scout_esperado_PC,contrib_pontos_PC,scout_esperado_PP,contrib_pontos_PP,v3s_expected_scouts,direta_rf_lab,v3h_hibrido,alpha_v3s,alpha_rf_direto
98873,Samuel Lino,ATA,262,FLA,7,95,85,casa,264,COR,2026-09-13 17:30:00,27,1.000000,8.000000,0.000000,0.000000,0.067898,0.203695,0.489995,0.587994,1.089734,0.871787,2.001349,1.000675,0.052970,0.052970,0.333333,-0.033333,3.072557,4.608836,0.000000,0.000000,0.000000,0.000000,0.000000,0.000000,0.000000,-0.000000,0.000000,-0.000000,0.000000,-0.000000,0.000000,-0.000000,1.439944,-0.431983,0.000000,-0.000000,0.000000,-0.000000,14.860639,8.488865,11.674752,0.500000,0.500000
90302,Pedro Rocha,ATA,294,CFC,6,45,45,casa,293,CAP,2026-09-11 21:00:00,27,1.000000,8.000000,0.000000,0.000000,0.062945,0.188835,1.629992,1.955990,0.837490,0.669992,1.391100,0.695550,0.044284,0.044284,0.666667,-0.066667,1.100512,1.650767,0.000000,0.000000,0.000000,0.000000,0.000000,0.000000,0.000000,-0.000000,0.000000,-0.000000,0.000000,-0.000000,0.000000,-0.000000,1.312263,-0.393679,0.000000,-0.000000,0.000000,-0.000000,12.745073,6.168981,9.457027,0.500000,0.500000
39148,Hulk,ATA,266,FLU,6,45,45,fora,282,CAM,2026-09-12 16:00:00,27,0.666667,5.333333,0.333333,1.666667,0.058360,0.175080,1.474457,1.769349,0.578794,0.463035,3.353664,1.676832,0.022988,0.022988,0.000000,-0.000000,1.089923,1.634884,0.000000,0.000000,0.000000,0.000000,0.000000,0.000000,0.000000,-0.000000,0.000000,-0.000000,0.333333,-0.333333,0.000000,-0.000000,0.938798,-0.281639,0.000000,-0.000000,0.000000,-0.000000,12.127196,6.209232,9.168214,0.500000,0.500000
143193,Viveros,ATA,293,CAP,6,45,45,fora,294,CFC,2026-09-11 21:00:00,27,1.000000,8.000000,0.000000,0.000000,0.061128,0.183383,1.820280,2.184337,0.615881,0.492705,2.590593,1.295297,0.030498,0.030498,2.333333,-0.233333,0.012803,0.019205,0.000000,0.000000,0.000000,0.000000,0.000000,0.000000,0.000000,-0.000000,0.000000,-0.000000,0.333333,-0.333333,0.000000,-0.000000,1.404066,-0.421220,0.000000,-0.000000,0.000000,-0.000000,11.217537,6.129995,8.673766,0.500000,0.500000
113103,Flaco López,ATA,275,PAL,7,95,85,casa,276,SAO,2026-09-12 18:30:00,27,0.666667,5.333333,0.000000,0.000000,0.059967,0.179900,0.342746,0.411295,1.143552,0.914841,1.751123,0.875561,0.027593,0.027593,0.000000,-0.000000,1.925039,2.887559,0.000000,0.000000,0.000000,0.000000,0.000000,0.000000,0.000000,-0.000000,0.000000,-0.000000,0.000000,-0.000000,0.000000,-0.000000,1.100064,-0.330019,0.000000,-0.000000,0.000000,-0.000000,10.300065,6.939319,8.619692,0.500000,0.500000
109401,Erick Pulga,ATA,265,BAH,7,95,85,casa,364,REM,2026-09-14 20:00:00,27,0.666667,5.333333,0.333333,1.666667,0.050765,0.152295,1.060801,1.272962,0.778652,0.622921,1.605120,0.802560,0.015856,0.015856,0.000000,-0.000000,0.625975,0.938962,0.000000,0.000000,0.000000,0.000000,0.000000,0.000000,0.000000,-0.000000,0.000000,-0.000000,0.333333,-0.333333,0.000000,-0.000000,1.112713,-0.333814,0.000000,-0.000000,0.000000,-0.000000,10.138410,6.360114,8.249262,0.500000,0.500000
95332,Marcinho,ATA,315,CHA,7,95,85,casa,285,INT,2026-09-12 17:00:00,27,0.666667,5.333333,0.000000,0.000000,0.043787,0.131362,0.471572,0.565887,0.970299,0.776239,1.346782,0.673391,0.049936,0.049936,0.000000,-0.000000,1.262817,1.894226,0.000000,0.000000,0.000000,0.000000,0.000000,0.000000,0.000000,-0.000000,0.000000,-0.000000,0.333333,-0.333333,0.000000,-0.000000,1.182213,-0.354664,0.000000,-0.000000,0.000000,-0.000000,8.736377,7.138844,7.937610,0.500000,0.500000
94583,Pedro,ATA,262,FLA,7,95,85,casa,264,COR,2026-09-13 17:30:00,27,0.333333,2.666667,0.000000,0.000000,0.052591,0.157772,1.602691,1.923229,0.872847,0.698278,0.954140,0.477070,0.029119,0.029119,0.333333,-0.033333,1.003713,1.505570,0.000000,0.000000,0.000000,0.000000,0.000000,0.000000,0.000000,-0.000000,0.000000,-0.000000,0.000000,-0.000000,0.000000,-0.000000,0.937990,-0.281397,0.000000,-0.000000,0.000000,-0.000000,7.142974,8.686267,7.914620,0.500000,0.500000
98909,Cuello,ATA,282,CAM,7,95,85,casa,266,FLU,2026-09-12 16:00:00,27,0.666667,5.333333,0.000000,0.000000,0.042121,0.126364,0.167840,0.201408,0.380367,0.304294,1.561679,0.780839,0.028928,0.028928,0.333333,-0.033333,1.261610,1.892416,0.000000,0.000000,0.000000,0.000000,0.000000,0.000000,0.000000,-0.000000,0.000000,-0.000000,0.333333,-0.333333,0.000000,-0.000000,1.133785,-0.340135,0.000000,-0.000000,0.000000,-0.000000,7.960779,7.538037,7.749408,0.500000,0.500000
114208,Alejo Véliz,ATA,265,BAH,7,95,85,casa,364,REM,2026-09-14 20:00:00,27,0.666667,5.333333,0.333333,1.666667,0.060680,0.182040,0.697500,0.837000,0.873878,0.699103,1.909162,0.954581,0.033556,0.033556,0.333333,-0.033333,0.247500,0.371250,0.000000,0.000000,0.000000,0.000000,0.000000,0.000000,0.000000,-0.000000,0.000000,-0.000000,0.000000,-0.000000,0.000000,-0.000000,1.235727,-0.370718,0.000000,-0.000000,0.000000,-0.000000,9.673478,5.287264,7.480371,0.500000,0.500000
80287,Luciano,ATA,276,SAO,2,45,45,fora,275,PAL,2026-09-12 18:30:00,27,0.666667,5.333333,0.000000,0.000000,0.049596,0.148787,0.539488,0.647386,0.883355,0.706684,1.466519,0.733259,0.040776,0.040776,1.000000,-0.100000,0.748416,1.122625,0.000000,0.000000,0.000000,0.000000,0.000000,0.000000,0.000000,-0.000000,0.000000,-0.000000,0.000000,-0.000000,0.000000,-0.000000,1.064675,-0.319403,0.000000,-0.000000,0.000010,-0.000038,8.313410,5.363244,6.838327,0.500000,0.500000
100652,Yuri Alberto,ATA,264,COR,5,45,45,fora,262,FLA,2026-09-13 17:30:00,27,0.666667,5.333333,0.000000,0.000000,0.045012,0.135036,1.091040,1.309248,0.663911,0.531129,0.912708,0.456354,0.008766,0.008766,0.666667,-0.066667,0.851569,1.277354,0.000000,0.000000,0.000000,0.000000,0.000000,0.000000,0.000000,-0.000000,0.000000,-0.000000,0.000000,-0.000000,0.000000,-0.000000,1.176291,-0.352887,0.000000,-0.000000,0.000000,-0.000000,8.631666,4.030735,6.331200,0.500000,0.500000
110759,John Kennedy,ATA,266,FLU,5,45,45,fora,282,CAM,2026-09-12 16:00:00,27,0.666667,5.333333,0.000000,0.000000,0.046824,0.140472,0.166273,0.199528,0.855836,0.684668,1.142685,0.571342,0.020494,0.020494,0.000000,-0.000000,0.991613,1.487419,0.000000,0.000000,0.000000,0.000000,0.000000,0.000000,0.000000,-0.000000,0.000000,-0.000000,0.000000,-0.000000,0.000000,-0.000000,0.939627,-0.281888,0.000000,-0.000000,0.000000,-0.000000,8.155370,4.329424,6.242397,0.500000,0.500000
83257,Gabriel,ATA,277,SAN,3,45,45,casa,283,CRU,2026-09-12 21:00:00,27,0.666667,5.333333,0.000000,0.000000,0.043767,0.131301,0.288678,0.346413,0.860075,0.688060,0.934283,0.467142,0.010409,0.010409,1.333333,-0.133333,0.035506,0.053259,0.000000,0.000000,0.000000,0.000000,0.000000,0.000000,0.000000,-0.000000,0.000000,-0.000000,0.333333,-0.333333,0.000000,-0.000000,0.772878,-0.231863,0.000000,-0.000000,0.000000,-0.000000,6.331387,5.833388,6.082387,0.500000,0.500000
102928,Canobbio,ATA,266,FLU,7,95,85,fora,282,CAM,2026-09-12 16:00:00,27,0.333333,2.666667,0.000000,0.000000,0.039576,0.118727,0.621641,0.745970,0.142614,0.114091,1.639244,0.819622,0.020785,0.020785,0.666667,-0.066667,2.630381,3.945571,0.000000,0.000000,0.000000,0.000000,0.000000,0.000000,0.000000,-0.000000,0.000000,-0.000000,0.000000,-0.000000,0.000000,-0.000000,1.145155,-0.343547,0.000000,-0.000000,0.000000,-0.000000,8.021219,4.047246,6.034233,0.500000,0.500000
91908,Pavón,ATA,284,GRE,3,45,45,casa,267,VAS,2026-09-12 16:00:00,27,0.333333,2.666667,0.333333,1.666667,0.043901,0.131703,0.452085,0.542503,0.350180,0.280144,1.151889,0.575944,0.027450,0.027450,0.000000,-0.000000,0.984873,1.477309,0.000000,0.000000,0.000000,0.000000,0.000000,0.000000,0.000000,-0.000000,0.000000,-0.000000,0.333333,-0.333333,0.000000,-0.000000,0.884721,-0.265416,0.000000,-0.000000,0.000000,-0.000000,6.769637,5.265988,6.017813,0.500000,0.500000
108131,Garcez,ATA,315,CHA,7,95,85,casa,285,INT,2026-09-12 17:00:00,27,0.333333,2.666667,0.000000,0.000000,0.044088,0.132264,0.396081,0.475298,0.992865,0.794292,1.055234,0.527617,0.024351,0.024351,0.333333,-0.033333,1.396625,2.094938,0.000000,0.000000,0.000000,0.000000,0.000000,0.000000,0.000000,-0.000000,0.000000,-0.000000,0.000000,-0.000000,0.000000,-0.000000,0.901535,-0.270461,0.000000,-0.000000,0.000000,-0.000000,6.411632,5.386771,5.899202,0.500000,0.500000
130209,Renê,ATA,287,VIT,6,45,45,fora,2305,MIR,2026-09-13 16:00:00,27,0.333333,2.666667,0.000000,0.000000,0.027775,0.083324,1.088307,1.305968,0.632581,0.506065,1.238177,0.619089,0.028352,0.028352,0.333333,-0.033333,1.432516,2.148773,0.000000,0.000000,0.000000,0.000000,0.000000,0.000000,0.000000,-0.000000,0.000000,-0.000000,0.000000,-0.000000,0.000000,-0.000000,0.891575,-0.267472,0.000000,-0.000000,0.000000,-0.000000,7.057432,4.602940,5.830186,0.500000,0.500000
99818,Paulinho,ATA,275,PAL,5,45,45,casa,276,SAO,2026-09-12 18:30:00,27,0.666667,5.333333,0.000000,0.000000,0.040648,0.121945,0.000000,0.000000,0.812954,0.650363,0.954809,0.477405,0.022530,0.022530,0.000000,-0.000000,0.450000,0.675000,0.000000,0.000000,0.000000,0.000000,0.000000,0.000000,0.000000,-0.000000,0.000000,-0.000000,0.333333,-0.333333,0.000000,-0.000000,0.766505,-0.229952,0.000000,-0.000000,0.000000,-0.000000,6.717292,4.688185,5.702739,0.500000,0.500000
141339,Paulo Roberto,ATA,294,CFC,6,45,45,casa,293,CAP,2026-09-11 21:00:00,27,0.333333,2.666667,0.333333,1.666667,0.038554,0.115662,0.000000,0.000000,1.001722,0.801377,0.812401,0.406200,0.021227,0.021227,0.000000,-0.000000,0.847447,1.271171,0.000000,0.000000,0.000000,0.000000,0.000000,0.000000,0.000000,-0.000000,0.000000,-0.000000,0.000000,-0.000000,0.000000,-0.000000,0.711053,-0.213316,0.000000,-0.000000,0.000000,-0.000000,6.735654,4.193356,5.464505,0.500000,0.500000
100695,Fernando,ATA,280,RBB,6,45,45,fora,263,BOT,2026-09-12 20:30:00,27,0.333333,2.666667,0.000000,0.000000,0.057587,0.172761,0.214762,0.257714,0.554048,0.443238,1.063454,0.531727,0.010927,0.010927,0.333333,-0.033333,1.826038,2.739057,0.000000,0.000000,0.000000,0.000000,0.000000,0.000000,0.000000,-0.000000,0.000000,-0.000000,0.333333,-0.333333,0.000000,-0.000000,0.865962,-0.259789,0.000000,-0.000000,0.000000,-0.000000,6.195636,4.487164,5.341400,0.500000,0.500000
88293,Neto Pessoa,ATA,315,CHA,6,45,45,casa,285,INT,2026-09-12 17:00:00,27,0.333333,2.666667,0.333333,1.666667,0.039123,0.117369,0.177303,0.212763,0.573391,0.458713,0.721703,0.360851,0.033477,0.033477,0.000000,-0.000000,0.090729,0.136094,0.000000,0.000000,0.000000,0.000000,0.000000,0.000000,0.000000,-0.000000,0.000000,-0.000000,0.000000,-0.000000,0.000000,-0.000000,0.777439,-0.233232,0.000000,-0.000000,0.000000,-0.000000,5.419369,5.072074,5.245722,0.500000,0.500000
109096,Plata,ATA,262,FLA,6,45,45,casa,264,COR,2026-09-13 17:30:00,27,0.000000,0.000000,0.333333,1.666667,0.035245,0.105734,0.040825,0.048990,0.639462,0.511570,0.898386,0.449193,0.029062,0.029062,0.000000,-0.000000,2.419932,3.629898,0.000000,0.000000,0.000000,0.000000,0.000000,0.000000,0.000000,-0.000000,0.000000,-0.000000,0.333333,-0.333333,0.000000,-0.000000,0.701952,-0.210585,0.000000,-0.000000,0.000000,-0.000000,5.897195,4.471304,5.184249,0.500000,0.500000
105048,Jajá,ATA,364,REM,7,95,85,fora,265,BAH,2026-09-14 20:00:00,27,0.333333,2.666667,0.000000,0.000000,0.032593,0.097780,0.127129,0.152554,0.257439,0.205951,0.933334,0.466667,0.012424,0.012424,0.333333,-0.033333,1.235766,1.853649,0.000000,0.000000,0.000000,0.000000,0.000000,0.000000,0.000000,-0.000000,0.000000,-0.000000,0.333333,-0.333333,0.000000,-0.000000,0.769064,-0.230719,0.000000,-0.000000,0.000000,-0.000000,4.858306,5.477472,5.167889,0.500000,0.500000
112886,Lucas Barbosa,ATA,280,RBB,7,95,85,fora,263,BOT,2026-09-12 20:30:00,27,0.333333,2.666667,0.000000,0.000000,0.017390,0.052171,0.878445,1.054134,0.789867,0.631894,1.379699,0.689849,0.027107,0.027107,0.000000,-0.000000,0.783446,1.175168,0.000000,0.000000,0.000000,0.000000,0.000000,0.000000,0.000000,-0.000000,0.000000,-0.000000,0.000000,-0.000000,0.000000,-0.000000,0.985367,-0.295610,0.000000,-0.000000,0.000000,-0.000000,6.001380,4.331677,5.166528,0.500000,0.500000
114323,Colidio,ATA,267,VAS,7,95,85,fora,284,GRE,2026-09-12 16:00:00,27,0.333333,2.666667,0.000000,0.000000,0.041069,0.123207,0.990000,1.188000,0.931716,0.745372,1.709613,0.854807,0.008085,0.008085,0.000000,-0.000000,0.697500,1.046250,0.000000,0.000000,0.000000,0.000000,0.000000,0.000000,0.000000,-0.000000,0.000000,-0.000000,0.333333,-0.333333,0.000000,-0.000000,0.878140,-0.263442,0.000000,-0.000000,0.000000,-0.000000,6.035613,4.052291,5.043952,0.500000,0.500000
114802,Vitor Roque,ATA,275,PAL,7,95,85,casa,276,SAO,2026-09-12 18:30:00,27,0.333333,2.666667,0.000000,0.000000,0.040100,0.120301,0.042571,0.051085,0.900655,0.720524,1.670826,0.835413,0.021127,0.021127,0.000000,-0.000000,0.884729,1.327093,0.000000,0.000000,0.000000,0.000000,0.000000,0.000000,0.000000,-0.000000,0.000000,-0.000000,0.000000,-0.000000,0.000000,-0.000000,0.873137,-0.261941,0.000000,-0.000000,0.000000,-0.000000,5.480269,4.600119,5.040194,0.500000,0.500000
95799,Artur,ATA,276,SAO,7,95,85,fora,275,PAL,2026-09-12 18:30:00,27,0.000000,0.000000,0.333333,1.666667,0.020981,0.062944,0.534454,0.641345,0.703694,0.562955,1.154227,0.577113,0.022857,0.022857,0.000000,-0.000000,1.164830,1.747245,0.000000,0.000000,0.000000,0.000000,0.000000,0.000000,0.000000,-0.000000,0.000000,-0.000000,0.000000,-0.000000,0.000000,-0.000000,0.887486,-0.266246,0.000000,-0.000000,0.000000,-0.000000,5.014880,4.674532,4.844706,0.500000,0.500000
101729,Fabinho,ATA,294,CFC,6,45,45,casa,293,CAP,2026-09-11 21:00:00,27,0.333333,2.666667,0.333333,1.666667,0.032212,0.096636,0.004605,0.005526,0.556310,0.445048,0.837173,0.418587,0.029843,0.029843,0.000000,-0.000000,0.450000,0.675000,0.000000,0.000000,0.000000,0.000000,0.000000,0.000000,0.000000,-0.000000,0.000000,-0.000000,0.000000,-0.000000,0.000000,-0.000000,0.808064,-0.242419,0.000000,-0.000000,0.000000,-0.000000,5.761555,3.852802,4.807178,0.500000,0.500000
132264,Arroyo,ATA,283,CRU,7,95,85,fora,277,SAN,2026-09-12 21:00:00,27,0.333333,2.666667,0.000000,0.000000,0.026121,0.078362,1.013295,1.215953,0.731748,0.585398,0.960053,0.480026,0.015005,0.015005,0.000000,-0.000000,0.682853,1.024280,0.000000,0.000000,0.000000,0.000000,0.000000,0.000000,0.000000,-0.000000,0.000000,-0.000000,0.000000,-0.000000,0.000000,-0.000000,0.755490,-0.226647,0.000000,-0.000000,0.000000,-0.000000,5.839044,3.762868,4.800956,0.500000,0.500000
92811,Bruno Rodrigues,ATA,283,CRU,6,45,45,fora,277,SAN,2026-09-12 21:00:00,27,0.333333,2.666667,0.333333,1.666667,0.023014,0.069043,0.453768,0.544522,0.173179,0.138543,0.852613,0.426307,0.022907,0.022907,1.000000,-0.100000,1.000016,1.500025,0.000000,0.000000,0.000000,0.000000,0.000000,0.000000,0.000000,-0.000000,0.000000,-0.000000,0.000000,-0.000000,0.000000,-0.000000,0.860167,-0.258050,0.000000,-0.000000,0.000000,-0.000000,6.676629,2.875314,4.775972,0.500000,0.500000
94034,Kevin Ramírez,ATA,315,CHA,6,45,45,casa,285,INT,2026-09-12 17:00:00,27,0.000000,0.000000,0.333333,1.666667,0.041259,0.123776,0.586506,0.703808,0.703422,0.562737,0.928120,0.464060,0.024300,0.024300,0.000000,-0.000000,1.147500,1.721250,0.000000,0.000000,0.000000,0.000000,0.000000,0.000000,0.000000,-0.000000,0.000000,-0.000000,0.000000,-0.000000,0.000000,-0.000000,0.640573,-0.192172,0.000000,-0.000000,0.000000,-0.000000,5.074426,4.364470,4.719448,0.500000,0.500000
112863,Ramón Sosa,ATA,275,PAL,5,45,45,casa,276,SAO,2026-09-12 18:30:00,27,0.333333,2.666667,0.000000,0.000000,0.042787,0.128362,0.081741,0.098089,0.602044,0.481635,1.279042,0.639521,0.020840,0.020840,0.666667,-0.066667,0.045021,0.067531,0.000000,0.000000,0.000000,0.000000,0.000000,0.000000,0.000000,-0.000000,0.000000,-0.000000,0.000000,-0.000000,0.000000,-0.000000,0.804794,-0.241438,0.000000,-0.000000,0.000000,-0.000000,3.794540,5.589787,4.692163,0.500000,0.500000
101960,Vitinho,ATA,285,INT,6,45,45,fora,315,CHA,2026-09-12 17:00:00,27,0.333333,2.666667,0.000000,0.000000,0.023377,0.070130,0.138665,0.166398,0.643358,0.514686,1.346313,0.673157,0.000000,0.000000,0.333333,-0.033333,1.338921,2.008381,0.000000,0.000000,0.000000,0.000000,0.000000,0.000000,0.000000,-0.000000,0.000000,-0.000000,0.333333,-0.333333,0.000000,-0.000000,0.812476,-0.243743,0.000000,-0.000000,0.000000,-0.000000,5.489009,3.884281,4.686645,0.500000,0.500000
82627,Luiz Araújo,ATA,262,FLA,6,45,45,casa,264,COR,2026-09-13 17:30:00,27,0.333333,2.666667,0.000000,0.000000,0.037754,0.113263,0.074869,0.089843,0.786999,0.629599,0.847721,0.423861,0.015938,0.015938,0.000000,-0.000000,0.453393,0.680090,0.000000,0.000000,0.000000,0.000000,0.000000,0.000000,0.000000,-0.000000,0.000000,-0.000000,0.000000,-0.000000,0.000000,-0.000000,0.692118,-0.207635,0.000000,-0.000000,0.000000,-0.000000,4.411624,4.961241,4.686433,0.500000,0.500000
103967,Bruno Santos,ATA,2305,MIR,7,95,85,casa,287,VIT,2026-09-13 16:00:00,27,0.333333,2.666667,0.000000,0.000000,0.024888,0.074664,0.397238,0.476685,0.622297,0.497838,0.825678,0.412839,0.030755,0.030755,0.666667,-0.066667,0.383625,0.575438,0.000000,0.000000,0.000000,0.000000,0.000000,0.000000,0.000000,-0.000000,0.000000,-0.000000,0.000000,-0.000000,0.000000,-0.000000,1.022463,-0.306739,0.000000,-0.000000,0.000000,-0.000000,4.361480,4.959644,4.660562,0.500000,0.500000
90285,Bruno Henrique,ATA,262,FLA,6,45,45,casa,264,COR,2026-09-13 17:30:00,27,0.333333,2.666667,0.000000,0.000000,0.034061,0.102182,0.043308,0.051969,0.880788,0.704630,0.885311,0.442656,0.020077,0.020077,0.000000,-0.000000,0.620620,0.930929,0.000000,0.000000,0.000000,0.000000,0.000000,0.000000,0.000000,-0.000000,0.000000,-0.000000,0.333333,-0.333333,0.000000,-0.000000,0.731960,-0.219588,0.000000,-0.000000,0.000000,-0.000000,4.366189,4.806890,4.586539,0.500000,0.500000
93988,Breno Lopes,ATA,294,CFC,6,45,45,casa,293,CAP,2026-09-11 21:00:00,27,0.000000,0.000000,0.000000,0.000000,0.030357,0.091070,0.295179,0.354214,0.559027,0.447222,1.076714,0.538357,0.024314,0.024314,1.333333,-0.133333,1.014168,1.521252,0.000000,0.000000,0.000000,0.000000,0.000000,0.000000,0.000000,-0.000000,0.000000,-0.000000,0.000000,-0.000000,0.000000,-0.000000,0.597416,-0.179225,0.000000,-0.000000,0.000000,-0.000000,2.663870,6.487381,4.575626,0.500000,0.500000
114801,Danilo Pereira,ATA,263,BOT,7,95,85,casa,280,RBB,2026-09-12 20:30:00,27,0.000000,0.000000,0.333333,1.666667,0.037799,0.113398,0.925131,1.110158,0.767579,0.614063,0.837196,0.418598,0.020780,0.020780,0.666667,-0.066667,0.599738,0.899606,0.000000,0.000000,0.000000,0.000000,0.000000,0.000000,0.000000,-0.000000,0.000000,-0.000000,0.000000,-0.000000,0.000000,-0.000000,0.789606,-0.236882,0.000000,-0.000000,0.000000,-0.000000,4.539721,4.334565,4.437143,0.500000,0.500000
86292,Bolasie,ATA,315,CHA,6,45,45,casa,285,INT,2026-09-12 17:00:00,27,0.000000,0.000000,0.333333,1.666667,0.038525,0.115574,0.504506,0.605407,0.526527,0.421222,1.016184,0.508092,0.027956,0.027956,0.000000,-0.000000,0.908564,1.362846,0.000000,0.000000,0.000000,0.000000,0.000000,0.000000,0.000000,-0.000000,0.000000,-0.000000,0.000000,-0.000000,0.000000,-0.000000,0.998953,-0.299686,0.000000,-0.000000,0.074869,-0.299475,4.108601,4.758105,4.433353,0.500000,0.500000
147883,João Vitor,ATA,267,VAS,6,45,45,fora,284,GRE,2026-09-12 16:00:00,27,0.000000,0.000000,0.000000,0.000000,0.024088,0.072265,0.000000,0.000000,0.141901,0.113521,0.763221,0.381610,0.015968,0.015968,0.000000,-0.000000,3.397500,5.096250,0.000000,0.000000,0.000000,0.000000,0.000000,0.000000,0.000000,-0.000000,0.000000,-0.000000,0.000000,-0.000000,0.000000,-0.000000,0.610380,-0.183114,0.000000,-0.000000,0.000000,-0.000000,5.496500,3.185733,4.341117,0.500000,0.500000
132071,Serna,ATA,266,FLU,6,45,45,fora,282,CAM,2026-09-12 16:00:00,27,0.333333,2.666667,0.000000,0.000000,0.032263,0.096788,0.546012,0.655214,0.330551,0.264441,0.884285,0.442143,0.009768,0.009768,0.333333,-0.033333,0.887608,1.331412,0.000000,0.000000,0.000000,0.000000,0.000000,0.000000,0.000000,-0.000000,0.000000,-0.000000,0.000000,-0.000000,0.000000,-0.000000,0.772463,-0.231739,0.000000,-0.000000,0.000000,-0.000000,5.201360,3.423995,4.312677,0.500000,0.500000
95131,Gabriel Taliari,ATA,364,REM,7,95,85,fora,265,BAH,2026-09-14 20:00:00,27,0.000000,0.000000,0.000000,0.000000,0.026216,0.078648,0.454184,0.545021,0.377683,0.302147,1.099259,0.549630,0.025150,0.025150,0.666667,-0.066667,1.477401,2.216102,0.000000,0.000000,0.000000,0.000000,0.000000,0.000000,0.000000,-0.000000,0.000000,-0.000000,0.333333,-0.333333,0.000000,-0.000000,1.180556,-0.354167,0.000000,-0.000000,0.000000,-0.000000,2.962529,5.137678,4.050103,0.500000,0.500000
109097,Jovane Cabral,ATA,284,GRE,5,45,45,casa,267,VAS,2026-09-12 16:00:00,27,0.000000,0.000000,0.333333,1.666667,0.037755,0.113265,0.247500,0.297000,0.365372,0.292298,0.840701,0.420351,0.019491,0.019491,0.000000,-0.000000,0.697500,1.046250,0.000000,0.000000,0.000000,0.000000,0.000000,0.000000,0.000000,-0.000000,0.000000,-0.000000,0.000000,-0.000000,0.000000,-0.000000,0.782201,-0.234660,0.000000,-0.000000,0.000000,-0.000000,3.620660,4.478005,4.049332,0.500000,0.500000
87258,Soteldo,ATA,266,FLU,7,95,85,fora,282,CAM,2026-09-12 16:00:00,27,0.000000,0.000000,0.666667,3.333333,0.023609,0.070827,0.098867,0.118641,0.508520,0.406816,1.034938,0.517469,0.012561,0.012561,0.000000,-0.000000,0.370030,0.555045,0.000000,0.000000,0.000000,0.000000,0.000000,0.000000,0.000000,-0.000000,0.000000,-0.000000,0.333333,-0.333333,0.000000,-0.000000,0.649233,-0.194770,0.000000,-0.000000,0.000000,-0.000000,4.486590,3.578138,4.032364,0.500000,0.500000
97450,Gustavo Mosquito,ATA,2305,MIR,2,45,45,casa,287,VIT,2026-09-13 16:00:00,27,0.333333,2.666667,0.000000,0.000000,0.033727,0.101181,0.322369,0.386843,0.549395,0.439516,1.068031,0.534016,0.029356,0.029356,0.333333,-0.033333,0.074869,0.112303,0.000000,0.000000,0.000000,0.000000,0.000000,0.000000,0.000000,-0.000000,0.000000,-0.000000,0.000000,-0.000000,0.000000,-0.000000,0.713275,-0.213982,0.000000,-0.000000,0.000000,-0.000000,4.022565,3.943848,3.983207,0.500000,0.500000
98384,Negueba,ATA,2305,MIR,5,45,45,casa,287,VIT,2026-09-13 16:00:00,27,0.000000,0.000000,0.000000,0.000000,0.036165,0.108496,0.537325,0.644790,0.487054,0.389644,1.534322,0.767161,0.023443,0.023443,0.000000,-0.000000,1.464088,2.196132,0.000000,0.000000,0.000000,0.000000,0.000000,0.000000,0.000000,-0.000000,0.000000,-0.000000,0.666667,-0.666667,0.000000,-0.000000,0.917036,-0.275111,0.000000,-0.000000,0.000000,-0.000000,3.187889,4.777905,3.982897,0.500000,0.500000
93478,Wanderson,ATA,283,CRU,6,45,45,fora,277,SAN,2026-09-12 21:00:00,27,0.333333,2.666667,0.000000,0.000000,0.025170,0.075510,0.149208,0.179050,0.533855,0.427084,0.750356,0.375178,0.009179,0.009179,0.000000,-0.000000,0.855883,1.283824,0.000000,0.000000,0.000000,0.000000,0.000000,0.000000,0.000000,-0.000000,0.000000,-0.000000,0.000000,-0.000000,0.000000,-0.000000,0.593435,-0.178031,0.000000,-0.000000,0.000000,-0.000000,4.838461,3.105017,3.971739,0.500000,0.500000
141382,Gustavo Santana,ATA,276,SAO,2,45,45,fora,275,PAL,2026-09-12 18:30:00,27,0.333333,2.666667,0.000000,0.000000,0.028878,0.086633,0.383625,0.460350,0.351347,0.281077,0.822532,0.411266,0.007249,0.007249,0.000000,-0.000000,0.247500,0.371250,0.000000,0.000000,0.000000,0.000000,0.000000,0.000000,0.000000,-0.000000,0.000000,-0.000000,0.000000,-0.000000,0.000000,-0.000000,0.747229,-0.224169,0.000000,-0.000000,0.000000,-0.000000,4.060322,3.880567,3.970445,0.500000,0.500000
123738,Herrera,ATA,280,RBB,7,95,85,fora,263,BOT,2026-09-12 20:30:00,27,0.000000,0.000000,0.000000,0.000000,0.022558,0.067674,1.535247,1.842296,0.597974,0.478380,0.791834,0.395917,0.013255,0.013255,0.000000,-0.000000,0.867896,1.301843,0.000000,0.000000,0.000000,0.000000,0.000000,0.000000,0.000000,-0.000000,0.000000,-0.000000,0.000000,-0.000000,0.000000,-0.000000,0.729038,-0.218711,0.000000,-0.000000,0.000000,-0.000000,3.880653,4.002352,3.941502,0.500000,0.500000
103445,Kaio Jorge,ATA,283,CRU,7,95,85,fora,277,SAN,2026-09-12 21:00:00,27,0.333333,2.666667,0.000000,0.000000,0.026244,0.078731,0.042021,0.050426,0.400214,0.320171,1.315567,0.657784,0.000000,0.000000,0.000000,-0.000000,0.699969,1.049954,0.000000,0.000000,0.000000,0.000000,0.000000,0.000000,0.000000,-0.000000,0.000000,-0.000000,0.000000,-0.000000,0.000000,-0.000000,0.660375,-0.198113,0.000000,-0.000000,0.000000,-0.000000,4.625619,3.216352,3.920986,0.500000,0.500000
122573,Wallace Yan,ATA,280,RBB,6,45,45,fora,263,BOT,2026-09-12 20:30:00,27,0.000000,0.000000,0.333333,1.666667,0.016985,0.050956,0.450000,0.540000,0.295768,0.236615,0.887738,0.443869,0.017041,0.017041,0.333333,-0.033333,0.900000,1.350000,0.000000,0.000000,0.000000,0.000000,0.000000,0.000000,0.000000,-0.000000,0.000000,-0.000000,0.000000,-0.000000,0.000000,-0.000000,0.797224,-0.239167,0.000000,-0.000000,0.000000,-0.000000,4.032647,3.792792,3.912719,0.500000,0.500000
117314,Thiago Borbas,ATA,282,CAM,5,45,45,casa,266,FLU,2026-09-12 16:00:00,27,0.333333,2.666667,0.000000,0.000000,0.040789,0.122368,0.000000,0.000000,0.533911,0.427128,1.312519,0.656259,0.025410,0.025410,0.000000,-0.000000,0.247500,0.371250,0.000000,0.000000,0.000000,0.000000,0.000000,0.000000,0.000000,-0.000000,0.000000,-0.000000,0.000000,-0.000000,0.000000,-0.000000,0.953894,-0.286168,0.000000,-0.000000,0.000000,-0.000000,3.982914,3.791496,3.887205,0.500000,0.500000
123648,Lucas Ronier,ATA,294,CFC,5,45,45,casa,293,CAP,2026-09-11 21:00:00,27,0.000000,0.000000,0.000000,0.000000,0.034624,0.103871,0.637365,0.764838,0.637440,0.509952,2.259490,1.129745,0.030190,0.030190,0.000000,-0.000000,1.272059,1.908089,0.000000,0.000000,0.000000,0.000000,0.000000,0.000000,0.000000,-0.000000,0.000000,-0.000000,0.000000,-0.000000,0.000000,-0.000000,0.905822,-0.271747,0.000000,-0.000000,0.000000,-0.000000,4.174938,3.578421,3.876680,0.500000,0.500000
118844,Kaio César,ATA,264,COR,7,95,85,fora,262,FLA,2026-09-13 17:30:00,27,0.000000,0.000000,0.000000,0.000000,0.025631,0.076892,0.579159,0.694991,0.544662,0.435729,1.573154,0.786577,0.012784,0.012784,0.000000,-0.000000,1.326458,1.989688,0.000000,0.000000,0.000000,0.000000,0.000000,0.000000,0.000000,-0.000000,0.000000,-0.000000,0.000000,-0.000000,0.000000,-0.000000,0.894708,-0.268412,0.000000,-0.000000,0.000000,-0.000000,3.728249,3.891917,3.810083,0.500000,0.500000
123101,Leozinho,ATA,293,CAP,6,45,45,fora,294,CFC,2026-09-11 21:00:00,27,0.333333,2.666667,0.000000,0.000000,0.025263,0.075789,0.331292,0.397551,0.426155,0.340924,0.860245,0.430123,0.012209,0.012209,0.000000,-0.000000,0.725342,1.088013,0.000000,0.000000,0.000000,0.000000,0.000000,0.000000,0.000000,-0.000000,0.000000,-0.000000,0.000000,-0.000000,0.000000,-0.000000,0.738557,-0.221567,0.000000,-0.000000,0.000000,-0.000000,4.789708,2.804569,3.797139,0.500000,0.500000
108946,Victor Sá,ATA,276,SAO,6,45,45,fora,275,PAL,2026-09-12 18:30:00,27,0.000000,0.000000,0.333333,1.666667,0.022282,0.066845,0.450000,0.540000,0.240262,0.192210,0.829414,0.414707,0.014105,0.014105,0.000000,-0.000000,1.036125,1.554187,0.000000,0.000000,0.000000,0.000000,0.000000,0.000000,0.000000,-0.000000,0.000000,-0.000000,0.000000,-0.000000,0.000000,-0.000000,0.856851,-0.257055,0.000000,-0.000000,0.000000,-0.000000,4.191666,2.892988,3.542327,0.500000,0.500000
97810,Erick,ATA,287,VIT,7,95,85,fora,2305,MIR,2026-09-13 16:00:00,27,0.333333,2.666667,0.000000,0.000000,0.017417,0.052250,0.087664,0.105197,0.510194,0.408155,0.987920,0.493960,0.000000,0.000000,0.333333,-0.033333,0.013803,0.020705,0.000000,0.000000,0.000000,0.000000,0.000000,0.000000,0.000000,-0.000000,0.000000,-0.000000,0.333333,-0.333333,0.000000,-0.000000,0.625777,-0.187733,0.000000,-0.000000,0.000000,-0.000000,3.192534,3.846258,3.519396,0.500000,0.500000
90031,Mendoza,ATA,293,CAP,6,45,45,fora,294,CFC,2026-09-11 21:00:00,27,0.000000,0.000000,0.333333,1.666667,0.022802,0.068407,0.003375,0.004051,0.513107,0.410486,0.727542,0.363771,0.011857,0.011857,0.000000,-0.000000,0.720595,1.080893,0.000000,0.000000,0.000000,0.000000,0.000000,0.000000,0.000000,-0.000000,0.000000,-0.000000,0.000000,-0.000000,0.000000,-0.000000,0.560167,-0.168050,0.000000,-0.000000,0.000000,-0.000000,3.438080,3.552540,3.495310,0.500000,0.500000
97321,Alesson,ATA,2305,MIR,7,95,85,casa,287,VIT,2026-09-13 16:00:00,27,0.000000,0.000000,0.000000,0.000000,0.027838,0.083513,0.038825,0.046590,0.534309,0.427447,1.165065,0.582532,0.029695,0.029695,0.000000,-0.000000,2.022850,3.034274,0.000000,0.000000,0.000000,0.000000,0.000000,0.000000,0.000000,-0.000000,0.000000,-0.000000,0.000000,-0.000000,0.000000,-0.000000,0.861701,-0.258510,0.000000,-0.000000,0.000000,-0.000000,3.945542,2.994486,3.470014,0.500000,0.500000
107989,Carbonero,ATA,285,INT,7,95,85,fora,315,CHA,2026-09-12 17:00:00,27,0.000000,0.000000,0.000000,0.000000,0.020574,0.061722,0.596390,0.715668,0.786125,0.628900,1.475380,0.737690,0.012682,0.012682,0.000000,-0.000000,0.098936,0.148404,0.000000,0.000000,0.000000,0.000000,0.000000,0.000000,0.000000,-0.000000,0.000000,-0.000000,0.000000,-0.000000,0.000000,-0.000000,0.864031,-0.259209,0.000000,-0.000000,0.000000,-0.000000,2.045856,4.851286,3.448571,0.500000,0.500000
116706,Andrés Gómez,ATA,267,VAS,7,95,85,fora,284,GRE,2026-09-12 16:00:00,27,0.000000,0.000000,0.000000,0.000000,0.033438,0.100314,0.264840,0.317808,0.488672,0.390937,1.151362,0.575681,0.010925,0.010925,0.000000,-0.000000,2.198410,3.297614,0.000000,0.000000,0.000000,0.000000,0.000000,0.000000,0.000000,-0.000000,0.000000,-0.000000,0.666667,-0.666667,0.000000,-0.000000,0.840742,-0.252223,0.000000,-0.000000,0.000000,-0.000000,3.774390,3.060650,3.417520,0.500000,0.500000
98225,Pedro Raul,ATA,264,COR,6,45,45,fora,262,FLA,2026-09-13 17:30:00,27,0.000000,0.000000,0.000000,0.000000,0.023382,0.070145,0.772369,0.926843,0.684083,0.547266,0.741098,0.370549,0.005722,0.005722,0.000000,-0.000000,0.157224,0.235837,0.000000,0.000000,0.000000,0.000000,0.000000,0.000000,0.000000,-0.000000,0.000000,-0.000000,0.000000,-0.000000,0.000000,-0.000000,0.629803,-0.188941,0.000000,-0.000000,0.000000,-0.000000,1.967420,4.822011,3.394716,0.500000,0.500000
124239,Henry Mosquera,ATA,280,RBB,6,45,45,fora,263,BOT,2026-09-12 20:30:00,27,0.000000,0.000000,0.333333,1.666667,0.015553,0.046658,0.545632,0.654759,0.569222,0.455378,0.846794,0.423397,0.011057,0.011057,0.000000,-0.000000,0.306543,0.459815,0.000000,0.000000,0.000000,0.000000,0.000000,0.000000,0.000000,-0.000000,0.000000,-0.000000,0.333333,-0.333333,0.000000,-0.000000,0.782643,-0.234793,0.000000,-0.000000,0.000000,-0.000000,3.149605,3.532120,3.340862,0.500000,0.500000
78117,Everaldo,ATA,265,BAH,6,45,45,casa,364,REM,2026-09-14 20:00:00,27,0.333333,2.666667,0.000000,0.000000,0.036079,0.108237,0.011246,0.013495,0.307135,0.245708,0.760032,0.380016,0.018143,0.018143,0.000000,-0.000000,0.294837,0.442256,0.000000,0.000000,0.000000,0.000000,0.000000,0.000000,0.000000,-0.000000,0.000000,-0.000000,0.000000,-0.000000,0.000000,-0.000000,0.625516,-0.187655,0.000000,-0.000000,0.000000,-0.000000,3.686866,2.989998,3.338432,0.500000,0.500000
124424,Rodrigo Castillo,ATA,266,FLU,6,45,45,fora,282,CAM,2026-09-12 16:00:00,27,0.000000,0.000000,0.000000,0.000000,0.019734,0.059201,0.124160,0.148992,0.587371,0.469897,0.972488,0.486244,0.012666,0.012666,0.333333,-0.033333,1.918885,2.878328,0.000000,0.000000,0.000000,0.000000,0.000000,0.000000,0.000000,-0.000000,0.000000,-0.000000,0.000000,-0.000000,0.000000,-0.000000,1.065486,-0.319646,0.000000,-0.000000,0.000000,-0.000000,3.702349,2.967232,3.334790,0.500000,0.500000
90309,David,ATA,267,VAS,6,45,45,fora,284,GRE,2026-09-12 16:00:00,27,0.333333,2.666667,0.000000,0.000000,0.010499,0.031498,0.004364,0.005236,0.531706,0.425365,0.766215,0.383108,0.016436,0.016436,0.666667,-0.066667,0.027660,0.041490,0.000000,0.000000,0.000000,0.000000,0.000000,0.000000,0.000000,-0.000000,0.000000,-0.000000,0.000000,-0.000000,0.000000,-0.000000,0.886068,-0.265820,0.000000,-0.000000,0.000000,-0.000000,3.237313,3.382511,3.309912,0.500000,0.500000
79631,Cano,ATA,266,FLU,7,95,85,fora,282,CAM,2026-09-12 16:00:00,27,0.333333,2.666667,0.000000,0.000000,0.028253,0.084758,0.252172,0.302606,0.421490,0.337192,0.705822,0.352911,0.007776,0.007776,0.000000,-0.000000,0.000000,0.000000,0.000000,0.000000,0.000000,0.000000,0.000000,0.000000,0.000000,-0.000000,0.000000,-0.000000,0.000000,-0.000000,0.000000,-0.000000,0.607734,-0.182320,0.000000,-0.000000,0.000000,-0.000000,3.569589,3.019815,3.294702,0.500000,0.500000
101314,Ademir,ATA,265,BAH,6,45,45,casa,364,REM,2026-09-14 20:00:00,27,0.000000,0.000000,0.000000,0.000000,0.024742,0.074226,0.150675,0.180810,0.714241,0.571393,0.916747,0.458373,0.025075,0.025075,0.333333,-0.033333,1.162773,1.744159,0.000000,0.000000,0.000000,0.000000,0.000000,0.000000,0.000000,-0.000000,0.000000,-0.000000,0.333333,-0.333333,0.000000,-0.000000,0.552475,-0.165743,0.000000,-0.000000,0.000000,-0.000000,2.521627,4.054055,3.287841,0.500000,0.500000
114405,Sinisterra,ATA,283,CRU,5,45,45,fora,277,SAN,2026-09-12 21:00:00,27,0.000000,0.000000,0.000000,0.000000,0.027212,0.081635,0.322369,0.386843,0.486969,0.389575,0.701335,0.350667,0.008918,0.008918,0.000000,-0.000000,1.703020,2.554530,0.000000,0.000000,0.000000,0.000000,0.000000,0.000000,0.000000,-0.000000,0.000000,-0.000000,0.000000,-0.000000,0.000000,-0.000000,0.899131,-0.269739,0.000000,-0.000000,0.000000,-0.000000,3.502429,3.025244,3.263837,0.500000,0.500000
86757,Everton,ATA,262,FLA,6,45,45,casa,264,COR,2026-09-13 17:30:00,27,0.000000,0.000000,0.333333,1.666667,0.025609,0.076827,0.004605,0.005526,0.621716,0.497373,0.736515,0.368258,0.023941,0.023941,0.000000,-0.000000,0.281604,0.422406,0.000000,0.000000,0.000000,0.000000,0.000000,0.000000,0.000000,-0.000000,0.000000,-0.000000,0.000000,-0.000000,0.000000,-0.000000,0.607353,-0.182206,0.000000,-0.000000,0.000000,-0.000000,2.878792,3.471253,3.175022,0.500000,0.500000
140906,Davi Gomes,ATA,280,RBB,5,45,45,fora,263,BOT,2026-09-12 20:30:00,27,0.000000,0.000000,0.000000,0.000000,0.032179,0.096538,1.100000,1.320000,0.257384,0.205907,0.716700,0.358350,0.009863,0.009863,0.000000,-0.000000,0.450000,0.675000,0.000000,0.000000,0.000000,0.000000,0.000000,0.000000,0.000000,-0.000000,0.000000,-0.000000,0.000000,-0.000000,0.000000,-0.000000,0.583058,-0.174917,0.000000,-0.000000,0.000000,-0.000000,2.490740,3.677399,3.084070,0.500000,0.500000
143153,Tarzia,ATA,287,VIT,7,95,85,fora,2305,MIR,2026-09-13 16:00:00,27,0.000000,0.000000,0.000000,0.000000,0.016198,0.048595,0.039829,0.047795,0.628929,0.503143,1.327768,0.663884,0.010026,0.010026,0.000000,-0.000000,0.856453,1.284679,0.000000,0.000000,0.000000,0.000000,0.000000,0.000000,0.000000,-0.000000,0.000000,-0.000000,0.333333,-0.333333,0.000000,-0.000000,1.037380,-0.311214,0.000000,-0.000000,0.000000,-0.000000,1.913575,4.251451,3.082513,0.500000,0.500000
122121,Túlio Eduardo,ATA,315,CHA,7,95,85,casa,285,INT,2026-09-12 17:00:00,27,0.000000,0.000000,0.000000,0.000000,0.042814,0.128441,0.742500,0.891000,0.848661,0.678929,0.806534,0.403267,0.015460,0.015460,0.000000,-0.000000,0.247500,0.371250,0.000000,0.000000,0.000000,0.000000,0.000000,0.000000,0.000000,-0.000000,0.000000,-0.000000,0.333333,-0.333333,0.000000,-0.000000,1.113432,-0.334029,0.000000,-0.000000,0.000000,-0.000000,1.820983,4.280644,3.050814,0.500000,0.500000
127871,Vargas,ATA,293,CAP,6,45,45,fora,294,CFC,2026-09-11 21:00:00,27,0.000000,0.000000,0.333333,1.666667,0.030289,0.090868,0.000000,0.000000,0.521915,0.417532,0.876681,0.438341,0.002783,0.002783,0.000000,-0.000000,0.495000,0.742500,0.000000,0.000000,0.000000,0.000000,0.000000,0.000000,0.000000,-0.000000,0.000000,-0.000000,0.000000,-0.000000,0.000000,-0.000000,0.608857,-0.182657,0.000000,-0.000000,0.000000,-0.000000,3.176033,2.916178,3.046105,0.500000,0.500000
106199,Gabriel Pec,ATA,283,CRU,5,45,45,fora,277,SAN,2026-09-12 21:00:00,27,0.000000,0.000000,0.000000,0.000000,0.031661,0.094984,1.000000,1.200000,0.366705,0.293364,1.316479,0.658239,0.008465,0.008465,1.000000,-0.100000,1.000000,1.500000,0.000000,0.000000,0.000000,0.000000,0.000000,0.000000,0.000000,-0.000000,0.000000,-0.000000,0.000000,-0.000000,0.000000,-0.000000,0.855997,-0.256799,0.000000,-0.000000,0.000000,-0.000000,3.398254,2.591514,2.994884,0.500000,0.500000
142086,Kauan Toledo,ATA,263,BOT,6,45,45,casa,280,RBB,2026-09-12 20:30:00,27,0.000000,0.000000,0.000000,0.000000,0.031117,0.093351,0.500328,0.600394,0.595415,0.476332,0.986739,0.493370,0.019997,0.019997,0.333333,-0.033333,1.274856,1.912283,0.000000,0.000000,0.000000,0.000000,0.000000,0.000000,0.000000,-0.000000,0.000000,-0.000000,0.333333,-0.333333,0.000000,-0.000000,0.934368,-0.280310,0.000000,-0.000000,0.000000,-0.000000,2.948751,2.918050,2.933401,0.500000,0.500000
138941,Bruno Duarte,ATA,267,VAS,6,45,45,fora,284,GRE,2026-09-12 16:00:00,27,0.000000,0.000000,0.000000,0.000000,0.026200,0.078599,0.000000,0.000000,0.226547,0.181238,0.667811,0.333906,0.006547,0.006547,0.000000,-0.000000,2.000000,3.000000,0.000000,0.000000,0.000000,0.000000,0.000000,0.000000,0.000000,-0.000000,0.000000,-0.000000,0.000000,-0.000000,0.000000,-0.000000,0.532153,-0.159646,0.000000,-0.000000,0.000000,-0.000000,3.440644,2.424481,2.932562,0.500000,0.500000
104134,Fabri,ATA,287,VIT,6,45,45,fora,2305,MIR,2026-09-13 16:00:00,27,0.000000,0.000000,0.000000,0.000000,0.015094,0.045281,0.015224,0.018269,0.505833,0.404667,0.675779,0.337889,0.008505,0.008505,0.000000,-0.000000,1.092527,1.638791,0.000000,0.000000,0.000000,0.000000,0.000000,0.000000,0.000000,-0.000000,0.000000,-0.000000,0.000000,-0.000000,0.000000,-0.000000,0.550283,-0.165085,0.000000,-0.000000,0.000000,-0.000000,2.288317,3.545430,2.916874,0.500000,0.500000
142877,Villalba,ATA,263,BOT,7,95,85,casa,280,RBB,2026-09-12 20:30:00,27,0.000000,0.000000,0.000000,0.000000,0.022155,0.066466,0.136125,0.163350,0.494504,0.395603,0.677937,0.338968,0.022085,0.022085,0.000000,-0.000000,0.936401,1.404602,0.000000,0.000000,0.000000,0.000000,0.000000,0.000000,0.000000,-0.000000,0.000000,-0.000000,0.000000,-0.000000,0.000000,-0.000000,0.618548,-0.185564,0.000000,-0.000000,0.000000,-0.000000,2.205511,3.548975,2.877243,0.500000,0.500000
106104,Enamorado,ATA,284,GRE,7,95,85,casa,267,VAS,2026-09-12 16:00:00,27,0.000000,0.000000,0.333333,1.666667,0.021638,0.064913,0.000053,0.000063,0.398031,0.318425,0.797045,0.398522,0.023329,0.023329,0.000000,-0.000000,0.198141,0.297212,0.000000,0.000000,0.000000,0.000000,0.000000,0.000000,0.000000,-0.000000,0.000000,-0.000000,0.000000,-0.000000,0.000000,-0.000000,0.718727,-0.215618,0.000000,-0.000000,0.000000,-0.000000,2.553513,3.134717,2.844115,0.500000,0.500000
113397,Cristian Olivera,ATA,265,BAH,7,95,85,casa,364,REM,2026-09-14 20:00:00,27,0.000000,0.000000,0.000000,0.000000,0.023519,0.070557,0.294264,0.353116,0.377981,0.302385,0.891433,0.445717,0.021923,0.021923,0.333333,-0.033333,0.836677,1.255015,0.000000,0.000000,0.000000,0.000000,0.000000,0.000000,0.000000,-0.000000,0.000000,-0.000000,0.333333,-0.333333,0.000000,-0.000000,0.583481,-0.175044,0.000000,-0.000000,0.000000,-0.000000,1.907002,3.774866,2.840934,0.500000,0.500000
68952,Marinho,ATA,287,VIT,6,45,45,fora,2305,MIR,2026-09-13 16:00:00,27,0.000000,0.000000,0.000000,0.000000,0.020024,0.060072,0.254351,0.305221,0.427728,0.342183,1.360678,0.680339,0.007628,0.007628,0.000000,-0.000000,0.805464,1.208196,0.000000,0.000000,0.000000,0.000000,0.000000,0.000000,0.000000,-0.000000,0.000000,-0.000000,0.333333,-0.333333,0.000000,-0.000000,0.841071,-0.252321,0.000000,-0.000000,0.000000,-0.000000,2.017984,3.617289,2.817637,0.500000,0.500000
78435,Vitinho,ATA,264,COR,5,45,45,fora,262,FLA,2026-09-13 17:30:00,27,0.000000,0.000000,0.000000,0.000000,0.020531,0.061593,0.063826,0.076591,0.473790,0.379032,0.828862,0.414431,0.008782,0.008782,0.000000,-0.000000,1.138674,1.708012,0.000000,0.000000,0.000000,0.000000,0.000000,0.000000,0.000000,-0.000000,0.000000,-0.000000,0.000000,-0.000000,0.000000,-0.000000,0.691267,-0.207380,0.000000,-0.000000,0.000000,-0.000000,2.441060,3.150680,2.795870,0.500000,0.500000
108713,Galeano,ATA,364,REM,6,45,45,fora,265,BAH,2026-09-14 20:00:00,27,0.000000,0.000000,0.000000,0.000000,0.018482,0.055447,0.255744,0.306893,0.629611,0.503689,1.319014,0.659507,0.010704,0.010704,0.333333,-0.033333,0.339839,0.509758,0.000000,0.000000,0.000000,0.000000,0.000000,0.000000,0.000000,-0.000000,0.000000,-0.000000,0.333333,-0.333333,0.000000,-0.000000,0.584023,-0.175207,0.000000,-0.000000,0.000000,-0.000000,1.504125,4.055973,2.780049,0.500000,0.500000
110144,Spinelli,ATA,267,VAS,6,45,45,fora,284,GRE,2026-09-12 16:00:00,27,0.000000,0.000000,0.000000,0.000000,0.025584,0.076753,0.440950,0.529141,0.587226,0.469781,0.851742,0.425871,0.008379,0.008379,0.000000,-0.000000,0.834775,1.252162,0.000000,0.000000,0.000000,0.000000,0.000000,0.000000,0.000000,-0.000000,0.000000,-0.000000,0.000000,-0.000000,0.000000,-0.000000,0.834048,-0.250215,0.000000,-0.000000,0.000000,-0.000000,2.511873,2.956133,2.734003,0.500000,0.500000
131967,Villarreal,ATA,283,CRU,6,45,45,fora,277,SAN,2026-09-12 21:00:00,27,0.000000,0.000000,0.000000,0.000000,0.016401,0.049204,0.012865,0.015438,0.513573,0.410858,0.883614,0.441807,0.008318,0.008318,0.333333,-0.033333,0.817126,1.225689,0.000000,0.000000,0.000000,0.000000,0.000000,0.000000,0.000000,-0.000000,0.000000,-0.000000,0.000000,-0.000000,0.000000,-0.000000,0.483183,-0.144955,0.000000,-0.000000,0.000000,-0.000000,1.973027,3.418631,2.695829,0.500000,0.500000
89840,Calleri,ATA,276,SAO,7,95,85,fora,275,PAL,2026-09-12 18:30:00,27,0.000000,0.000000,0.000000,0.000000,0.018084,0.054252,0.137804,0.165364,0.882172,0.705737,0.915560,0.457780,0.009021,0.009021,0.000000,-0.000000,0.613042,0.919563,0.000000,0.000000,0.000000,0.000000,0.000000,0.000000,0.000000,-0.000000,0.000000,-0.000000,0.000000,-0.000000,0.000000,-0.000000,0.847033,-0.254110,0.000000,-0.000000,0.000000,-0.000000,2.057609,3.333538,2.695573,0.500000,0.500000
92696,Renato Kayzer,ATA,287,VIT,7,95,85,fora,2305,MIR,2026-09-13 16:00:00,27,0.000000,0.000000,0.000000,0.000000,0.014229,0.042688,0.452304,0.542765,0.412797,0.330238,0.679057,0.339529,0.006428,0.006428,0.333333,-0.033333,0.472961,0.709441,0.000000,0.000000,0.000000,0.000000,0.000000,0.000000,0.000000,-0.000000,0.000000,-0.000000,0.000000,-0.000000,0.000000,-0.000000,0.736176,-0.220853,0.000000,-0.000000,0.000000,-0.000000,1.716903,3.589959,2.653431,0.500000,0.500000
117930,Lavega,ATA,294,CFC,6,45,45,casa,293,CAP,2026-09-11 21:00:00,27,0.000000,0.000000,0.000000,0.000000,0.029182,0.087546,0.043268,0.051921,0.789715,0.631772,0.903853,0.451926,0.022230,0.022230,0.000000,-0.000000,0.676554,1.014831,0.000000,0.000000,0.000000,0.000000,0.000000,0.000000,0.000000,-0.000000,0.000000,-0.000000,0.000000,-0.000000,0.000000,-0.000000,0.833232,-0.249970,0.000000,-0.000000,0.000000,-0.000000,2.010257,3.152000,2.581129,0.500000,0.500000
121824,Kayke,ATA,264,COR,5,45,45,fora,262,FLA,2026-09-13 17:30:00,27,0.000000,0.000000,0.000000,0.000000,0.017684,0.053053,0.247500,0.297000,0.251493,0.201194,0.749331,0.374665,0.006427,0.006427,0.000000,-0.000000,1.036506,1.554759,0.000000,0.000000,0.000000,0.000000,0.000000,0.000000,0.000000,-0.000000,0.000000,-0.000000,0.000000,-0.000000,0.000000,-0.000000,0.542236,-0.162671,0.000000,-0.000000,0.000000,-0.000000,2.324429,2.828452,2.576440,0.500000,0.500000
68920,Dudu,ATA,282,CAM,6,45,45,casa,266,FLU,2026-09-12 16:00:00,27,0.000000,0.000000,0.000000,0.000000,0.019538,0.058614,0.056449,0.067739,0.450000,0.360000,0.851727,0.425863,0.022521,0.022521,0.000000,-0.000000,0.450317,0.675476,0.000000,0.000000,0.000000,0.000000,0.000000,0.000000,0.000000,-0.000000,0.000000,-0.000000,0.000000,-0.000000,0.000000,-0.000000,0.563350,-0.169005,0.000000,-0.000000,0.000000,-0.000000,1.441208,3.685416,2.563312,0.500000,0.500000
142764,Franco Rossi,ATA,315,CHA,6,45,45,casa,285,INT,2026-09-12 17:00:00,27,0.000000,0.000000,0.000000,0.000000,0.031614,0.094842,1.350000,1.620000,0.441423,0.353139,1.026634,0.513317,0.020528,0.020528,0.000000,-0.000000,0.136125,0.204188,0.000000,0.000000,0.000000,0.000000,0.000000,0.000000,0.000000,-0.000000,0.000000,-0.000000,0.000000,-0.000000,0.000000,-0.000000,0.839279,-0.251784,0.000000,-0.000000,0.000000,-0.000000,2.554229,2.544270,2.549250,0.500000,0.500000
137542,Kaique Kenji,ATA,283,CRU,6,45,45,fora,277,SAN,2026-09-12 21:00:00,27,0.000000,0.000000,0.000000,0.000000,0.010293,0.030879,0.495296,0.594355,0.475968,0.380775,0.716503,0.358251,0.008249,0.008249,0.000000,-0.000000,0.586125,0.879188,0.000000,0.000000,0.000000,0.000000,0.000000,0.000000,0.000000,-0.000000,0.000000,-0.000000,0.333333,-0.333333,0.000000,-0.000000,0.641261,-0.192378,0.000000,-0.000000,0.000000,-0.000000,1.725985,3.295212,2.510598,0.500000,0.500000
107700,Eduardo Melo,ATA,364,REM,6,45,45,fora,265,BAH,2026-09-14 20:00:00,27,0.000000,0.000000,0.000000,0.000000,0.018255,0.054765,0.000000,0.000000,0.379448,0.303559,0.614284,0.307142,0.003758,0.003758,1.000000,-0.100000,1.000000,1.500000,0.000000,0.000000,0.000000,0.000000,0.000000,0.000000,0.000000,-0.000000,0.000000,-0.000000,0.000000,-0.000000,0.000000,-0.000000,0.472762,-0.141828,0.000000,-0.000000,0.000000,-0.000000,1.927395,3.077370,2.502382,0.500000,0.500000
104204,Edson Carioca,ATA,2305,MIR,5,45,45,casa,287,VIT,2026-09-13 16:00:00,27,0.000000,0.000000,0.000000,0.000000,0.026349,0.079046,0.177303,0.212763,0.679997,0.543997,0.718449,0.359225,0.019467,0.019467,0.000000,-0.000000,0.973618,1.460427,0.000000,0.000000,0.000000,0.000000,0.000000,0.000000,0.000000,-0.000000,0.000000,-0.000000,0.000000,-0.000000,0.000000,-0.000000,0.650586,-0.195176,0.000000,-0.000000,0.000000,-0.000000,2.479750,2.510371,2.495060,0.500000,0.500000
81720,Lingard,ATA,264,COR,6,45,45,fora,262,FLA,2026-09-13 17:30:00,27,0.000000,0.000000,0.000000,0.000000,0.013747,0.041241,0.045178,0.054213,0.559167,0.447333,0.801609,0.400805,0.007339,0.007339,0.000000,-0.000000,0.738459,1.107689,0.000000,0.000000,0.000000,0.000000,0.000000,0.000000,0.000000,-0.000000,0.000000,-0.000000,0.000000,-0.000000,0.000000,-0.000000,0.769846,-0.230954,0.000000,-0.000000,0.000000,-0.000000,1.827667,3.104566,2.466116,0.500000,0.500000
105089,Tetê,ATA,284,GRE,6,45,45,casa,267,VAS,2026-09-12 16:00:00,27,0.000000,0.000000,0.000000,0.000000,0.026474,0.079421,0.433650,0.520380,0.495962,0.396770,0.774112,0.387056,0.020941,0.020941,0.000000,-0.000000,0.534926,0.802389,0.000000,0.000000,0.000000,0.000000,0.000000,0.000000,0.000000,-0.000000,0.000000,-0.000000,0.333333,-0.333333,0.000000,-0.000000,0.691124,-0.207337,0.000000,-0.000000,0.000000,-0.000000,1.666287,3.162002,2.414144,0.500000,0.500000
85048,Memphis Depay,ATA,264,COR,7,95,85,fora,262,FLA,2026-09-13 17:30:00,27,0.000000,0.000000,0.000000,0.000000,0.017002,0.051005,0.590730,0.708876,0.404673,0.323738,1.057334,0.528667,0.010342,0.010342,0.000000,-0.000000,0.140730,0.211096,0.000000,0.000000,0.000000,0.000000,0.000000,0.000000,0.000000,-0.000000,0.000000,-0.000000,0.000000,-0.000000,0.000000,-0.000000,0.574483,-0.172345,0.000000,-0.000000,0.000000,-0.000000,1.661379,3.164944,2.413161,0.500000,0.500000
111831,Matheus Martins,ATA,263,BOT,6,45,45,casa,280,RBB,2026-09-12 20:30:00,27,0.000000,0.000000,0.000000,0.000000,0.021797,0.065392,0.657494,0.788993,0.269777,0.215822,0.991599,0.495799,0.021791,0.021791,0.000000,-0.000000,0.040999,0.061499,0.000000,0.000000,0.000000,0.000000,0.000000,0.000000,0.000000,-0.000000,0.000000,-0.000000,0.000000,-0.000000,0.000000,-0.000000,0.641754,-0.192526,0.000000,-0.000000,0.000000,-0.000000,1.456770,3.366393,2.411582,0.500000,0.500000
142004,Amuzu,ATA,284,GRE,7,95,85,casa,267,VAS,2026-09-12 16:00:00,27,0.000000,0.000000,0.000000,0.000000,0.026656,0.079968,0.140450,0.168540,0.538715,0.430972,1.395797,0.697899,0.020280,0.020280,0.000000,-0.000000,0.261336,0.392004,0.000000,0.000000,0.000000,0.000000,0.000000,0.000000,0.000000,-0.000000,0.000000,-0.000000,0.000000,-0.000000,0.000000,-0.000000,0.515651,-0.154695,0.000000,-0.000000,0.000000,-0.000000,1.634968,3.096029,2.365498,0.500000,0.500000
140484,Riquelme Felipe,ATA,266,FLU,6,45,45,fora,282,CAM,2026-09-12 16:00:00,27,0.000000,0.000000,0.333333,1.666667,0.018082,0.054247,0.000000,0.000000,0.380946,0.304757,0.738669,0.369335,0.008923,0.008923,0.000000,-0.000000,0.302500,0.453750,0.000000,0.000000,0.000000,0.000000,0.000000,0.000000,0.000000,-0.000000,0.000000,-0.000000,0.333333,-0.333333,0.000000,-0.000000,0.681737,-0.204521,0.000000,-0.000000,0.000000,-0.000000,2.319824,2.395225,2.357525,0.500000,0.500000
146375,Kadir,ATA,263,BOT,6,45,45,casa,280,RBB,2026-09-12 20:30:00,27,0.000000,0.000000,0.000000,0.000000,0.030993,0.092979,0.404088,0.484906,0.362421,0.289937,0.714426,0.357213,0.019306,0.019306,0.000000,-0.000000,0.678055,1.017083,0.000000,0.000000,0.000000,0.000000,0.000000,0.000000,0.000000,-0.000000,0.000000,-0.000000,0.333333,-0.333333,0.000000,-0.000000,0.781291,-0.234387,0.000000,-0.000000,0.000000,-0.000000,1.693703,3.021131,2.357417,0.500000,0.500000
123795,Lucho Rodríguez,ATA,283,CRU,6,45,45,fora,277,SAN,2026-09-12 21:00:00,27,0.000000,0.000000,0.333333,1.666667,0.029547,0.088641,0.247500,0.297000,0.461291,0.369033,0.730422,0.365211,0.005193,0.005193,0.000000,-0.000000,0.000000,0.000000,0.000000,0.000000,0.000000,0.000000,0.000000,0.000000,0.000000,-0.000000,0.000000,-0.000000,0.333333,-0.333333,0.000000,-0.000000,0.586532,-0.175960,0.000000,-0.000000,0.000000,-0.000000,2.282451,2.418984,2.350717,0.500000,0.500000
132580,Vinicinho,ATA,280,RBB,7,95,85,fora,263,BOT,2026-09-12 20:30:00,27,0.000000,0.000000,0.000000,0.000000,0.018414,0.055243,0.150877,0.181053,0.531561,0.425249,0.936813,0.468407,0.004870,0.004870,0.000000,-0.000000,0.351067,0.526601,0.000000,0.000000,0.000000,0.000000,0.000000,0.000000,0.000000,-0.000000,0.000000,-0.000000,0.000000,-0.000000,0.000000,-0.000000,0.606837,-0.182051,0.000000,-0.000000,0.000000,-0.000000,1.479371,3.173461,2.326416,0.500000,0.500000
108602,Valencia,ATA,262,FLA,6,45,45,casa,264,COR,2026-09-13 17:30:00,27,0.000000,0.000000,0.000000,0.000000,0.028481,0.085442,0.000000,0.000000,0.256224,0.204979,0.613201,0.306601,0.016587,0.016587,0.000000,-0.000000,1.000000,1.500000,0.000000,0.000000,0.000000,0.000000,0.000000,0.000000,0.000000,-0.000000,0.000000,-0.000000,0.000000,-0.000000,0.000000,-0.000000,0.522021,-0.156606,0.000000,-0.000000,0.000000,-0.000000,1.957004,2.658279,2.307641,0.500000,0.500000
149994,Jhuan Nunes,ATA,280,RBB,6,45,45,fora,263,BOT,2026-09-12 20:30:00,27,0.000000,0.000000,0.000000,0.000000,0.016512,0.049535,0.000000,0.000000,0.712436,0.569949,0.609027,0.304513,0.004098,0.004098,0.000000,-0.000000,0.550000,0.825000,0.000000,0.000000,0.000000,0.000000,0.000000,0.000000,0.000000,-0.000000,0.000000,-0.000000,0.000000,-0.000000,0.000000,-0.000000,0.465675,-0.139703,0.000000,-0.000000,0.000000,-0.000000,1.613392,3.000506,2.306949,0.500000,0.500000
89368,Braithwaite,ATA,284,GRE,6,45,45,casa,267,VAS,2026-09-12 16:00:00,27,0.000000,0.000000,0.000000,0.000000,0.019258,0.057774,0.000127,0.000153,0.486766,0.389413,0.714010,0.357005,0.019838,0.019838,0.333333,-0.033333,0.586315,0.879472,0.000000,0.000000,0.000000,0.000000,0.000000,0.000000,0.000000,-0.000000,0.000000,-0.000000,0.000000,-0.000000,0.000000,-0.000000,0.680968,-0.204290,0.000000,-0.000000,0.000000,-0.000000,1.466031,3.144033,2.305032,0.500000,0.500000
99789,Brenner,ATA,267,VAS,5,45,45,fora,284,GRE,2026-09-12 16:00:00,27,0.000000,0.000000,0.000000,0.000000,0.015711,0.047134,0.274759,0.329710,0.477180,0.381744,0.841398,0.420699,0.007850,0.007850,0.666667,-0.066667,0.643106,0.964659,0.000000,0.000000,0.000000,0.000000,0.000000,0.000000,0.000000,-0.000000,0.000000,-0.000000,0.000000,-0.000000,0.000000,-0.000000,0.521912,-0.156574,0.000000,-0.000000,0.000000,-0.000000,1.928555,2.681140,2.304848,0.500000,0.500000
105563,Carlos Vinícius,ATA,284,GRE,7,95,85,casa,267,VAS,2026-09-12 16:00:00,27,0.000000,0.000000,0.000000,0.000000,0.023927,0.071780,0.528834,0.634601,0.361806,0.289444,0.941656,0.470828,0.021996,0.021996,0.333333,-0.033333,0.027749,0.041624,0.000000,0.000000,0.000000,0.000000,0.000000,0.000000,0.000000,-0.000000,0.000000,-0.000000,0.000000,-0.000000,0.000000,-0.000000,0.553811,-0.166143,0.000000,-0.000000,0.000000,-0.000000,1.330796,3.268379,2.299587,0.500000,0.500000
114040,Minda,ATA,282,CAM,6,45,45,casa,266,FLU,2026-09-12 16:00:00,27,0.000000,0.000000,0.000000,0.000000,0.027163,0.081489,0.279291,0.335149,0.377103,0.301683,0.768721,0.384361,0.019627,0.019627,0.333333,-0.033333,0.266342,0.399512,0.000000,0.000000,0.000000,0.000000,0.000000,0.000000,0.000000,-0.000000,0.000000,-0.000000,0.000000,-0.000000,0.000000,-0.000000,0.519107,-0.155732,0.000000,-0.000000,0.000000,-0.000000,1.332755,3.233647,2.283201,0.500000,0.500000
101254,Alef Manga,ATA,364,REM,6,45,45,fora,265,BAH,2026-09-14 20:00:00,27,0.000000,0.000000,0.000000,0.000000,0.010676,0.032027,0.035690,0.042828,0.556057,0.444846,0.777530,0.388765,0.008655,0.008655,0.333333,-0.033333,0.145130,0.217695,0.000000,0.000000,0.000000,0.000000,0.000000,0.000000,0.000000,-0.000000,0.000000,-0.000000,0.000000,-0.000000,0.000000,-0.000000,0.519846,-0.155954,0.000000,-0.000000,0.000032,-0.000126,0.945402,3.536512,2.240957,0.500000,0.500000
92171,Arthur Cabral,ATA,263,BOT,3,45,45,casa,280,RBB,2026-09-12 20:30:00,27,0.000000,0.000000,0.000000,0.000000,0.030213,0.090639,0.872047,1.046456,0.676022,0.540818,1.054184,0.527092,0.020523,0.020523,0.000000,-0.000000,0.446179,0.669269,0.000000,0.000000,0.000000,0.000000,0.000000,0.000000,0.000000,-0.000000,0.333333,-1.000000,0.333333,-0.333333,0.000000,-0.000000,0.922350,-0.276705,0.000000,-0.000000,0.000000,-0.000000,1.284758,3.188824,2.236791,0.500000,0.500000
84042,Tiquinho Soares,ATA,263,BOT,6,45,45,casa,280,RBB,2026-09-12 20:30:00,27,0.000000,0.000000,0.000000,0.000000,0.026880,0.080639,0.495296,0.594355,0.284508,0.227607,0.769426,0.384713,0.017129,0.017129,0.000000,-0.000000,0.204983,0.307475,0.000000,0.000000,0.000000,0.000000,0.000000,0.000000,0.000000,-0.000000,0.000000,-0.000000,0.000000,-0.000000,0.000000,-0.000000,0.722891,-0.216867,0.000000,-0.000000,0.000000,-0.000000,1.395050,3.059193,2.227122,0.500000,0.500000
95362,Cassierra,ATA,282,CAM,2,45,45,casa,266,FLU,2026-09-12 16:00:00,27,0.000000,0.000000,0.000000,0.000000,0.035334,0.106002,0.197871,0.237445,0.413472,0.330778,0.714652,0.357326,0.020602,0.020602,0.000000,-0.000000,0.008923,0.013385,0.000000,0.000000,0.000000,0.000000,0.000000,0.000000,0.000000,-0.000000,0.000000,-0.000000,0.000000,-0.000000,0.000000,-0.000000,0.562696,-0.168809,0.000000,-0.000000,0.000000,-0.000000,0.896729,3.459748,2.178238,0.500000,0.500000
90917,Carlos Eduardo,ATA,2305,MIR,6,45,45,casa,287,VIT,2026-09-13 16:00:00,27,0.000000,0.000000,0.000000,0.000000,0.023462,0.070385,0.288678,0.346413,0.683151,0.546521,0.862420,0.431210,0.019510,0.019510,0.000000,-0.000000,0.219177,0.328766,0.000000,0.000000,0.000000,0.000000,0.000000,0.000000,0.000000,-0.000000,0.000000,-0.000000,0.000000,-0.000000,0.000000,-0.000000,0.517375,-0.155212,0.000000,-0.000000,0.000000,-0.000000,1.587592,2.727995,2.157794,0.500000,0.500000
151404,Lucas Emanuel,ATA,263,BOT,6,45,45,casa,280,RBB,2026-09-12 20:30:00,27,0.000000,0.000000,0.000000,0.000000,0.027984,0.083953,1.000000,1.200000,0.304209,0.243367,0.832228,0.416114,0.016413,0.016413,0.000000,-0.000000,0.000000,0.000000,0.000000,0.000000,0.000000,0.000000,0.000000,0.000000,0.000000,-0.000000,0.000000,-0.000000,0.000000,-0.000000,0.000000,-0.000000,0.801321,-0.240396,0.000000,-0.000000,0.000000,-0.000000,1.719451,2.549539,2.134495,0.500000,0.500000
147560,Caio Suassuna,ATA,265,BAH,6,45,45,casa,364,REM,2026-09-14 20:00:00,27,0.000000,0.000000,0.000000,0.000000,0.030963,0.092890,0.000000,0.000000,0.333702,0.266961,0.858715,0.429358,0.017459,0.017459,0.000000,-0.000000,1.000000,1.500000,0.000000,0.000000,0.000000,0.000000,0.000000,0.000000,0.000000,-0.000000,0.000000,-0.000000,0.000000,-0.000000,0.000000,-0.000000,0.540581,-0.162174,0.000000,-0.000000,0.000000,-0.000000,2.144494,1.902650,2.023572,0.500000,0.500000
145379,Kauê Furquim,ATA,265,BAH,6,45,45,casa,364,REM,2026-09-14 20:00:00,27,0.000000,0.000000,0.000000,0.000000,0.025542,0.076627,0.000000,0.000000,0.362549,0.290039,1.047225,0.523612,0.019300,0.019300,0.000000,-0.000000,0.697500,1.046250,0.000000,0.000000,0.000000,0.000000,0.000000,0.000000,0.000000,-0.000000,0.000000,-0.000000,0.000000,-0.000000,0.000000,-0.000000,0.684169,-0.205251,0.000000,-0.000000,0.000000,-0.000000,1.750577,2.288647,2.019612,0.500000,0.500000
147268,Anderson Pato,ATA,287,VIT,5,45,45,fora,2305,MIR,2026-09-13 16:00:00,27,0.000000,0.000000,0.000000,0.000000,0.017093,0.051278,0.000000,0.000000,0.389092,0.311273,0.618225,0.309113,0.004071,0.004071,0.000000,-0.000000,1.000000,1.500000,0.000000,0.000000,0.000000,0.000000,0.000000,0.000000,0.000000,-0.000000,0.000000,-0.000000,0.333333,-0.333333,0.000000,-0.000000,0.573977,-0.172193,0.000000,-0.000000,0.000000,-0.000000,1.670208,2.286904,1.978556,0.500000,0.500000
151412,Kássio,ATA,315,CHA,6,45,45,casa,285,INT,2026-09-12 17:00:00,27,0.000000,0.000000,0.000000,0.000000,0.028481,0.085442,0.000000,0.000000,0.256224,0.204979,0.613201,0.306601,0.016587,0.016587,0.000000,-0.000000,1.000000,1.500000,0.000000,0.000000,0.000000,0.000000,0.000000,0.000000,0.000000,-0.000000,0.000000,-0.000000,0.000000,-0.000000,0.000000,-0.000000,0.522021,-0.156606,0.000000,-0.000000,0.000000,-0.000000,1.957004,1.926309,1.941656,0.500000,0.500000
101290,Ferreira,ATA,276,SAO,6,45,45,fora,275,PAL,2026-09-12 18:30:00,27,0.000000,0.000000,0.000000,0.000000,0.014219,0.042656,0.084132,0.100958,0.381541,0.305233,0.828537,0.414268,0.007368,0.007368,0.000000,-0.000000,0.581803,0.872705,0.000000,0.000000,0.000000,0.000000,0.000000,0.000000,0.000000,-0.000000,0.000000,-0.000000,0.000000,-0.000000,0.000000,-0.000000,0.441023,-0.132307,0.000000,-0.000000,0.000000,-0.000000,1.610881,2.234649,1.922765,0.500000,0.500000
133673,Mateus Xavier,ATA,277,SAN,6,45,45,casa,283,CRU,2026-09-12 21:00:00,27,0.000000,0.000000,0.000000,0.000000,0.026991,0.080974,0.000000,0.000000,0.244954,0.195964,0.603670,0.301835,0.016064,0.016064,0.000000,-0.000000,1.000000,1.500000,0.000000,0.000000,0.000000,0.000000,0.000000,0.000000,0.000000,-0.000000,0.000000,-0.000000,0.000000,-0.000000,0.000000,-0.000000,0.793897,-0.238169,0.000000,-0.000000,0.000000,-0.000000,1.856667,1.895246,1.875957,0.500000,0.500000
102877,Gabriel Poveda,ATA,364,REM,6,45,45,fora,265,BAH,2026-09-14 20:00:00,27,0.000000,0.000000,0.000000,0.000000,0.011261,0.033782,0.006851,0.008221,0.391340,0.313072,0.731562,0.365781,0.004721,0.004721,0.000000,-0.000000,0.116673,0.175010,0.000000,0.000000,0.000000,0.000000,0.000000,0.000000,0.000000,-0.000000,0.000000,-0.000000,0.000000,-0.000000,0.000000,-0.000000,0.420106,-0.126032,0.000000,-0.000000,0.000000,-0.000000,0.774555,2.940296,1.857426,0.500000,0.500000
133543,Gui Negão,ATA,264,COR,6,45,45,fora,262,FLA,2026-09-13 17:30:00,27,0.000000,0.000000,0.000000,0.000000,0.013688,0.041064,0.000000,0.000000,0.440479,0.352383,0.606222,0.303111,0.003979,0.003979,0.000000,-0.000000,0.202520,0.303780,0.000000,0.000000,0.000000,0.000000,0.000000,0.000000,0.000000,-0.000000,0.000000,-0.000000,0.000000,-0.000000,0.000000,-0.000000,0.548803,-0.164641,0.000000,-0.000000,0.000000,-0.000000,0.839676,2.843605,1.841641,0.500000,0.500000
141406,Andrey Fernandes,ATA,267,VAS,6,45,45,fora,284,GRE,2026-09-12 16:00:00,27,0.000000,0.000000,0.000000,0.000000,0.019745,0.059234,1.000000,1.200000,0.245301,0.196241,0.851294,0.425647,0.004281,0.004281,0.000000,-0.000000,0.000000,0.000000,0.000000,0.000000,0.000000,0.000000,0.000000,0.000000,0.000000,-0.000000,0.000000,-0.000000,0.000000,-0.000000,0.000000,-0.000000,0.483898,-0.145169,0.000000,-0.000000,0.000000,-0.000000,1.740233,1.886138,1.813186,0.500000,0.500000
101715,Alerrandro,ATA,285,INT,6,45,45,fora,315,CHA,2026-09-12 17:00:00,27,0.000000,0.000000,0.000000,0.000000,0.010596,0.031788,0.123111,0.147733,0.378409,0.302728,0.948827,0.474414,0.008027,0.008027,0.000000,-0.000000,0.470222,0.705333,0.000000,0.000000,0.000000,0.000000,0.000000,0.000000,0.000000,-0.000000,0.000000,-0.000000,0.000000,-0.000000,0.000000,-0.000000,0.965908,-0.289772,0.000000,-0.000000,0.000000,-0.000000,1.380249,2.244543,1.812396,0.500000,0.500000
42222,Osvaldo,ATA,287,VIT,6,45,45,fora,2305,MIR,2026-09-13 16:00:00,27,0.000000,0.000000,0.000000,0.000000,0.012871,0.038614,0.000000,0.000000,0.521629,0.417303,0.585132,0.292566,0.002451,0.002451,0.000000,-0.000000,0.000000,0.000000,0.000000,0.000000,0.000000,0.000000,0.000000,0.000000,0.000000,-0.000000,0.000000,-0.000000,0.000000,-0.000000,0.000000,-0.000000,0.435669,-0.130701,0.000000,-0.000000,0.000000,-0.000000,0.620234,2.973441,1.796837,0.500000,0.500000
68996,Willian José,ATA,265,BAH,6,45,45,casa,364,REM,2026-09-14 20:00:00,27,0.000000,0.000000,0.000000,0.000000,0.023681,0.071043,0.024852,0.029823,0.565283,0.452227,0.665712,0.332856,0.018656,0.018656,0.000000,-0.000000,0.012520,0.018780,0.000000,0.000000,0.000000,0.000000,0.000000,0.000000,0.000000,-0.000000,0.000000,-0.000000,0.000000,-0.000000,0.000000,-0.000000,0.459828,-0.137948,0.000000,-0.000000,0.000017,-0.000069,0.785367,2.773626,1.779497,0.500000,0.500000
91130,Fernandinho,ATA,2305,MIR,2,45,45,casa,287,VIT,2026-09-13 16:00:00,27,0.000000,0.000000,0.000000,0.000000,0.028729,0.086186,0.041178,0.049413,0.240198,0.192159,0.860749,0.430375,0.014416,0.014416,0.000000,-0.000000,0.394006,0.591009,0.000000,0.000000,0.000000,0.000000,0.000000,0.000000,0.000000,-0.000000,0.000000,-0.000000,0.000000,-0.000000,0.000000,-0.000000,0.856826,-0.257048,0.000000,-0.000000,0.000000,-0.000000,1.106510,2.450630,1.778570,0.500000,0.500000
136955,Sanabria,ATA,265,BAH,5,45,45,casa,364,REM,2026-09-14 20:00:00,27,0.000000,0.000000,0.000000,0.000000,0.025975,0.077926,0.000766,0.000919,0.346765,0.277412,0.836914,0.418457,0.017811,0.017811,0.333333,-0.033333,0.512128,0.768192,0.000000,0.000000,0.000000,0.000000,0.000000,0.000000,0.000000,-0.000000,0.000000,-0.000000,0.333333,-0.333333,0.000000,-0.000000,0.731090,-0.219327,0.000000,-0.000000,0.000000,-0.000000,0.974723,2.580345,1.777534,0.500000,0.500000
133690,Bruno Lopes,ATA,267,VAS,6,45,45,fora,284,GRE,2026-09-12 16:00:00,27,0.000000,0.000000,0.000000,0.000000,0.019745,0.059234,1.000000,1.200000,0.386350,0.309080,0.623983,0.311991,0.004281,0.004281,0.000000,-0.000000,0.000000,0.000000,0.000000,0.000000,0.000000,0.000000,0.000000,0.000000,0.000000,-0.000000,0.000000,-0.000000,0.000000,-0.000000,0.000000,-0.000000,0.766910,-0.230073,0.000000,-0.000000,0.000000,-0.000000,1.654513,1.886138,1.770325,0.500000,0.500000
130121,João Costa,ATA,283,CRU,6,45,45,fora,277,SAN,2026-09-12 21:00:00,27,0.000000,0.000000,0.000000,0.000000,0.015439,0.046317,0.644738,0.773685,0.252317,0.201853,0.654954,0.327477,0.003362,0.003362,0.333333,-0.033333,0.247500,0.371250,0.000000,0.000000,0.000000,0.000000,0.000000,0.000000,0.000000,-0.000000,0.000000,-0.000000,0.000000,-0.000000,0.000000,-0.000000,0.841755,-0.252527,0.000000,-0.000000,0.000000,-0.000000,1.438084,2.097913,1.767998,0.500000,0.500000
122781,Caballero,ATA,277,SAN,7,95,85,casa,283,CRU,2026-09-12 21:00:00,27,0.000000,0.000000,0.000000,0.000000,0.040054,0.120163,0.074869,0.089843,0.355278,0.284222,0.782107,0.391053,0.000000,0.000000,0.333333,-0.033333,0.541506,0.812259,0.000000,0.000000,0.000000,0.000000,0.000000,0.000000,0.000000,-0.000000,0.000000,-0.000000,0.000000,-0.000000,0.000000,-0.000000,0.883010,-0.264903,0.000000,-0.000000,0.000000,-0.000000,1.399304,2.103640,1.751472,0.500000,0.500000
117403,Renato Marques,ATA,294,CFC,6,45,45,casa,293,CAP,2026-09-11 21:00:00,27,0.000000,0.000000,0.000000,0.000000,0.031055,0.093165,0.027681,0.033217,0.286801,0.229441,0.725371,0.362686,0.017883,0.017883,0.000000,-0.000000,0.000000,0.000000,0.000000,0.000000,0.000000,0.000000,0.000000,0.000000,0.000000,-0.000000,0.000000,-0.000000,0.000000,-0.000000,0.000000,-0.000000,0.528118,-0.158435,0.000000,-0.000000,0.000000,-0.000000,0.577956,2.908364,1.743160,0.500000,0.500000
108133,Isidro Pitta,ATA,280,RBB,7,95,85,fora,263,BOT,2026-09-12 20:30:00,27,0.000000,0.000000,0.000000,0.000000,0.020535,0.061605,0.111277,0.133533,0.372571,0.298057,0.811491,0.405746,0.002021,0.002021,0.333333,-0.033333,0.006854,0.010281,0.000000,0.000000,0.000000,0.000000,0.000000,0.000000,0.000000,-0.000000,0.000000,-0.000000,0.333333,-0.333333,0.000000,-0.000000,0.837200,-0.251160,0.000000,-0.000000,0.000003,-0.000012,0.293403,3.154124,1.723764,0.500000,0.500000
91607,R. Rústico,ATA,277,SAN,7,95,85,casa,283,CRU,2026-09-12 21:00:00,27,0.000000,0.000000,0.000000,0.000000,0.022104,0.066312,0.012488,0.014985,0.562668,0.450134,0.872802,0.436401,0.018730,0.018730,0.666667,-0.066667,0.346111,0.519167,0.000000,0.000000,0.000000,0.000000,0.000000,0.000000,0.000000,-0.000000,0.000000,-0.000000,0.000000,-0.000000,0.000000,-0.000000,0.647442,-0.194233,0.000000,-0.000000,0.000000,-0.000000,1.244830,2.191822,1.718326,0.500000,0.500000
107300,Alex Bruno,ATA,287,VIT,6,45,45,fora,2305,MIR,2026-09-13 16:00:00,27,0.000000,0.000000,0.000000,0.000000,0.017758,0.053275,0.000000,0.000000,0.546122,0.436898,0.833698,0.416849,0.003584,0.003584,0.000000,-0.000000,0.000000,0.000000,0.000000,0.000000,0.000000,0.000000,0.000000,0.000000,0.000000,-0.000000,0.000000,-0.000000,0.000000,-0.000000,0.000000,-0.000000,0.469050,-0.140715,0.000000,-0.000000,0.000000,-0.000000,0.769891,2.506756,1.638323,0.500000,0.500000
147089,Cauã Soares,ATA,282,CAM,6,45,45,casa,266,FLU,2026-09-12 16:00:00,27,0.000000,0.000000,0.000000,0.000000,0.021528,0.064583,0.500328,0.600394,0.375593,0.300474,0.594723,0.297361,0.017224,0.017224,0.000000,-0.000000,0.074869,0.112303,0.000000,0.000000,0.000000,0.000000,0.000000,0.000000,0.000000,-0.000000,0.000000,-0.000000,0.000000,-0.000000,0.000000,-0.000000,0.484248,-0.145274,0.000000,-0.000000,0.000000,-0.000000,1.247065,1.974113,1.610589,0.500000,0.500000
116066,Rubens,ATA,315,CHA,6,45,45,casa,285,INT,2026-09-12 17:00:00,27,0.000000,0.000000,0.000000,0.000000,0.020354,0.061061,0.022648,0.027177,0.254657,0.203726,0.677198,0.338599,0.016483,0.016483,0.000000,-0.000000,0.720148,1.080222,0.000000,0.000000,0.000000,0.000000,0.000000,0.000000,0.000000,-0.000000,0.000000,-0.000000,0.333333,-0.333333,0.000000,-0.000000,0.937486,-0.281246,0.000000,-0.000000,0.000000,-0.000000,1.112688,2.066881,1.589785,0.500000,0.500000
104666,Moisés,ATA,277,SAN,6,45,45,casa,283,CRU,2026-09-12 21:00:00,27,0.000000,0.000000,0.000000,0.000000,0.019157,0.057472,0.052563,0.063076,0.810844,0.648676,0.607186,0.303593,0.017940,0.017940,0.000000,-0.000000,0.249572,0.374359,0.000000,0.000000,0.000000,0.000000,0.000000,0.000000,0.000000,-0.000000,0.000000,-0.000000,0.000000,-0.000000,0.000000,-0.000000,0.481657,-0.144497,0.000000,-0.000000,0.000000,-0.000000,1.320618,1.848493,1.584555,0.500000,0.500000
70360,Eduardo Sasha,ATA,280,RBB,5,45,45,fora,263,BOT,2026-09-12 20:30:00,27,0.000000,0.000000,0.000000,0.000000,0.007771,0.023313,0.013835,0.016602,0.518246,0.414597,0.703638,0.351819,0.006680,0.006680,0.000000,-0.000000,0.273230,0.409846,0.000000,0.000000,0.000000,0.000000,0.000000,0.000000,0.000000,-0.000000,0.000000,-0.000000,0.333333,-0.333333,0.000000,-0.000000,0.451016,-0.135305,0.000000,-0.000000,0.035104,-0.140416,0.613802,2.545860,1.579831,0.500000,0.500000
105518,Renan Peixoto,ATA,293,CAP,6,45,45,fora,294,CFC,2026-09-11 21:00:00,27,0.000000,0.000000,0.000000,0.000000,0.007537,0.022612,0.450000,0.540000,0.226994,0.181595,0.653614,0.326807,0.005231,0.005231,0.333333,-0.033333,0.012456,0.018684,0.000000,0.000000,0.000000,0.000000,0.000000,0.000000,0.000000,-0.000000,0.000000,-0.000000,0.000000,-0.000000,0.000000,-0.000000,0.550103,-0.165031,0.000000,-0.000000,0.000000,-0.000000,0.896565,2.256427,1.576496,0.500000,0.500000
101002,Júnior Santos,ATA,263,BOT,6,45,45,casa,280,RBB,2026-09-12 20:30:00,27,0.000000,0.000000,0.000000,0.000000,0.027379,0.082136,0.023075,0.027690,0.338581,0.270865,0.800957,0.400478,0.016828,0.016828,0.333333,-0.033333,0.015095,0.022643,0.000000,0.000000,0.000000,0.000000,0.000000,0.000000,0.000000,-0.000000,0.000000,-0.000000,0.000000,-0.000000,0.000000,-0.000000,0.843097,-0.252929,0.000000,-0.000000,0.000000,-0.000000,0.534378,2.461915,1.498147,0.500000,0.500000
147202,João Bezerra,ATA,285,INT,6,45,45,fora,315,CHA,2026-09-12 17:00:00,27,0.000000,0.000000,0.000000,0.000000,0.013842,0.041526,0.550000,0.660000,0.308924,0.247139,0.591410,0.295705,0.002890,0.002890,0.000000,-0.000000,0.000000,0.000000,0.000000,0.000000,0.000000,0.000000,0.000000,0.000000,0.000000,-0.000000,0.000000,-0.000000,0.000000,-0.000000,0.000000,-0.000000,0.443670,-0.133101,0.000000,-0.000000,0.000000,-0.000000,1.114160,1.881919,1.498040,0.500000,0.500000
111829,Kayky,ATA,285,INT,5,45,45,fora,315,CHA,2026-09-12 17:00:00,27,0.000000,0.000000,0.000000,0.000000,0.017152,0.051455,0.363547,0.436256,0.304612,0.243689,0.673711,0.336856,0.002503,0.002503,0.000000,-0.000000,0.116047,0.174070,0.000000,0.000000,0.000000,0.000000,0.000000,0.000000,0.000000,-0.000000,0.000000,-0.000000,0.000000,-0.000000,0.000000,-0.000000,0.429283,-0.128785,0.000000,-0.000000,0.000000,-0.000000,1.116044,1.876292,1.496168,0.500000,0.500000
146624,Heittor,ATA,275,PAL,6,45,45,casa,276,SAO,2026-09-12 18:30:00,27,0.000000,0.000000,0.000000,0.000000,0.022906,0.068719,0.000000,0.000000,0.178442,0.142754,0.656114,0.328057,0.015524,0.015524,0.333333,-0.033333,0.302500,0.453750,0.000000,0.000000,0.000000,0.000000,0.000000,0.000000,0.000000,-0.000000,0.000000,-0.000000,0.000000,-0.000000,0.000000,-0.000000,0.571535,-0.171460,0.000000,-0.000000,0.000000,-0.000000,0.804011,2.183024,1.493518,0.500000,0.500000
117909,Wesley,ATA,283,CRU,7,95,85,fora,277,SAN,2026-09-12 21:00:00,27,0.000000,0.000000,0.000000,0.000000,0.022742,0.068226,0.136125,0.163350,0.325119,0.260095,0.747109,0.373554,0.005493,0.005493,0.000000,-0.000000,0.166375,0.249563,0.000000,0.000000,0.000000,0.000000,0.000000,0.000000,0.000000,-0.000000,0.000000,-0.000000,0.333333,-0.333333,0.000000,-0.000000,0.571805,-0.171541,0.000000,-0.000000,0.000000,-0.000000,0.615406,2.288878,1.452142,0.500000,0.500000
142265,Dell,ATA,265,BAH,6,45,45,casa,364,REM,2026-09-14 20:00:00,27,0.000000,0.000000,0.000000,0.000000,0.022886,0.068659,0.136125,0.163350,0.473405,0.378724,0.724188,0.362094,0.015763,0.015763,0.000000,-0.000000,0.413875,0.620813,0.000000,0.000000,0.000000,0.000000,0.000000,0.000000,0.000000,-0.000000,0.333333,-1.000000,0.000000,-0.000000,0.000000,-0.000000,0.702936,-0.210881,0.000000,-0.000000,0.000000,-0.000000,0.398522,2.477254,1.437888,0.500000,0.500000
151120,Jorge Rivaldo,ATA,293,CAP,6,45,45,fora,294,CFC,2026-09-11 21:00:00,27,0.000000,0.000000,0.000000,0.000000,0.011269,0.033808,0.450000,0.540000,0.308767,0.247014,0.580280,0.290140,0.002583,0.002583,0.333333,-0.033333,0.000000,0.000000,0.000000,0.000000,0.000000,0.000000,0.000000,0.000000,0.000000,-0.000000,0.000000,-0.000000,0.000000,-0.000000,0.000000,-0.000000,0.636931,-0.191079,0.000000,-0.000000,0.000000,-0.000000,0.889132,1.946988,1.418060,0.500000,0.500000
86485,Keno,ATA,294,CFC,6,45,45,casa,293,CAP,2026-09-11 21:00:00,27,0.000000,0.000000,0.000000,0.000000,0.023723,0.071168,0.074869,0.089843,0.318265,0.254612,0.858389,0.429195,0.016006,0.016006,0.333333,-0.033333,0.000000,0.000000,0.000000,0.000000,0.000000,0.000000,0.000000,0.000000,0.000000,-0.000000,0.000000,-0.000000,0.000000,-0.000000,0.000000,-0.000000,0.490141,-0.147042,0.000000,-0.000000,0.000000,-0.000000,0.680447,2.122948,1.401698,0.500000,0.500000
103626,Ocampo,ATA,294,CFC,5,45,45,casa,293,CAP,2026-09-11 21:00:00,27,0.000000,0.000000,0.000000,0.000000,0.025873,0.077620,0.000000,0.000000,0.276786,0.221429,0.665429,0.332715,0.015892,0.015892,0.000000,-0.000000,0.302500,0.453750,0.000000,0.000000,0.000000,0.000000,0.000000,0.000000,0.000000,-0.000000,0.000000,-0.000000,0.000000,-0.000000,0.000000,-0.000000,0.575426,-0.172628,0.000000,-0.000000,0.000000,-0.000000,0.928777,1.859606,1.394191,0.500000,0.500000
141991,Tico,ATA,364,REM,6,45,45,fora,265,BAH,2026-09-14 20:00:00,27,0.000000,0.000000,0.000000,0.000000,0.013786,0.041358,0.000000,0.000000,0.395126,0.316101,0.799588,0.399794,0.002190,0.002190,0.000000,-0.000000,0.000000,0.000000,0.000000,0.000000,0.000000,0.000000,0.000000,0.000000,0.000000,-0.000000,0.000000,-0.000000,0.000000,-0.000000,0.000000,-0.000000,0.439354,-0.131806,0.000000,-0.000000,0.000000,-0.000000,0.627636,2.115263,1.371449,0.500000,0.500000
149991,David,ATA,294,CFC,6,45,45,casa,293,CAP,2026-09-11 21:00:00,27,0.000000,0.000000,0.000000,0.000000,0.021033,0.063098,0.000000,0.000000,0.231375,0.185100,0.567004,0.283502,0.013973,0.013973,0.000000,-0.000000,0.000000,0.000000,0.000000,0.000000,0.000000,0.000000,0.000000,0.000000,0.000000,-0.000000,0.000000,-0.000000,0.000000,-0.000000,0.000000,-0.000000,0.466341,-0.139902,0.000000,-0.000000,0.000000,-0.000000,0.405770,2.327273,1.366522,0.500000,0.500000
122439,Isaac,ATA,293,CAP,6,45,45,fora,294,CFC,2026-09-11 21:00:00,27,0.000000,0.000000,0.000000,0.000000,0.012725,0.038175,0.000000,0.000000,0.324698,0.259759,0.585598,0.292799,0.001787,0.001787,0.000000,-0.000000,0.247500,0.371250,0.000000,0.000000,0.000000,0.000000,0.000000,0.000000,0.000000,-0.000000,0.000000,-0.000000,0.000000,-0.000000,0.000000,-0.000000,0.550949,-0.165285,0.000000,-0.000000,0.000000,-0.000000,0.798485,1.933019,1.365752,0.500000,0.500000
143463,Wesley Natã,ATA,266,FLU,6,45,45,fora,282,CAM,2026-09-12 16:00:00,27,0.000000,0.000000,0.000000,0.000000,0.009814,0.029441,0.000000,0.000000,0.385816,0.308652,0.562104,0.281052,0.000795,0.000795,0.000000,-0.000000,0.000000,0.000000,0.000000,0.000000,0.000000,0.000000,0.000000,0.000000,0.000000,-0.000000,0.000000,-0.000000,0.000000,-0.000000,0.000000,-0.000000,0.692670,-0.207801,0.000000,-0.000000,0.000000,-0.000000,0.412140,2.317357,1.364749,0.500000,0.500000
129663,Ruan Pablo,ATA,265,BAH,6,45,45,casa,364,REM,2026-09-14 20:00:00,27,0.000000,0.000000,0.000000,0.000000,0.021229,0.063686,0.000000,0.000000,0.209783,0.167826,0.574875,0.287438,0.014306,0.014306,0.000000,-0.000000,0.000000,0.000000,0.000000,0.000000,0.000000,0.000000,0.000000,0.000000,0.000000,-0.000000,0.000000,-0.000000,0.000000,-0.000000,0.000000,-0.000000,0.589571,-0.176871,0.000000,-0.000000,0.000000,-0.000000,0.356385,2.325453,1.340919,0.500000,0.500000
131617,André Silva,ATA,276,SAO,6,45,45,fora,275,PAL,2026-09-12 18:30:00,27,0.000000,0.000000,0.000000,0.000000,0.005734,0.017203,0.498806,0.598567,0.193552,0.154842,0.706460,0.353230,0.006968,0.006968,0.000000,-0.000000,0.022648,0.033972,0.000000,0.000000,0.000000,0.000000,0.000000,0.000000,0.000000,-0.000000,0.000000,-0.000000,0.666667,-0.666667,0.000000,-0.000000,0.644742,-0.193423,0.000000,-0.000000,0.000000,-0.000000,0.304693,2.369351,1.337022,0.500000,0.500000
150251,Joaquín Freitas,ATA,262,FLA,6,45,45,casa,264,COR,2026-09-13 17:30:00,27,0.000000,0.000000,0.000000,0.000000,0.024508,0.073525,0.000000,0.000000,0.109471,0.087577,1.094649,0.547325,0.015193,0.015193,0.000000,-0.000000,0.000000,0.000000,0.000000,0.000000,0.000000,0.000000,0.000000,0.000000,0.000000,-0.000000,0.000000,-0.000000,0.000000,-0.000000,0.000000,-0.000000,0.775337,-0.232601,0.000000,-0.000000,0.000000,-0.000000,0.491019,2.130827,1.310923,0.500000,0.500000
81005,André Luis,ATA,2305,MIR,6,45,45,casa,287,VIT,2026-09-13 16:00:00,27,0.000000,0.000000,0.000000,0.000000,0.017742,0.053226,0.000000,0.000000,0.528240,0.422592,0.729662,0.364831,0.017315,0.017315,0.333333,-0.033333,0.000000,0.000000,0.000000,0.000000,0.000000,0.000000,0.000000,0.000000,0.000000,-0.000000,0.000000,-0.000000,0.000000,-0.000000,0.000000,-0.000000,0.479975,-0.143992,0.000000,-0.000000,0.000000,-0.000000,0.680638,1.886789,1.283714,0.500000,0.500000
97911,Lucas Silva,ATA,287,VIT,6,45,45,fora,2305,MIR,2026-09-13 16:00:00,27,0.000000,0.000000,0.000000,0.000000,0.009568,0.028703,0.000000,0.000000,0.217650,0.174120,0.637877,0.318938,0.002190,0.002190,0.000000,-0.000000,0.000000,0.000000,0.000000,0.000000,0.000000,0.000000,0.000000,0.000000,0.000000,-0.000000,0.000000,-0.000000,0.333333,-0.333333,0.000000,-0.000000,0.416515,-0.124954,0.000000,-0.000000,0.000000,-0.000000,0.065663,2.440955,1.253309,0.500000,0.500000
93371,Rodrigo Rodrigues,ATA,294,CFC,6,45,45,casa,293,CAP,2026-09-11 21:00:00,27,0.000000,0.000000,0.000000,0.000000,0.016564,0.049692,0.000000,0.000000,0.200808,0.160646,0.540973,0.270487,0.012404,0.012404,0.000000,-0.000000,0.000000,0.000000,0.000000,0.000000,0.000000,0.000000,0.000000,0.000000,0.000000,-0.000000,0.000000,-0.000000,0.000000,-0.000000,0.000000,-0.000000,1.281970,-0.384591,0.000000,-0.000000,0.000000,-0.000000,0.108637,2.373601,1.241119,0.500000,0.500000
118775,Lautaro Díaz,ATA,277,SAN,6,45,45,casa,283,CRU,2026-09-12 21:00:00,27,0.000000,0.000000,0.000000,0.000000,0.029567,0.088700,0.247500,0.297000,0.457902,0.366322,0.627689,0.313845,0.014901,0.014901,0.000000,-0.000000,0.090093,0.135140,0.000000,0.000000,0.000000,0.000000,0.000000,0.000000,0.000000,-0.000000,0.000000,-0.000000,0.000000,-0.000000,0.000000,-0.000000,0.525130,-0.157539,0.000000,-0.000000,0.000000,-0.000000,1.058368,1.401941,1.230154,0.500000,0.500000
143488,Raykkonen,ATA,285,INT,6,45,45,fora,315,CHA,2026-09-12 17:00:00,27,0.000000,0.000000,0.000000,0.000000,0.013786,0.041358,0.000000,0.000000,0.395126,0.316101,0.799588,0.399794,0.002190,0.002190,0.000000,-0.000000,0.000000,0.000000,0.000000,0.000000,0.000000,0.000000,0.000000,0.000000,0.000000,-0.000000,0.000000,-0.000000,0.000000,-0.000000,0.000000,-0.000000,0.439354,-0.131806,0.000000,-0.000000,0.000000,-0.000000,0.627636,1.794964,1.211300,0.500000,0.500000
101237,Eliasson,ATA,285,INT,6,45,45,fora,315,CHA,2026-09-12 17:00:00,27,0.000000,0.000000,0.000000,0.000000,0.011432,0.034295,0.000000,0.000000,0.246922,0.197538,0.638731,0.319366,0.001926,0.001926,0.000000,-0.000000,0.000000,0.000000,0.000000,0.000000,0.000000,0.000000,0.000000,0.000000,0.000000,-0.000000,0.000000,-0.000000,0.000000,-0.000000,0.000000,-0.000000,0.423483,-0.127045,0.000000,-0.000000,0.000000,-0.000000,0.426079,1.902267,1.164173,0.500000,0.500000
140542,Ryan Francisco,ATA,276,SAO,6,45,45,fora,275,PAL,2026-09-12 18:30:00,27,0.000000,0.000000,0.000000,0.000000,0.009814,0.029441,0.000000,0.000000,0.385816,0.308652,0.562104,0.281052,0.000795,0.000795,0.000000,-0.000000,0.000000,0.000000,0.000000,0.000000,0.000000,0.000000,0.000000,0.000000,0.000000,-0.000000,0.000000,-0.000000,0.000000,-0.000000,0.000000,-0.000000,0.692670,-0.207801,0.000000,-0.000000,0.000000,-0.000000,0.412140,1.861769,1.136954,0.500000,0.500000
110598,Marino Hinestroza,ATA,267,VAS,6,45,45,fora,284,GRE,2026-09-12 16:00:00,27,0.000000,0.000000,0.000000,0.000000,0.009216,0.027648,0.000000,0.000000,0.196688,0.157351,0.803439,0.401719,0.006239,0.006239,0.000000,-0.000000,0.024981,0.037472,0.000000,0.000000,0.000000,0.000000,0.000000,0.000000,0.000000,-0.000000,0.000000,-0.000000,0.000000,-0.000000,0.000000,-0.000000,0.462490,-0.138747,0.000000,-0.000000,0.000000,-0.000000,0.491682,1.716795,1.104239,0.500000,0.500000
85035,Sanabria,ATA,285,INT,7,95,85,fora,315,CHA,2026-09-12 17:00:00,27,0.000000,0.000000,0.000000,0.000000,0.009440,0.028320,0.000000,0.000000,0.182681,0.146145,0.563871,0.281935,0.001051,0.001051,0.000000,-0.000000,0.000000,0.000000,0.000000,0.000000,0.000000,0.000000,0.000000,0.000000,0.000000,-0.000000,0.000000,-0.000000,0.000000,-0.000000,0.000000,-0.000000,0.691541,-0.207462,0.000000,-0.000000,0.000000,-0.000000,0.249988,1.936686,1.093337,0.500000,0.500000
141609,Lucca,ATA,276,SAO,6,45,45,fora,275,PAL,2026-09-12 18:30:00,27,0.000000,0.000000,0.000000,0.000000,0.011504,0.034511,0.000000,0.000000,0.240573,0.192458,0.582871,0.291435,0.001789,0.001789,0.000000,-0.000000,0.136125,0.204188,0.000000,0.000000,0.000000,0.000000,0.000000,0.000000,0.000000,-0.000000,0.000000,-0.000000,0.000000,-0.000000,0.000000,-0.000000,0.517424,-0.155227,0.000000,-0.000000,0.000000,-0.000000,0.569155,1.612947,1.091051,0.500000,0.500000
113158,Marquinhos,ATA,283,CRU,6,45,45,fora,277,SAN,2026-09-12 21:00:00,27,0.000000,0.000000,0.000000,0.000000,0.013047,0.039141,0.000000,0.000000,0.238930,0.191144,0.945257,0.472628,0.002832,0.002832,0.000000,-0.000000,0.000000,0.000000,0.000000,0.000000,0.000000,0.000000,0.000000,0.000000,0.000000,-0.000000,0.000000,-0.000000,0.000000,-0.000000,0.000000,-0.000000,0.698450,-0.209535,0.000000,-0.000000,0.000000,-0.000000,0.496211,1.617591,1.056901,0.500000,0.500000
145036,Fernando Pradella,ATA,277,SAN,6,45,45,casa,283,CRU,2026-09-12 21:00:00,27,0.000000,0.000000,0.000000,0.000000,0.021033,0.063098,0.000000,0.000000,0.231375,0.185100,0.567004,0.283502,0.013973,0.013973,0.000000,-0.000000,0.000000,0.000000,0.000000,0.000000,0.000000,0.000000,0.000000,0.000000,0.000000,-0.000000,0.000000,-0.000000,0.000000,-0.000000,0.000000,-0.000000,0.466341,-0.139902,0.000000,-0.000000,0.000000,-0.000000,0.405770,1.650663,1.028217,0.500000,0.500000
90608,Chico da Costa,ATA,283,CRU,6,45,45,fora,277,SAN,2026-09-12 21:00:00,27,0.000000,0.000000,0.000000,0.000000,0.009745,0.029235,0.050328,0.060394,0.152473,0.121978,0.628969,0.314484,0.003316,0.003316,0.000000,-0.000000,0.022648,0.033972,0.000000,0.000000,0.000000,0.000000,0.000000,0.000000,0.000000,-0.000000,0.000000,-0.000000,0.000000,-0.000000,0.000000,-0.000000,0.593939,-0.178182,0.000000,-0.000000,0.000000,-0.000000,0.385197,1.599118,0.992158,0.500000,0.500000
148717,Tetê,ATA,276,SAO,6,45,45,fora,275,PAL,2026-09-12 18:30:00,27,0.000000,0.000000,0.000000,0.000000,0.007937,0.023812,0.000000,0.000000,0.289743,0.231794,0.564414,0.282207,0.002191,0.002191,0.000000,-0.000000,0.000000,0.000000,0.000000,0.000000,0.000000,0.000000,0.000000,0.000000,0.000000,-0.000000,0.000000,-0.000000,0.333333,-0.333333,0.000000,-0.000000,0.499160,-0.149748,0.000000,-0.000000,0.000000,-0.000000,0.056923,1.884058,0.970490,0.500000,0.500000
72294,Everson,GOL,282,CAM,5,45,45,casa,266,FLU,2026-09-12 16:00:00,27,0.000000,0.000000,0.000000,0.000000,0.000000,0.000000,0.000000,0.000000,0.000000,0.000000,0.666667,0.333333,0.000000,0.000000,0.000000,-0.000000,0.000000,0.000000,0.720293,3.601466,0.000000,0.000000,2.941640,3.824132,0.000000,-0.000000,0.000000,-0.000000,0.000000,-0.000000,1.193491,-1.193491,0.333333,-0.100000,0.000000,-0.000000,0.000000,-0.000000,6.465440,3.957414,5.211427,0.500000,0.500000
88136,Ivan,GOL,364,REM,6,45,45,fora,265,BAH,2026-09-14 20:00:00,27,0.000000,0.000000,0.000000,0.000000,0.000000,0.000000,0.000000,0.000000,0.000000,0.000000,0.000000,0.000000,0.000000,0.000000,0.000000,-0.000000,0.000000,0.000000,1.000000,5.000000,0.010092,0.070641,2.861310,3.719703,0.000000,-0.000000,0.000000,-0.000000,0.000000,-0.000000,1.792890,-1.792890,0.000000,-0.000000,0.001667,-0.001667,0.000000,-0.000000,6.995787,3.279729,5.137758,0.500000,0.500000
110708,Pedro Rangel,GOL,294,CFC,6,45,45,casa,293,CAP,2026-09-11 21:00:00,27,0.000000,0.000000,0.000000,0.000000,0.000000,0.000000,0.000000,0.000000,0.000000,0.000000,0.000000,0.000000,0.000000,0.000000,0.000000,-0.000000,0.053641,0.080461,0.495297,2.476486,0.000000,0.000000,3.495338,4.543940,0.000000,-0.000000,0.000000,-0.000000,0.002072,-0.002072,1.719001,-1.719001,0.000000,-0.000000,0.000000,-0.000000,0.000000,-0.000000,5.379813,4.629129,5.004471,0.500000,0.500000
72018,Tiago Volpi,GOL,280,RBB,7,95,85,fora,263,BOT,2026-09-12 20:30:00,27,0.000000,0.000000,0.000000,0.000000,0.000000,0.000000,0.000000,0.000000,0.000000,0.000000,0.333333,0.166667,0.000000,0.000000,0.000000,-0.000000,0.000667,0.001000,0.169553,0.847767,0.015610,0.109272,3.336997,4.338096,0.000000,-0.000000,0.000000,-0.000000,0.000000,-0.000000,0.553782,-0.553782,0.000000,-0.000000,0.003125,-0.003125,0.000000,-0.000000,4.905895,5.023342,4.964618,0.500000,0.500000
71043,Léo Vieira,GOL,265,BAH,5,45,45,casa,364,REM,2026-09-14 20:00:00,27,0.000000,0.000000,0.000000,0.000000,0.000000,0.000000,0.000000,0.000000,0.000000,0.000000,0.333333,0.166667,0.000000,0.000000,0.000000,-0.000000,0.006349,0.009524,0.003768,0.018840,0.014947,0.104628,3.523949,4.581134,0.000000,-0.000000,0.000000,-0.000000,0.000127,-0.000127,1.020887,-1.020887,0.000000,-0.000000,0.000000,-0.000000,0.000000,-0.000000,3.859778,5.872677,4.866228,0.500000,0.500000
102906,Anderson,GOL,315,CHA,7,95,85,casa,285,INT,2026-09-12 17:00:00,27,0.000000,0.000000,0.000000,0.000000,0.000000,0.000000,0.000000,0.000000,0.000000,0.000000,0.666667,0.333333,0.000000,0.000000,0.000000,-0.000000,0.000000,0.000000,0.136125,0.680625,0.007914,0.055398,4.052179,5.267833,0.000000,-0.000000,0.000000,-0.000000,0.136125,-0.136125,1.358943,-1.358943,0.000000,-0.000000,0.000000,-0.000000,0.000000,-0.000000,4.842121,4.660886,4.751503,0.500000,0.500000
121823,Kauê,GOL,264,COR,6,45,45,fora,262,FLA,2026-09-13 17:30:00,27,0.000000,0.000000,0.000000,0.000000,0.000000,0.000000,0.000000,0.000000,0.000000,0.000000,0.333333,0.166667,0.000000,0.000000,0.000000,-0.000000,0.000000,0.000000,0.136125,0.680625,0.039470,0.276293,4.216554,5.481521,0.000000,-0.000000,0.000000,-0.000000,0.136125,-0.136125,1.361098,-1.361098,0.000000,-0.000000,0.028728,-0.028728,0.000000,-0.000000,5.079155,4.349197,4.714176,0.500000,0.500000
68822,Rafael Santos,GOL,315,CHA,6,45,45,casa,285,INT,2026-09-12 17:00:00,27,0.000000,0.000000,0.000000,0.000000,0.000000,0.000000,0.000000,0.000000,0.000000,0.000000,0.000000,0.000000,0.000000,0.000000,0.000000,-0.000000,0.005000,0.007500,0.000000,0.000000,0.034823,0.243762,4.431363,5.760772,0.000000,-0.000000,0.000000,-0.000000,0.000000,-0.000000,1.326419,-1.326419,0.000000,-0.000000,0.000000,-0.000000,0.000000,-0.000000,4.685615,4.609387,4.647501,0.500000,0.500000
111690,Matheus Cunha,GOL,285,INT,7,95,85,fora,315,CHA,2026-09-12 17:00:00,27,0.000000,0.000000,0.000000,0.000000,0.000000,0.000000,0.000000,0.000000,0.000000,0.000000,0.000000,0.000000,0.000000,0.000000,0.000000,-0.000000,0.066994,0.100491,0.198377,0.991884,0.040714,0.284997,3.759214,4.886978,0.000000,-0.000000,0.000000,-0.000000,0.053634,-0.053634,1.754147,-1.754147,0.000000,-0.000000,0.008176,-0.008176,0.000000,-0.000000,4.448394,4.822668,4.635531,0.500000,0.500000
111683,Anthoni,GOL,285,INT,6,45,45,fora,315,CHA,2026-09-12 17:00:00,27,0.000000,0.000000,0.000000,0.000000,0.000000,0.000000,0.000000,0.000000,0.000000,0.000000,0.000000,0.000000,0.000000,0.000000,0.000000,-0.000000,0.006528,0.009792,0.462456,2.312281,0.012661,0.088625,2.727593,3.545871,0.000000,-0.000000,0.000000,-0.000000,0.000000,-0.000000,0.978709,-0.978709,0.000000,-0.000000,0.000000,-0.000000,0.000000,-0.000000,4.977860,4.269621,4.623741,0.500000,0.500000
103056,Gabriel Brazão,GOL,277,SAN,7,95,85,casa,283,CRU,2026-09-12 21:00:00,27,0.000000,0.000000,0.000000,0.000000,0.000000,0.000000,0.000000,0.000000,0.000000,0.000000,0.333333,0.166667,0.000000,0.000000,0.000000,-0.000000,0.000000,0.000000,0.323290,1.616448,0.000000,0.000000,3.204848,4.166303,0.000000,-0.000000,0.000000,-0.000000,0.014552,-0.014552,1.457254,-1.457254,0.000000,-0.000000,0.000000,-0.000000,0.000000,-0.000000,4.477611,4.547818,4.512715,0.500000,0.500000
69012,Santos,GOL,293,CAP,6,45,45,fora,294,CFC,2026-09-11 21:00:00,27,0.000000,0.000000,0.000000,0.000000,0.000000,0.000000,0.000000,0.000000,0.000000,0.000000,0.666667,0.333333,0.000000,0.000000,0.000000,-0.000000,0.000000,0.000000,0.129867,0.649337,0.011403,0.079818,3.953464,5.139504,0.000000,-0.000000,0.000000,-0.000000,0.075496,-0.075496,1.423851,-1.423851,0.000000,-0.000000,0.015799,-0.015799,0.000000,-0.000000,4.686847,4.281387,4.484117,0.500000,0.500000
105949,Rochet,GOL,285,INT,5,45,45,fora,315,CHA,2026-09-12 17:00:00,27,0.000000,0.000000,0.000000,0.000000,0.000000,0.000000,0.000000,0.000000,0.000000,0.000000,0.333333,0.166667,0.000000,0.000000,0.000000,-0.000000,0.045410,0.068116,0.458494,2.292469,0.029005,0.203034,2.715511,3.530164,0.000000,-0.000000,0.000000,-0.000000,0.450000,-0.450000,1.546519,-1.546519,0.000000,-0.000000,0.001923,-0.001923,0.000000,-0.000000,4.262007,4.702380,4.482193,0.500000,0.500000
37656,Fábio,GOL,266,FLU,7,95,85,fora,282,CAM,2026-09-12 16:00:00,27,0.000000,0.000000,0.000000,0.000000,0.000000,0.000000,0.000000,0.000000,0.000000,0.000000,0.666667,0.333333,0.000000,0.000000,0.000000,-0.000000,0.000000,0.000000,0.472669,2.363345,0.000000,0.000000,2.823091,3.670018,0.000000,-0.000000,0.000000,-0.000000,0.000002,-0.000002,1.329555,-1.329555,0.000000,-0.000000,0.010069,-0.010069,0.000000,-0.000000,5.027070,3.842613,4.434842,0.500000,0.500000
51413,Walter,GOL,2305,MIR,7,95,85,casa,287,VIT,2026-09-13 16:00:00,27,0.000000,0.000000,0.000000,0.000000,0.000000,0.000000,0.000000,0.000000,0.000000,0.000000,0.666667,0.333333,0.000000,0.000000,0.000000,-0.000000,0.004861,0.007292,0.022648,0.113239,0.000000,0.000000,3.371061,4.382379,0.000000,-0.000000,0.000000,-0.000000,0.079777,-0.079777,1.198032,-1.198032,0.000000,-0.000000,0.000000,-0.000000,0.000000,-0.000000,3.558434,5.279632,4.419033,0.500000,0.500000
104118,Lucas Arcanjo,GOL,287,VIT,7,95,85,fora,2305,MIR,2026-09-13 16:00:00,27,0.000000,0.000000,0.000000,0.000000,0.000000,0.000000,0.000000,0.000000,0.000000,0.000000,0.666667,0.333333,0.000000,0.000000,0.000000,-0.000000,0.000000,0.000000,0.532295,2.661476,0.000000,0.000000,3.330289,4.329376,0.000000,-0.000000,0.000000,-0.000000,0.000012,-0.000012,1.863560,-1.863560,0.000000,-0.000000,0.011632,-0.011632,0.000000,-0.000000,5.448982,3.376930,4.412956,0.500000,0.500000
115674,Gabriel Delfim,GOL,282,CAM,7,95,85,casa,266,FLU,2026-09-12 16:00:00,27,0.000000,0.000000,0.000000,0.000000,0.000000,0.000000,0.000000,0.000000,0.000000,0.000000,0.500000,0.250000,0.000000,0.000000,0.000000,-0.000000,0.034981,0.052472,0.000000,0.000000,0.031028,0.217196,3.055901,3.972672,0.000000,-0.000000,0.000000,-0.000000,0.000000,-0.000000,0.785506,-0.785506,0.000000,-0.000000,0.000000,-0.000000,0.000000,-0.000000,3.706833,5.117930,4.412381,0.500000,0.500000
91101,Ronaldo,GOL,265,BAH,7,95,85,casa,364,REM,2026-09-14 20:00:00,27,0.000000,0.000000,0.000000,0.000000,0.000000,0.000000,0.000000,0.000000,0.000000,0.000000,0.000000,0.000000,0.000000,0.000000,0.000000,-0.000000,0.053641,0.080461,0.201907,1.009535,0.000000,0.000000,3.549725,4.614643,0.000000,-0.000000,0.000000,-0.000000,0.000817,-0.000817,1.016148,-1.016148,0.000000,-0.000000,0.000000,-0.000000,0.000000,-0.000000,4.687675,4.121198,4.404436,0.500000,0.500000
85425,João Paulo,GOL,277,SAN,6,45,45,casa,283,CRU,2026-09-12 21:00:00,27,0.000000,0.000000,0.000000,0.000000,0.000000,0.000000,0.000000,0.000000,0.000000,0.000000,0.500000,0.250000,0.000000,0.000000,0.000000,-0.000000,0.000833,0.001250,0.000000,0.000000,0.033625,0.235375,3.498686,4.548291,0.000000,-0.000000,0.000000,-0.000000,0.000000,-0.000000,1.203060,-1.203060,0.000000,-0.000000,0.000000,-0.000000,0.000000,-0.000000,3.831856,4.974485,4.403170,0.500000,0.500000
125803,Pedro Morisco,GOL,294,CFC,6,45,45,casa,293,CAP,2026-09-11 21:00:00,27,0.000000,0.000000,0.000000,0.000000,0.000000,0.000000,0.000000,0.000000,0.000000,0.000000,0.333333,0.166667,0.000000,0.000000,0.000000,-0.000000,0.001667,0.002500,0.000000,0.000000,0.000000,0.000000,3.649434,4.744264,0.000000,-0.000000,0.000000,-0.000000,0.012456,-0.012456,1.108260,-1.108260,0.000000,-0.000000,0.000000,-0.000000,0.000000,-0.000000,3.792714,4.927056,4.359885,0.500000,0.500000
68872,Marcelo Lomba,GOL,275,PAL,6,45,45,casa,276,SAO,2026-09-12 18:30:00,27,0.000000,0.000000,0.000000,0.000000,0.000000,0.000000,0.000000,0.000000,0.000000,0.000000,0.000000,0.000000,0.000000,0.000000,0.000000,-0.000000,0.000000,0.000000,1.000000,5.000000,0.009150,0.064050,1.527441,1.985673,0.000000,-0.000000,0.000000,-0.000000,0.000000,-0.000000,0.883400,-0.883400,0.000000,-0.000000,0.002778,-0.002778,0.000000,-0.000000,6.163546,2.426861,4.295203,0.500000,0.500000
110698,Mycael,GOL,293,CAP,6,45,45,fora,294,CFC,2026-09-11 21:00:00,27,0.000000,0.000000,0.000000,0.000000,0.000000,0.000000,0.000000,0.000000,0.000000,0.000000,0.000000,0.000000,0.000000,0.000000,0.000000,-0.000000,0.005556,0.008333,0.550000,2.750000,0.001246,0.008719,2.351214,3.056579,0.000000,-0.000000,0.000000,-0.000000,0.450000,-0.450000,1.224556,-1.224556,0.000000,-0.000000,0.037682,-0.037682,0.000000,-0.000000,4.111394,4.410213,4.260803,0.500000,0.500000
42234,Cássio,GOL,283,CRU,6,45,45,fora,277,SAN,2026-09-12 21:00:00,27,0.000000,0.000000,0.000000,0.000000,0.000000,0.000000,0.000000,0.000000,0.000000,0.000000,0.666667,0.333333,0.000000,0.000000,0.000000,-0.000000,0.033085,0.049628,0.000000,0.000000,0.036349,0.254440,3.432689,4.462496,0.000000,-0.000000,0.000000,-0.000000,0.000000,-0.000000,1.443797,-1.443797,0.000000,-0.000000,0.041423,-0.041423,0.000000,-0.000000,3.614677,4.832014,4.223346,0.500000,0.500000
113690,Diógenes,GOL,277,SAN,6,45,45,casa,283,CRU,2026-09-12 21:00:00,27,0.000000,0.000000,0.000000,0.000000,0.000000,0.000000,0.000000,0.000000,0.000000,0.000000,0.000000,0.000000,0.000000,0.000000,0.000000,-0.000000,0.000000,0.000000,0.450000,2.250000,0.024764,0.173350,2.751997,3.577596,0.000000,-0.000000,0.000000,-0.000000,0.550000,-0.550000,1.033157,-1.033157,0.000000,-0.000000,0.039170,-0.039170,0.000000,-0.000000,4.378620,4.051614,4.215117,0.500000,0.500000
91204,Warleson,GOL,263,BOT,6,45,45,casa,280,RBB,2026-09-12 20:30:00,27,0.000000,0.000000,0.000000,0.000000,0.000000,0.000000,0.000000,0.000000,0.000000,0.000000,1.333333,0.666667,0.000000,0.000000,0.000000,-0.000000,0.000000,0.000000,0.302500,1.512500,0.022407,0.156851,2.829805,3.678747,0.000000,-0.000000,0.000000,-0.000000,0.302500,-0.302500,1.317960,-1.317960,0.000000,-0.000000,0.102762,-0.102762,0.000000,-0.000000,4.291543,4.047193,4.169368,0.500000,0.500000
98333,Gabriel Batista,GOL,263,BOT,7,95,85,casa,280,RBB,2026-09-12 20:30:00,27,0.000000,0.000000,0.000000,0.000000,0.000000,0.000000,0.000000,0.000000,0.000000,0.000000,0.000000,0.000000,0.000000,0.000000,0.000000,-0.000000,0.001667,0.002500,0.450000,2.250000,0.004941,0.034588,2.973495,3.865543,0.000000,-0.000000,0.000000,-0.000000,0.000000,-0.000000,1.160280,-1.160280,0.000000,-0.000000,0.032307,-0.032307,0.000000,-0.000000,4.960044,3.362966,4.161505,0.500000,0.500000
99552,Rossi,GOL,262,FLA,7,95,85,casa,264,COR,2026-09-13 17:30:00,27,0.000000,0.000000,0.000000,0.000000,0.000000,0.000000,0.000000,0.000000,0.000000,0.000000,0.000000,0.000000,0.000000,0.000000,0.000000,-0.000000,0.000000,0.000000,0.750227,3.751137,0.000000,0.000000,2.139280,2.781064,0.000000,-0.000000,0.000000,-0.000000,0.000000,-0.000000,1.634144,-1.634144,0.000000,-0.000000,0.000000,-0.000000,0.000000,-0.000000,4.898056,3.402027,4.150041,0.500000,0.500000
68928,Rafael,GOL,276,SAO,7,95,85,fora,275,PAL,2026-09-12 18:30:00,27,0.000000,0.000000,0.000000,0.000000,0.000000,0.000000,0.000000,0.000000,0.000000,0.000000,0.000000,0.000000,0.000000,0.000000,0.000000,-0.000000,0.000000,0.000000,0.450350,2.251751,0.000000,0.000000,2.183748,2.838872,0.000000,-0.000000,0.000000,-0.000000,0.003768,-0.003768,1.235457,-1.235457,0.000000,-0.000000,0.082021,-0.082021,0.000000,-0.000000,3.769377,4.134272,3.951825,0.500000,0.500000
101574,Hugo Souza,GOL,264,COR,7,95,85,fora,262,FLA,2026-09-13 17:30:00,27,0.000000,0.000000,0.000000,0.000000,0.000000,0.000000,0.000000,0.000000,0.000000,0.000000,0.000000,0.000000,0.000000,0.000000,0.000000,-0.000000,0.185270,0.277904,0.241527,1.207634,0.009568,0.066974,2.889998,3.756997,0.000000,-0.000000,0.000000,-0.000000,0.450017,-0.450017,0.847328,-0.847328,0.000000,-0.000000,0.042584,-0.042584,0.000000,-0.000000,3.969580,3.800091,3.884836,0.500000,0.500000
71631,Weverton,GOL,284,GRE,7,95,85,casa,267,VAS,2026-09-12 16:00:00,27,0.000000,0.000000,0.000000,0.000000,0.000000,0.000000,0.000000,0.000000,0.000000,0.000000,0.000000,0.000000,0.000000,0.000000,0.000000,-0.000000,0.000000,0.000000,0.006870,0.034348,0.000000,0.000000,4.075725,5.298442,0.000000,-0.000000,0.000000,-0.000000,0.136130,-0.136130,1.504442,-1.504442,0.000000,-0.000000,0.000000,-0.000000,0.000000,-0.000000,3.692218,3.780721,3.736469,0.500000,0.500000
97905,Matheus Aurélio,GOL,315,CHA,6,45,45,casa,285,INT,2026-09-12 17:00:00,27,0.000000,0.000000,0.000000,0.000000,0.000000,0.000000,0.000000,0.000000,0.000000,0.000000,0.000000,0.000000,0.000000,0.000000,0.000000,-0.000000,0.012201,0.018301,0.000000,0.000000,0.033834,0.236836,2.988863,3.885522,0.000000,-0.000000,0.000000,-0.000000,0.450000,-0.450000,0.848287,-0.848287,0.000000,-0.000000,0.000000,-0.000000,0.000000,-0.000000,2.842372,4.540269,3.691320,0.500000,0.500000
104084,Carlos Miguel,GOL,275,PAL,7,95,85,casa,276,SAO,2026-09-12 18:30:00,27,0.000000,0.000000,0.000000,0.000000,0.000000,0.000000,0.000000,0.000000,0.000000,0.000000,0.000000,0.000000,0.000000,0.000000,0.000000,-0.000000,0.000000,0.000000,0.518255,2.591275,0.000000,0.000000,2.570406,3.341527,0.000000,-0.000000,0.000000,-0.000000,0.003791,-0.003791,1.237072,-1.237072,0.000000,-0.000000,0.000000,-0.000000,0.000000,-0.000000,4.691940,2.637474,3.664707,0.500000,0.500000
117404,Otávio,GOL,283,CRU,7,95,85,fora,277,SAN,2026-09-12 21:00:00,27,0.000000,0.000000,0.000000,0.000000,0.000000,0.000000,0.000000,0.000000,0.000000,0.000000,0.000000,0.000000,0.000000,0.000000,0.000000,-0.000000,0.009571,0.014357,0.022648,0.113239,0.000000,0.000000,3.344162,4.347411,0.000000,-0.000000,0.000000,-0.000000,0.001767,-0.001767,1.194457,-1.194457,0.000000,-0.000000,0.000000,-0.000000,0.000000,-0.000000,3.278783,3.972438,3.625611,0.500000,0.500000
82730,Marcelo Rangel,GOL,364,REM,7,95,85,fora,265,BAH,2026-09-14 20:00:00,27,0.000000,0.000000,0.000000,0.000000,0.000000,0.000000,0.000000,0.000000,0.000000,0.000000,0.000000,0.000000,0.000000,0.000000,0.000000,-0.000000,0.010417,0.015625,0.012514,0.062568,0.000000,0.000000,2.947044,3.831157,0.000000,-0.000000,0.000000,-0.000000,0.001157,-0.001157,1.091097,-1.091097,0.000000,-0.000000,0.069975,-0.069975,0.000000,-0.000000,2.747121,3.973596,3.360359,0.500000,0.500000
147544,Gabriel Menegon,GOL,284,GRE,6,45,45,casa,267,VAS,2026-09-12 16:00:00,27,0.000000,0.000000,0.000000,0.000000,0.000000,0.000000,0.000000,0.000000,0.000000,0.000000,0.000000,0.000000,0.000000,0.000000,0.000000,-0.000000,0.000000,0.000000,0.000000,0.000000,0.038641,0.270487,2.458572,3.196143,0.000000,-0.000000,0.000000,-0.000000,0.000000,-0.000000,0.717541,-0.717541,0.000000,-0.000000,0.000000,-0.000000,0.000000,-0.000000,2.749090,3.705655,3.227372,0.500000,0.500000
87008,Léo Jardim,GOL,267,VAS,7,95,85,fora,284,GRE,2026-09-12 16:00:00,27,0.000000,0.000000,0.000000,0.000000,0.000000,0.000000,0.000000,0.000000,0.000000,0.000000,0.333333,0.166667,0.000000,0.000000,0.000000,-0.000000,0.008333,0.012500,0.043250,0.216251,0.000000,0.000000,2.900859,3.771117,0.000000,-0.000000,0.000000,-0.000000,0.000345,-0.000345,1.298965,-1.298965,0.000000,-0.000000,0.063279,-0.063279,0.000000,-0.000000,2.803946,3.339024,3.071485,0.500000,0.500000
79066,Alex Muralha,GOL,2305,MIR,6,45,45,casa,287,VIT,2026-09-13 16:00:00,27,0.000000,0.000000,0.000000,0.000000,0.000000,0.000000,0.000000,0.000000,0.000000,0.000000,0.000000,0.000000,0.000000,0.000000,0.000000,-0.000000,0.000000,0.000000,0.000000,0.000000,0.020416,0.142914,3.177114,4.130248,0.000000,-0.000000,0.000000,-0.000000,0.000000,-0.000000,1.183042,-1.183042,0.000000,-0.000000,0.021042,-0.021042,0.000000,-0.000000,3.069078,3.045978,3.057528,0.500000,0.500000
93882,Cleiton,GOL,280,RBB,6,45,45,fora,263,BOT,2026-09-12 20:30:00,27,0.000000,0.000000,0.000000,0.000000,0.000000,0.000000,0.000000,0.000000,0.000000,0.000000,0.000000,0.000000,0.000000,0.000000,0.000000,-0.000000,0.023601,0.035402,0.050328,0.251642,0.041039,0.287270,2.433543,3.163606,0.000000,-0.000000,0.000000,-0.000000,0.041178,-0.041178,1.321135,-1.321135,0.000000,-0.000000,0.011830,-0.011830,0.000000,-0.000000,2.363776,3.537679,2.950728,0.500000,0.500000
112616,Gabriel Grando,GOL,284,GRE,6,45,45,casa,267,VAS,2026-09-12 16:00:00,27,0.000000,0.000000,0.000000,0.000000,0.000000,0.000000,0.000000,0.000000,0.000000,0.000000,0.000000,0.000000,0.000000,0.000000,0.000000,-0.000000,0.000000,0.000000,0.000000,0.000000,0.037647,0.263529,2.458572,3.196143,0.000000,-0.000000,0.000000,-0.000000,0.000000,-0.000000,1.408172,-1.408172,0.000000,-0.000000,0.000000,-0.000000,0.000000,-0.000000,2.051500,3.733770,2.892635,0.500000,0.500000
72279,Thomazella,GOL,2305,MIR,6,45,45,casa,287,VIT,2026-09-13 16:00:00,27,0.000000,0.000000,0.000000,0.000000,0.000000,0.000000,0.000000,0.000000,0.000000,0.000000,0.000000,0.000000,0.000000,0.000000,0.000000,-0.000000,0.000833,0.001250,0.000000,0.000000,0.039476,0.276330,2.458572,3.196143,0.000000,-0.000000,0.000000,-0.000000,0.000000,-0.000000,0.965145,-0.965145,0.000000,-0.000000,0.000000,-0.000000,0.000000,-0.000000,2.508579,2.893583,2.701081,0.500000,0.500000
116067,Thiago Beltrame,GOL,284,GRE,6,45,45,casa,267,VAS,2026-09-12 16:00:00,27,0.000000,0.000000,0.000000,0.000000,0.000000,0.000000,0.000000,0.000000,0.000000,0.000000,1.000000,0.500000,0.000000,0.000000,0.000000,-0.000000,0.000000,0.000000,0.000000,0.000000,0.036322,0.254251,3.935895,5.116664,0.000000,-0.000000,1.000000,-3.000000,0.000000,-0.000000,1.203060,-1.203060,1.000000,-0.300000,0.000000,-0.000000,0.000000,-0.000000,1.367854,3.787570,2.577712,0.500000,0.500000
107093,Luciano Juba,LAT,265,BAH,7,95,85,casa,364,REM,2026-09-14 20:00:00,27,0.333333,2.666667,0.049040,0.245201,0.000000,0.000000,0.136545,0.163855,0.007891,0.006313,0.673335,0.336668,0.000000,0.000000,0.000000,-0.000000,1.748438,2.622658,0.294672,1.473358,0.000000,0.000000,0.000000,0.000000,0.000000,-0.000000,0.000000,-0.000000,0.450207,-0.450207,0.000000,-0.000000,0.923227,-0.276968,0.096910,-0.096910,0.000000,-0.000000,6.690633,5.634868,6.162750,0.500000,0.500000
78850,Reinaldo,LAT,2305,MIR,7,95,85,casa,287,VIT,2026-09-13 16:00:00,27,0.000000,0.000000,0.227678,1.138392,0.005000,0.015000,1.024777,1.229732,0.275565,0.220452,0.945516,0.472758,0.000000,0.000000,0.000000,-0.000000,1.421812,2.132718,0.298478,1.492390,0.000000,0.000000,0.000000,0.000000,0.000000,-0.000000,0.000000,-0.000000,0.005947,-0.005947,0.000000,-0.000000,0.856133,-0.256840,0.064796,-0.064796,0.000000,-0.000000,6.373858,5.585984,5.979921,0.500000,0.500000
95466,Igor Vinícius,LAT,277,SAN,7,95,85,casa,283,CRU,2026-09-12 21:00:00,27,0.000000,0.000000,0.059132,0.295661,0.000000,0.000000,0.003825,0.004590,0.000000,0.000000,0.877899,0.438949,0.000000,0.000000,0.000000,-0.000000,2.281879,3.422818,0.297741,1.488705,0.000000,0.000000,0.000000,0.000000,0.000000,-0.000000,0.000000,-0.000000,0.014776,-0.014776,0.000000,-0.000000,1.161515,-0.348454,0.062225,-0.062225,0.000000,-0.000000,5.225268,6.644187,5.934728,0.500000,0.500000
113113,Benavídez,LAT,293,CAP,6,45,45,fora,294,CFC,2026-09-11 21:00:00,27,0.333333,2.666667,0.032428,0.162139,0.000000,0.000000,0.140238,0.168285,0.030205,0.024164,1.384594,0.692297,0.000000,0.000000,0.074890,-0.007489,2.182497,3.273746,0.173718,0.868590,0.000000,0.000000,0.000000,0.000000,0.000000,-0.000000,0.000000,-0.000000,0.507191,-0.507191,0.000000,-0.000000,0.926287,-0.277886,0.039138,-0.039138,0.000000,-0.000000,7.024184,4.607849,5.816017,0.500000,0.500000
105531,Matheus Bidu,LAT,264,COR,7,95,85,fora,262,FLA,2026-09-13 17:30:00,27,0.333333,2.666667,0.001270,0.006351,0.000000,0.000000,0.000021,0.000025,0.717874,0.574299,1.488710,0.744355,0.000000,0.000000,0.980230,-0.098023,1.793581,2.690372,0.200656,1.003279,0.000000,0.000000,0.000000,0.000000,0.000000,-0.000000,0.000000,-0.000000,0.004602,-0.004602,0.000000,-0.000000,1.252909,-0.375873,0.050962,-0.050962,0.000000,-0.000000,7.155888,4.363475,5.759682,0.500000,0.500000
110510,Aguirre,LAT,285,INT,3,45,45,fora,315,CHA,2026-09-12 17:00:00,27,0.333333,2.666667,0.037921,0.189607,0.005556,0.016667,0.492945,0.591533,0.523901,0.419121,0.647040,0.323520,0.000000,0.000000,0.288678,-0.028868,1.579461,2.369192,0.176936,0.884678,0.000000,0.000000,0.000000,0.000000,0.000000,-0.000000,0.000000,-0.000000,0.525214,-0.525214,0.000000,-0.000000,1.328024,-0.398407,0.012273,-0.012273,0.000000,-0.000000,6.496223,5.008438,5.752331,0.500000,0.500000
102975,Escobar,LAT,277,SAN,3,45,45,casa,283,CRU,2026-09-12 21:00:00,27,0.000000,0.000000,0.097406,0.487032,0.000000,0.000000,0.006851,0.008221,0.000756,0.000605,0.802155,0.401078,0.000000,0.000000,0.000032,-0.000003,2.205188,3.307783,0.300903,1.504515,0.000000,0.000000,0.000000,0.000000,0.000000,-0.000000,0.000000,-0.000000,0.454810,-0.454810,0.000000,-0.000000,1.031170,-0.309351,0.074209,-0.074209,0.000000,-0.000000,4.870859,6.516788,5.693824,0.500000,0.500000
90061,Bruno Pacheco,LAT,315,CHA,7,95,85,casa,285,INT,2026-09-12 17:00:00,27,0.333333,2.666667,0.000000,0.000000,0.000000,0.000000,0.000000,0.000000,0.003768,0.003014,0.902653,0.451327,0.000000,0.000000,0.002072,-0.000207,1.598161,2.397242,0.260145,1.300725,0.000000,0.000000,0.000000,0.000000,0.000000,-0.000000,0.000000,-0.000000,0.474720,-0.474720,0.000000,-0.000000,0.855902,-0.256771,0.023537,-0.023537,0.000000,-0.000000,6.063740,5.313058,5.688399,0.500000,0.500000
42500,Fagner,LAT,283,CRU,7,95,85,fora,277,SAN,2026-09-12 21:00:00,27,0.000000,0.000000,0.290609,1.453045,0.005556,0.016667,0.383625,0.460350,0.533363,0.426690,1.170434,0.585217,0.000000,0.000000,0.000000,-0.000000,1.910398,2.865597,0.132600,0.663000,0.000000,0.000000,0.000000,0.000000,0.000000,-0.000000,0.000000,-0.000000,0.064015,-0.064015,0.000000,-0.000000,0.989077,-0.296723,0.005000,-0.005000,0.000000,-0.000000,6.104828,4.617793,5.361310,0.500000,0.500000
101727,Matheuzinho,LAT,264,COR,7,95,85,fora,262,FLA,2026-09-13 17:30:00,27,0.000000,0.000000,0.179713,0.898567,0.015000,0.045000,0.080050,0.096060,0.267990,0.214392,1.345452,0.672726,0.000000,0.000000,0.012677,-0.001268,2.117976,3.176964,0.239065,1.195323,0.000000,0.000000,0.000000,0.000000,0.000000,-0.000000,0.000000,-0.000000,0.041816,-0.041816,0.000000,-0.000000,1.051811,-0.315543,0.045481,-0.045481,0.000000,-0.000000,5.894924,4.826436,5.360680,0.500000,0.500000
94968,Juninho Capixaba,LAT,280,RBB,7,95,85,fora,263,BOT,2026-09-12 20:30:00,27,0.000000,0.000000,0.172030,0.860152,0.000000,0.000000,0.261233,0.313480,0.139682,0.111746,1.277741,0.638870,0.000000,0.000000,0.002699,-0.000270,2.187210,3.280815,0.172738,0.863688,0.000000,0.000000,0.000000,0.000000,0.000000,-0.000000,0.000000,-0.000000,0.408141,-0.408141,0.000000,-0.000000,1.127735,-0.338321,0.055758,-0.055758,0.000000,-0.000000,5.266261,5.439375,5.352818,0.500000,0.500000
78445,Renê,LAT,266,FLU,7,95,85,fora,282,CAM,2026-09-12 16:00:00,27,0.000000,0.000000,0.037642,0.188212,0.005556,0.016667,0.136895,0.164274,0.273067,0.218453,1.571694,0.785847,0.000000,0.000000,0.000000,-0.000000,2.357185,3.535777,0.128779,0.643897,0.000000,0.000000,0.000000,0.000000,0.000000,-0.000000,0.000000,-0.000000,0.002072,-0.002072,0.000000,-0.000000,1.219848,-0.365955,0.038077,-0.038077,0.000000,-0.000000,5.147022,5.555071,5.351047,0.500000,0.500000
96870,Emerson Royal,LAT,262,FLA,7,95,85,casa,264,COR,2026-09-13 17:30:00,27,0.000000,0.000000,0.214899,1.074495,0.012917,0.038750,0.022648,0.027177,0.001140,0.000912,0.811821,0.405910,0.000000,0.000000,0.249572,-0.024957,1.799201,2.698801,0.348650,1.743250,0.000000,0.000000,0.000000,0.000000,0.000000,-0.000000,0.000000,-0.000000,0.000000,-0.000000,0.000000,-0.000000,1.183010,-0.354903,0.004441,-0.004441,0.000000,-0.000000,5.604994,5.086074,5.345534,0.500000,0.500000
96591,Renan Lodi,LAT,282,CAM,7,95,85,casa,266,FLU,2026-09-12 16:00:00,27,0.000000,0.000000,0.135427,0.677134,0.006667,0.020000,0.164652,0.197583,0.567982,0.454385,1.421061,0.710531,0.000000,0.000000,0.006868,-0.000687,1.382558,2.073837,0.290533,1.452666,0.000000,0.000000,0.000000,0.000000,0.000000,-0.000000,0.000000,-0.000000,0.211000,-0.211000,0.000000,-0.000000,1.077617,-0.323285,0.076780,-0.076780,0.000000,-0.000000,4.974383,5.715661,5.345022,0.500000,0.500000
97868,Iago,LAT,276,SAO,7,95,85,fora,275,PAL,2026-09-12 18:30:00,27,0.333333,2.666667,0.009641,0.048206,0.001316,0.003947,0.383625,0.460350,0.450000,0.360000,0.881243,0.440622,0.000000,0.000000,0.000000,-0.000000,1.520463,2.280695,0.094543,0.472713,0.000000,0.000000,0.000000,0.000000,0.000000,-0.000000,0.000000,-0.000000,0.000000,-0.000000,0.000000,-0.000000,1.169489,-0.350847,0.034902,-0.034902,0.000000,-0.000000,6.347450,4.214753,5.281102,0.500000,0.500000
107554,Natanael,LAT,282,CAM,7,95,85,casa,266,FLU,2026-09-12 16:00:00,27,0.000000,0.000000,0.084014,0.420069,0.001042,0.003125,0.001767,0.002120,0.498760,0.399008,1.587322,0.793661,0.000000,0.000000,0.064642,-0.006464,1.345708,2.018562,0.310801,1.554004,0.000000,0.000000,0.000000,0.000000,0.000000,-0.000000,0.000000,-0.000000,0.000000,-0.000000,0.000000,-0.000000,0.783277,-0.234983,0.000000,-0.000000,0.000000,-0.000000,4.949102,5.537490,5.243296,0.500000,0.500000
122670,Diego Caito,LAT,284,GRE,7,95,85,casa,267,VAS,2026-09-12 16:00:00,27,0.000000,0.000000,0.066518,0.332591,0.009773,0.029318,0.900000,1.080000,0.863875,0.691100,0.890345,0.445173,0.000000,0.000000,0.000000,-0.000000,1.206934,1.810402,0.283817,1.419087,0.000000,0.000000,0.000000,0.000000,0.000000,-0.000000,0.000000,-0.000000,0.074869,-0.074869,0.000000,-0.000000,1.155105,-0.346531,0.000000,-0.000000,0.000000,-0.000000,5.386270,5.072691,5.229481,0.500000,0.500000
132412,Román Gómez,LAT,265,BAH,7,95,85,casa,364,REM,2026-09-14 20:00:00,27,0.000000,0.000000,0.129311,0.646555,0.101063,0.303188,0.000000,0.000000,0.276492,0.221194,1.082961,0.541481,0.000000,0.000000,0.000000,-0.000000,1.611591,2.417387,0.334825,1.674123,0.000000,0.000000,0.000000,0.000000,0.000000,-0.000000,0.000000,-0.000000,0.251268,-0.251268,0.000000,-0.000000,1.065774,-0.319732,0.000000,-0.000000,0.000000,-0.000000,5.232928,5.113465,5.173197,0.500000,0.500000
98720,Angileri,LAT,264,COR,6,45,45,fora,262,FLA,2026-09-13 17:30:00,27,0.333333,2.666667,0.052718,0.263591,0.000000,0.000000,0.000000,0.000000,1.077303,0.861842,0.929637,0.464819,0.000000,0.000000,0.000000,-0.000000,1.505300,2.257949,0.159407,0.797036,0.000000,0.000000,0.000000,0.000000,0.000000,-0.000000,0.000000,-0.000000,0.268330,-0.268330,0.000000,-0.000000,1.141405,-0.342422,0.005000,-0.005000,0.000000,-0.000000,6.696153,3.585765,5.140959,0.500000,0.500000
88393,Ayrton Lucas,LAT,262,FLA,7,95,85,casa,264,COR,2026-09-13 17:30:00,27,0.000000,0.000000,0.066517,0.332587,0.000000,0.000000,0.385392,0.462470,0.114086,0.091269,0.674326,0.337163,0.000000,0.000000,0.000000,-0.000000,1.494325,2.241487,0.330820,1.654100,0.000000,0.000000,0.000000,0.000000,0.000000,-0.000000,0.000000,-0.000000,0.000000,-0.000000,0.000000,-0.000000,0.955717,-0.286715,0.028596,-0.028596,0.000000,-0.000000,4.803764,5.461946,5.132855,0.500000,0.500000
143600,Kauã Moraes,LAT,283,CRU,6,45,45,fora,277,SAN,2026-09-12 21:00:00,27,0.333333,2.666667,0.063813,0.319067,0.021653,0.064959,0.450000,0.540000,0.004605,0.003684,0.889176,0.444588,0.000000,0.000000,0.000000,-0.000000,1.396851,2.095276,0.155052,0.775261,0.000000,0.000000,0.000000,0.000000,0.000000,-0.000000,0.000000,-0.000000,0.177303,-0.177303,0.000000,-0.000000,1.082620,-0.324786,0.002778,-0.002778,0.000000,-0.000000,6.404636,3.620791,5.012714,0.500000,0.500000
100898,Vitinho,LAT,263,BOT,7,95,85,casa,280,RBB,2026-09-12 20:30:00,27,0.000000,0.000000,0.088764,0.443819,0.015069,0.045208,0.000000,0.000000,0.139903,0.111922,0.586749,0.293375,0.000000,0.000000,0.012456,-0.001246,1.726117,2.589175,0.293145,1.465727,0.000000,0.000000,0.000000,0.000000,0.000000,-0.000000,0.000000,-0.000000,0.004585,-0.004585,0.000000,-0.000000,0.985978,-0.295793,0.041225,-0.041225,0.000000,-0.000000,4.606378,5.325958,4.966168,0.500000,0.500000
104649,Heitor,LAT,315,CHA,2,45,45,casa,285,INT,2026-09-12 17:00:00,27,0.000000,0.000000,0.130545,0.652724,0.000000,0.000000,0.000000,0.000000,0.383625,0.306900,0.525831,0.262915,0.000000,0.000000,0.000000,-0.000000,1.912492,2.868738,0.273083,1.365413,0.000000,0.000000,0.000000,0.000000,0.000000,-0.000000,0.000000,-0.000000,0.000000,-0.000000,0.000000,-0.000000,1.055727,-0.316718,0.013750,-0.013750,0.000000,-0.000000,5.126222,4.767688,4.946955,0.500000,0.500000
72493,Alex Telles,LAT,263,BOT,5,45,45,casa,280,RBB,2026-09-12 20:30:00,27,0.000000,0.000000,0.114030,0.570148,0.007113,0.021339,0.000000,0.000000,0.792952,0.634362,0.481603,0.240802,0.000000,0.000000,0.000000,-0.000000,1.261858,1.892787,0.355661,1.778305,0.000000,0.000000,0.000000,0.000000,0.000000,-0.000000,0.000000,-0.000000,0.060542,-0.060542,0.000000,-0.000000,0.886622,-0.265987,0.020522,-0.020522,0.000000,-0.000000,4.790692,5.048560,4.919626,0.500000,0.500000
106708,Igor Formiga,LAT,2305,MIR,7,95,85,casa,287,VIT,2026-09-13 16:00:00,27,0.000000,0.000000,0.026697,0.133487,0.031349,0.094048,0.450104,0.540125,0.015617,0.012494,0.757479,0.378739,0.000000,0.000000,0.000000,-0.000000,2.052289,3.078434,0.218703,1.093516,0.000000,0.000000,0.000000,0.000000,0.000000,-0.000000,0.000000,-0.000000,0.158773,-0.158773,0.000000,-0.000000,1.313074,-0.393922,0.066184,-0.066184,0.000000,-0.000000,4.711964,5.041324,4.876644,0.500000,0.500000
82628,Tinga,LAT,294,CFC,5,45,45,casa,293,CAP,2026-09-11 21:00:00,27,0.000000,0.000000,0.013852,0.069259,0.001042,0.003125,0.006851,0.008221,0.248127,0.198502,0.715125,0.357562,0.000000,0.000000,0.000000,-0.000000,1.440082,2.160123,0.310377,1.551887,0.000000,0.000000,0.000000,0.000000,0.000000,-0.000000,0.000000,-0.000000,0.000000,-0.000000,0.000000,-0.000000,0.739912,-0.221974,0.001923,-0.001923,0.000000,-0.000000,4.124783,5.621290,4.873036,0.500000,0.500000
131516,JP Chermont,LAT,294,CFC,6,45,45,casa,293,CAP,2026-09-11 21:00:00,27,0.000000,0.000000,0.000000,0.000000,0.023056,0.069167,0.700199,0.840239,0.136125,0.108900,0.581196,0.290598,0.000000,0.000000,0.000000,-0.000000,1.579693,2.369540,0.237746,1.188732,0.000000,0.000000,0.000000,0.000000,0.000000,-0.000000,0.000000,-0.000000,0.450000,-0.450000,0.000000,-0.000000,1.207051,-0.362115,0.021004,-0.021004,0.000000,-0.000000,4.034057,5.608294,4.821175,0.500000,0.500000
110426,Bernabei,LAT,285,INT,7,95,85,fora,315,CHA,2026-09-12 17:00:00,27,0.000000,0.000000,0.000000,0.000000,0.000000,0.000000,0.146547,0.175857,1.384800,1.107840,1.007390,0.503695,0.000000,0.000000,0.464360,-0.046436,1.998769,2.998153,0.190298,0.951490,0.000000,0.000000,0.000000,0.000000,0.000000,-0.000000,0.000000,-0.000000,0.463962,-0.463962,0.000000,-0.000000,0.881569,-0.264471,0.059925,-0.059925,0.000000,-0.000000,4.902240,4.685180,4.793710,0.500000,0.500000
80313,Gilberto,LAT,293,CAP,6,45,45,fora,294,CFC,2026-09-11 21:00:00,27,0.000000,0.000000,0.065806,0.329028,0.000000,0.000000,0.957456,1.148948,0.491805,0.393444,0.584961,0.292481,0.000000,0.000000,0.074869,-0.007487,1.610633,2.415950,0.229412,1.147061,0.000000,0.000000,0.000000,0.000000,0.000000,-0.000000,0.000000,-0.000000,0.000000,-0.000000,0.000000,-0.000000,0.876643,-0.262993,0.002778,-0.002778,0.000000,-0.000000,5.453654,4.116103,4.784878,0.500000,0.500000
113157,Nathan Mendes,LAT,287,VIT,5,45,45,fora,2305,MIR,2026-09-13 16:00:00,27,0.000000,0.000000,0.196925,0.984626,0.001667,0.005000,0.000000,0.000000,0.136125,0.108900,0.814525,0.407262,0.000000,0.000000,0.000000,-0.000000,1.685978,2.528967,0.226996,1.134982,0.000000,0.000000,0.000000,0.000000,0.000000,-0.000000,0.000000,-0.000000,0.080030,-0.080030,0.000000,-0.000000,1.039291,-0.311787,0.002778,-0.002778,0.000000,-0.000000,4.775143,4.706413,4.740778,0.500000,0.500000
86410,Victor Luis,LAT,2305,MIR,6,45,45,casa,287,VIT,2026-09-13 16:00:00,27,0.000000,0.000000,0.147804,0.739020,0.046565,0.139695,0.000000,0.000000,0.102549,0.082040,0.468564,0.234282,0.000000,0.000000,0.247500,-0.024750,1.191026,1.786539,0.297551,1.487757,0.000000,0.000000,0.000000,0.000000,0.000000,-0.000000,0.000000,-0.000000,0.097517,-0.097517,0.000000,-0.000000,0.871855,-0.261557,0.007067,-0.007067,0.000000,-0.000000,4.078443,5.325055,4.701749,0.500000,0.500000
73318,Daniel Borges,LAT,2305,MIR,6,45,45,casa,287,VIT,2026-09-13 16:00:00,27,0.000000,0.000000,0.106879,0.534393,0.023155,0.069464,0.247500,0.297000,0.302500,0.242000,0.795766,0.397883,0.000000,0.000000,0.000000,-0.000000,1.408922,2.113383,0.273416,1.367080,0.000000,0.000000,0.000000,0.000000,0.000000,-0.000000,0.000000,-0.000000,0.000000,-0.000000,0.000000,-0.000000,0.911061,-0.273318,0.000000,-0.000000,0.000000,-0.000000,4.747885,4.638507,4.693196,0.500000,0.500000
97468,Marçal,LAT,263,BOT,7,95,85,casa,280,RBB,2026-09-12 20:30:00,27,0.000000,0.000000,0.039832,0.199160,0.000000,0.000000,0.599738,0.719685,0.524869,0.419895,0.764309,0.382155,0.000000,0.000000,0.000000,-0.000000,1.484626,2.226939,0.292270,1.461350,0.000000,0.000000,0.000000,0.000000,0.000000,-0.000000,0.000000,-0.000000,0.697500,-0.697500,0.000000,-0.000000,1.379729,-0.413919,0.000000,-0.000000,0.000000,-0.000000,4.297765,5.014751,4.656258,0.500000,0.500000
97795,Marcelinho,LAT,364,REM,3,45,45,fora,265,BAH,2026-09-14 20:00:00,27,0.000000,0.000000,0.224269,1.121346,0.008125,0.024375,0.031810,0.038172,0.906510,0.725208,1.198063,0.599031,0.000000,0.000000,0.087325,-0.008733,1.669382,2.504072,0.126208,0.631042,0.000000,0.000000,0.000000,0.000000,0.000000,-0.000000,0.000000,-0.000000,0.455840,-0.455840,0.000000,-0.000000,0.817741,-0.245322,0.045878,-0.045878,0.000000,-0.000000,4.887473,4.411449,4.649461,0.500000,0.500000
110715,Andrés Hurtado,LAT,280,RBB,6,45,45,fora,263,BOT,2026-09-12 20:30:00,27,0.000000,0.000000,0.095938,0.479689,0.064147,0.192440,0.001140,0.001368,0.126944,0.101555,0.874753,0.437377,0.000000,0.000000,0.000000,-0.000000,1.495533,2.243299,0.175907,0.879536,0.000000,0.000000,0.000000,0.000000,0.000000,-0.000000,0.000000,-0.000000,0.000421,-0.000421,0.000000,-0.000000,0.892187,-0.267656,0.007156,-0.007156,0.000000,-0.000000,4.060031,5.235732,4.647882,0.500000,0.500000
147090,Kauã Pascini,LAT,282,CAM,6,45,45,casa,266,FLU,2026-09-12 16:00:00,27,0.000000,0.000000,0.081058,0.405289,0.000000,0.000000,0.000000,0.000000,0.586125,0.468900,0.459556,0.229778,0.000000,0.000000,0.000000,-0.000000,1.437902,2.156853,0.305657,1.528285,0.000000,0.000000,0.000000,0.000000,0.000000,-0.000000,0.000000,-0.000000,0.247500,-0.247500,0.000000,-0.000000,1.090184,-0.327055,0.000000,-0.000000,0.000000,-0.000000,4.214551,5.072899,4.643725,0.500000,0.500000
124526,Giay,LAT,275,PAL,7,95,85,casa,276,SAO,2026-09-12 18:30:00,27,0.000000,0.000000,0.130501,0.652507,0.000000,0.000000,0.012456,0.014948,0.387393,0.309914,1.208626,0.604313,0.000000,0.000000,0.000345,-0.000034,1.666910,2.500365,0.295031,1.475153,0.000000,0.000000,0.000000,0.000000,0.000000,-0.000000,0.000000,-0.000000,0.014874,-0.014874,0.000000,-0.000000,0.868916,-0.260675,0.098353,-0.098353,0.000000,-0.000000,5.183264,4.074042,4.628653,0.500000,0.500000
116065,Cuiabano,LAT,267,VAS,5,45,45,fora,284,GRE,2026-09-12 16:00:00,27,0.000000,0.000000,0.000000,0.000000,0.005051,0.015152,0.310097,0.372116,0.793970,0.635176,1.277925,0.638962,0.000000,0.000000,0.000000,-0.000000,2.081827,3.122740,0.153960,0.769798,0.000000,0.000000,0.000000,0.000000,0.000000,-0.000000,0.000000,-0.000000,0.256423,-0.256423,0.000000,-0.000000,1.171460,-0.351438,0.026133,-0.026133,0.000000,-0.000000,4.919950,4.294618,4.607284,0.500000,0.500000
82775,Lucas Ramon,LAT,276,SAO,6,45,45,fora,275,PAL,2026-09-12 18:30:00,27,0.000000,0.000000,0.228008,1.140038,0.003571,0.010714,0.458008,0.549610,0.214285,0.171428,0.864756,0.432378,0.000000,0.000000,0.900057,-0.090006,1.359243,2.038865,0.143629,0.718144,0.000000,0.000000,0.000000,0.000000,0.000000,-0.000000,0.000000,-0.000000,0.097517,-0.097517,0.000000,-0.000000,0.982495,-0.294749,0.000000,-0.000000,0.000000,-0.000000,4.578905,4.571520,4.575213,0.500000,0.500000
106302,Preciado,LAT,282,CAM,6,45,45,casa,266,FLU,2026-09-12 16:00:00,27,0.000000,0.000000,0.166271,0.831355,0.000962,0.002885,0.450000,0.540000,0.483267,0.386613,0.687048,0.343524,0.000000,0.000000,0.000000,-0.000000,1.544486,2.316728,0.249034,1.245171,0.000000,0.000000,0.000000,0.000000,0.000000,-0.000000,0.000000,-0.000000,0.779220,-0.779220,0.000000,-0.000000,1.406247,-0.421874,0.013056,-0.013056,0.000000,-0.000000,4.452127,4.677538,4.564832,0.500000,0.500000
105213,Sant'Anna,LAT,280,RBB,7,95,85,fora,263,BOT,2026-09-12 20:30:00,27,0.000000,0.000000,0.248475,1.242376,0.000000,0.000000,0.120652,0.144782,0.294898,0.235918,0.890777,0.445388,0.000000,0.000000,0.273916,-0.027392,1.534967,2.302451,0.180753,0.903763,0.000000,0.000000,0.000000,0.000000,0.000000,-0.000000,0.000000,-0.000000,0.720148,-0.720148,0.000000,-0.000000,0.988127,-0.296438,0.000000,-0.000000,0.000000,-0.000000,4.230701,4.886398,4.558549,0.500000,0.500000
84339,Bruno Melo,LAT,294,CFC,6,45,45,casa,293,CAP,2026-09-11 21:00:00,27,0.000000,0.000000,0.132336,0.661682,0.001563,0.004688,0.000000,0.000000,0.240943,0.192755,0.675171,0.337586,0.000000,0.000000,0.136127,-0.013613,1.402561,2.103841,0.303355,1.516773,0.000000,0.000000,0.000000,0.000000,0.000000,-0.000000,0.000000,-0.000000,0.041179,-0.041179,0.000000,-0.000000,0.648724,-0.194617,0.041595,-0.041595,0.000000,-0.000000,4.526320,4.550531,4.538425,0.500000,0.500000
123717,Zé Guilherme,LAT,265,BAH,6,45,45,casa,364,REM,2026-09-14 20:00:00,27,0.000000,0.000000,0.070820,0.354099,0.013731,0.041193,0.000000,0.000000,0.541506,0.433205,0.628722,0.314361,0.000000,0.000000,0.000000,-0.000000,1.345237,2.017855,0.290079,1.450394,0.000000,0.000000,0.000000,0.000000,0.000000,-0.000000,0.000000,-0.000000,0.210994,-0.210994,0.000000,-0.000000,0.811377,-0.243413,0.000000,-0.000000,0.000000,-0.000000,4.156700,4.720139,4.438420,0.500000,0.500000
105584,Lucas Piton,LAT,267,VAS,7,95,85,fora,284,GRE,2026-09-12 16:00:00,27,0.000000,0.000000,0.010834,0.054168,0.014471,0.043413,0.588255,0.705906,0.906966,0.725573,0.699880,0.349940,0.000000,0.000000,0.006851,-0.000685,1.409689,2.114533,0.126886,0.634428,0.000000,0.000000,0.000000,0.000000,0.000000,-0.000000,0.000000,-0.000000,0.000000,-0.000000,0.000000,-0.000000,0.886066,-0.265820,0.000000,-0.000000,0.000000,-0.000000,4.361456,4.499026,4.430241,0.500000,0.500000
124481,Mateo Ponte,LAT,263,BOT,6,45,45,casa,280,RBB,2026-09-12 20:30:00,27,0.000000,0.000000,0.022591,0.112957,0.017302,0.051907,0.000000,0.000000,0.000000,0.000000,0.752193,0.376097,0.000000,0.000000,0.247500,-0.024750,1.626721,2.440082,0.282044,1.410222,0.000000,0.000000,0.000000,0.000000,0.000000,-0.000000,0.000000,-0.000000,0.217845,-0.217845,0.000000,-0.000000,0.900404,-0.270121,0.064340,-0.064340,0.000000,-0.000000,3.814208,4.997063,4.405636,0.500000,0.500000
148125,Ryan Augusto,LAT,280,RBB,6,45,45,fora,263,BOT,2026-09-12 20:30:00,27,0.000000,0.000000,0.147534,0.737668,0.006944,0.020833,0.050328,0.060394,0.136125,0.108900,0.965632,0.482816,0.000000,0.000000,0.247500,-0.024750,1.225416,1.838124,0.204562,1.022810,0.000000,0.000000,0.000000,0.000000,0.000000,-0.000000,0.000000,-0.000000,0.000000,-0.000000,0.000000,-0.000000,0.792275,-0.237682,0.003571,-0.003571,0.000000,-0.000000,4.005542,4.760055,4.382798,0.500000,0.500000
101708,Felipe Jonatan,LAT,294,CFC,6,45,45,casa,293,CAP,2026-09-11 21:00:00,27,0.000000,0.000000,0.077103,0.385516,0.011205,0.033616,0.007478,0.008973,0.000402,0.000322,0.632671,0.316335,0.000000,0.000000,0.000190,-0.000019,1.144933,1.717399,0.343618,1.718088,0.000000,0.000000,0.000000,0.000000,0.000000,-0.000000,0.000000,-0.000000,0.000000,-0.000000,0.000000,-0.000000,0.717837,-0.215351,0.006089,-0.006089,0.000000,-0.000000,3.958790,4.805154,4.381972,0.500000,0.500000
104470,Everton,LAT,315,CHA,6,45,45,casa,285,INT,2026-09-12 17:00:00,27,0.000000,0.000000,0.168371,0.841855,0.001563,0.004688,0.006908,0.008290,0.003967,0.003174,0.497596,0.248798,0.000000,0.000000,0.000000,-0.000000,1.322581,1.983871,0.314951,1.574755,0.000000,0.000000,0.000000,0.000000,0.000000,-0.000000,0.000000,-0.000000,0.007614,-0.007614,0.000000,-0.000000,0.687748,-0.206324,0.020522,-0.020522,0.000000,-0.000000,4.430970,4.285603,4.358287,0.500000,0.500000
141337,Lucas Taverna,LAT,294,CFC,5,45,45,casa,293,CAP,2026-09-11 21:00:00,27,0.000000,0.000000,0.144356,0.721782,0.016688,0.050065,0.000000,0.000000,0.000000,0.000000,0.523351,0.261675,0.000000,0.000000,0.000000,-0.000000,1.198777,1.798165,0.328929,1.644646,0.000000,0.000000,0.000000,0.000000,0.000000,-0.000000,0.000000,-0.000000,0.166375,-0.166375,0.000000,-0.000000,0.816766,-0.245030,0.000370,-0.000370,0.000000,-0.000000,4.064558,4.639617,4.352088,0.500000,0.500000
111879,Mateus Silva,LAT,287,VIT,7,95,85,fora,2305,MIR,2026-09-13 16:00:00,27,0.000000,0.000000,0.151767,0.758837,0.000000,0.000000,0.000000,0.000000,0.339006,0.271205,1.068010,0.534005,0.000000,0.000000,0.000000,-0.000000,1.452826,2.179238,0.164373,0.821867,0.000000,0.000000,0.000000,0.000000,0.000000,-0.000000,0.000000,-0.000000,0.000000,-0.000000,0.000000,-0.000000,0.890984,-0.267295,0.005208,-0.005208,0.000000,-0.000000,4.292649,4.346475,4.319562,0.500000,0.500000
105175,Khellven,LAT,275,PAL,6,45,45,casa,276,SAO,2026-09-12 18:30:00,27,0.000000,0.000000,0.114548,0.572738,0.017976,0.053929,0.000000,0.000000,0.261202,0.208962,0.504693,0.252346,0.000000,0.000000,0.000000,-0.000000,1.321194,1.981791,0.330776,1.653878,0.000000,0.000000,0.000000,0.000000,0.000000,-0.000000,0.000000,-0.000000,0.041909,-0.041909,0.000000,-0.000000,0.723670,-0.217101,0.000000,-0.000000,0.000000,-0.000000,4.464634,4.159170,4.311902,0.500000,0.500000
91706,Marlon,LAT,284,GRE,7,95,85,casa,267,VAS,2026-09-12 16:00:00,27,0.000000,0.000000,0.074112,0.370562,0.001471,0.004412,0.053634,0.064361,0.053634,0.042907,0.881664,0.440832,0.000000,0.000000,0.004605,-0.000461,1.466165,2.199248,0.325807,1.629035,0.000000,0.000000,0.000000,0.000000,0.000000,-0.000000,0.000000,-0.000000,0.608773,-0.608773,0.000000,-0.000000,0.851130,-0.255339,0.006810,-0.006810,0.000000,-0.000000,3.879976,4.627266,4.253621,0.500000,0.500000
106950,Fernando,LAT,315,CHA,6,45,45,casa,285,INT,2026-09-12 17:00:00,27,0.000000,0.000000,0.143312,0.716558,0.043334,0.130003,0.000000,0.000000,0.000000,0.000000,1.141938,0.570969,0.000000,0.000000,0.000000,-0.000000,1.186507,1.779761,0.319439,1.597196,0.000000,0.000000,0.000000,0.000000,0.000000,-0.000000,0.000000,-0.000000,0.000000,-0.000000,0.000000,-0.000000,1.087489,-0.326247,0.003148,-0.003148,0.000000,-0.000000,4.465091,3.819405,4.142248,0.500000,0.500000
97899,Matheus Bahia,LAT,285,INT,3,45,45,fora,315,CHA,2026-09-12 17:00:00,27,0.000000,0.000000,0.300069,1.500344,0.039921,0.119762,0.000817,0.000980,0.003768,0.003014,0.625277,0.312639,0.000000,0.000000,0.140270,-0.014027,1.677667,2.516501,0.187180,0.935902,0.000000,0.000000,0.000000,0.000000,0.000000,-0.000000,0.333333,-1.000000,0.138302,-0.138302,0.000000,-0.000000,0.888322,-0.266497,0.000000,-0.000000,0.000000,-0.000000,3.970316,4.284841,4.127579,0.500000,0.500000
101597,Ramon,LAT,287,VIT,5,45,45,fora,2305,MIR,2026-09-13 16:00:00,27,0.000000,0.000000,0.019323,0.096617,0.142748,0.428243,0.454145,0.544974,0.124095,0.099276,0.619681,0.309841,0.000000,0.000000,0.000000,-0.000000,1.669991,2.504987,0.175429,0.877143,0.000000,0.000000,0.000000,0.000000,0.000000,-0.000000,0.000000,-0.000000,0.738748,-0.738748,0.000000,-0.000000,0.992020,-0.297606,0.003571,-0.003571,0.000000,-0.000000,3.821155,4.396430,4.108793,0.500000,0.500000
146374,Gilberto Junior,LAT,293,CAP,6,45,45,fora,294,CFC,2026-09-11 21:00:00,27,0.000000,0.000000,0.116962,0.584808,0.007292,0.021875,0.041178,0.049413,0.000000,0.000000,0.622818,0.311409,0.000000,0.000000,0.247500,-0.024750,1.428746,2.143120,0.209960,1.049801,0.000000,0.000000,0.000000,0.000000,0.000000,-0.000000,0.000000,-0.000000,0.000000,-0.000000,0.000000,-0.000000,0.796807,-0.239042,0.000000,-0.000000,0.000000,-0.000000,3.896633,4.302263,4.099448,0.500000,0.500000
141594,Pedro Gabriel,LAT,284,GRE,6,45,45,casa,267,VAS,2026-09-12 16:00:00,27,0.000000,0.000000,0.224547,1.122735,0.015451,0.046354,0.009608,0.011530,0.136891,0.109513,0.406683,0.203341,0.000000,0.000000,0.000000,-0.000000,1.498057,2.247086,0.286132,1.430661,0.000000,0.000000,0.000000,0.000000,0.000000,-0.000000,0.000000,-0.000000,0.610679,-0.610679,0.000000,-0.000000,0.887580,-0.266274,0.008867,-0.008867,0.000000,-0.000000,4.285401,3.758208,4.021804,0.500000,0.500000
100848,Luan Cândido,LAT,287,VIT,7,95,85,fora,2305,MIR,2026-09-13 16:00:00,27,0.000000,0.000000,0.050892,0.254462,0.138363,0.415088,0.001372,0.001646,0.024529,0.019623,0.507761,0.253881,0.000000,0.000000,0.151504,-0.015150,1.459270,2.188905,0.192573,0.962864,0.000000,0.000000,0.000000,0.000000,0.000000,-0.000000,0.000000,-0.000000,0.012456,-0.012456,0.000000,-0.000000,0.946508,-0.283952,0.006349,-0.006349,0.000000,-0.000000,3.778560,4.252374,4.015467,0.500000,0.500000
89275,William,LAT,283,CRU,6,45,45,fora,277,SAN,2026-09-12 21:00:00,27,0.000000,0.000000,0.042873,0.214367,0.000000,0.000000,0.333624,0.400348,0.254351,0.203481,0.761442,0.380721,0.000000,0.000000,0.012456,-0.001246,1.824412,2.736618,0.138400,0.692000,0.000000,0.000000,0.000000,0.000000,0.000000,-0.000000,0.000000,-0.000000,0.012456,-0.012456,0.000000,-0.000000,1.086876,-0.326063,0.023333,-0.023333,0.000000,-0.000000,4.264437,3.750332,4.007385,0.500000,0.500000
116461,Jamerson,LAT,287,VIT,7,95,85,fora,2305,MIR,2026-09-13 16:00:00,27,0.000000,0.000000,0.014083,0.070416,0.000000,0.000000,0.000000,0.000000,0.083792,0.067034,0.799814,0.399907,0.000000,0.000000,0.000000,-0.000000,1.571376,2.357063,0.159205,0.796023,0.000000,0.000000,0.000000,0.000000,0.000000,-0.000000,0.000000,-0.000000,0.003768,-0.003768,0.000000,-0.000000,0.850632,-0.255190,0.000000,-0.000000,0.000000,-0.000000,3.431485,4.570685,4.001085,0.500000,0.500000
102130,Piquerez,LAT,275,PAL,7,95,85,casa,276,SAO,2026-09-12 18:30:00,27,0.000000,0.000000,0.060809,0.304046,0.008780,0.026339,0.005840,0.007009,0.100049,0.080040,0.623808,0.311904,0.000000,0.000000,0.074869,-0.007487,1.358311,2.037467,0.340423,1.702116,0.000000,0.000000,0.000000,0.000000,0.000000,-0.000000,0.000000,-0.000000,0.247500,-0.247500,0.000000,-0.000000,0.863625,-0.259087,0.004094,-0.004094,0.000000,-0.000000,3.950752,4.039367,3.995060,0.500000,0.500000
101319,Guga,LAT,266,FLU,7,95,85,fora,282,CAM,2026-09-12 16:00:00,27,0.000000,0.000000,0.056652,0.283262,0.004167,0.012500,0.000000,0.000000,0.013710,0.010968,0.500005,0.250003,0.000000,0.000000,0.000000,-0.000000,1.712243,2.568364,0.137181,0.685906,0.000000,0.000000,0.000000,0.000000,0.000000,-0.000000,0.000000,-0.000000,0.211226,-0.211226,0.000000,-0.000000,1.069658,-0.320897,0.000000,-0.000000,0.000000,-0.000000,3.278880,4.707843,3.993361,0.500000,0.500000
110668,Esquivel,LAT,293,CAP,6,45,45,fora,294,CFC,2026-09-11 21:00:00,27,0.000000,0.000000,0.185147,0.925736,0.070068,0.210203,0.002072,0.002487,0.024577,0.019662,0.768153,0.384077,0.000000,0.000000,0.000000,-0.000000,1.332608,1.998912,0.187448,0.937238,0.000000,0.000000,0.000000,0.000000,0.000000,-0.000000,0.000000,-0.000000,0.006851,-0.006851,0.000000,-0.000000,1.057160,-0.317148,0.000000,-0.000000,0.000000,-0.000000,4.154315,3.812289,3.983302,0.500000,0.500000
91626,Paulinho,LAT,263,BOT,5,45,45,casa,280,RBB,2026-09-12 20:30:00,27,0.000000,0.000000,0.047560,0.237798,0.119318,0.357955,0.000000,0.000000,0.000000,0.000000,0.266707,0.133354,0.000000,0.000000,0.000000,-0.000000,0.884649,1.326974,0.292548,1.462742,0.000000,0.000000,0.000000,0.000000,0.000000,-0.000000,0.000000,-0.000000,0.000000,-0.000000,0.000000,-0.000000,0.805136,-0.241541,0.000370,-0.000370,0.000000,-0.000000,3.276912,4.689259,3.983086,0.500000,0.500000
73384,Samuel Xavier,LAT,266,FLU,5,45,45,fora,282,CAM,2026-09-12 16:00:00,27,0.000000,0.000000,0.123547,0.617736,0.021974,0.065923,0.139893,0.167872,0.042318,0.033854,1.095370,0.547685,0.000000,0.000000,0.450627,-0.045063,1.345489,2.018233,0.162848,0.814240,0.000000,0.000000,0.000000,0.000000,0.000000,-0.000000,0.000000,-0.000000,0.345361,-0.345361,0.000000,-0.000000,0.955569,-0.286671,0.003571,-0.003571,0.000000,-0.000000,3.584877,4.375907,3.980392,0.500000,0.500000
80570,Wendell,LAT,276,SAO,6,45,45,fora,275,PAL,2026-09-12 18:30:00,27,0.000000,0.000000,0.010163,0.050816,0.012708,0.038125,0.000627,0.000752,0.118189,0.094551,0.819917,0.409958,0.000000,0.000000,0.177303,-0.017730,1.751598,2.627397,0.152500,0.762499,0.000000,0.000000,0.000000,0.000000,0.000000,-0.000000,0.000000,-0.000000,0.097966,-0.097966,0.000000,-0.000000,1.011590,-0.303477,0.000000,-0.000000,0.000000,-0.000000,3.564926,4.364067,3.964496,0.500000,0.500000
99034,Elias,LAT,2305,MIR,6,45,45,casa,287,VIT,2026-09-13 16:00:00,27,0.000000,0.000000,0.049284,0.246418,0.008027,0.024081,0.000000,0.000000,0.000000,0.000000,1.165168,0.582584,0.000000,0.000000,0.000000,-0.000000,1.508924,2.263386,0.281027,1.405133,0.000000,0.000000,0.000000,0.000000,0.000000,-0.000000,0.000000,-0.000000,1.000000,-1.000000,0.000000,-0.000000,1.857621,-0.557286,0.003198,-0.003198,0.000000,-0.000000,2.961118,4.955500,3.958309,0.500000,0.500000
147192,Claudinho,LAT,293,CAP,5,45,45,fora,294,CFC,2026-09-11 21:00:00,27,0.000000,0.000000,0.005643,0.028215,0.000000,0.000000,0.041178,0.049413,0.050328,0.040263,0.905020,0.452510,0.000000,0.000000,0.000000,-0.000000,1.731906,2.597859,0.221776,1.108879,0.000000,0.000000,0.000000,0.000000,0.000000,-0.000000,0.000000,-0.000000,0.000000,-0.000000,0.000000,-0.000000,1.296325,-0.388897,0.002778,-0.002778,0.000000,-0.000000,3.885464,3.913095,3.899280,0.500000,0.500000
104758,Enzo Díaz,LAT,276,SAO,6,45,45,fora,275,PAL,2026-09-12 18:30:00,27,0.000000,0.000000,0.048987,0.244934,0.147617,0.442852,0.586125,0.703350,0.249780,0.199824,0.952069,0.476035,0.000000,0.000000,0.142976,-0.014298,1.744402,2.616603,0.143729,0.718647,0.000000,0.000000,0.000000,0.000000,0.000000,-0.000000,0.000000,-0.000000,0.921185,-0.921185,0.000000,-0.000000,1.146627,-0.343988,0.012768,-0.012768,0.000000,-0.000000,4.110006,3.598493,3.854250,0.500000,0.500000
145400,Cauê,LAT,280,RBB,6,45,45,fora,263,BOT,2026-09-12 20:30:00,27,0.000000,0.000000,0.111607,0.558037,0.000000,0.000000,0.000000,0.000000,0.605000,0.484000,0.409293,0.204646,0.000000,0.000000,0.000000,-0.000000,1.265824,1.898736,0.187491,0.937456,0.000000,0.000000,0.000000,0.000000,0.000000,-0.000000,0.000000,-0.000000,0.450000,-0.450000,0.000000,-0.000000,1.053520,-0.316056,0.000806,-0.000806,0.000000,-0.000000,3.316013,4.374097,3.845055,0.500000,0.500000
84816,Varela,LAT,262,FLA,6,45,45,casa,264,COR,2026-09-13 17:30:00,27,0.000000,0.000000,0.101405,0.507023,0.010208,0.030625,0.000000,0.000000,0.136942,0.109553,0.824623,0.412311,0.000000,0.000000,0.000104,-0.000010,1.293559,1.940339,0.297978,1.489890,0.000000,0.000000,0.000000,0.000000,0.000000,-0.000000,0.000000,-0.000000,0.044977,-0.044977,0.000000,-0.000000,0.748502,-0.224551,0.000000,-0.000000,0.000000,-0.000000,4.220202,3.457057,3.838630,0.500000,0.500000
111832,Jefté,LAT,275,PAL,5,45,45,casa,276,SAO,2026-09-12 18:30:00,27,0.000000,0.000000,0.074869,0.374344,0.000000,0.000000,0.000000,0.000000,0.000000,0.000000,0.502397,0.251199,0.000000,0.000000,0.288678,-0.028868,1.234620,1.851930,0.273067,1.365335,0.000000,0.000000,0.000000,0.000000,0.000000,-0.000000,0.000000,-0.000000,0.074869,-0.074869,0.000000,-0.000000,0.829604,-0.248881,0.000000,-0.000000,0.000000,-0.000000,3.490190,4.105191,3.797690,0.500000,0.500000
101820,Mayk,LAT,364,REM,6,45,45,fora,265,BAH,2026-09-14 20:00:00,27,0.000000,0.000000,0.320595,1.602976,0.031528,0.094583,0.000000,0.000000,0.143397,0.114718,0.664537,0.332268,0.000000,0.000000,0.000000,-0.000000,1.114737,1.672106,0.206060,1.030302,0.000000,0.000000,0.000000,0.000000,0.000000,-0.000000,0.000000,-0.000000,0.000000,-0.000000,0.000000,-0.000000,0.834997,-0.250499,0.000000,-0.000000,0.000000,-0.000000,4.596453,2.964795,3.780624,0.500000,0.500000
102318,Caio Paulista,LAT,284,GRE,6,45,45,casa,267,VAS,2026-09-12 16:00:00,27,0.000000,0.000000,0.167302,0.836511,0.008125,0.024375,0.000000,0.000000,0.087325,0.069860,0.579659,0.289830,0.000000,0.000000,0.000000,-0.000000,1.447532,2.171297,0.333423,1.667115,0.000000,0.000000,0.000000,0.000000,0.000000,-0.000000,0.000000,-0.000000,0.450000,-0.450000,0.000000,-0.000000,0.819774,-0.245932,0.010966,-0.010966,0.000000,-0.000000,4.352090,2.965940,3.659015,0.500000,0.500000
61987,Alex Sandro,LAT,262,FLA,5,45,45,casa,264,COR,2026-09-13 17:30:00,27,0.000000,0.000000,0.083503,0.417515,0.005556,0.016667,0.000000,0.000000,0.000190,0.000152,0.935866,0.467933,0.000000,0.000000,0.000000,-0.000000,1.262173,1.893259,0.305132,1.525660,0.000000,0.000000,0.000000,0.000000,0.000000,-0.000000,0.000000,-0.000000,0.272220,-0.272220,0.000000,-0.000000,0.914982,-0.274495,0.014127,-0.014127,0.000000,-0.000000,3.760343,3.534972,3.647658,0.500000,0.500000
97101,Gabriel Rojas,LAT,283,CRU,2,45,45,fora,277,SAN,2026-09-12 21:00:00,27,0.000000,0.000000,0.140757,0.703785,0.011111,0.033333,0.000000,0.000000,0.450000,0.360000,0.658646,0.329323,0.000000,0.000000,0.000000,-0.000000,1.270023,1.905035,0.202783,1.013915,0.000000,0.000000,0.000000,0.000000,0.000000,-0.000000,0.000000,-0.000000,0.450000,-0.450000,0.000000,-0.000000,0.949686,-0.284906,0.000000,-0.000000,0.000000,-0.000000,3.610485,3.643226,3.626855,0.500000,0.500000
93716,Paulo Henrique,LAT,267,VAS,2,45,45,fora,284,GRE,2026-09-12 16:00:00,27,0.000000,0.000000,0.031127,0.155636,0.018988,0.056964,0.000190,0.000228,0.295586,0.236469,0.700588,0.350294,0.000000,0.000000,0.450000,-0.045000,1.634158,2.451236,0.191990,0.959950,0.000000,0.000000,0.000000,0.000000,0.000000,-0.000000,0.000000,-0.000000,0.538535,-0.538535,0.000000,-0.000000,1.105337,-0.331601,0.000806,-0.000806,0.000000,-0.000000,3.294835,3.935011,3.614923,0.500000,0.500000
118806,Buta,LAT,276,SAO,7,95,85,fora,275,PAL,2026-09-12 18:30:00,27,0.000000,0.000000,0.088122,0.440610,0.003808,0.011425,0.000000,0.000000,0.000000,0.000000,1.264987,0.632494,0.000000,0.000000,0.000000,-0.000000,1.473409,2.210113,0.139980,0.699901,0.000000,0.000000,0.000000,0.000000,0.000000,-0.000000,0.000000,-0.000000,0.000000,-0.000000,0.000000,-0.000000,0.768531,-0.230559,0.001719,-0.001719,0.000000,-0.000000,3.762265,3.457185,3.609725,0.500000,0.500000
120433,Léo Derik,LAT,293,CAP,6,45,45,fora,294,CFC,2026-09-11 21:00:00,27,0.000000,0.000000,0.066266,0.331328,0.000000,0.000000,0.022648,0.027177,0.000000,0.000000,0.497100,0.248550,0.000000,0.000000,0.000000,-0.000000,1.460056,2.190084,0.180823,0.904116,0.000000,0.000000,0.000000,0.000000,0.000000,-0.000000,0.000000,-0.000000,0.000000,-0.000000,0.000000,-0.000000,0.787856,-0.236357,0.000000,-0.000000,0.000000,-0.000000,3.464899,3.732696,3.598797,0.500000,0.500000
123689,Milans,LAT,264,COR,6,45,45,fora,262,FLA,2026-09-13 17:30:00,27,0.000000,0.000000,0.102619,0.513097,0.020950,0.062851,0.000000,0.000000,0.000000,0.000000,0.607344,0.303672,0.000000,0.000000,0.136125,-0.013613,1.344732,2.017098,0.236228,1.181141,0.000000,0.000000,0.000000,0.000000,0.000000,-0.000000,0.000000,-0.000000,0.000000,-0.000000,0.000000,-0.000000,0.975125,-0.292537,0.000000,-0.000000,0.000000,-0.000000,3.771710,3.401247,3.586478,0.500000,0.500000
93637,Bruno Tubarão,LAT,315,CHA,5,45,45,casa,285,INT,2026-09-12 17:00:00,27,0.000000,0.000000,0.046759,0.233795,0.005080,0.015241,1.000000,1.200000,0.000000,0.000000,0.299393,0.149697,0.000000,0.000000,0.000000,-0.000000,1.199804,1.799705,0.284867,1.424336,0.000000,0.000000,0.000000,0.000000,0.000000,-0.000000,0.000000,-0.000000,1.000000,-1.000000,0.000000,-0.000000,1.095120,-0.328536,0.010627,-0.010627,0.000000,-0.000000,3.483612,3.570831,3.527222,0.500000,0.500000
107236,Vanderlan,LAT,280,RBB,5,45,45,fora,263,BOT,2026-09-12 20:30:00,27,0.000000,0.000000,0.065687,0.328437,0.038414,0.115241,0.000000,0.000000,0.000000,0.000000,0.315163,0.157582,0.000000,0.000000,0.000000,-0.000000,0.830170,1.245255,0.163572,0.817862,0.000000,0.000000,0.000000,0.000000,0.000000,-0.000000,0.000000,-0.000000,0.000000,-0.000000,0.000000,-0.000000,0.825952,-0.247786,0.021337,-0.021337,0.000000,-0.000000,2.395255,4.637984,3.516619,0.500000,0.500000
141868,Vini Lira,LAT,277,SAN,5,45,45,casa,283,CRU,2026-09-12 21:00:00,27,0.000000,0.000000,0.055549,0.277747,0.007337,0.022011,0.166375,0.199650,0.166375,0.133100,0.352126,0.176063,0.000000,0.000000,0.000000,-0.000000,1.453912,2.180868,0.284555,1.422775,0.000000,0.000000,0.000000,0.000000,0.000000,-0.000000,0.000000,-0.000000,0.136125,-0.136125,0.000000,-0.000000,1.071594,-0.321478,0.003495,-0.003495,0.000000,-0.000000,3.951115,3.065257,3.508186,0.500000,0.500000
141405,Avellar,LAT,267,VAS,6,45,45,fora,284,GRE,2026-09-12 16:00:00,27,0.000000,0.000000,0.057726,0.288632,0.001667,0.005000,0.450000,0.540000,0.000000,0.000000,0.407555,0.203777,0.000000,0.000000,0.000000,-0.000000,1.461413,2.192120,0.143531,0.717656,0.000000,0.000000,0.000000,0.000000,0.000000,-0.000000,0.000000,-0.000000,0.000000,-0.000000,0.000000,-0.000000,0.842410,-0.252723,0.000806,-0.000806,0.000000,-0.000000,3.693656,3.316520,3.505088,0.500000,0.500000
150959,Davizinho,LAT,277,SAN,7,95,85,casa,283,CRU,2026-09-12 21:00:00,27,0.000000,0.000000,0.078983,0.394916,0.007292,0.021875,0.000000,0.000000,0.000000,0.000000,0.346673,0.173336,0.000000,0.000000,0.000000,-0.000000,1.061706,1.592559,0.294107,1.470535,0.000000,0.000000,0.000000,0.000000,0.000000,-0.000000,0.000000,-0.000000,0.000000,-0.000000,0.000000,-0.000000,0.683842,-0.205152,0.023602,-0.023602,0.000000,-0.000000,3.424467,3.583532,3.503999,0.500000,0.500000
99213,Puma Rodríguez,LAT,267,VAS,2,45,45,fora,284,GRE,2026-09-12 16:00:00,27,0.000000,0.000000,0.064977,0.324886,0.000000,0.000000,0.052468,0.062961,0.146399,0.117119,0.482961,0.241481,0.000000,0.000000,0.000127,-0.000013,1.273329,1.909993,0.170916,0.854581,0.000000,0.000000,0.000000,0.000000,0.000000,-0.000000,0.000000,-0.000000,0.003402,-0.003402,0.000000,-0.000000,0.704432,-0.211330,0.005000,-0.005000,0.000000,-0.000000,3.291277,3.670956,3.481117,0.500000,0.500000
87228,Guilherme Arana,LAT,266,FLU,6,45,45,fora,282,CAM,2026-09-12 16:00:00,27,0.000000,0.000000,0.057453,0.287265,0.036548,0.109643,0.056333,0.067600,0.123724,0.098979,0.555864,0.277932,0.000000,0.000000,0.006851,-0.000685,1.289449,1.934173,0.169254,0.846271,0.000000,0.000000,0.000000,0.000000,0.000000,-0.000000,0.000000,-0.000000,0.001767,-0.001767,0.000000,-0.000000,0.745241,-0.223572,0.000000,-0.000000,0.000000,-0.000000,3.395840,3.514906,3.455373,0.500000,0.500000
149715,Rafael Gonzaga,LAT,277,SAN,6,45,45,casa,283,CRU,2026-09-12 21:00:00,27,0.000000,0.000000,0.050201,0.251003,0.003694,0.011082,0.000000,0.000000,0.000000,0.000000,0.329744,0.164872,0.000000,0.000000,0.000000,-0.000000,1.514096,2.271144,0.277735,1.388674,0.000000,0.000000,0.000000,0.000000,0.000000,-0.000000,0.000000,-0.000000,0.000000,-0.000000,0.000000,-0.000000,1.155561,-0.346668,0.005903,-0.005903,0.000000,-0.000000,3.734203,3.063403,3.398803,0.500000,0.500000
145660,Luiz Felipe,LAT,285,INT,6,45,45,fora,315,CHA,2026-09-12 17:00:00,27,0.000000,0.000000,0.054650,0.273249,0.035732,0.107197,0.000000,0.000000,0.000000,0.000000,0.361653,0.180826,0.000000,0.000000,0.450000,-0.045000,1.143975,1.715962,0.154520,0.772599,0.000000,0.000000,0.000000,0.000000,0.000000,-0.000000,0.000000,-0.000000,0.000000,-0.000000,0.000000,-0.000000,0.688722,-0.206617,0.002052,-0.002052,0.000000,-0.000000,2.796165,3.838526,3.317345,0.500000,0.500000
77656,Cédric Soares,LAT,276,SAO,6,45,45,fora,275,PAL,2026-09-12 18:30:00,27,0.000000,0.000000,0.047802,0.239010,0.000000,0.000000,0.000000,0.000000,0.056402,0.045122,0.391673,0.195836,0.000000,0.000000,0.000000,-0.000000,1.104389,1.656583,0.159633,0.798164,0.000000,0.000000,0.000000,0.000000,0.000000,-0.000000,0.000000,-0.000000,0.074869,-0.074869,0.000000,-0.000000,0.721518,-0.216455,0.000581,-0.000581,0.000000,-0.000000,2.642810,3.933922,3.288366,0.500000,0.500000
127932,Júlio Fidelis,LAT,266,FLU,6,45,45,fora,282,CAM,2026-09-12 16:00:00,27,0.000000,0.000000,0.081087,0.405436,0.029153,0.087459,0.000000,0.000000,0.000000,0.000000,0.397086,0.198543,0.000000,0.000000,0.000000,-0.000000,1.001260,1.501891,0.206188,1.030939,0.000000,0.000000,0.000000,0.000000,0.000000,-0.000000,0.000000,-0.000000,0.000000,-0.000000,0.000000,-0.000000,0.837177,-0.251153,0.000000,-0.000000,0.000000,-0.000000,2.973114,3.461166,3.217140,0.500000,0.500000
145404,Arthur,LAT,275,PAL,6,45,45,casa,276,SAO,2026-09-12 18:30:00,27,0.000000,0.000000,0.026345,0.131723,0.018318,0.054955,0.000817,0.000980,0.558514,0.446811,0.822233,0.411117,0.000000,0.000000,0.000000,-0.000000,1.540631,2.310947,0.322380,1.611898,0.000000,0.000000,0.000000,0.000000,0.000000,-0.000000,0.333333,-1.000000,0.136125,-0.136125,0.000000,-0.000000,1.027564,-0.308269,0.005370,-0.005370,0.000000,-0.000000,3.518666,2.789524,3.154095,0.500000,0.500000
145659,Nicolas,LAT,276,SAO,6,45,45,fora,275,PAL,2026-09-12 18:30:00,27,0.000000,0.000000,0.042659,0.213293,0.000000,0.000000,0.000000,0.000000,0.000000,0.000000,0.438902,0.219451,0.000000,0.000000,0.000000,-0.000000,0.875856,1.313785,0.250217,1.251084,0.000000,0.000000,0.000000,0.000000,0.000000,-0.000000,0.000000,-0.000000,0.000000,-0.000000,0.000000,-0.000000,0.800955,-0.240287,0.001719,-0.001719,0.000000,-0.000000,2.755607,3.499034,3.127320,0.500000,0.500000
104257,João Lucas,LAT,364,REM,5,45,45,fora,265,BAH,2026-09-14 20:00:00,27,0.000000,0.000000,0.172708,0.863538,0.008611,0.025833,0.050328,0.060394,0.186453,0.149163,0.837420,0.418710,0.000000,0.000000,0.000000,-0.000000,1.460101,2.190151,0.135904,0.679518,0.000000,0.000000,0.000000,0.000000,0.000000,-0.000000,0.000000,-0.000000,0.627303,-0.627303,0.000000,-0.000000,0.968782,-0.290635,0.000000,-0.000000,0.000000,-0.000000,3.469369,2.776159,3.122764,0.500000,0.500000
86864,Marlon,LAT,364,REM,7,95,85,fora,265,BAH,2026-09-14 20:00:00,27,0.000000,0.000000,0.050131,0.250654,0.007292,0.021875,0.247500,0.297000,0.000000,0.000000,0.872189,0.436094,0.000000,0.000000,0.000000,-0.000000,1.713989,2.570984,0.120646,0.603232,0.000000,0.000000,0.000000,0.000000,0.000000,-0.000000,0.000000,-0.000000,0.166375,-0.166375,0.000000,-0.000000,0.977330,-0.293199,0.000000,-0.000000,0.000000,-0.000000,3.720266,2.429499,3.074883,0.500000,0.500000
63013,Marcos Rocha,LAT,284,GRE,6,45,45,casa,267,VAS,2026-09-12 16:00:00,27,0.000000,0.000000,0.033912,0.169561,0.000000,0.000000,0.000000,0.000000,0.166375,0.133100,0.319748,0.159874,0.000000,0.000000,0.000000,-0.000000,1.092591,1.638887,0.286200,1.431001,0.000000,0.000000,0.000000,0.000000,0.000000,-0.000000,0.000000,-0.000000,0.000000,-0.000000,0.000000,-0.000000,0.717731,-0.215319,0.000370,-0.000370,0.000000,-0.000000,3.316734,2.771685,3.044209,0.500000,0.500000
131964,Jhoan Hernández,LAT,263,BOT,6,45,45,casa,280,RBB,2026-09-12 20:30:00,27,0.000000,0.000000,0.047560,0.237798,0.034288,0.102863,0.000000,0.000000,0.000000,0.000000,0.273712,0.136856,0.000000,0.000000,0.000000,-0.000000,0.887235,1.330853,0.290903,1.454513,0.000000,0.000000,0.000000,0.000000,0.000000,-0.000000,0.000000,-0.000000,0.000000,-0.000000,0.000000,-0.000000,0.635020,-0.190506,0.000370,-0.000370,0.000000,-0.000000,3.072006,3.014305,3.043155,0.500000,0.500000
89273,João Pedro,LAT,284,GRE,6,45,45,casa,267,VAS,2026-09-12 16:00:00,27,0.000000,0.000000,0.025497,0.127487,0.005903,0.017708,0.000000,0.000000,0.000000,0.000000,0.440919,0.220459,0.000000,0.000000,0.050328,-0.005033,1.116679,1.675019,0.287961,1.439807,0.000000,0.000000,0.000000,0.000000,0.000000,-0.000000,0.000000,-0.000000,0.000000,-0.000000,0.000000,-0.000000,0.792872,-0.237862,0.000370,-0.000370,0.000000,-0.000000,3.237216,2.813282,3.025249,0.500000,0.500000
141763,Fabiano Souza,LAT,287,VIT,6,45,45,fora,2305,MIR,2026-09-13 16:00:00,27,0.000000,0.000000,0.101115,0.505573,0.005903,0.017708,0.000000,0.000000,0.450000,0.360000,0.740371,0.370185,0.000000,0.000000,0.000000,-0.000000,1.070169,1.605253,0.161918,0.809592,0.000000,0.000000,0.000000,0.000000,0.333333,-1.000000,0.000000,-0.000000,0.247500,-0.247500,0.000000,-0.000000,0.767776,-0.230333,0.001163,-0.001163,0.000000,-0.000000,2.189316,3.420571,2.804943,0.500000,0.500000
142868,Johnny,LAT,262,FLA,6,45,45,casa,264,COR,2026-09-13 17:30:00,27,0.000000,0.000000,0.047560,0.237798,0.034288,0.102863,0.000000,0.000000,0.000000,0.000000,0.273712,0.136856,0.000000,0.000000,0.000000,-0.000000,0.887235,1.330853,0.290903,1.454513,0.000000,0.000000,0.000000,0.000000,0.000000,-0.000000,0.000000,-0.000000,0.000000,-0.000000,0.000000,-0.000000,0.635020,-0.190506,0.000370,-0.000370,0.000000,-0.000000,3.072006,2.258820,2.665413,0.500000,0.500000
103347,Matheus Alexandre,LAT,364,REM,7,95,85,fora,265,BAH,2026-09-14 20:00:00,27,0.000000,0.000000,0.025256,0.126281,0.010000,0.030000,0.000000,0.000000,0.002072,0.001658,0.453913,0.226957,0.000000,0.000000,0.000000,-0.000000,1.176963,1.765444,0.216730,1.083649,0.000000,0.000000,0.000000,0.000000,0.000000,-0.000000,0.000000,-0.000000,0.247500,-0.247500,0.000000,-0.000000,0.709168,-0.212750,0.000000,-0.000000,0.000000,-0.000000,2.773738,2.455535,2.614636,0.500000,0.500000
148092,Vitor Ramon,LAT,284,GRE,6,45,45,casa,267,VAS,2026-09-12 16:00:00,27,0.000000,0.000000,0.047560,0.237798,0.024466,0.073399,0.000000,0.000000,0.000000,0.000000,0.278381,0.139190,0.000000,0.000000,0.000000,-0.000000,1.192046,1.788068,0.289805,1.449026,0.000000,0.000000,0.000000,0.000000,0.000000,-0.000000,0.000000,-0.000000,1.000000,-1.000000,0.000000,-0.000000,0.821945,-0.246584,0.000370,-0.000370,0.000000,-0.000000,2.440528,2.672092,2.556310,0.500000,0.500000
96610,Matheus Pereira,MEI,283,CRU,7,95,85,fora,277,SAN,2026-09-12 21:00:00,27,0.628087,5.024695,0.666667,3.333333,0.023073,0.069220,0.683063,0.819675,0.383669,0.306935,1.987010,0.993505,0.333333,0.333333,0.000000,-0.000000,0.755027,1.132540,0.000000,0.000000,0.000000,0.000000,0.000000,0.000000,0.000000,-0.000000,0.000000,-0.000000,0.015611,-0.015611,0.000000,-0.000000,1.004446,-0.301334,0.022767,-0.022767,0.020139,-0.080556,11.592970,4.271737,7.932353,0.500000,0.500000
105436,Carrascal,MEI,262,FLA,7,95,85,casa,264,COR,2026-09-13 17:30:00,27,0.326194,2.609553,0.333333,1.666667,0.022723,0.068170,0.582956,0.699547,0.880596,0.704477,1.355609,0.677804,0.000000,0.000000,0.000000,-0.000000,1.401948,2.102922,0.000000,0.000000,0.000000,0.000000,0.000000,0.000000,0.000000,-0.000000,0.000000,-0.000000,0.456851,-0.456851,0.000000,-0.000000,0.981418,-0.294425,0.003571,-0.003571,0.015268,-0.061071,7.713220,5.697491,6.705356,0.500000,0.500000
63007,Neymar,MEI,277,SAN,5,45,45,casa,283,CRU,2026-09-12 21:00:00,27,0.177244,1.417952,0.333333,1.666667,0.027083,0.081249,0.512974,0.615569,0.949351,0.759481,3.215743,1.607871,0.000000,0.000000,0.333333,-0.033333,1.273488,1.910232,0.000000,0.000000,0.000000,0.000000,0.000000,0.000000,0.000000,-0.000000,0.000000,-0.000000,0.393428,-0.393428,0.000000,-0.000000,1.378000,-0.413400,0.000000,-0.000000,0.000000,-0.000000,7.218860,5.328595,6.273727,0.500000,0.500000
98022,Erick,MEI,265,BAH,3,45,45,casa,364,REM,2026-09-14 20:00:00,27,0.701458,5.611661,0.000000,0.000000,0.022507,0.067521,0.324160,0.388992,0.960556,0.768445,1.206922,0.603461,0.000000,0.000000,0.000000,-0.000000,0.969889,1.454833,0.000000,0.000000,0.000000,0.000000,0.000000,0.000000,0.000000,-0.000000,0.000000,-0.000000,0.530240,-0.530240,0.000000,-0.000000,1.246852,-0.374056,0.009167,-0.009167,0.051726,-0.206905,7.774547,4.479559,6.127053,0.500000,0.500000
106822,Rodrigo Nestor,MEI,265,BAH,7,95,85,casa,364,REM,2026-09-14 20:00:00,27,0.000000,0.000000,0.666667,3.333333,0.021379,0.064138,0.243016,0.291619,0.647596,0.518077,1.408474,0.704237,0.000000,0.000000,0.000000,-0.000000,1.613597,2.420396,0.000000,0.000000,0.000000,0.000000,0.000000,0.000000,0.000000,-0.000000,0.000000,-0.000000,0.138491,-0.138491,0.000000,-0.000000,1.083624,-0.325087,0.016141,-0.016141,0.013046,-0.052183,6.799897,5.284228,6.042063,0.500000,0.500000
87863,Arrascaeta,MEI,262,FLA,7,95,85,casa,264,COR,2026-09-13 17:30:00,27,0.005898,0.047182,0.666667,3.333333,0.021282,0.063847,0.343686,0.412423,0.552723,0.442178,0.283857,0.141928,0.000000,0.000000,0.000000,-0.000000,1.782698,2.674048,0.000000,0.000000,0.000000,0.000000,0.000000,0.000000,0.000000,-0.000000,0.000000,-0.000000,0.452072,-0.452072,0.000000,-0.000000,0.977924,-0.293377,0.000000,-0.000000,0.003571,-0.014286,6.355204,5.646515,6.000859,0.500000,0.500000
84735,Jorginho,MEI,262,FLA,7,95,85,casa,264,COR,2026-09-13 17:30:00,27,0.001485,0.011877,0.333333,1.666667,0.020121,0.060364,0.111468,0.133761,0.488731,0.390985,0.890629,0.445314,0.000000,0.000000,0.000000,-0.000000,2.281795,3.422693,0.000000,0.000000,0.000000,0.000000,0.000000,0.000000,0.000000,-0.000000,0.000000,-0.000000,0.002208,-0.002208,0.000000,-0.000000,0.891418,-0.267425,0.000000,-0.000000,0.000000,-0.000000,5.862028,6.014022,5.938025,0.500000,0.500000
101807,Oliva,MEI,277,SAN,2,45,45,casa,283,CRU,2026-09-12 21:00:00,27,0.697500,5.580000,0.000000,0.000000,0.021002,0.063006,0.200942,0.241131,0.379125,0.303300,0.149457,0.074728,0.000000,0.000000,0.000000,-0.000000,0.834814,1.252221,0.000000,0.000000,0.000000,0.000000,0.000000,0.000000,0.000000,-0.000000,0.000000,-0.000000,0.000000,-0.000000,0.000000,-0.000000,1.281099,-0.384330,0.000000,-0.000000,0.000000,-0.000000,7.130056,4.542678,5.836367,0.500000,0.500000
115025,Miguelito,MEI,277,SAN,6,45,45,casa,283,CRU,2026-09-12 21:00:00,27,0.247500,1.980000,0.666667,3.333333,0.021623,0.064868,0.218340,0.262008,0.438942,0.351154,0.978123,0.489062,0.000000,0.000000,0.000000,-0.000000,1.013421,1.520132,0.000000,0.000000,0.000000,0.000000,0.000000,0.000000,0.000000,-0.000000,0.000000,-0.000000,0.041178,-0.041178,0.000000,-0.000000,1.162265,-0.348679,0.005000,-0.005000,0.000000,-0.000000,7.605700,3.865515,5.735607,0.500000,0.500000
128431,João Cruz,MEI,293,CAP,6,45,45,fora,294,CFC,2026-09-11 21:00:00,27,0.586125,4.689000,0.000000,0.000000,0.022350,0.067051,0.385347,0.462417,0.757006,0.605605,0.546729,0.273364,0.000000,0.000000,0.000000,-0.000000,0.941828,1.412742,0.000000,0.000000,0.000000,0.000000,0.000000,0.000000,0.000000,-0.000000,0.000000,-0.000000,0.000190,-0.000190,0.000000,-0.000000,1.000294,-0.300088,0.000000,-0.000000,0.002778,-0.011111,7.198790,4.239132,5.718961,0.500000,0.500000
94930,Lucas Paquetá,MEI,262,FLA,6,45,45,casa,264,COR,2026-09-13 17:30:00,27,0.009550,0.076402,0.000000,0.000000,0.020698,0.062095,0.295939,0.355127,0.708861,0.567089,1.491473,0.745737,0.000000,0.000000,0.333333,-0.033333,2.349764,3.524647,0.000000,0.000000,0.000000,0.000000,0.000000,0.000000,0.000000,-0.000000,0.000000,-0.000000,0.022775,-0.022775,0.000000,-0.000000,0.939651,-0.281895,0.002500,-0.002500,0.000000,-0.000000,4.990592,6.381495,5.686044,0.500000,0.500000
84558,Lucas Romero,MEI,283,CRU,7,95,85,fora,277,SAN,2026-09-12 21:00:00,27,0.450345,3.602758,0.000000,0.000000,0.021732,0.065197,0.375166,0.450199,0.538352,0.430682,1.202424,0.601212,0.000000,0.000000,0.000000,-0.000000,1.462642,2.193963,0.000000,0.000000,0.000000,0.000000,0.000000,0.000000,0.000000,-0.000000,0.000000,-0.000000,0.014633,-0.014633,0.000000,-0.000000,1.191452,-0.357436,0.000000,-0.000000,0.002778,-0.011111,6.960832,4.053470,5.507151,0.500000,0.500000
89837,Lucho Acosta,MEI,266,FLU,6,45,45,fora,282,CAM,2026-09-12 16:00:00,27,0.450061,3.600485,0.000000,0.000000,0.020191,0.060574,0.223759,0.268510,0.691813,0.553450,0.055665,0.027833,0.000000,0.000000,0.000000,-0.000000,1.663281,2.494922,0.000000,0.000000,0.000000,0.000000,0.000000,0.000000,0.000000,-0.000000,0.000000,-0.000000,0.143965,-0.143965,0.000000,-0.000000,0.918260,-0.275478,0.020951,-0.020951,0.000000,-0.000000,6.565380,4.333738,5.449559,0.500000,0.500000
99815,Arias,MEI,275,PAL,7,95,85,casa,276,SAO,2026-09-12 18:30:00,27,0.041456,0.331651,0.333333,1.666667,0.020649,0.061946,0.226295,0.271554,0.609229,0.487383,2.282534,1.141267,0.000000,0.000000,0.000000,-0.000000,1.739782,2.609672,0.000000,0.000000,0.000000,0.000000,0.000000,0.000000,0.000000,-0.000000,0.000000,-0.000000,0.007110,-0.007110,0.000000,-0.000000,0.979755,-0.293926,0.000000,-0.000000,0.047049,-0.188197,6.080906,4.683688,5.382297,0.500000,0.500000
98517,Jean Lucas,MEI,265,BAH,7,95,85,casa,364,REM,2026-09-14 20:00:00,27,0.247524,1.980190,0.333333,1.666667,0.024086,0.072259,0.344376,0.413251,0.486720,0.389376,0.210604,0.105302,0.000000,0.000000,0.000000,-0.000000,1.519267,2.278901,0.000000,0.000000,0.000000,0.000000,0.000000,0.000000,0.000000,-0.000000,0.000000,-0.000000,0.248133,-0.248133,0.000000,-0.000000,1.066795,-0.320038,0.000000,-0.000000,0.055308,-0.221230,6.116544,4.430494,5.273519,0.500000,0.500000
104783,Acevedo,MEI,265,BAH,7,95,85,casa,364,REM,2026-09-14 20:00:00,27,0.074869,0.598950,0.333333,1.666667,0.021640,0.064919,0.249752,0.299702,0.287556,0.230045,1.591059,0.795529,0.000000,0.000000,0.000000,-0.000000,1.859946,2.789920,0.000000,0.000000,0.000000,0.000000,0.000000,0.000000,0.000000,-0.000000,0.000000,-0.000000,0.006490,-0.006490,0.000000,-0.000000,1.331891,-0.399567,0.000000,-0.000000,0.105308,-0.421230,5.618445,4.909266,5.263855,0.500000,0.500000
68708,Eduardo,MEI,2305,MIR,2,45,45,casa,287,VIT,2026-09-13 16:00:00,27,0.384803,3.078427,0.000000,0.000000,0.023058,0.069173,0.100565,0.120679,0.471277,0.377021,1.400418,0.700209,0.000000,0.000000,0.000000,-0.000000,0.932816,1.399224,0.000000,0.000000,0.000000,0.000000,0.000000,0.000000,0.000000,-0.000000,0.000000,-0.000000,0.006851,-0.006851,0.000000,-0.000000,0.867180,-0.260154,0.000000,-0.000000,0.007143,-0.028571,5.449157,4.844102,5.146629,0.500000,0.500000
89256,Gerson,MEI,283,CRU,7,95,85,fora,277,SAN,2026-09-12 21:00:00,27,0.000000,0.000000,0.333333,1.666667,0.021185,0.063556,0.220805,0.264966,0.229390,0.183512,1.459660,0.729830,0.000000,0.000000,0.333333,-0.033333,1.763567,2.645350,0.000000,0.000000,0.000000,0.000000,0.000000,0.000000,0.000000,-0.000000,0.000000,-0.000000,0.041215,-0.041215,0.000000,-0.000000,1.056270,-0.316881,0.000000,-0.000000,0.006250,-0.025000,5.137453,4.951693,5.044573,0.500000,0.500000
145744,André,MEI,264,COR,5,45,45,fora,262,FLA,2026-09-13 17:30:00,27,0.151810,1.214479,0.666667,3.333333,0.020247,0.060741,0.124552,0.149462,0.211681,0.169345,0.026346,0.013173,0.000000,0.000000,0.000000,-0.000000,0.869134,1.303701,0.000000,0.000000,0.000000,0.000000,0.000000,0.000000,0.000000,-0.000000,0.000000,-0.000000,0.002072,-0.002072,0.000000,-0.000000,0.803121,-0.240936,0.002500,-0.002500,0.000000,-0.000000,5.998726,4.070675,5.034700,0.500000,0.500000
68938,Giovanni Augusto,MEI,315,CHA,7,95,85,casa,285,INT,2026-09-12 17:00:00,27,0.074869,0.598950,0.666667,3.333333,0.021012,0.063035,0.276778,0.332134,0.448380,0.358704,0.614010,0.307005,0.000000,0.000000,0.000000,-0.000000,0.913537,1.370305,0.000000,0.000000,0.000000,0.000000,0.000000,0.000000,0.000000,-0.000000,0.000000,-0.000000,0.450345,-0.450345,0.000000,-0.000000,0.967782,-0.290335,0.000000,-0.000000,0.003125,-0.012500,5.610287,4.393505,5.001896,0.500000,0.500000
91473,Erick Pulgar,MEI,262,FLA,7,95,85,casa,264,COR,2026-09-13 17:30:00,27,0.041178,0.329423,0.000000,0.000000,0.019990,0.059971,0.189573,0.227488,0.281982,0.225586,0.299682,0.149841,0.000000,0.000000,0.000000,-0.000000,2.152511,3.228767,0.000000,0.000000,0.000000,0.000000,0.000000,0.000000,0.000000,-0.000000,0.000000,-0.000000,0.028527,-0.028527,0.000000,-0.000000,0.869953,-0.260986,0.000000,-0.000000,0.000000,-0.000000,3.931562,6.054417,4.992989,0.500000,0.500000
105068,Reinier,MEI,282,CAM,2,45,45,casa,266,FLU,2026-09-12 16:00:00,27,0.384765,3.078119,0.333333,1.666667,0.021214,0.063643,0.369255,0.443106,0.363893,0.291114,0.374998,0.187499,0.000000,0.000000,0.000000,-0.000000,0.572244,0.858366,0.000000,0.000000,0.000000,0.000000,0.000000,0.000000,0.000000,-0.000000,0.000000,-0.000000,0.012456,-0.012456,0.000000,-0.000000,0.958859,-0.287658,0.000000,-0.000000,0.000000,-0.000000,6.288400,3.366650,4.827525,0.500000,0.500000
106202,Bruno Gomes,MEI,285,INT,7,95,85,fora,315,CHA,2026-09-12 17:00:00,27,0.000000,0.000000,0.000000,0.000000,0.021253,0.063758,0.106698,0.128038,0.698928,0.559142,3.306700,1.653350,0.000000,0.000000,0.000000,-0.000000,2.368116,3.552175,0.000000,0.000000,0.000000,0.000000,0.000000,0.000000,0.000000,-0.000000,0.000000,-0.000000,0.251895,-0.251895,0.000000,-0.000000,1.200037,-0.360011,0.000000,-0.000000,0.000000,-0.000000,5.344557,4.219078,4.781817,0.500000,0.500000
70944,Bruno Henrique,MEI,285,INT,7,95,85,fora,315,CHA,2026-09-12 17:00:00,27,0.450000,3.600000,0.000000,0.000000,0.019808,0.059425,0.293331,0.351997,0.418964,0.335172,0.079099,0.039549,0.000000,0.000000,0.000000,-0.000000,1.022329,1.533493,0.000000,0.000000,0.000000,0.000000,0.000000,0.000000,0.000000,-0.000000,0.000000,-0.000000,0.000000,-0.000000,0.000000,-0.000000,1.058828,-0.317648,0.025446,-0.025446,0.000000,-0.000000,5.576541,3.960014,4.768277,0.500000,0.500000
102911,Zé Ricardo,MEI,364,REM,7,95,85,fora,265,BAH,2026-09-14 20:00:00,27,0.247500,1.980000,0.000000,0.000000,0.020948,0.062843,0.225823,0.270988,0.499642,0.399713,1.125163,0.562581,0.000000,0.000000,0.000000,-0.000000,1.929177,2.893766,0.000000,0.000000,0.000000,0.000000,0.000000,0.000000,0.000000,-0.000000,0.000000,-0.000000,0.075304,-0.075304,0.000000,-0.000000,0.950266,-0.285080,0.006111,-0.006111,0.000000,-0.000000,5.803397,3.649715,4.726556,0.500000,0.500000
126471,Barreal,MEI,277,SAN,5,45,45,casa,283,CRU,2026-09-12 21:00:00,27,0.272241,2.177931,0.000000,0.000000,0.021889,0.065666,0.487569,0.585083,0.592423,0.473938,0.503422,0.251711,0.000000,0.000000,0.000000,-0.000000,1.620341,2.430511,0.000000,0.000000,0.000000,0.000000,0.000000,0.000000,0.000000,-0.000000,0.000000,-0.000000,0.492767,-0.492767,0.000000,-0.000000,1.093037,-0.327911,0.000000,-0.000000,0.050823,-0.203294,4.960869,4.460547,4.710708,0.500000,0.500000
86686,Tchê Tchê,MEI,267,VAS,7,95,85,fora,284,GRE,2026-09-12 16:00:00,27,0.247845,1.982758,0.000000,0.000000,0.021123,0.063368,0.240934,0.289121,0.554464,0.443571,0.975358,0.487679,0.000000,0.000000,0.000000,-0.000000,1.678265,2.517398,0.000000,0.000000,0.000000,0.000000,0.000000,0.000000,0.000000,-0.000000,0.000000,-0.000000,0.003800,-0.003800,0.000000,-0.000000,1.171134,-0.351340,0.002778,-0.002778,0.000000,-0.000000,5.425978,3.890148,4.658063,0.500000,0.500000
103767,Gabriel Menino,MEI,277,SAN,6,45,45,casa,283,CRU,2026-09-12 21:00:00,27,0.008373,0.066987,0.000000,0.000000,0.020469,0.061408,0.732589,0.879107,0.395136,0.316109,1.139997,0.569998,0.000000,0.000000,0.000000,-0.000000,2.182696,3.274044,0.000000,0.000000,0.000000,0.000000,0.000000,0.000000,0.000000,-0.000000,0.000000,-0.000000,0.144498,-0.144498,0.000000,-0.000000,0.809509,-0.242853,0.006439,-0.006439,0.000000,-0.000000,4.773864,4.530146,4.652005,0.500000,0.500000
68685,Alan Patrick,MEI,285,INT,7,95,85,fora,315,CHA,2026-09-12 17:00:00,27,0.248249,1.985988,0.333333,1.666667,0.020146,0.060438,0.091984,0.110381,0.335170,0.268136,0.500589,0.250294,0.000000,0.000000,0.000000,-0.000000,0.838174,1.257261,0.000000,0.000000,0.000000,0.000000,0.000000,0.000000,0.000000,-0.000000,0.000000,-0.000000,0.006851,-0.006851,0.000000,-0.000000,0.901141,-0.270342,0.000000,-0.000000,0.000000,-0.000000,5.321972,3.980940,4.651456,0.500000,0.500000
89637,Thiago Maia,MEI,285,INT,7,95,85,fora,315,CHA,2026-09-12 17:00:00,27,0.000000,0.000000,0.666667,3.333333,0.020402,0.061206,0.139174,0.167008,0.276598,0.221278,0.014529,0.007264,0.000000,0.000000,0.000000,-0.000000,1.103311,1.654967,0.000000,0.000000,0.000000,0.000000,0.000000,0.000000,0.000000,-0.000000,0.000000,-0.000000,0.000000,-0.000000,0.000000,-0.000000,0.978772,-0.293632,0.022858,-0.022858,0.000000,-0.000000,5.128567,4.032006,4.580287,0.500000,0.500000
89274,Andreas Pereira,MEI,275,PAL,7,95,85,casa,276,SAO,2026-09-12 18:30:00,27,0.000001,0.000007,0.333333,1.666667,0.020585,0.061756,0.447242,0.536690,0.587222,0.469778,1.576499,0.788249,0.000000,0.000000,1.000000,-0.100000,1.408550,2.112825,0.000000,0.000000,0.000000,0.000000,0.000000,0.000000,0.000000,-0.000000,0.000000,-0.000000,0.003786,-0.003786,0.000000,-0.000000,0.886071,-0.265821,0.000000,-0.000000,0.017778,-0.071111,5.195254,3.823475,4.509365,0.500000,0.500000
105647,Maurício,MEI,275,PAL,7,95,85,casa,276,SAO,2026-09-12 18:30:00,27,0.494845,3.958760,0.000000,0.000000,0.021983,0.065950,0.361943,0.434332,0.548989,0.439191,0.351797,0.175898,0.000000,0.000000,0.000000,-0.000000,0.748736,1.123103,0.000000,0.000000,0.000000,0.000000,0.000000,0.000000,0.000000,-0.000000,0.000000,-0.000000,0.022650,-0.022650,0.000000,-0.000000,0.945585,-0.283676,0.003571,-0.003571,0.150437,-0.601746,5.285592,3.620360,4.452976,0.500000,0.500000
122321,Lorran,MEI,262,FLA,6,45,45,casa,264,COR,2026-09-13 17:30:00,27,0.302500,2.420000,0.000000,0.000000,0.020647,0.061940,0.139258,0.167109,0.340278,0.272222,0.450000,0.225000,0.000000,0.000000,0.000000,-0.000000,1.360932,2.041397,0.000000,0.000000,0.000000,0.000000,0.000000,0.000000,0.000000,-0.000000,0.000000,-0.000000,0.000000,-0.000000,0.000000,-0.000000,1.354380,-0.406314,0.000000,-0.000000,0.000000,-0.000000,4.781355,4.114404,4.447880,0.500000,0.500000
107256,Zé Vitor,MEI,287,VIT,7,95,85,fora,2305,MIR,2026-09-13 16:00:00,27,0.002072,0.016579,0.000000,0.000000,0.021642,0.064926,0.231878,0.278253,0.682320,0.545856,2.160708,1.080354,0.000000,0.000000,0.000000,-0.000000,1.841283,2.761925,0.000000,0.000000,0.000000,0.000000,0.000000,0.000000,0.000000,-0.000000,0.000000,-0.000000,0.084932,-0.084932,0.000000,-0.000000,1.525662,-0.457699,0.000000,-0.000000,0.000000,-0.000000,4.205264,4.484412,4.344838,0.500000,0.500000
151292,Felipe Morais,MEI,283,CRU,6,45,45,fora,277,SAN,2026-09-12 21:00:00,27,0.450000,3.600000,0.000000,0.000000,0.020338,0.061015,0.125990,0.151188,0.258179,0.206543,1.247500,0.623750,0.000000,0.000000,0.000000,-0.000000,0.850568,1.275851,0.000000,0.000000,0.000000,0.000000,0.000000,0.000000,0.000000,-0.000000,0.000000,-0.000000,0.247500,-0.247500,0.000000,-0.000000,1.251887,-0.375566,0.008279,-0.008279,0.000000,-0.000000,5.287003,3.328055,4.307529,0.500000,0.500000
104811,Sebastián Gómez,MEI,294,CFC,6,45,45,casa,293,CAP,2026-09-11 21:00:00,27,0.000000,0.000000,0.333333,1.666667,0.020650,0.061950,0.163249,0.195899,0.597311,0.477849,0.324963,0.162482,0.000000,0.000000,0.000000,-0.000000,1.658668,2.488002,0.000000,0.000000,0.000000,0.000000,0.000000,0.000000,0.000000,-0.000000,0.000000,-0.000000,0.000459,-0.000459,0.000000,-0.000000,0.975606,-0.292682,0.000000,-0.000000,0.026111,-0.104444,4.655264,3.928938,4.292101,0.500000,0.500000
102256,Rollheiser,MEI,277,SAN,6,45,45,casa,283,CRU,2026-09-12 21:00:00,27,0.004352,0.034817,0.333333,1.666667,0.020250,0.060749,0.176579,0.211895,0.507041,0.405633,1.499335,0.749667,0.000000,0.000000,0.000000,-0.000000,1.197104,1.795656,0.000000,0.000000,0.000000,0.000000,0.000000,0.000000,0.000000,-0.000000,0.000000,-0.000000,0.450057,-0.450057,0.000000,-0.000000,0.856737,-0.257021,0.000000,-0.000000,0.000000,-0.000000,4.218005,4.240554,4.229280,0.500000,0.500000
70592,Felipe Anderson,MEI,275,PAL,6,45,45,casa,276,SAO,2026-09-12 18:30:00,27,0.026416,0.211327,0.000000,0.000000,0.022863,0.068589,0.162951,0.195542,0.435905,0.348724,0.980670,0.490335,0.000000,0.000000,0.000000,-0.000000,2.293792,3.440689,0.000000,0.000000,0.000000,0.000000,0.000000,0.000000,0.000000,-0.000000,0.000000,-0.000000,0.002072,-0.002072,0.000000,-0.000000,0.893224,-0.267967,0.000000,-0.000000,0.002778,-0.011111,4.474054,3.952697,4.213375,0.500000,0.500000
118563,Rodriguinho,MEI,280,RBB,7,95,85,fora,263,BOT,2026-09-12 20:30:00,27,0.023069,0.184554,0.000000,0.000000,0.020189,0.060566,0.222117,0.266541,0.641187,0.512950,0.407805,0.203903,0.000000,0.000000,0.000000,-0.000000,1.346424,2.019636,0.000000,0.000000,0.000000,0.000000,0.000000,0.000000,0.000000,-0.000000,0.000000,-0.000000,0.023696,-0.023696,0.000000,-0.000000,0.889382,-0.266815,0.000000,-0.000000,0.000000,-0.000000,2.957638,5.244679,4.101158,0.500000,0.500000
101405,Wallisson,MEI,2305,MIR,7,95,85,casa,287,VIT,2026-09-13 16:00:00,27,0.000000,0.000000,0.000000,0.000000,0.019755,0.059266,0.112086,0.134503,0.541641,0.433313,1.178526,0.589263,0.000000,0.000000,0.000000,-0.000000,2.564011,3.846017,0.000000,0.000000,0.000000,0.000000,0.000000,0.000000,0.000000,-0.000000,0.333333,-1.000000,0.005012,-0.005012,0.000000,-0.000000,1.092177,-0.327653,0.003125,-0.003125,0.000000,-0.000000,3.726571,4.474845,4.100708,0.500000,0.500000
100084,Igor Gomes,MEI,282,CAM,6,45,45,casa,266,FLU,2026-09-12 16:00:00,27,0.136125,1.089000,0.333333,1.666667,0.019958,0.059875,0.076891,0.092270,0.451195,0.360956,0.755252,0.377626,0.000000,0.000000,0.000000,-0.000000,0.725739,1.088609,0.000000,0.000000,0.000000,0.000000,0.000000,0.000000,0.000000,-0.000000,0.000000,-0.000000,0.012456,-0.012456,0.000000,-0.000000,0.974642,-0.292393,0.000000,-0.000000,0.000000,-0.000000,4.430154,3.750372,4.090263,0.500000,0.500000
94067,Matheus Fernandes,MEI,280,RBB,6,45,45,fora,263,BOT,2026-09-12 20:30:00,27,0.000000,0.000000,0.000000,0.000000,0.019794,0.059382,0.250313,0.300376,0.370199,0.296159,0.097197,0.048599,0.000000,0.000000,0.000000,-0.000000,1.803273,2.704909,0.000000,0.000000,0.000000,0.000000,0.000000,0.000000,0.000000,-0.000000,0.000000,-0.000000,0.013223,-0.013223,0.000000,-0.000000,0.935732,-0.280720,0.038719,-0.038719,0.000000,-0.000000,3.076764,4.964117,4.020440,0.500000,0.500000
106294,Marcos Antônio,MEI,276,SAO,7,95,85,fora,275,PAL,2026-09-12 18:30:00,27,0.000000,0.000000,0.000000,0.000000,0.020703,0.062109,0.193834,0.232601,0.267949,0.214359,1.189509,0.594754,0.000000,0.000000,0.000000,-0.000000,1.586859,2.380289,0.000000,0.000000,0.000000,0.000000,0.000000,0.000000,0.000000,-0.000000,0.000000,-0.000000,0.003768,-0.003768,0.000000,-0.000000,0.866031,-0.259809,0.000000,-0.000000,0.000000,-0.000000,3.220535,4.767579,3.994057,0.500000,0.500000
141776,Gustavo Henrique,MEI,277,SAN,7,95,85,casa,283,CRU,2026-09-12 21:00:00,27,0.000000,0.000000,0.000000,0.000000,0.021553,0.064660,0.071300,0.085560,0.452123,0.361698,1.300395,0.650197,0.000000,0.000000,0.000000,-0.000000,2.168284,3.252426,0.000000,0.000000,0.000000,0.000000,0.000000,0.000000,0.000000,-0.000000,0.000000,-0.000000,0.465669,-0.465669,0.000000,-0.000000,1.156651,-0.346995,0.003571,-0.003571,0.000000,-0.000000,3.598306,4.160809,3.879557,0.500000,0.500000
104330,Dudu,MEI,287,VIT,5,45,45,fora,2305,MIR,2026-09-13 16:00:00,27,0.450000,3.600000,0.000000,0.000000,0.019749,0.059246,0.053850,0.064620,0.282264,0.225811,0.450000,0.225000,0.000000,0.000000,0.000000,-0.000000,0.714673,1.072009,0.000000,0.000000,0.000000,0.000000,0.000000,0.000000,0.000000,-0.000000,0.000000,-0.000000,0.000000,-0.000000,0.000000,-0.000000,0.951643,-0.285493,0.000000,-0.000000,0.000000,-0.000000,4.961193,2.762164,3.861679,0.500000,0.500000
141754,Gabriel Bontempo,MEI,277,SAN,7,95,85,casa,283,CRU,2026-09-12 21:00:00,27,0.000000,0.000000,0.000000,0.000000,0.020158,0.060473,0.159129,0.190955,0.349400,0.279520,1.591978,0.795989,0.000000,0.000000,0.000000,-0.000000,1.606842,2.410263,0.000000,0.000000,0.000000,0.000000,0.000000,0.000000,0.000000,-0.000000,0.000000,-0.000000,0.000207,-0.000207,0.000000,-0.000000,0.923001,-0.276900,0.000000,-0.000000,0.004629,-0.018514,3.441577,4.242657,3.842117,0.500000,0.500000
80196,Yago Pikachu,MEI,364,REM,7,95,85,fora,265,BAH,2026-09-14 20:00:00,27,0.248641,1.989126,0.000000,0.000000,0.019827,0.059482,0.054410,0.065292,0.489380,0.391504,0.774105,0.387053,0.000000,0.000000,0.000000,-0.000000,1.059818,1.589726,0.000000,0.000000,0.000000,0.000000,0.000000,0.000000,0.000000,-0.000000,0.000000,-0.000000,0.148581,-0.148581,0.000000,-0.000000,0.774042,-0.232213,0.005903,-0.005903,0.000000,-0.000000,4.095486,3.557985,3.826735,0.500000,0.500000
84626,Josué,MEI,294,CFC,6,45,45,casa,293,CAP,2026-09-11 21:00:00,27,0.003768,0.030144,0.333333,1.666667,0.020764,0.062292,0.152589,0.183107,0.620332,0.496266,1.514287,0.757143,0.000000,0.000000,0.000000,-0.000000,0.835041,1.252561,0.000000,0.000000,0.000000,0.000000,0.000000,0.000000,0.000000,-0.000000,0.000000,-0.000000,0.003785,-0.003785,0.000000,-0.000000,0.804315,-0.241295,0.000000,-0.000000,0.017575,-0.070300,4.132800,3.456519,3.794660,0.500000,0.500000
109336,Rafael Carvalheira,MEI,315,CHA,5,45,45,casa,285,INT,2026-09-12 17:00:00,27,0.136546,1.092371,0.000000,0.000000,0.020055,0.060166,0.353175,0.423810,0.494995,0.395996,0.052482,0.026241,0.000000,0.000000,0.333333,-0.033333,1.193207,1.789810,0.000000,0.000000,0.000000,0.000000,0.000000,0.000000,0.000000,-0.000000,0.000000,-0.000000,0.248640,-0.248640,0.000000,-0.000000,1.058774,-0.317632,0.003125,-0.003125,0.000000,-0.000000,3.185664,4.365515,3.775589,0.500000,0.500000
147088,Cissé,MEI,282,CAM,6,45,45,casa,266,FLU,2026-09-12 16:00:00,27,0.003768,0.030144,0.000000,0.000000,0.019445,0.058334,0.125051,0.150062,0.415828,0.332662,3.336567,1.668284,0.000000,0.000000,0.000000,-0.000000,2.077601,3.116401,0.000000,0.000000,0.000000,0.000000,0.000000,0.000000,0.000000,-0.000000,0.000000,-0.000000,0.586125,-0.586125,0.000000,-0.000000,1.139338,-0.341801,0.025654,-0.025654,0.000000,-0.000000,4.402306,2.998679,3.700493,0.500000,0.500000
109573,Martinelli,MEI,266,FLU,7,95,85,fora,282,CAM,2026-09-12 16:00:00,27,0.000000,0.000000,0.000000,0.000000,0.020280,0.060840,0.228346,0.274015,0.395992,0.316794,1.239642,0.619821,0.000000,0.000000,0.000000,-0.000000,1.777466,2.666199,0.000000,0.000000,0.000000,0.000000,0.000000,0.000000,0.000000,-0.000000,0.000000,-0.000000,0.082964,-0.082964,0.000000,-0.000000,1.102758,-0.330827,0.000000,-0.000000,0.000000,-0.000000,3.523878,3.855300,3.689589,0.500000,0.500000
80129,Jadson,MEI,293,CAP,6,45,45,fora,294,CFC,2026-09-11 21:00:00,27,0.000000,0.000000,0.000000,0.000000,0.020404,0.061211,0.152368,0.182841,0.354190,0.283352,1.322673,0.661336,0.000000,0.000000,0.000000,-0.000000,1.493851,2.240777,0.000000,0.000000,0.000000,0.000000,0.000000,0.000000,0.000000,-0.000000,0.000000,-0.000000,0.024636,-0.024636,0.000000,-0.000000,0.901832,-0.270550,0.000000,-0.000000,0.000000,-0.000000,3.134332,4.172832,3.653582,0.500000,0.500000
96652,Allan,MEI,264,COR,6,45,45,fora,262,FLA,2026-09-13 17:30:00,27,0.000000,0.000000,0.333333,1.666667,0.020126,0.060377,0.228824,0.274589,0.464687,0.371750,0.463965,0.231983,0.000000,0.000000,0.000000,-0.000000,1.584146,2.376219,0.000000,0.000000,0.000000,0.000000,0.000000,0.000000,0.000000,-0.000000,0.000000,-0.000000,0.013199,-0.013199,0.000000,-0.000000,0.980502,-0.294151,0.000000,-0.000000,0.000000,-0.000000,4.674234,2.598983,3.636608,0.500000,0.500000
117910,Breno Bidon,MEI,264,COR,7,95,85,fora,262,FLA,2026-09-13 17:30:00,27,0.001142,0.009134,0.000000,0.000000,0.020086,0.060258,0.060139,0.072167,0.525401,0.420321,1.788228,0.894114,0.000000,0.000000,0.000000,-0.000000,1.765575,2.648363,0.000000,0.000000,0.000000,0.000000,0.000000,0.000000,0.000000,-0.000000,0.000000,-0.000000,0.270150,-0.270150,0.000000,-0.000000,1.020444,-0.306133,0.014821,-0.014821,0.000000,-0.000000,3.513253,3.707539,3.610396,0.500000,0.500000
142484,Barrera,MEI,263,BOT,5,45,45,casa,280,RBB,2026-09-12 20:30:00,27,0.247500,1.980000,0.000000,0.000000,0.019745,0.059234,0.192007,0.230408,0.320730,0.256584,0.542018,0.271009,0.000000,0.000000,0.000000,-0.000000,0.813992,1.220989,0.000000,0.000000,0.000000,0.000000,0.000000,0.000000,0.000000,-0.000000,0.000000,-0.000000,0.000000,-0.000000,0.000000,-0.000000,0.912547,-0.273764,0.006944,-0.006944,0.000000,-0.000000,3.737516,3.309302,3.523409,0.500000,0.500000
113125,Picco,MEI,364,REM,7,95,85,fora,265,BAH,2026-09-14 20:00:00,27,0.022651,0.181205,0.000000,0.000000,0.020018,0.060055,0.064573,0.077488,0.417587,0.334070,0.035161,0.017581,0.000000,0.000000,0.000000,-0.000000,1.966368,2.949552,0.000000,0.000000,0.000000,0.000000,0.000000,0.000000,0.000000,-0.000000,0.000000,-0.000000,0.000348,-0.000348,0.000000,-0.000000,0.877990,-0.263397,0.032618,-0.032618,0.000000,-0.000000,3.323589,3.706924,3.515256,0.500000,0.500000
107231,Danilo,MEI,263,BOT,7,95,85,casa,280,RBB,2026-09-12 20:30:00,27,0.009523,0.076185,0.000000,0.000000,0.020081,0.060242,0.173617,0.208340,0.443719,0.354975,0.553699,0.276849,0.000000,0.000000,0.000000,-0.000000,1.891845,2.837768,0.000000,0.000000,0.000000,0.000000,0.000000,0.000000,0.000000,-0.000000,0.000000,-0.000000,0.012456,-0.012456,0.000000,-0.000000,0.779755,-0.233926,0.000000,-0.000000,0.000000,-0.000000,3.567976,3.411868,3.489922,0.500000,0.500000
71123,Thiago Mendes,MEI,267,VAS,7,95,85,fora,284,GRE,2026-09-12 16:00:00,27,0.007044,0.056353,0.000000,0.000000,0.019698,0.059093,0.161807,0.194169,0.318091,0.254473,2.417207,1.208603,0.000000,0.000000,0.000000,-0.000000,1.483842,2.225763,0.000000,0.000000,0.000000,0.000000,0.000000,0.000000,0.000000,-0.000000,0.000000,-0.000000,0.186342,-0.186342,0.000000,-0.000000,0.849289,-0.254787,0.009196,-0.009196,0.000000,-0.000000,3.548130,3.431346,3.489738,0.500000,0.500000
104036,Labyad,MEI,264,COR,5,45,45,fora,262,FLA,2026-09-13 17:30:00,27,0.041178,0.329423,0.333333,1.666667,0.019102,0.057305,0.164956,0.197947,0.325692,0.260554,0.611306,0.305653,0.000000,0.000000,0.000000,-0.000000,0.749005,1.123508,0.000000,0.000000,0.000000,0.000000,0.000000,0.000000,0.000000,-0.000000,0.000000,-0.000000,0.022648,-0.022648,0.000000,-0.000000,0.899533,-0.269860,0.010286,-0.010286,0.000000,-0.000000,3.638263,3.262834,3.450549,0.500000,0.500000
100742,Matheus Henrique,MEI,283,CRU,6,45,45,fora,277,SAN,2026-09-12 21:00:00,27,0.000000,0.000000,0.333333,1.666667,0.019763,0.059289,0.019337,0.023205,0.467389,0.373911,1.101580,0.550790,0.000000,0.000000,0.000000,-0.000000,0.959508,1.439262,0.000000,0.000000,0.000000,0.000000,0.000000,0.000000,0.000000,-0.000000,0.000000,-0.000000,0.097548,-0.097548,0.000000,-0.000000,0.913688,-0.274106,0.009444,-0.009444,0.005000,-0.020000,3.712024,3.138825,3.425425,0.500000,0.500000
78478,Willian Arão,MEI,277,SAN,7,95,85,casa,283,CRU,2026-09-12 21:00:00,27,0.074869,0.598950,0.000000,0.000000,0.019587,0.058762,0.073256,0.087907,0.320473,0.256378,0.248260,0.124130,0.000000,0.000000,0.000000,-0.000000,2.147557,3.221335,0.000000,0.000000,0.000000,0.000000,0.000000,0.000000,0.000000,-0.000000,0.000000,-0.000000,0.259956,-0.259956,0.000000,-0.000000,0.925485,-0.277645,0.000000,-0.000000,0.000000,-0.000000,3.809860,2.988423,3.399141,0.500000,0.500000
95556,Raniele,MEI,264,COR,7,95,85,fora,262,FLA,2026-09-13 17:30:00,27,0.251268,2.010144,0.000000,0.000000,0.020447,0.061342,0.079444,0.095333,0.255350,0.204280,0.839496,0.419748,0.000000,0.000000,0.000000,-0.000000,1.550307,2.325460,0.000000,0.000000,0.000000,0.000000,0.000000,0.000000,0.000000,-0.000000,0.000000,-0.000000,0.491648,-0.491648,0.000000,-0.000000,0.922493,-0.276748,0.000000,-0.000000,0.000000,-0.000000,4.347911,2.374138,3.361025,0.500000,0.500000
112576,Vini Paulista,MEI,294,CFC,6,45,45,casa,293,CAP,2026-09-11 21:00:00,27,0.000000,0.000000,0.000000,0.000000,0.021795,0.065385,0.135786,0.162944,0.326236,0.260989,0.918009,0.459004,0.000000,0.000000,0.000000,-0.000000,1.641980,2.462970,0.000000,0.000000,0.000000,0.000000,0.000000,0.000000,0.000000,-0.000000,0.000000,-0.000000,0.076113,-0.076113,0.000000,-0.000000,0.814534,-0.244360,0.000000,-0.000000,0.072914,-0.291657,2.799162,3.912643,3.355903,0.500000,0.500000
77485,Carrillo,MEI,264,COR,7,95,85,fora,262,FLA,2026-09-13 17:30:00,27,0.000000,0.000000,0.000000,0.000000,0.019215,0.057646,0.063590,0.076308,0.367725,0.294180,0.741461,0.370731,0.000000,0.000000,0.666667,-0.066667,1.644436,2.466653,0.000000,0.000000,0.000000,0.000000,0.000000,0.000000,0.000000,-0.000000,0.000000,-0.000000,0.075545,-0.075545,0.000000,-0.000000,0.861941,-0.258582,0.006349,-0.006349,0.014167,-0.056667,2.801708,3.897350,3.349529,0.500000,0.500000
141400,Huguinho,MEI,263,BOT,7,95,85,casa,280,RBB,2026-09-12 20:30:00,27,0.022648,0.181182,0.000000,0.000000,0.019135,0.057404,0.171910,0.206292,0.490257,0.392205,1.998930,0.999465,0.000000,0.000000,0.000000,-0.000000,1.498000,2.247000,0.000000,0.000000,0.000000,0.000000,0.000000,0.000000,0.000000,-0.000000,0.000000,-0.000000,0.138694,-0.138694,0.000000,-0.000000,1.111266,-0.333380,0.020195,-0.020195,0.000000,-0.000000,3.591280,2.997600,3.294440,0.500000,0.500000
87747,Yago Felipe,MEI,315,CHA,7,95,85,casa,285,INT,2026-09-12 17:00:00,27,0.000000,0.000000,0.000000,0.000000,0.020990,0.062971,0.219386,0.263263,0.308121,0.246497,0.752500,0.376250,0.000000,0.000000,0.000000,-0.000000,1.646410,2.469614,0.000000,0.000000,0.000000,0.000000,0.000000,0.000000,0.000000,-0.000000,0.000000,-0.000000,0.586125,-0.586125,0.000000,-0.000000,1.679890,-0.503967,0.004167,-0.004167,0.000000,-0.000000,2.324336,4.108244,3.216290,0.500000,0.500000
100987,Nonato,MEI,266,FLU,6,45,45,fora,282,CAM,2026-09-12 16:00:00,27,0.000766,0.006130,0.000000,0.000000,0.019541,0.058624,0.311738,0.374085,0.284868,0.227894,1.582538,0.791269,0.000000,0.000000,0.000000,-0.000000,1.466537,2.199805,0.000000,0.000000,0.000000,0.000000,0.000000,0.000000,0.000000,-0.000000,0.000000,-0.000000,0.296922,-0.296922,0.000000,-0.000000,0.949945,-0.284984,0.019643,-0.019643,0.000000,-0.000000,3.056259,3.361991,3.209125,0.500000,0.500000
87742,Neto Moura,MEI,2305,MIR,7,95,85,casa,287,VIT,2026-09-13 16:00:00,27,0.000000,0.000000,0.000000,0.000000,0.019256,0.057767,0.210135,0.252162,0.306376,0.245101,0.015109,0.007554,0.000000,0.000000,0.000000,-0.000000,2.054683,3.082024,0.000000,0.000000,0.000000,0.000000,0.000000,0.000000,0.000000,-0.000000,0.000000,-0.000000,0.875775,-0.875775,0.000000,-0.000000,0.923430,-0.277029,0.010833,-0.010833,0.000000,-0.000000,2.480970,3.917177,3.199074,0.500000,0.500000
104519,Camilo,MEI,315,CHA,7,95,85,casa,285,INT,2026-09-12 17:00:00,27,0.000000,0.000000,0.000000,0.000000,0.019525,0.058576,0.258601,0.310321,0.526594,0.421275,0.095348,0.047674,0.000000,0.000000,0.000000,-0.000000,1.779780,2.669670,0.000000,0.000000,0.000000,0.000000,0.000000,0.000000,0.000000,-0.000000,0.000000,-0.000000,0.431723,-0.431723,0.000000,-0.000000,1.408951,-0.422685,0.000000,-0.000000,0.047359,-0.189434,2.463673,3.899435,3.181554,0.500000,0.500000
107873,Bobadilla,MEI,276,SAO,5,45,45,fora,275,PAL,2026-09-12 18:30:00,27,0.000000,0.000000,0.000000,0.000000,0.019737,0.059211,0.483662,0.580394,0.284868,0.227894,0.259502,0.129751,0.000000,0.000000,0.000000,-0.000000,1.340091,2.010137,0.000000,0.000000,0.000000,0.000000,0.000000,0.000000,0.000000,-0.000000,0.000000,-0.000000,0.178443,-0.178443,0.000000,-0.000000,0.926352,-0.277906,0.000000,-0.000000,0.000000,-0.000000,2.551038,3.786137,3.168588,0.500000,0.500000
99440,Baralhas,MEI,287,VIT,5,45,45,fora,2305,MIR,2026-09-13 16:00:00,27,0.002304,0.018434,0.000000,0.000000,0.019812,0.059436,0.130153,0.156184,0.364826,0.291861,1.626127,0.813064,0.000000,0.000000,0.000000,-0.000000,1.407565,2.111347,0.000000,0.000000,0.000000,0.000000,0.000000,0.000000,0.000000,-0.000000,0.000000,-0.000000,0.012923,-0.012923,0.000000,-0.000000,0.976627,-0.292988,0.014009,-0.014009,0.000000,-0.000000,3.130405,3.183749,3.157077,0.500000,0.500000
71536,Luiz Gustavo,MEI,293,CAP,6,45,45,fora,294,CFC,2026-09-11 21:00:00,27,0.003825,0.030603,0.000000,0.000000,0.019841,0.059524,0.265913,0.319095,0.259702,0.207762,0.540062,0.270031,0.000000,0.000000,0.000000,-0.000000,1.322841,1.984261,0.000000,0.000000,0.000000,0.000000,0.000000,0.000000,0.000000,-0.000000,0.000000,-0.000000,0.003825,-0.003825,0.000000,-0.000000,0.885577,-0.265673,0.014087,-0.014087,0.000000,-0.000000,2.587690,3.603247,3.095469,0.500000,0.500000
78605,Gabriel,MEI,280,RBB,6,45,45,fora,263,BOT,2026-09-12 20:30:00,27,0.023788,0.190301,0.000000,0.000000,0.019269,0.057808,0.288977,0.346773,0.429889,0.343911,0.015048,0.007524,0.000000,0.000000,0.000000,-0.000000,1.509687,2.264531,0.000000,0.000000,0.000000,0.000000,0.000000,0.000000,0.000000,-0.000000,0.000000,-0.000000,0.041754,-0.041754,0.000000,-0.000000,0.926248,-0.277875,0.043233,-0.043233,0.000000,-0.000000,2.847986,3.313324,3.080655,0.500000,0.500000
116034,Victor Hugo,MEI,282,CAM,6,45,45,casa,266,FLU,2026-09-12 16:00:00,27,0.076052,0.608414,0.000000,0.000000,0.019161,0.057484,0.186405,0.223686,0.405129,0.324103,1.113249,0.556624,0.000000,0.000000,0.000000,-0.000000,1.014670,1.522005,0.000000,0.000000,0.000000,0.000000,0.000000,0.000000,0.000000,-0.000000,0.000000,-0.000000,0.136125,-0.136125,0.000000,-0.000000,0.779333,-0.233800,0.000000,-0.000000,0.046525,-0.186101,2.736290,3.301378,3.018834,0.500000,0.500000
90588,Caíque,MEI,287,VIT,7,95,85,fora,2305,MIR,2026-09-13 16:00:00,27,0.000000,0.000000,0.000000,0.000000,0.019904,0.059711,0.137847,0.165417,0.471379,0.377103,1.207483,0.603741,0.000000,0.000000,0.000000,-0.000000,1.299075,1.948612,0.000000,0.000000,0.000000,0.000000,0.000000,0.000000,0.000000,-0.000000,0.000000,-0.000000,0.485161,-0.485161,0.000000,-0.000000,0.809370,-0.242811,0.000000,-0.000000,0.000000,-0.000000,2.426611,3.592218,3.009415,0.500000,0.500000
93790,Marlon Freitas,MEI,275,PAL,3,45,45,casa,276,SAO,2026-09-12 18:30:00,27,0.000063,0.000505,0.000000,0.000000,0.018666,0.055997,0.124112,0.148934,0.480295,0.384236,0.019307,0.009654,0.000000,0.000000,0.000000,-0.000000,1.815974,2.723960,0.000000,0.000000,0.000000,0.000000,0.000000,0.000000,0.000000,-0.000000,0.000000,-0.000000,0.608896,-0.608896,0.000000,-0.000000,0.836333,-0.250900,0.000000,-0.000000,0.048609,-0.194434,2.269056,3.739294,3.004175,0.500000,0.500000
122394,Gustavinho,MEI,280,RBB,6,45,45,fora,263,BOT,2026-09-12 20:30:00,27,0.000032,0.000252,0.333333,1.666667,0.018745,0.056236,0.084573,0.101487,0.241884,0.193507,0.248879,0.124439,0.000000,0.000000,0.000000,-0.000000,0.721286,1.081929,0.000000,0.000000,0.000000,0.000000,0.000000,0.000000,0.000000,-0.000000,0.000000,-0.000000,0.001140,-0.001140,0.000000,-0.000000,0.667725,-0.200317,0.000000,-0.000000,0.000000,-0.000000,3.023061,2.927470,2.975266,0.500000,0.500000
107173,Michel Araújo,MEI,265,BAH,6,45,45,casa,364,REM,2026-09-14 20:00:00,27,0.000000,0.000000,0.333333,1.666667,0.018534,0.055603,0.160312,0.192375,0.192408,0.153927,0.088903,0.044452,0.000000,0.000000,0.000000,-0.000000,0.756168,1.134252,0.000000,0.000000,0.000000,0.000000,0.000000,0.000000,0.000000,-0.000000,0.000000,-0.000000,0.247500,-0.247500,0.000000,-0.000000,0.958543,-0.287563,0.000000,-0.000000,0.000000,-0.000000,2.712212,3.230265,2.971239,0.500000,0.500000
118774,Alexsander,MEI,282,CAM,6,45,45,casa,266,FLU,2026-09-12 16:00:00,27,0.000000,0.000000,0.000000,0.000000,0.019489,0.058467,0.417004,0.500405,0.289120,0.231296,0.855411,0.427705,0.000000,0.000000,0.000000,-0.000000,1.560281,2.340422,0.000000,0.000000,0.000000,0.000000,0.000000,0.000000,0.000000,-0.000000,0.000000,-0.000000,0.027681,-0.027681,0.000000,-0.000000,0.943747,-0.283124,0.000000,-0.000000,0.000000,-0.000000,3.247490,2.690870,2.969180,0.500000,0.500000
83433,Patrick,MEI,364,REM,6,45,45,fora,265,BAH,2026-09-14 20:00:00,27,0.000000,0.000000,0.000000,0.000000,0.019923,0.059770,0.107480,0.128976,0.358860,0.287088,0.701400,0.350700,0.000000,0.000000,0.000000,-0.000000,1.445042,2.167562,0.000000,0.000000,0.000000,0.000000,0.000000,0.000000,0.000000,-0.000000,0.000000,-0.000000,0.000000,-0.000000,0.000000,-0.000000,0.803321,-0.240996,0.006071,-0.006071,0.000000,-0.000000,2.747028,3.178998,2.963013,0.500000,0.500000
115986,Denilson,MEI,2305,MIR,3,45,45,casa,287,VIT,2026-09-13 16:00:00,27,0.006851,0.054808,0.000000,0.000000,0.018806,0.056418,0.210467,0.252561,0.348213,0.278571,0.566678,0.283339,0.000000,0.000000,0.000000,-0.000000,1.948668,2.923001,0.000000,0.000000,0.000000,0.000000,0.000000,0.000000,0.000000,-0.000000,0.000000,-0.000000,0.840476,-0.840476,0.000000,-0.000000,1.400765,-0.420229,0.000000,-0.000000,0.000000,-0.000000,2.587992,3.238612,2.913302,0.500000,0.500000
122485,Barros,MEI,267,VAS,6,45,45,fora,284,GRE,2026-09-12 16:00:00,27,0.000794,0.006351,0.000000,0.000000,0.019560,0.058679,0.120248,0.144298,0.386010,0.308808,0.920498,0.460249,0.000000,0.000000,0.000000,-0.000000,1.456019,2.184028,0.000000,0.000000,0.000000,0.000000,0.000000,0.000000,0.000000,-0.000000,0.000000,-0.000000,0.544233,-0.544233,0.000000,-0.000000,1.091793,-0.327538,0.006667,-0.006667,0.000000,-0.000000,2.283975,3.499889,2.891932,0.500000,0.500000
72460,Bernard,MEI,282,CAM,7,95,85,casa,266,FLU,2026-09-12 16:00:00,27,0.074926,0.599409,0.000000,0.000000,0.018992,0.056976,0.101372,0.121646,0.378833,0.303066,0.970021,0.485010,0.000000,0.000000,0.000000,-0.000000,1.014670,1.522005,0.000000,0.000000,0.000000,0.000000,0.000000,0.000000,0.000000,-0.000000,0.000000,-0.000000,0.000000,-0.000000,0.000000,-0.000000,0.823593,-0.247078,0.000000,-0.000000,0.051525,-0.206101,2.634933,3.140500,2.887717,0.500000,0.500000
123360,Cauly,MEI,276,SAO,6,45,45,fora,275,PAL,2026-09-12 18:30:00,27,0.000421,0.003371,0.000000,0.000000,0.019434,0.058302,0.315905,0.379087,0.283935,0.227148,0.727891,0.363945,0.000000,0.000000,0.000000,-0.000000,1.123874,1.685811,0.000000,0.000000,0.000000,0.000000,0.000000,0.000000,0.000000,-0.000000,0.000000,-0.000000,0.000000,-0.000000,0.000000,-0.000000,0.915828,-0.274748,0.012075,-0.012075,0.000000,-0.000000,2.430841,3.332693,2.881767,0.500000,0.500000
95541,Gustavo Cazonatti,MEI,2305,MIR,6,45,45,casa,287,VIT,2026-09-13 16:00:00,27,0.000000,0.000000,0.000000,0.000000,0.019057,0.057171,0.328483,0.394180,0.315890,0.252712,0.470652,0.235326,0.000000,0.000000,0.000000,-0.000000,1.412414,2.118621,0.000000,0.000000,0.000000,0.000000,0.000000,0.000000,0.000000,-0.000000,0.000000,-0.000000,0.074869,-0.074869,0.000000,-0.000000,0.845405,-0.253621,0.022782,-0.022782,0.000000,-0.000000,2.706737,3.027011,2.866874,0.500000,0.500000
126189,Tomás Pérez,MEI,282,CAM,5,45,45,casa,266,FLU,2026-09-12 16:00:00,27,0.000000,0.000000,0.000000,0.000000,0.019370,0.058111,0.179238,0.215085,0.299099,0.239279,0.256118,0.128059,0.000000,0.000000,0.000000,-0.000000,1.721537,2.582305,0.000000,0.000000,0.000000,0.000000,0.000000,0.000000,0.000000,-0.000000,0.000000,-0.000000,0.007196,-0.007196,0.000000,-0.000000,0.828421,-0.248526,0.013333,-0.013333,0.000000,-0.000000,2.953784,2.715599,2.834691,0.500000,0.500000
117632,Garro,MEI,264,COR,7,95,85,fora,262,FLA,2026-09-13 17:30:00,27,0.078637,0.629094,0.000000,0.000000,0.022777,0.068331,0.208909,0.250690,0.336736,0.269388,2.604900,1.302450,0.000000,0.000000,0.000000,-0.000000,0.888413,1.332619,0.000000,0.000000,0.000000,0.000000,0.000000,0.000000,0.000000,-0.000000,0.000000,-0.000000,0.512504,-0.512504,0.000000,-0.000000,1.034975,-0.310492,0.000000,-0.000000,0.000000,-0.000000,3.029576,2.611435,2.820505,0.500000,0.500000
142890,Montoro,MEI,263,BOT,7,95,85,casa,280,RBB,2026-09-12 20:30:00,27,0.000000,0.000000,0.000000,0.000000,0.021423,0.064268,0.196213,0.235456,0.288074,0.230459,0.794038,0.397019,0.000000,0.000000,0.000000,-0.000000,1.156472,1.734708,0.000000,0.000000,0.000000,0.000000,0.000000,0.000000,0.000000,-0.000000,0.000000,-0.000000,0.544193,-0.544193,0.000000,-0.000000,0.837753,-0.251326,0.000000,-0.000000,0.097418,-0.389673,1.476718,4.153541,2.815130,0.500000,0.500000
69140,Allan,MEI,263,BOT,6,45,45,casa,280,RBB,2026-09-12 20:30:00,27,0.000000,0.000000,0.000000,0.000000,0.019000,0.056999,0.177507,0.213009,0.400574,0.320459,0.258406,0.129203,0.000000,0.000000,0.000000,-0.000000,1.417149,2.125724,0.000000,0.000000,0.000000,0.000000,0.000000,0.000000,0.000000,-0.000000,0.000000,-0.000000,0.011456,-0.011456,0.000000,-0.000000,0.768763,-0.230629,0.000000,-0.000000,0.000000,-0.000000,2.603308,2.963672,2.783490,0.500000,0.500000
90703,Matheuzinho,MEI,287,VIT,7,95,85,fora,2305,MIR,2026-09-13 16:00:00,27,0.074973,0.599784,0.000000,0.000000,0.019263,0.057789,0.117670,0.141203,0.469085,0.375268,0.638446,0.319223,0.000000,0.000000,0.000000,-0.000000,1.018639,1.527959,0.000000,0.000000,0.000000,0.000000,0.000000,0.000000,0.000000,-0.000000,0.000000,-0.000000,0.137296,-0.137296,0.000000,-0.000000,0.813799,-0.244140,0.035415,-0.035415,0.004167,-0.016667,2.587709,2.953922,2.770815,0.500000,0.500000
108683,Emiliano Martínez,MEI,275,PAL,2,45,45,casa,276,SAO,2026-09-12 18:30:00,27,0.000000,0.000000,0.000000,0.000000,0.018667,0.056002,0.219471,0.263365,0.215591,0.172472,0.076635,0.038318,0.000000,0.000000,0.000000,-0.000000,1.571146,2.356720,0.000000,0.000000,0.000000,0.000000,0.000000,0.000000,0.000000,-0.000000,0.000000,-0.000000,0.000627,-0.000627,0.000000,-0.000000,0.817911,-0.245373,0.000000,-0.000000,0.000000,-0.000000,2.640877,2.881159,2.761018,0.500000,0.500000
111760,Fabinho,MEI,280,RBB,6,45,45,fora,263,BOT,2026-09-12 20:30:00,27,0.000000,0.000000,0.000000,0.000000,0.018825,0.056476,0.200189,0.240226,0.308269,0.246615,1.316634,0.658317,0.000000,0.000000,0.000000,-0.000000,0.978247,1.467371,0.000000,0.000000,0.000000,0.000000,0.000000,0.000000,0.000000,-0.000000,0.000000,-0.000000,0.000000,-0.000000,0.000000,-0.000000,0.884544,-0.265363,0.000000,-0.000000,0.000000,-0.000000,2.403642,3.038488,2.721065,0.500000,0.500000
90532,Arthur Melo,MEI,277,SAN,2,45,45,casa,283,CRU,2026-09-12 21:00:00,27,0.000000,0.000000,0.000000,0.000000,0.019178,0.057535,0.214776,0.257732,0.304450,0.243560,3.570576,1.785288,0.000000,0.000000,0.000000,-0.000000,0.860758,1.291136,0.000000,0.000000,0.000000,0.000000,0.000000,0.000000,0.000000,-0.000000,0.000000,-0.000000,0.012456,-0.012456,0.000000,-0.000000,0.838405,-0.251522,0.000000,-0.000000,0.000000,-0.000000,3.371273,2.068666,2.719969,0.500000,0.500000
85403,Danielzinho,MEI,276,SAO,7,95,85,fora,275,PAL,2026-09-12 18:30:00,27,0.000004,0.000028,0.000000,0.000000,0.019021,0.057062,0.049026,0.058832,0.254547,0.203637,0.654790,0.327395,0.000000,0.000000,0.000000,-0.000000,1.525495,2.288243,0.000000,0.000000,0.000000,0.000000,0.000000,0.000000,0.000000,-0.000000,0.000000,-0.000000,0.248127,-0.248127,0.000000,-0.000000,0.985195,-0.295559,0.002500,-0.002500,0.005000,-0.020000,2.369011,3.069078,2.719044,0.500000,0.500000
111682,Adson,MEI,267,VAS,7,95,85,fora,284,GRE,2026-09-12 16:00:00,27,0.000000,0.000000,0.000000,0.000000,0.019426,0.058277,0.578265,0.693918,0.465555,0.372444,0.410679,0.205339,0.000000,0.000000,0.000000,-0.000000,1.303337,1.955005,0.000000,0.000000,0.000000,0.000000,0.000000,0.000000,0.000000,-0.000000,0.000000,-0.000000,0.247500,-0.247500,0.000000,-0.000000,0.835787,-0.250736,0.021290,-0.021290,0.000000,-0.000000,2.765458,2.658621,2.712039,0.500000,0.500000
103388,Emmanuel Martínez,MEI,287,VIT,5,45,45,fora,2305,MIR,2026-09-13 16:00:00,27,0.000000,0.000000,0.000000,0.000000,0.019463,0.058389,0.266686,0.320023,0.372083,0.297666,0.667371,0.333685,0.000000,0.000000,0.000000,-0.000000,1.157426,1.736138,0.000000,0.000000,0.000000,0.000000,0.000000,0.000000,0.000000,-0.000000,0.000000,-0.000000,0.201384,-0.201384,0.000000,-0.000000,0.938262,-0.281479,0.011458,-0.011458,0.000000,-0.000000,2.251580,3.150150,2.700865,0.500000,0.500000
105903,Aldo Filho,MEI,2305,MIR,5,45,45,casa,287,VIT,2026-09-13 16:00:00,27,0.000000,0.000000,0.000000,0.000000,0.018928,0.056783,0.106454,0.127745,0.599093,0.479274,0.244255,0.122128,0.000000,0.000000,0.000000,-0.000000,1.049020,1.573530,0.000000,0.000000,0.000000,0.000000,0.000000,0.000000,0.000000,-0.000000,0.000000,-0.000000,0.084807,-0.084807,0.000000,-0.000000,0.919873,-0.275962,0.000000,-0.000000,0.000000,-0.000000,1.998691,3.385049,2.691870,0.500000,0.500000
141995,Dieguinho,MEI,264,COR,6,45,45,fora,262,FLA,2026-09-13 17:30:00,27,0.002072,0.016579,0.000000,0.000000,0.018889,0.056667,0.059387,0.071264,0.239878,0.191902,0.312092,0.156046,0.000000,0.000000,0.000000,-0.000000,1.001514,1.502270,0.000000,0.000000,0.000000,0.000000,0.000000,0.000000,0.000000,-0.000000,0.000000,-0.000000,0.000000,-0.000000,0.000000,-0.000000,0.725207,-0.217562,0.000000,-0.000000,0.000000,-0.000000,1.777167,3.574754,2.675960,0.500000,0.500000
130414,Robert,MEI,315,CHA,5,45,45,casa,285,INT,2026-09-12 17:00:00,27,0.000000,0.000000,0.000000,0.000000,0.019281,0.057844,0.282401,0.338881,0.319100,0.255280,0.000000,0.000000,0.000000,0.000000,0.000000,-0.000000,1.376617,2.064926,0.000000,0.000000,0.000000,0.000000,0.000000,0.000000,0.000000,-0.000000,0.000000,-0.000000,0.000000,-0.000000,0.000000,-0.000000,0.746875,-0.224063,0.000000,-0.000000,0.000000,-0.000000,2.492869,2.826034,2.659452,0.500000,0.500000
101352,Bruno Matias,MEI,315,CHA,2,45,45,casa,285,INT,2026-09-12 17:00:00,27,0.000000,0.000000,0.000000,0.000000,0.019452,0.058357,0.184537,0.221445,0.416230,0.332984,0.270148,0.135074,0.000000,0.000000,0.000000,-0.000000,1.491571,2.237357,0.000000,0.000000,0.000000,0.000000,0.000000,0.000000,0.000000,-0.000000,0.000000,-0.000000,0.022648,-0.022648,0.000000,-0.000000,0.801484,-0.240445,0.000000,-0.000000,0.000000,-0.000000,2.722124,2.536223,2.629173,0.500000,0.500000
87999,Gustavo Scarpa,MEI,282,CAM,6,45,45,casa,266,FLU,2026-09-12 16:00:00,27,0.074869,0.598950,0.000000,0.000000,0.020531,0.061594,0.077212,0.092655,0.562576,0.450060,0.210267,0.105134,0.000000,0.000000,0.333333,-0.033333,0.860758,1.291136,0.000000,0.000000,0.000000,0.000000,0.000000,0.000000,0.000000,-0.000000,0.000000,-0.000000,0.000000,-0.000000,0.000000,-0.000000,0.809639,-0.242892,0.000000,-0.000000,0.000000,-0.000000,2.323304,2.907692,2.615498,0.500000,0.500000
62977,Ganso,MEI,266,FLU,7,95,85,fora,282,CAM,2026-09-12 16:00:00,27,0.000000,0.000000,0.000000,0.000000,0.019416,0.058248,0.014722,0.017667,0.290425,0.232340,1.058926,0.529463,0.000000,0.000000,0.333333,-0.033333,1.569000,2.353500,0.000000,0.000000,0.000000,0.000000,0.000000,0.000000,0.000000,-0.000000,0.000000,-0.000000,0.270148,-0.270148,0.000000,-0.000000,0.824302,-0.247291,0.055844,-0.055844,0.000000,-0.000000,2.584601,2.641558,2.613079,0.500000,0.500000
131832,Portilla,MEI,293,CAP,6,45,45,fora,294,CFC,2026-09-11 21:00:00,27,0.000000,0.000000,0.000000,0.000000,0.019241,0.057723,0.085040,0.102048,0.223911,0.179129,0.920213,0.460106,0.000000,0.000000,0.000000,-0.000000,1.088716,1.633073,0.000000,0.000000,0.000000,0.000000,0.000000,0.000000,0.000000,-0.000000,0.000000,-0.000000,0.184224,-0.184224,0.000000,-0.000000,0.771228,-0.231368,0.007212,-0.007212,0.000000,-0.000000,2.009275,3.215144,2.612209,0.500000,0.500000
113359,Pablo Maia,MEI,276,SAO,6,45,45,fora,275,PAL,2026-09-12 18:30:00,27,0.074869,0.598950,0.000000,0.000000,0.018920,0.056759,0.104054,0.124865,0.312752,0.250202,0.545065,0.272532,0.000000,0.000000,0.000000,-0.000000,0.819934,1.229901,0.000000,0.000000,0.000000,0.000000,0.000000,0.000000,0.000000,-0.000000,0.000000,-0.000000,0.074973,-0.074973,0.000000,-0.000000,0.968280,-0.290484,0.054038,-0.054038,0.000000,-0.000000,2.113714,3.041148,2.577431,0.500000,0.500000
109987,Medina,MEI,263,BOT,7,95,85,casa,280,RBB,2026-09-12 20:30:00,27,0.001140,0.009119,0.000000,0.000000,0.018868,0.056605,0.208869,0.250643,0.235683,0.188546,0.353256,0.176628,0.000000,0.000000,0.000000,-0.000000,1.076594,1.614892,0.000000,0.000000,0.000000,0.000000,0.000000,0.000000,0.000000,-0.000000,0.000000,-0.000000,0.019497,-0.019497,0.000000,-0.000000,0.781089,-0.234327,0.000000,-0.000000,0.000000,-0.000000,2.042608,3.070768,2.556688,0.500000,0.500000
86859,José Welison,MEI,364,REM,7,95,85,fora,265,BAH,2026-09-14 20:00:00,27,0.000000,0.000000,0.000000,0.000000,0.019175,0.057525,0.052670,0.063205,0.424688,0.339751,0.422022,0.211011,0.000000,0.000000,0.000000,-0.000000,2.143134,3.214701,0.000000,0.000000,0.000000,0.000000,0.000000,0.000000,0.450000,-1.350000,0.000000,-0.000000,0.525014,-0.525014,0.000000,-0.000000,1.252409,-0.375723,0.008125,-0.008125,0.009167,-0.036667,1.590664,3.508130,2.549397,0.500000,0.500000
51772,Everton Ribeiro,MEI,265,BAH,6,45,45,casa,364,REM,2026-09-14 20:00:00,27,0.000000,0.000000,0.000000,0.000000,0.019153,0.057460,0.176225,0.211470,0.541632,0.433305,0.239153,0.119577,0.000000,0.000000,0.000000,-0.000000,0.894813,1.342220,0.000000,0.000000,0.000000,0.000000,0.000000,0.000000,0.000000,-0.000000,0.000000,-0.000000,0.003768,-0.003768,0.000000,-0.000000,0.820139,-0.246042,0.000000,-0.000000,0.000000,-0.000000,1.914222,3.183384,2.548803,0.500000,0.500000
87552,Vitor Bueno,MEI,364,REM,6,45,45,fora,265,BAH,2026-09-14 20:00:00,27,0.075231,0.601847,0.000000,0.000000,0.019442,0.058326,0.350490,0.420588,0.285726,0.228581,0.258536,0.129268,0.000000,0.000000,0.000000,-0.000000,0.885628,1.328442,0.000000,0.000000,0.000000,0.000000,0.000000,0.000000,0.000000,-0.000000,0.000000,-0.000000,0.074869,-0.074869,0.000000,-0.000000,0.697861,-0.209358,0.027260,-0.027260,0.000000,-0.000000,2.455565,2.626242,2.540903,0.500000,0.500000
126182,Paulinho,MEI,285,INT,6,45,45,fora,315,CHA,2026-09-12 17:00:00,27,0.000000,0.000000,0.000000,0.000000,0.018972,0.056916,0.458693,0.550432,0.283454,0.226763,1.070161,0.535080,0.000000,0.000000,0.000000,-0.000000,1.203861,1.805792,0.000000,0.000000,0.000000,0.000000,0.000000,0.000000,0.000000,-0.000000,0.000000,-0.000000,0.773238,-0.773238,0.000000,-0.000000,0.891643,-0.267493,0.000000,-0.000000,0.000000,-0.000000,2.134253,2.900450,2.517352,0.500000,0.500000
84674,Lucas Evangelista,MEI,275,PAL,2,45,45,casa,276,SAO,2026-09-12 18:30:00,27,0.000000,0.000000,0.000000,0.000000,0.018799,0.056398,0.310416,0.372500,0.323622,0.258898,1.471955,0.735977,0.000000,0.000000,0.000000,-0.000000,0.831795,1.247693,0.000000,0.000000,0.000000,0.000000,0.000000,0.000000,0.000000,-0.000000,0.000000,-0.000000,0.000000,-0.000000,0.000000,-0.000000,0.745069,-0.223521,0.000000,-0.000000,0.063192,-0.252768,2.195178,2.772234,2.483706,0.500000,0.500000
77777,João Schmidt,MEI,277,SAN,6,45,45,casa,283,CRU,2026-09-12 21:00:00,27,0.000000,0.000000,0.000000,0.000000,0.018876,0.056627,0.061933,0.074320,0.312095,0.249676,0.066857,0.033428,0.000000,0.000000,0.000000,-0.000000,1.768154,2.652231,0.000000,0.000000,0.000000,0.000000,0.000000,0.000000,0.000000,-0.000000,0.000000,-0.000000,0.248127,-0.248127,0.000000,-0.000000,0.878647,-0.263594,0.000000,-0.000000,0.000000,-0.000000,2.554562,2.338234,2.446398,0.500000,0.500000
132274,Ignacio Sosa,MEI,280,RBB,6,45,45,fora,263,BOT,2026-09-12 20:30:00,27,0.000000,0.000000,0.000000,0.000000,0.018668,0.056005,0.037690,0.045228,0.232553,0.186042,0.913749,0.456875,0.000000,0.000000,0.000000,-0.000000,1.265048,1.897572,0.000000,0.000000,0.000000,0.000000,0.000000,0.000000,0.000000,-0.000000,0.000000,-0.000000,0.461040,-0.461040,0.000000,-0.000000,0.875148,-0.262544,0.000000,-0.000000,0.000000,-0.000000,1.918137,2.966522,2.442330,0.500000,0.500000
122660,Japa,MEI,2305,MIR,6,45,45,casa,287,VIT,2026-09-13 16:00:00,27,0.012456,0.099650,0.000000,0.000000,0.018845,0.056536,0.419180,0.503016,0.357959,0.286367,0.221926,0.110963,0.000000,0.000000,0.000000,-0.000000,0.813646,1.220470,0.000000,0.000000,0.000000,0.000000,0.000000,0.000000,0.000000,-0.000000,0.000000,-0.000000,0.000000,-0.000000,0.000000,-0.000000,0.753876,-0.226163,0.013046,-0.013046,0.000000,-0.000000,2.037793,2.755431,2.396612,0.500000,0.500000
105157,Villagra,MEI,285,INT,7,95,85,fora,315,CHA,2026-09-12 17:00:00,27,0.000000,0.000000,0.000000,0.000000,0.018786,0.056358,0.080903,0.097084,0.268748,0.214999,0.386887,0.193444,0.000000,0.000000,0.000000,-0.000000,1.189831,1.784746,0.000000,0.000000,0.000000,0.000000,0.000000,0.000000,0.000000,-0.000000,0.000000,-0.000000,0.247690,-0.247690,0.000000,-0.000000,1.095533,-0.328660,0.000000,-0.000000,0.000000,-0.000000,1.770280,2.845840,2.308060,0.500000,0.500000
150180,Ramon Rique,MEI,267,VAS,6,45,45,fora,284,GRE,2026-09-12 16:00:00,27,0.000000,0.000000,0.333333,1.666667,0.018688,0.056064,0.046031,0.055237,0.201665,0.161332,0.000000,0.000000,0.000000,0.000000,0.000000,-0.000000,0.578838,0.868257,0.000000,0.000000,0.000000,0.000000,0.000000,0.000000,0.000000,-0.000000,0.000000,-0.000000,0.000000,-0.000000,0.000000,-0.000000,0.912112,-0.273634,0.003571,-0.003571,0.000000,-0.000000,2.530351,2.045938,2.288145,0.500000,0.500000
94154,Maycon,MEI,282,CAM,6,45,45,casa,266,FLU,2026-09-12 16:00:00,27,0.029499,0.235990,0.000000,0.000000,0.018482,0.055447,0.217524,0.261029,0.272157,0.217726,0.270441,0.135220,0.000000,0.000000,0.000000,-0.000000,1.095969,1.643954,0.000000,0.000000,0.000000,0.000000,0.000000,0.000000,0.000000,-0.000000,0.000000,-0.000000,0.000000,-0.000000,0.000000,-0.000000,0.779751,-0.233925,0.000000,-0.000000,0.000000,-0.000000,2.315442,2.237387,2.276414,0.500000,0.500000
130906,Riquelme,MEI,293,CAP,6,45,45,fora,294,CFC,2026-09-11 21:00:00,27,0.000000,0.000000,0.000000,0.000000,0.018699,0.056098,0.187566,0.225079,0.190398,0.152319,0.000000,0.000000,0.000000,0.000000,0.000000,-0.000000,1.421370,2.132055,0.000000,0.000000,0.000000,0.000000,0.000000,0.000000,0.000000,-0.000000,0.000000,-0.000000,0.136125,-0.136125,0.000000,-0.000000,0.776268,-0.232881,0.000000,-0.000000,0.000000,-0.000000,2.196545,2.337376,2.266961,0.500000,0.500000
81845,Alisson,MEI,266,FLU,5,45,45,fora,282,CAM,2026-09-12 16:00:00,27,0.000000,0.000000,0.333333,1.666667,0.018512,0.055535,0.084484,0.101381,0.174208,0.139366,0.893849,0.446925,0.000000,0.000000,0.000000,-0.000000,0.542603,0.813904,0.000000,0.000000,0.000000,0.000000,0.000000,0.000000,0.000000,-0.000000,0.000000,-0.000000,0.772369,-0.772369,0.000000,-0.000000,0.807800,-0.242340,0.005000,-0.005000,0.000000,-0.000000,2.204069,2.316482,2.260275,0.500000,0.500000
112017,Felipinho,MEI,293,CAP,6,45,45,fora,294,CFC,2026-09-11 21:00:00,27,0.000000,0.000000,0.000000,0.000000,0.020376,0.061128,0.147718,0.177262,0.280241,0.224193,0.450000,0.225000,0.000000,0.000000,0.000000,-0.000000,1.466078,2.199117,0.000000,0.000000,0.000000,0.000000,0.000000,0.000000,0.000000,-0.000000,0.000000,-0.000000,0.210994,-0.210994,0.000000,-0.000000,0.956301,-0.286890,0.075421,-0.075421,0.000000,-0.000000,2.313394,2.178653,2.246024,0.500000,0.500000
151600,Miguel Carvalho,MEI,315,CHA,6,45,45,casa,285,INT,2026-09-12 17:00:00,27,0.000000,0.000000,0.000000,0.000000,0.019297,0.057891,0.168173,0.201808,0.350022,0.280018,0.450000,0.225000,0.000000,0.000000,0.000000,-0.000000,0.793760,1.190640,0.000000,0.000000,0.000000,0.000000,0.000000,0.000000,0.000000,-0.000000,0.000000,-0.000000,0.000000,-0.000000,0.000000,-0.000000,0.840049,-0.252015,0.000000,-0.000000,0.000000,-0.000000,1.703342,2.764044,2.233693,0.500000,0.500000
97145,Villasanti,MEI,284,GRE,7,95,85,casa,267,VAS,2026-09-12 16:00:00,27,0.000000,0.000000,0.000000,0.000000,0.018453,0.055358,0.282128,0.338554,0.206431,0.165145,0.608231,0.304116,0.000000,0.000000,0.000000,-0.000000,0.885179,1.327769,0.000000,0.000000,0.000000,0.000000,0.000000,0.000000,0.000000,-0.000000,0.000000,-0.000000,0.074869,-0.074869,0.000000,-0.000000,0.962036,-0.288611,0.070329,-0.070329,0.000000,-0.000000,1.757132,2.677254,2.217193,0.500000,0.500000
146991,Rhuan Gabriel,MEI,283,CRU,6,45,45,fora,277,SAN,2026-09-12 21:00:00,27,0.000000,0.000000,0.000000,0.000000,0.018477,0.055432,0.046891,0.056269,0.215866,0.172693,3.000000,1.500000,0.000000,0.000000,0.000000,-0.000000,0.684902,1.027353,0.000000,0.000000,0.000000,0.000000,0.000000,0.000000,0.000000,-0.000000,0.000000,-0.000000,0.000000,-0.000000,0.000000,-0.000000,0.872003,-0.261601,0.080388,-0.080388,0.000000,-0.000000,2.469759,1.956622,2.213190,0.500000,0.500000
81091,Jair,MEI,267,VAS,5,45,45,fora,284,GRE,2026-09-12 16:00:00,27,0.000000,0.000000,0.000000,0.000000,0.019328,0.057985,0.023513,0.028216,0.261559,0.209247,0.495000,0.247500,0.000000,0.000000,0.000000,-0.000000,1.152161,1.728241,0.000000,0.000000,0.000000,0.000000,0.000000,0.000000,0.000000,-0.000000,0.000000,-0.000000,0.000000,-0.000000,0.000000,-0.000000,0.838267,-0.251480,0.000000,-0.000000,0.000000,-0.000000,2.019710,2.351483,2.185596,0.500000,0.500000
80061,Saúl,MEI,262,FLA,6,45,45,casa,264,COR,2026-09-13 17:30:00,27,0.000000,0.000000,0.000000,0.000000,0.018378,0.055135,0.209415,0.251298,0.276182,0.220946,0.000000,0.000000,0.000000,0.000000,0.000000,-0.000000,0.929913,1.394869,0.000000,0.000000,0.000000,0.000000,0.000000,0.000000,0.000000,-0.000000,0.000000,-0.000000,0.000000,-0.000000,0.000000,-0.000000,0.717301,-0.215190,0.008929,-0.008929,0.000000,-0.000000,1.698129,2.672694,2.185411,0.500000,0.500000
99267,Pochettino,MEI,287,VIT,6,45,45,fora,2305,MIR,2026-09-13 16:00:00,27,0.000000,0.000000,0.000000,0.000000,0.021702,0.065106,0.052441,0.062930,0.434744,0.347795,0.288678,0.144339,0.000000,0.000000,0.000000,-0.000000,0.957317,1.435976,0.000000,0.000000,0.000000,0.000000,0.000000,0.000000,0.000000,-0.000000,0.000000,-0.000000,0.000000,-0.000000,0.000000,-0.000000,0.812662,-0.243799,0.006974,-0.006974,0.000000,-0.000000,1.805373,2.559290,2.182332,0.500000,0.500000
102255,Santiago Sosa,MEI,267,VAS,7,95,85,fora,284,GRE,2026-09-12 16:00:00,27,0.000000,0.000000,0.000000,0.000000,0.020587,0.061760,0.046231,0.055477,0.349839,0.279871,0.000000,0.000000,0.000000,0.000000,0.333333,-0.033333,1.410213,2.115320,0.000000,0.000000,0.000000,0.000000,0.000000,0.000000,0.000000,-0.000000,0.000000,-0.000000,0.000000,-0.000000,0.000000,-0.000000,1.656440,-0.496932,0.075594,-0.075594,0.000000,-0.000000,1.906568,2.450866,2.178717,0.500000,0.500000
130620,Edenílson,MEI,287,VIT,6,45,45,fora,2305,MIR,2026-09-13 16:00:00,27,0.000000,0.000000,0.000000,0.000000,0.018458,0.055373,0.260521,0.312625,0.274712,0.219769,0.004605,0.002303,0.000000,0.000000,0.000000,-0.000000,1.129763,1.694645,0.000000,0.000000,0.000000,0.000000,0.000000,0.000000,0.000000,-0.000000,0.000000,-0.000000,0.012456,-0.012456,0.000000,-0.000000,0.700945,-0.210283,0.000000,-0.000000,0.000000,-0.000000,2.061976,2.246821,2.154399,0.500000,0.500000
142279,Nuno Moreira,MEI,267,VAS,6,45,45,fora,284,GRE,2026-09-12 16:00:00,27,0.000627,0.005015,0.000000,0.000000,0.018742,0.056227,0.545122,0.654146,0.178829,0.143063,0.102276,0.051138,0.000000,0.000000,0.000000,-0.000000,0.855988,1.283982,0.000000,0.000000,0.000000,0.000000,0.000000,0.000000,0.000000,-0.000000,0.000000,-0.000000,0.177341,-0.177341,0.000000,-0.000000,0.822845,-0.246853,0.000000,-0.000000,0.000000,-0.000000,1.769377,2.527563,2.148470,0.500000,0.500000
90370,Matheus Pereira,MEI,264,COR,6,45,45,fora,262,FLA,2026-09-13 17:30:00,27,0.000000,0.000000,0.000000,0.000000,0.018435,0.055304,0.066915,0.080298,0.289953,0.231963,0.495050,0.247525,0.000000,0.000000,0.000000,-0.000000,0.890760,1.336141,0.000000,0.000000,0.000000,0.000000,0.000000,0.000000,0.000000,-0.000000,0.000000,-0.000000,0.136470,-0.136470,0.000000,-0.000000,0.698598,-0.209579,0.006944,-0.006944,0.000000,-0.000000,1.598236,2.692045,2.145141,0.500000,0.500000
63289,Edenílson,MEI,263,BOT,6,45,45,casa,280,RBB,2026-09-12 20:30:00,27,0.007593,0.060747,0.000000,0.000000,0.020990,0.062971,0.082118,0.098541,0.162373,0.129898,1.041217,0.520608,0.000000,0.000000,0.000000,-0.000000,0.721286,1.081929,0.000000,0.000000,0.000000,0.000000,0.000000,0.000000,0.000000,-0.000000,0.000000,-0.000000,0.136470,-0.136470,0.000000,-0.000000,0.701337,-0.210401,0.000000,-0.000000,0.000000,-0.000000,1.607824,2.635507,2.121666,0.500000,0.500000
106323,Caio Alexandre,MEI,265,BAH,6,45,45,casa,364,REM,2026-09-14 20:00:00,27,0.000000,0.000000,0.000000,0.000000,0.018107,0.054320,0.077797,0.093356,0.273771,0.219017,0.137578,0.068789,0.000000,0.000000,0.000000,-0.000000,0.759892,1.139837,0.000000,0.000000,0.000000,0.000000,0.000000,0.000000,0.000000,-0.000000,0.000000,-0.000000,0.000190,-0.000190,0.000000,-0.000000,0.750725,-0.225218,0.000521,-0.000521,0.000000,-0.000000,1.349391,2.846852,2.098122,0.500000,0.500000
89883,Dodi,MEI,284,GRE,5,45,45,casa,267,VAS,2026-09-12 16:00:00,27,0.000000,0.000000,0.000000,0.000000,0.018014,0.054042,0.249950,0.299941,0.391495,0.313196,0.015224,0.007612,0.000000,0.000000,0.000000,-0.000000,0.890185,1.335278,0.000000,0.000000,0.000000,0.000000,0.000000,0.000000,0.000000,-0.000000,0.000000,-0.000000,0.090093,-0.090093,0.000000,-0.000000,0.868356,-0.260507,0.005284,-0.005284,0.000000,-0.000000,1.654185,2.507534,2.080860,0.500000,0.500000
141160,Zé Lucas,MEI,283,CRU,6,45,45,fora,277,SAN,2026-09-12 21:00:00,27,0.000000,0.000000,0.000000,0.000000,0.019221,0.057663,0.078157,0.093789,0.261559,0.209247,0.935894,0.467947,0.000000,0.000000,0.000000,-0.000000,1.016278,1.524417,0.000000,0.000000,0.000000,0.000000,0.000000,0.000000,0.000000,-0.000000,0.000000,-0.000000,0.000000,-0.000000,0.000000,-0.000000,0.777757,-0.233327,0.006439,-0.006439,0.000000,-0.000000,2.113296,1.986177,2.049736,0.500000,0.500000
116447,Hércules,MEI,266,FLU,7,95,85,fora,282,CAM,2026-09-12 16:00:00,27,0.000153,0.001226,0.000000,0.000000,0.018934,0.056802,0.173891,0.208669,0.267209,0.213768,0.459638,0.229819,0.000000,0.000000,0.333333,-0.033333,1.116373,1.674560,0.000000,0.000000,0.000000,0.000000,0.000000,0.000000,0.000000,-0.000000,0.000000,-0.000000,0.491187,-0.491187,0.000000,-0.000000,0.751594,-0.225478,0.002273,-0.002273,0.000000,-0.000000,1.632571,2.438127,2.035349,0.500000,0.500000
77510,Fred,MEI,282,CAM,7,95,85,casa,266,FLU,2026-09-12 16:00:00,27,0.000000,0.000000,0.000000,0.000000,0.018355,0.055066,0.138867,0.166640,0.282262,0.225810,3.350000,1.675000,0.000000,0.000000,0.000000,-0.000000,0.684902,1.027353,0.000000,0.000000,0.000000,0.000000,0.000000,0.000000,0.000000,-0.000000,0.000000,-0.000000,0.550000,-0.550000,0.000000,-0.000000,1.137268,-0.341181,0.000694,-0.000694,0.000000,-0.000000,2.257994,1.771020,2.014507,0.500000,0.500000
126120,Marcelinho,MEI,280,RBB,6,45,45,fora,263,BOT,2026-09-12 20:30:00,27,0.000000,0.000000,0.000000,0.000000,0.018648,0.055944,0.052001,0.062401,0.282395,0.225916,0.772369,0.386184,0.000000,0.000000,0.666667,-0.066667,0.716438,1.074656,0.000000,0.000000,0.000000,0.000000,0.000000,0.000000,0.000000,-0.000000,0.000000,-0.000000,0.000000,-0.000000,0.000000,-0.000000,0.821741,-0.246522,0.010729,-0.010729,0.000000,-0.000000,1.481182,2.524397,2.002790,0.500000,0.500000
108162,Nardoni,MEI,284,GRE,6,45,45,casa,267,VAS,2026-09-12 16:00:00,27,0.000345,0.002758,0.000000,0.000000,0.018494,0.055482,0.100445,0.120534,0.178184,0.142547,1.577557,0.788779,0.000000,0.000000,0.000000,-0.000000,0.725010,1.087515,0.000000,0.000000,0.000000,0.000000,0.000000,0.000000,0.000000,-0.000000,0.000000,-0.000000,0.075101,-0.075101,0.000000,-0.000000,0.910310,-0.273093,0.000000,-0.000000,0.000000,-0.000000,1.849421,2.139723,1.994572,0.500000,0.500000
96342,Charles,MEI,264,COR,6,45,45,fora,262,FLA,2026-09-13 17:30:00,27,0.000000,0.000000,0.000000,0.000000,0.018395,0.055184,0.032699,0.039238,0.269125,0.215300,0.302500,0.151250,0.000000,0.000000,0.333333,-0.033333,1.020462,1.530694,0.000000,0.000000,0.000000,0.000000,0.000000,0.000000,0.000000,-0.000000,0.000000,-0.000000,0.000000,-0.000000,0.000000,-0.000000,0.735891,-0.220767,0.004167,-0.004167,0.000000,-0.000000,1.733399,2.176735,1.955067,0.500000,0.500000
125926,Zapelli,MEI,293,CAP,6,45,45,fora,294,CFC,2026-09-11 21:00:00,27,0.000000,0.000000,0.000000,0.000000,0.018641,0.055924,0.447808,0.537369,0.193504,0.154803,0.028105,0.014052,0.000000,0.000000,0.000000,-0.000000,0.863952,1.295928,0.000000,0.000000,0.000000,0.000000,0.000000,0.000000,0.000000,-0.000000,0.000000,-0.000000,0.050291,-0.050291,0.000000,-0.000000,0.704570,-0.211371,0.000000,-0.000000,0.000000,-0.000000,1.796415,2.053089,1.924752,0.500000,0.500000
115914,Evertton Araújo,MEI,262,FLA,5,45,45,casa,264,COR,2026-09-13 17:30:00,27,0.000000,0.000000,0.000000,0.000000,0.018388,0.055163,0.066411,0.079693,0.152383,0.121906,0.004946,0.002473,0.000000,0.000000,0.000000,-0.000000,0.771460,1.157190,0.000000,0.000000,0.000000,0.000000,0.000000,0.000000,0.000000,-0.000000,0.000000,-0.000000,0.016569,-0.016569,0.000000,-0.000000,0.704757,-0.211427,0.000000,-0.000000,0.000000,-0.000000,1.188429,2.566806,1.877618,0.500000,0.500000
88479,Walace,MEI,287,VIT,5,45,45,fora,2305,MIR,2026-09-13 16:00:00,27,0.000000,0.000000,0.000000,0.000000,0.018730,0.056189,0.063115,0.075738,0.219535,0.175628,0.247500,0.123750,0.000000,0.000000,0.000000,-0.000000,0.853229,1.279843,0.000000,0.000000,0.000000,0.000000,0.000000,0.000000,0.000000,-0.000000,0.000000,-0.000000,0.000000,-0.000000,0.000000,-0.000000,0.841741,-0.252522,0.000000,-0.000000,0.000000,-0.000000,1.458627,2.269011,1.863819,0.500000,0.500000
143295,Joshua,MEI,262,FLA,6,45,45,casa,264,COR,2026-09-13 17:30:00,27,0.000000,0.000000,0.000000,0.000000,0.017746,0.053237,0.285284,0.342341,0.280720,0.224576,0.000000,0.000000,0.000000,0.000000,0.000000,-0.000000,0.752446,1.128668,0.000000,0.000000,0.000000,0.000000,0.000000,0.000000,0.000000,-0.000000,0.000000,-0.000000,0.000000,-0.000000,0.000000,-0.000000,0.847596,-0.254279,0.003230,-0.003230,0.000000,-0.000000,1.491314,2.231317,1.861315,0.500000,0.500000
79701,Lucas Silva,MEI,283,CRU,6,45,45,fora,277,SAN,2026-09-12 21:00:00,27,0.000000,0.000000,0.000000,0.000000,0.018406,0.055219,0.034655,0.041585,0.183513,0.146811,0.250199,0.125100,0.000000,0.000000,0.000000,-0.000000,0.911904,1.367856,0.000000,0.000000,0.000000,0.000000,0.000000,0.000000,0.000000,-0.000000,0.000000,-0.000000,0.235841,-0.235841,0.000000,-0.000000,0.731375,-0.219413,0.000000,-0.000000,0.000000,-0.000000,1.281316,2.438732,1.860024,0.500000,0.500000
140726,David Martins,MEI,265,BAH,6,45,45,casa,364,REM,2026-09-14 20:00:00,27,0.000000,0.000000,0.000000,0.000000,0.017865,0.053595,0.236246,0.283495,0.280720,0.224576,0.000000,0.000000,0.000000,0.000000,0.000000,-0.000000,0.701323,1.051984,0.000000,0.000000,0.000000,0.000000,0.000000,0.000000,0.000000,-0.000000,0.000000,-0.000000,0.000000,-0.000000,0.000000,-0.000000,0.719732,-0.215920,0.027719,-0.027719,0.000000,-0.000000,1.370011,2.348701,1.859356,0.500000,0.500000
142260,Bernardo Zortea,MEI,284,GRE,6,45,45,casa,267,VAS,2026-09-12 16:00:00,27,0.000000,0.000000,0.000000,0.000000,0.018627,0.055880,0.215168,0.258201,0.263701,0.210961,0.450000,0.225000,0.000000,0.000000,0.000000,-0.000000,0.851271,1.276907,0.000000,0.000000,0.000000,0.000000,0.000000,0.000000,0.000000,-0.000000,0.000000,-0.000000,0.000000,-0.000000,0.000000,-0.000000,0.863930,-0.259179,0.000000,-0.000000,0.000000,-0.000000,1.767770,1.911894,1.839832,0.500000,0.500000
86777,Danilo Barbosa,MEI,284,GRE,6,45,45,casa,267,VAS,2026-09-12 16:00:00,27,0.000000,0.000000,0.000000,0.000000,0.018271,0.054813,0.053185,0.063821,0.323873,0.259099,0.697500,0.348750,0.000000,0.000000,0.000000,-0.000000,0.751917,1.127875,0.000000,0.000000,0.000000,0.000000,0.000000,0.000000,0.000000,-0.000000,0.000000,-0.000000,0.000000,-0.000000,0.000000,-0.000000,0.744362,-0.223309,0.000000,-0.000000,0.000000,-0.000000,1.631050,2.047704,1.839377,0.500000,0.500000
98672,Savarino,MEI,266,FLU,6,45,45,fora,282,CAM,2026-09-12 16:00:00,27,0.012691,0.101531,0.000000,0.000000,0.018751,0.056254,0.205086,0.246103,0.166632,0.133305,0.188156,0.094078,0.000000,0.000000,0.000000,-0.000000,0.696061,1.044092,0.000000,0.000000,0.000000,0.000000,0.000000,0.000000,0.000000,-0.000000,0.000000,-0.000000,0.041282,-0.041282,0.000000,-0.000000,0.686168,-0.205850,0.000000,-0.000000,0.000000,-0.000000,1.428231,2.196469,1.812350,0.500000,0.500000
128433,Johan Rojas,MEI,267,VAS,6,45,45,fora,284,GRE,2026-09-12 16:00:00,27,0.000000,0.000000,0.000000,0.000000,0.018773,0.056319,0.526825,0.632190,0.212695,0.170156,0.017364,0.008682,0.000000,0.000000,0.666667,-0.066667,0.739704,1.109555,0.000000,0.000000,0.000000,0.000000,0.000000,0.000000,0.000000,-0.000000,0.000000,-0.000000,0.097517,-0.097517,0.000000,-0.000000,0.840082,-0.252024,0.000000,-0.000000,0.000000,-0.000000,1.560695,2.040596,1.800646,0.500000,0.500000
141344,Vitor Tissi,MEI,294,CFC,6,45,45,casa,293,CAP,2026-09-11 21:00:00,27,0.000000,0.000000,0.000000,0.000000,0.018319,0.054957,0.185673,0.222807,0.276182,0.220946,0.854724,0.427362,0.000000,0.000000,0.000000,-0.000000,0.716438,1.074656,0.000000,0.000000,0.000000,0.000000,0.000000,0.000000,0.000000,-0.000000,0.000000,-0.000000,0.136125,-0.136125,0.000000,-0.000000,0.718551,-0.215565,0.000000,-0.000000,0.000000,-0.000000,1.649038,1.942930,1.795984,0.500000,0.500000
110605,Vinícius Balieiro,MEI,315,CHA,5,45,45,casa,285,INT,2026-09-12 17:00:00,27,0.000000,0.000000,0.000000,0.000000,0.018712,0.056136,0.253383,0.304060,0.219616,0.175692,0.421988,0.210994,0.000000,0.000000,0.000000,-0.000000,0.772134,1.158200,0.000000,0.000000,0.000000,0.000000,0.000000,0.000000,0.000000,-0.000000,0.000000,-0.000000,0.000000,-0.000000,0.000000,-0.000000,0.749319,-0.224796,0.081258,-0.081258,0.000000,-0.000000,1.599028,1.988022,1.793525,0.500000,0.500000
125746,Dudu,MEI,293,CAP,6,45,45,fora,294,CFC,2026-09-11 21:00:00,27,0.000627,0.005015,0.000000,0.000000,0.018567,0.055702,0.071548,0.085857,0.220388,0.176310,0.003356,0.001678,0.000000,0.000000,0.000000,-0.000000,0.893565,1.340348,0.000000,0.000000,0.000000,0.000000,0.000000,0.000000,0.000000,-0.000000,0.000000,-0.000000,0.000000,-0.000000,0.000000,-0.000000,0.663601,-0.199080,0.000000,-0.000000,0.000000,-0.000000,1.465830,2.076509,1.771170,0.500000,0.500000
39656,Alan Franco,MEI,282,CAM,7,95,85,casa,266,FLU,2026-09-12 16:00:00,27,0.000000,0.000000,0.000000,0.000000,0.018191,0.054573,0.097615,0.117138,0.358309,0.286647,0.286472,0.143236,0.000000,0.000000,0.333333,-0.033333,0.725437,1.088156,0.000000,0.000000,0.000000,0.000000,0.000000,0.000000,0.000000,-0.000000,0.000000,-0.000000,0.087973,-0.087973,0.000000,-0.000000,0.803472,-0.241041,0.000000,-0.000000,0.008810,-0.035238,1.292164,2.249100,1.770632,0.500000,0.500000
98224,Jáderson,MEI,364,REM,6,45,45,fora,265,BAH,2026-09-14 20:00:00,27,0.000000,0.000000,0.000000,0.000000,0.018311,0.054933,0.046374,0.055649,0.301483,0.241186,0.262303,0.131152,0.000000,0.000000,0.000000,-0.000000,0.721077,1.081615,0.000000,0.000000,0.000000,0.000000,0.000000,0.000000,0.000000,-0.000000,0.000000,-0.000000,0.000000,-0.000000,0.000000,-0.000000,0.712534,-0.213760,0.000000,-0.000000,0.000000,-0.000000,1.350774,2.155063,1.752919,0.500000,0.500000
130279,Lukas Zuccarello,MEI,267,VAS,6,45,45,fora,284,GRE,2026-09-12 16:00:00,27,0.000000,0.000000,0.000000,0.000000,0.018524,0.055571,0.010557,0.012668,0.232833,0.186267,1.000000,0.500000,0.000000,0.000000,0.000000,-0.000000,0.684902,1.027353,0.000000,0.000000,0.000000,0.000000,0.000000,0.000000,0.000000,-0.000000,0.000000,-0.000000,0.000000,-0.000000,0.000000,-0.000000,0.685613,-0.205684,0.049078,-0.049078,0.000000,-0.000000,1.527097,1.932462,1.729779,0.500000,0.500000
141536,Yuri Alves,MEI,280,RBB,6,45,45,fora,263,BOT,2026-09-12 20:30:00,27,0.000000,0.000000,0.000000,0.000000,0.018434,0.055301,0.091951,0.110341,0.182186,0.145749,0.383625,0.191813,0.000000,0.000000,0.000000,-0.000000,0.829717,1.244576,0.000000,0.000000,0.000000,0.000000,0.000000,0.000000,0.000000,-0.000000,0.000000,-0.000000,0.000000,-0.000000,0.000000,-0.000000,0.780634,-0.234190,0.006113,-0.006113,0.000000,-0.000000,1.507475,1.949891,1.728683,0.500000,0.500000
107203,Max,MEI,315,CHA,5,45,45,casa,285,INT,2026-09-12 17:00:00,27,0.000000,0.000000,0.000000,0.000000,0.018765,0.056296,0.245953,0.295144,0.276744,0.221395,0.450000,0.225000,0.000000,0.000000,0.000000,-0.000000,0.777353,1.166030,0.000000,0.000000,0.000000,0.000000,0.000000,0.000000,0.000000,-0.000000,0.000000,-0.000000,0.000000,-0.000000,0.000000,-0.000000,0.921540,-0.276462,0.000000,-0.000000,0.000000,-0.000000,1.687403,1.702000,1.694701,0.500000,0.500000
87470,Thaciano,MEI,277,SAN,6,45,45,casa,283,CRU,2026-09-12 21:00:00,27,0.002304,0.018434,0.000000,0.000000,0.018247,0.054741,0.194748,0.233698,0.255137,0.204110,0.024820,0.012410,0.000000,0.000000,0.333333,-0.033333,0.667950,1.001925,0.000000,0.000000,0.000000,0.000000,0.000000,0.000000,0.000000,-0.000000,0.000000,-0.000000,0.002072,-0.002072,0.000000,-0.000000,0.702089,-0.210627,0.000000,-0.000000,0.000000,-0.000000,1.279284,2.107176,1.693230,0.500000,0.500000
141615,Pedro Ferreira,MEI,276,SAO,6,45,45,fora,275,PAL,2026-09-12 18:30:00,27,0.000000,0.000000,0.000000,0.000000,0.018328,0.054983,0.138502,0.166202,0.174208,0.139366,1.247500,0.623750,0.000000,0.000000,0.000000,-0.000000,0.684902,1.027353,0.000000,0.000000,0.000000,0.000000,0.000000,0.000000,0.000000,-0.000000,0.000000,-0.000000,0.000000,-0.000000,0.000000,-0.000000,0.790597,-0.237179,0.000000,-0.000000,0.000000,-0.000000,1.774475,1.585579,1.680027,0.500000,0.500000
127970,Felipe Chiqueti,MEI,293,CAP,6,45,45,fora,294,CFC,2026-09-11 21:00:00,27,0.000000,0.000000,0.000000,0.000000,0.018587,0.055760,0.036578,0.043894,0.197529,0.158023,0.678013,0.339006,0.000000,0.000000,0.000000,-0.000000,0.836445,1.254668,0.000000,0.000000,0.000000,0.000000,0.000000,0.000000,0.000000,-0.000000,0.000000,-0.000000,0.027681,-0.027681,0.000000,-0.000000,0.935288,-0.280587,0.000000,-0.000000,0.000000,-0.000000,1.543084,1.810142,1.676613,0.500000,0.500000
100596,Krovinovic,MEI,284,GRE,7,95,85,casa,267,VAS,2026-09-12 16:00:00,27,0.000000,0.000000,0.000000,0.000000,0.018748,0.056243,0.057292,0.068750,0.675113,0.540090,0.000000,0.000000,0.000000,0.000000,0.000000,-0.000000,0.801363,1.202045,0.000000,0.000000,0.000000,0.000000,0.000000,0.000000,0.000000,-0.000000,0.000000,-0.000000,0.000000,-0.000000,0.000000,-0.000000,1.035554,-0.310666,0.000847,-0.000847,0.000000,-0.000000,1.555615,1.796184,1.675900,0.500000,0.500000
124961,Castaño,MEI,282,CAM,7,95,85,casa,266,FLU,2026-09-12 16:00:00,27,0.000000,0.000000,0.000000,0.000000,0.018266,0.054797,0.205006,0.246008,0.335099,0.268079,0.000000,0.000000,0.000000,0.000000,0.000000,-0.000000,1.067510,1.601265,0.000000,0.000000,0.000000,0.000000,0.000000,0.000000,0.000000,-0.000000,0.000000,-0.000000,0.247500,-0.247500,0.000000,-0.000000,0.871107,-0.261332,0.000000,-0.000000,0.000000,-0.000000,1.661317,1.677069,1.669193,0.500000,0.500000
85465,Alex Santana,MEI,264,COR,6,45,45,fora,262,FLA,2026-09-13 17:30:00,27,0.000000,0.000000,0.000000,0.000000,0.018292,0.054877,0.154207,0.185049,0.348615,0.278892,0.000000,0.000000,0.000000,0.000000,0.000000,-0.000000,0.684902,1.027353,0.000000,0.000000,0.000000,0.000000,0.000000,0.000000,0.000000,-0.000000,0.000000,-0.000000,0.000000,-0.000000,0.000000,-0.000000,0.673512,-0.202054,0.097411,-0.097411,0.000000,-0.000000,1.246706,2.084551,1.665629,0.500000,0.500000
147546,Roger,MEI,284,GRE,6,45,45,casa,267,VAS,2026-09-12 16:00:00,27,0.000000,0.000000,0.000000,0.000000,0.018442,0.055325,0.266570,0.319884,0.219616,0.175692,0.000000,0.000000,0.000000,0.000000,0.000000,-0.000000,0.716438,1.074656,0.000000,0.000000,0.000000,0.000000,0.000000,0.000000,0.000000,-0.000000,0.000000,-0.000000,0.000000,-0.000000,0.000000,-0.000000,0.787719,-0.236316,0.000694,-0.000694,0.000000,-0.000000,1.388547,1.941704,1.665126,0.500000,0.500000
96340,Lima,MEI,277,SAN,6,45,45,casa,283,CRU,2026-09-12 21:00:00,27,0.000000,0.000000,0.000000,0.000000,0.018106,0.054319,0.162294,0.194752,0.306162,0.244930,1.000000,0.500000,0.000000,0.000000,0.000000,-0.000000,0.684902,1.027353,0.000000,0.000000,0.000000,0.000000,0.000000,0.000000,0.000000,-0.000000,0.000000,-0.000000,0.000000,-0.000000,0.000000,-0.000000,0.683247,-0.204974,0.000676,-0.000676,0.000000,-0.000000,1.815705,1.510058,1.662882,0.500000,0.500000
102909,Luan,MEI,276,SAO,6,45,45,fora,275,PAL,2026-09-12 18:30:00,27,0.000000,0.000000,0.000000,0.000000,0.018432,0.055297,0.035832,0.042998,0.191557,0.153246,0.000000,0.000000,0.000000,0.000000,0.000000,-0.000000,1.260671,1.891006,0.000000,0.000000,0.000000,0.000000,0.000000,0.000000,0.000000,-0.000000,0.000000,-0.000000,0.247500,-0.247500,0.000000,-0.000000,0.753983,-0.226195,0.000000,-0.000000,0.000000,-0.000000,1.668852,1.647863,1.658357,0.500000,0.500000
103295,Eric Ramires,MEI,280,RBB,7,95,85,fora,263,BOT,2026-09-12 20:30:00,27,0.000000,0.000000,0.000000,0.000000,0.018489,0.055466,0.035665,0.042798,0.217263,0.173810,0.710954,0.355477,0.000000,0.000000,0.000000,-0.000000,0.643041,0.964562,0.000000,0.000000,0.000000,0.000000,0.000000,0.000000,0.000000,-0.000000,0.000000,-0.000000,0.076941,-0.076941,0.000000,-0.000000,0.732374,-0.219712,0.000000,-0.000000,0.000000,-0.000000,1.295460,2.009268,1.652364,0.500000,0.500000
147545,Jefinho,MEI,284,GRE,6,45,45,casa,267,VAS,2026-09-12 16:00:00,27,0.000000,0.000000,0.000000,0.000000,0.018567,0.055702,0.148469,0.178163,0.249596,0.199677,0.000000,0.000000,0.000000,0.000000,0.000000,-0.000000,0.748622,1.122933,0.000000,0.000000,0.000000,0.000000,0.000000,0.000000,0.000000,-0.000000,0.000000,-0.000000,0.000000,-0.000000,0.000000,-0.000000,0.708021,-0.212406,0.000000,-0.000000,0.000000,-0.000000,1.344069,1.906468,1.625268,0.500000,0.500000
123016,David Braga,MEI,364,REM,6,45,45,fora,265,BAH,2026-09-14 20:00:00,27,0.000000,0.000000,0.000000,0.000000,0.018319,0.054958,0.070111,0.084133,0.268937,0.215150,0.162057,0.081028,0.000000,0.000000,0.000000,-0.000000,0.661627,0.992440,0.000000,0.000000,0.000000,0.000000,0.000000,0.000000,0.000000,-0.000000,0.000000,-0.000000,0.024720,-0.024720,0.000000,-0.000000,0.753875,-0.226162,0.000000,-0.000000,0.000000,-0.000000,1.176827,2.070377,1.623602,0.500000,0.500000
104693,Newton,MEI,276,SAO,6,45,45,fora,275,PAL,2026-09-12 18:30:00,27,0.000000,0.000000,0.000000,0.000000,0.018495,0.055485,0.056719,0.068062,0.187729,0.150183,0.575197,0.287599,0.000000,0.000000,0.000000,-0.000000,0.853229,1.279843,0.000000,0.000000,0.000000,0.000000,0.000000,0.000000,0.000000,-0.000000,0.000000,-0.000000,0.148581,-0.148581,0.000000,-0.000000,0.775081,-0.232524,0.005844,-0.005844,0.000000,-0.000000,1.454222,1.782414,1.618318,0.500000,0.500000
82463,Otávio,MEI,266,FLU,6,45,45,fora,282,CAM,2026-09-12 16:00:00,27,0.000000,0.000000,0.000000,0.000000,0.018176,0.054529,0.098284,0.117940,0.315557,0.252446,0.500328,0.250164,0.000000,0.000000,0.000000,-0.000000,0.720312,1.080468,0.000000,0.000000,0.000000,0.000000,0.000000,0.000000,0.000000,-0.000000,0.000000,-0.000000,0.247500,-0.247500,0.000000,-0.000000,0.896762,-0.269029,0.000000,-0.000000,0.000000,-0.000000,1.239019,1.919609,1.579314,0.500000,0.500000
136156,Larson,MEI,275,PAL,6,45,45,casa,276,SAO,2026-09-12 18:30:00,27,0.000000,0.000000,0.000000,0.000000,0.018107,0.054322,0.062296,0.074755,0.318737,0.254990,0.247500,0.123750,0.000000,0.000000,0.000000,-0.000000,0.611330,0.916995,0.000000,0.000000,0.000000,0.000000,0.000000,0.000000,0.000000,-0.000000,0.000000,-0.000000,0.000000,-0.000000,0.000000,-0.000000,0.789410,-0.236823,0.001837,-0.001837,0.000000,-0.000000,1.186152,1.932311,1.559232,0.500000,0.500000
112939,Catarozzi,MEI,364,REM,6,45,45,fora,265,BAH,2026-09-14 20:00:00,27,0.000000,0.000000,0.000000,0.000000,0.018338,0.055015,0.085366,0.102439,0.188480,0.150784,0.000000,0.000000,0.000000,0.000000,0.000000,-0.000000,1.124285,1.686428,0.000000,0.000000,0.000000,0.000000,0.000000,0.000000,0.000000,-0.000000,0.000000,-0.000000,0.000000,-0.000000,0.000000,-0.000000,1.101191,-0.330357,0.116549,-0.116549,0.000000,-0.000000,1.547760,1.540342,1.544051,0.500000,0.500000
99228,De la Cruz,MEI,262,FLA,6,45,45,casa,264,COR,2026-09-13 17:30:00,27,0.000000,0.000000,0.000000,0.000000,0.017874,0.053623,0.140627,0.168753,0.373279,0.298623,0.404241,0.202120,0.000000,0.000000,0.000000,-0.000000,0.674433,1.011650,0.000000,0.000000,0.000000,0.000000,0.000000,0.000000,0.000000,-0.000000,0.000000,-0.000000,0.702105,-0.702105,0.000000,-0.000000,0.763623,-0.229087,0.002819,-0.002819,0.000000,-0.000000,0.800759,2.248690,1.524724,0.500000,0.500000
140496,Tiaguinho,MEI,284,GRE,6,45,45,casa,267,VAS,2026-09-12 16:00:00,27,0.000000,0.000000,0.000000,0.000000,0.017880,0.053640,0.078198,0.093838,0.280720,0.224576,0.000000,0.000000,0.000000,0.000000,0.000000,-0.000000,0.701323,1.051984,0.000000,0.000000,0.000000,0.000000,0.000000,0.000000,0.000000,-0.000000,0.000000,-0.000000,0.000000,-0.000000,0.000000,-0.000000,0.671187,-0.201356,0.059466,-0.059466,0.000000,-0.000000,1.163216,1.881597,1.522406,0.500000,0.500000
109461,Calebe,MEI,285,INT,6,45,45,fora,315,CHA,2026-09-12 17:00:00,27,0.000000,0.000000,0.000000,0.000000,0.018313,0.054940,0.023428,0.028114,0.172196,0.137757,1.247500,0.623750,0.000000,0.000000,0.000000,-0.000000,0.684902,1.027353,0.000000,0.000000,0.000000,0.000000,0.000000,0.000000,0.000000,-0.000000,0.000000,-0.000000,0.000000,-0.000000,0.000000,-0.000000,0.731822,-0.219547,0.000000,-0.000000,0.000000,-0.000000,1.652367,1.391479,1.521923,0.500000,0.500000
92981,Ronaldo,MEI,285,INT,6,45,45,fora,315,CHA,2026-09-12 17:00:00,27,0.003768,0.030144,0.000000,0.000000,0.018441,0.055323,0.191186,0.229423,0.287872,0.230297,0.028681,0.014340,0.000000,0.000000,0.000000,-0.000000,0.904158,1.356237,0.000000,0.000000,0.000000,0.000000,0.000000,0.000000,0.000000,-0.000000,0.000000,-0.000000,0.452072,-0.452072,0.000000,-0.000000,0.886786,-0.266036,0.000000,-0.000000,0.000000,-0.000000,1.197657,1.842376,1.520017,0.500000,0.500000
106843,Borrero,MEI,315,CHA,6,45,45,casa,285,INT,2026-09-12 17:00:00,27,0.000000,0.000000,0.000000,0.000000,0.018603,0.055809,0.212348,0.254817,0.219616,0.175692,0.000000,0.000000,0.000000,0.000000,0.000000,-0.000000,0.748611,1.122916,0.000000,0.000000,0.000000,0.000000,0.000000,0.000000,0.000000,-0.000000,0.000000,-0.000000,0.000000,-0.000000,0.000000,-0.000000,0.709036,-0.212711,0.008333,-0.008333,0.000000,-0.000000,1.388191,1.648711,1.518451,0.500000,0.500000
82407,Chico Kim,MEI,2305,MIR,6,45,45,casa,287,VIT,2026-09-13 16:00:00,27,0.000000,0.000000,0.000000,0.000000,0.018039,0.054116,0.116153,0.139384,0.291987,0.233589,0.136125,0.068063,0.000000,0.000000,0.000000,-0.000000,0.664362,0.996543,0.000000,0.000000,0.000000,0.000000,0.000000,0.000000,0.000000,-0.000000,0.000000,-0.000000,0.000000,-0.000000,0.000000,-0.000000,0.689269,-0.206781,0.001837,-0.001837,0.000000,-0.000000,1.283078,1.734107,1.508592,0.500000,0.500000
140438,David,MEI,315,CHA,6,45,45,casa,285,INT,2026-09-12 17:00:00,27,0.000000,0.000000,0.000000,0.000000,0.018210,0.054630,0.073775,0.088530,0.309325,0.247460,0.022648,0.011324,0.000000,0.000000,0.000000,-0.000000,0.735314,1.102971,0.000000,0.000000,0.000000,0.000000,0.000000,0.000000,0.000000,-0.000000,0.000000,-0.000000,0.000000,-0.000000,0.000000,-0.000000,0.690524,-0.207157,0.000000,-0.000000,0.000000,-0.000000,1.297758,1.719331,1.508545,0.500000,0.500000
124270,Allex,MEI,285,INT,5,45,45,fora,315,CHA,2026-09-12 17:00:00,27,0.000000,0.000000,0.000000,0.000000,0.018162,0.054487,0.118671,0.142405,0.301483,0.241186,0.217848,0.108924,0.000000,0.000000,0.000000,-0.000000,0.664362,0.996543,0.000000,0.000000,0.000000,0.000000,0.000000,0.000000,0.000000,-0.000000,0.000000,-0.000000,0.012456,-0.012456,0.000000,-0.000000,0.650127,-0.195038,0.000000,-0.000000,0.000000,-0.000000,1.336051,1.677292,1.506671,0.500000,0.500000
144976,Domingos Andrade,MEI,263,BOT,6,45,45,casa,280,RBB,2026-09-12 20:30:00,27,0.000000,0.000000,0.000000,0.000000,0.018567,0.055702,0.148469,0.178163,0.249596,0.199677,0.000000,0.000000,0.000000,0.000000,0.000000,-0.000000,0.748622,1.122933,0.000000,0.000000,0.000000,0.000000,0.000000,0.000000,0.000000,-0.000000,0.000000,-0.000000,0.000000,-0.000000,0.000000,-0.000000,0.708021,-0.212406,0.000000,-0.000000,0.000000,-0.000000,1.344069,1.568684,1.456376,0.500000,0.500000
70164,Lucas Moura,MEI,276,SAO,5,45,45,fora,275,PAL,2026-09-12 18:30:00,27,0.022648,0.181182,0.000000,0.000000,0.018316,0.054949,0.070149,0.084179,0.172196,0.137757,0.629723,0.314861,0.000000,0.000000,0.000000,-0.000000,0.611330,0.916995,0.000000,0.000000,0.000000,0.000000,0.000000,0.000000,0.000000,-0.000000,0.000000,-0.000000,0.000000,-0.000000,0.000000,-0.000000,0.815029,-0.244509,0.000000,-0.000000,0.000000,-0.000000,1.445414,1.394202,1.419808,0.500000,0.500000
97520,Shaylon,MEI,2305,MIR,2,45,45,casa,287,VIT,2026-09-13 16:00:00,27,0.000345,0.002758,0.000000,0.000000,0.018327,0.054982,0.078500,0.094200,0.283586,0.226868,0.322369,0.161184,0.000000,0.000000,0.000000,-0.000000,0.876425,1.314637,0.000000,0.000000,0.000000,0.000000,0.000000,0.000000,0.000000,-0.000000,0.000000,-0.000000,0.697500,-0.697500,0.000000,-0.000000,0.826170,-0.247851,0.000000,-0.000000,0.000000,-0.000000,0.909280,1.849422,1.379351,0.500000,0.500000
110633,Gustavo,MEI,294,CFC,6,45,45,casa,293,CAP,2026-09-11 21:00:00,27,0.000000,0.000000,0.000000,0.000000,0.018421,0.055262,0.028857,0.034629,0.230143,0.184114,0.136125,0.068063,0.000000,0.000000,0.000000,-0.000000,0.676518,1.014778,0.000000,0.000000,0.000000,0.000000,0.000000,0.000000,0.000000,-0.000000,0.000000,-0.000000,0.000000,-0.000000,0.000000,-0.000000,0.697707,-0.209312,0.000000,-0.000000,0.000000,-0.000000,1.147533,1.609134,1.378334,0.500000,0.500000
150757,Samuel Pierri,MEI,277,SAN,6,45,45,casa,283,CRU,2026-09-12 21:00:00,27,0.000000,0.000000,0.000000,0.000000,0.018090,0.054271,0.119590,0.143508,0.276182,0.220946,0.000000,0.000000,0.000000,0.000000,0.000000,-0.000000,0.676835,1.015252,0.000000,0.000000,0.000000,0.000000,0.000000,0.000000,0.000000,-0.000000,0.000000,-0.000000,0.000000,-0.000000,0.000000,-0.000000,0.863107,-0.258932,0.002257,-0.002257,0.000000,-0.000000,1.172789,1.486130,1.329459,0.500000,0.500000
146701,Benjamin Arhin,MEI,285,INT,5,45,45,fora,315,CHA,2026-09-12 17:00:00,27,0.000000,0.000000,0.000000,0.000000,0.017793,0.053379,0.150681,0.180817,0.243505,0.194804,0.000000,0.000000,0.000000,0.000000,0.000000,-0.000000,0.752446,1.128668,0.000000,0.000000,0.000000,0.000000,0.000000,0.000000,0.000000,-0.000000,0.000000,-0.000000,0.000000,-0.000000,0.000000,-0.000000,0.826638,-0.247992,0.000000,-0.000000,0.000000,-0.000000,1.309677,1.332964,1.321320,0.500000,0.500000
146410,Marquinhos,MEI,263,BOT,6,45,45,casa,280,RBB,2026-09-12 20:30:00,27,0.000000,0.000000,0.000000,0.000000,0.017880,0.053640,0.078198,0.093838,0.280720,0.224576,0.000000,0.000000,0.000000,0.000000,0.000000,-0.000000,0.701323,1.051984,0.000000,0.000000,0.000000,0.000000,0.000000,0.000000,0.000000,-0.000000,0.000000,-0.000000,0.000000,-0.000000,0.000000,-0.000000,0.671187,-0.201356,0.059466,-0.059466,0.000000,-0.000000,1.163216,1.408818,1.286017,0.500000,0.500000
146623,Luis Pacheco,MEI,275,PAL,6,45,45,casa,276,SAO,2026-09-12 18:30:00,27,0.000000,0.000000,0.000000,0.000000,0.017869,0.053608,0.239888,0.287865,0.391495,0.313196,0.000000,0.000000,0.000000,0.000000,0.000000,-0.000000,0.667191,1.000786,0.000000,0.000000,0.000000,0.000000,0.000000,0.000000,0.000000,-0.000000,0.000000,-0.000000,0.697500,-0.697500,0.000000,-0.000000,0.726663,-0.217999,0.016599,-0.016599,0.000000,-0.000000,0.723357,1.475591,1.099474,0.500000,0.500000
130889,Riquelme,MEI,284,GRE,6,45,45,casa,267,VAS,2026-09-12 16:00:00,27,0.000000,0.000000,0.000000,0.000000,0.017268,0.051804,0.024597,0.029516,0.280720,0.224576,0.900000,0.450000,0.000000,0.000000,0.000000,-0.000000,0.752446,1.128668,0.000000,0.000000,0.000000,0.000000,0.000000,0.000000,0.000000,-0.000000,0.500000,-1.500000,0.000000,-0.000000,0.000000,-0.000000,0.917079,-0.275124,0.025841,-0.025841,0.000000,-0.000000,0.083600,1.941517,1.012559,0.500000,0.500000
148215,Djhordney,MEI,276,SAO,6,45,45,fora,275,PAL,2026-09-12 18:30:00,27,0.000000,0.000000,0.000000,0.000000,0.017739,0.053218,0.016860,0.020232,0.243505,0.194804,0.247500,0.123750,0.000000,0.000000,0.000000,-0.000000,0.682193,1.023290,0.000000,0.000000,0.000000,0.000000,0.000000,0.000000,0.000000,-0.000000,0.000000,-0.000000,0.616375,-0.616375,0.000000,-0.000000,0.980348,-0.294104,0.000000,-0.000000,0.000000,-0.000000,0.504815,1.213805,0.859310,0.500000,0.500000
105901,Edson Fernando,MEI,364,REM,3,45,45,fora,265,BAH,2026-09-14 20:00:00,27,0.000000,0.000000,0.000000,0.000000,0.017484,0.052452,0.133638,0.160366,0.243505,0.194804,0.000000,0.000000,0.000000,0.000000,0.000000,-0.000000,0.667191,1.000786,0.000000,0.000000,0.000000,0.000000,0.000000,0.000000,0.000000,-0.000000,0.500000,-1.500000,0.000000,-0.000000,0.000000,-0.000000,0.804744,-0.241423,0.000000,-0.000000,0.000000,-0.000000,-0.333016,1.475938,0.571461,0.500000,0.500000
83528,Léo Pereira,ZAG,262,FLA,7,95,85,casa,264,COR,2026-09-13 17:30:00,27,0.039175,0.313400,0.020634,0.103171,0.000000,0.000000,0.131444,0.157732,0.500788,0.400630,0.466746,0.233373,0.000000,0.000000,0.000000,-0.000000,1.439729,2.159593,0.787975,3.939877,0.000000,0.000000,0.000000,0.000000,0.000000,-0.000000,0.000000,-0.000000,0.189083,-0.189083,0.000000,-0.000000,0.806059,-0.241818,0.000000,-0.000000,0.000000,-0.000000,6.876876,3.907090,5.391983,0.500000,0.500000
140492,João Victor,ZAG,262,FLA,6,45,45,casa,264,COR,2026-09-13 17:30:00,27,0.038411,0.307291,0.003246,0.016231,0.000000,0.000000,0.095841,0.115009,0.092860,0.074288,0.381307,0.190653,0.000000,0.000000,0.000000,-0.000000,0.990005,1.485008,1.000000,5.000000,0.000000,0.000000,0.000000,0.000000,0.003571,-0.010714,0.000000,-0.000000,0.090140,-0.090140,0.000000,-0.000000,0.948738,-0.284621,0.006250,-0.006250,0.000000,-0.000000,6.796754,3.554253,5.175504,0.500000,0.500000
100842,Ruan,ZAG,282,CAM,5,45,45,casa,266,FLU,2026-09-12 16:00:00,27,0.038670,0.309361,0.008675,0.043377,0.000000,0.000000,0.126839,0.152207,0.204172,0.163338,0.384431,0.192215,0.000000,0.000000,0.000627,-0.000063,1.477823,2.216735,0.697902,3.489511,0.000000,0.000000,0.000000,0.000000,0.000000,-0.000000,0.000000,-0.000000,0.368663,-0.368663,0.000000,-0.000000,0.865983,-0.259795,0.000000,-0.000000,0.000000,-0.000000,5.938224,4.303402,5.120813,0.500000,0.500000
97867,Léo Ortiz,ZAG,262,FLA,7,95,85,casa,264,COR,2026-09-13 17:30:00,27,0.045651,0.365205,0.012953,0.064764,0.000000,0.000000,0.115995,0.139194,0.352189,0.281751,0.388897,0.194448,0.000000,0.000000,0.000345,-0.000034,1.096813,1.645219,0.823716,4.118580,0.000000,0.000000,0.000000,0.000000,0.003125,-0.009375,0.000000,-0.000000,0.102928,-0.102928,0.000000,-0.000000,0.904976,-0.271493,0.000000,-0.000000,0.000000,-0.000000,6.425331,3.433750,4.929540,0.500000,0.500000
133679,Benedetti,ZAG,275,PAL,6,45,45,casa,276,SAO,2026-09-12 18:30:00,27,0.042658,0.341264,0.010751,0.053756,0.000000,0.000000,0.090772,0.108927,0.248537,0.198830,0.361167,0.180584,0.000000,0.000000,0.000000,-0.000000,0.835742,1.253613,1.000000,5.000000,0.000000,0.000000,0.000000,0.000000,0.086550,-0.259649,0.000000,-0.000000,0.129354,-0.129354,0.000000,-0.000000,0.647436,-0.194231,0.000000,-0.000000,0.000000,-0.000000,6.553739,3.115767,4.834753,0.500000,0.500000
105300,Ferraresi,ZAG,263,BOT,7,95,85,casa,280,RBB,2026-09-12 20:30:00,27,0.038199,0.305591,0.016448,0.082241,0.000000,0.000000,0.129601,0.155522,0.546861,0.437488,0.584665,0.292333,0.000000,0.000000,0.248640,-0.024864,2.074774,3.112160,0.472648,2.363239,0.000000,0.000000,0.000000,0.000000,0.000000,-0.000000,0.000000,-0.000000,0.388394,-0.388394,0.000000,-0.000000,1.784925,-0.535477,0.010516,-0.010516,0.000000,-0.000000,5.789323,3.816431,4.802877,0.500000,0.500000
107985,Terán,ZAG,293,CAP,6,45,45,fora,294,CFC,2026-09-11 21:00:00,27,0.038192,0.305534,0.004710,0.023551,0.000000,0.000000,0.104041,0.124849,0.071804,0.057443,0.523044,0.261522,0.000000,0.000000,0.000000,-0.000000,1.259435,1.889153,0.795783,3.978914,0.000000,0.000000,0.000000,0.000000,0.021873,-0.065620,0.000000,-0.000000,0.221772,-0.221772,0.000000,-0.000000,0.756010,-0.226803,0.031749,-0.031749,0.000000,-0.000000,6.095021,3.198656,4.646838,0.500000,0.500000
104085,Bruno Fuchs,ZAG,275,PAL,6,45,45,casa,276,SAO,2026-09-12 18:30:00,27,0.042709,0.341669,0.008905,0.044527,0.000000,0.000000,0.097620,0.117144,0.382788,0.306230,0.403753,0.201877,0.000000,0.000000,0.000000,-0.000000,1.129465,1.694197,0.683642,3.418208,0.000000,0.000000,0.000000,0.000000,0.008452,-0.025357,0.000000,-0.000000,0.074452,-0.074452,0.000000,-0.000000,0.808723,-0.242617,0.000000,-0.000000,0.000000,-0.000000,5.781425,3.380931,4.581178,0.500000,0.500000
99274,Alexander Barboza,ZAG,275,PAL,3,45,45,casa,276,SAO,2026-09-12 18:30:00,27,0.040986,0.327885,0.019824,0.099119,0.000000,0.000000,0.114410,0.137292,0.306166,0.244933,0.488140,0.244070,0.000000,0.000000,0.000000,-0.000000,1.668366,2.502549,0.660994,3.304969,0.000000,0.000000,0.000000,0.000000,0.000000,-0.000000,0.333333,-1.000000,0.248506,-0.248506,0.000000,-0.000000,1.228123,-0.368437,0.000000,-0.000000,0.000000,-0.000000,5.243874,3.518718,4.381296,0.500000,0.500000
145563,João Ananias,ZAG,277,SAN,7,95,85,casa,283,CRU,2026-09-12 21:00:00,27,0.049404,0.395236,0.022081,0.110406,0.000000,0.000000,0.086721,0.104065,0.181057,0.144846,0.445003,0.222501,0.000000,0.000000,0.000000,-0.000000,1.091363,1.637045,0.450000,2.250000,0.000000,0.000000,0.000000,0.000000,0.002778,-0.008333,0.000000,-0.000000,0.168518,-0.168518,0.000000,-0.000000,0.857800,-0.257340,0.000000,-0.000000,0.000000,-0.000000,4.429908,4.095402,4.262655,0.500000,0.500000
93368,Lucas Veríssimo,ZAG,277,SAN,5,45,45,casa,283,CRU,2026-09-12 21:00:00,27,0.048552,0.388413,0.021738,0.108688,0.000000,0.000000,0.098234,0.117881,0.274076,0.219261,0.399758,0.199879,0.000000,0.000000,0.023414,-0.002341,1.291622,1.937432,0.476113,2.380567,0.000000,0.000000,0.000000,0.000000,0.067112,-0.201337,0.000000,-0.000000,0.188988,-0.188988,0.000000,-0.000000,0.756916,-0.227075,0.000000,-0.000000,0.000000,-0.000000,4.732380,3.790562,4.261471,0.500000,0.500000
84847,Luan Peres,ZAG,277,SAN,7,95,85,casa,283,CRU,2026-09-12 21:00:00,27,0.040952,0.327614,0.016035,0.080176,0.000000,0.000000,0.118309,0.141971,0.388072,0.310458,0.520489,0.260245,0.000000,0.000000,0.000000,-0.000000,1.531881,2.297822,0.325413,1.627064,0.000000,0.000000,0.000000,0.000000,0.000000,-0.000000,0.000000,-0.000000,0.057719,-0.057719,0.000000,-0.000000,1.503242,-0.450973,0.000000,-0.000000,0.000000,-0.000000,4.536657,3.870278,4.203468,0.500000,0.500000
104075,Sabino,ZAG,276,SAO,7,95,85,fora,275,PAL,2026-09-12 18:30:00,27,0.045922,0.367375,0.018528,0.092640,0.000000,0.000000,0.102355,0.122826,0.257649,0.206119,0.503454,0.251727,0.000000,0.000000,0.000000,-0.000000,1.149499,1.724248,0.453857,2.269285,0.000000,0.000000,0.000000,0.000000,0.003571,-0.010714,0.000000,-0.000000,0.343414,-0.343414,0.000000,-0.000000,0.629305,-0.188792,0.000000,-0.000000,0.000000,-0.000000,4.491300,3.880086,4.185693,0.500000,0.500000
71684,Gustavo Gómez,ZAG,275,PAL,7,95,85,casa,276,SAO,2026-09-12 18:30:00,27,0.038192,0.305532,0.000000,0.000000,0.000000,0.000000,0.134121,0.160945,0.217124,0.173699,0.415395,0.207697,0.000000,0.000000,0.083026,-0.008303,1.581148,2.371722,0.499265,2.496324,0.000000,0.000000,0.000000,0.000000,0.000000,-0.000000,0.000000,-0.000000,0.359852,-0.359852,0.000000,-0.000000,0.896146,-0.268844,0.000000,-0.000000,0.000000,-0.000000,5.078921,3.215620,4.147271,0.500000,0.500000
91573,Arboleda,ZAG,276,SAO,7,95,85,fora,275,PAL,2026-09-12 18:30:00,27,0.043279,0.346233,0.011145,0.055723,0.000000,0.000000,0.099717,0.119660,0.290937,0.232750,0.493908,0.246954,0.000000,0.000000,0.053634,-0.005363,1.065271,1.597906,0.455840,2.279202,0.000000,0.000000,0.000000,0.000000,0.000000,-0.000000,0.000000,-0.000000,0.066144,-0.066144,0.000000,-0.000000,0.594072,-0.178221,0.003867,-0.003867,0.000000,-0.000000,4.624834,3.551974,4.088404,0.500000,0.500000
141131,Vitão,ZAG,282,CAM,7,95,85,casa,266,FLU,2026-09-12 16:00:00,27,0.048511,0.388090,0.020111,0.100555,0.000000,0.000000,0.084641,0.101569,0.153415,0.122732,0.336534,0.168267,0.000000,0.000000,0.000000,-0.000000,0.959423,1.439134,0.302500,1.512500,0.000000,0.000000,0.000000,0.000000,0.006696,-0.020089,0.000000,-0.000000,0.072325,-0.072325,0.000000,-0.000000,0.594335,-0.178300,0.000000,-0.000000,0.000000,-0.000000,3.562133,4.564605,4.063369,0.500000,0.500000
92440,André Ramalho,ZAG,264,COR,5,45,45,fora,262,FLA,2026-09-13 17:30:00,27,0.045346,0.362765,0.013262,0.066312,0.000000,0.000000,0.085317,0.102380,0.173462,0.138770,0.609949,0.304974,0.000000,0.000000,0.000000,-0.000000,0.895949,1.343924,0.491178,2.455889,0.000000,0.000000,0.000000,0.000000,0.047976,-0.143927,0.000000,-0.000000,0.190450,-0.190450,0.000000,-0.000000,0.834874,-0.250462,0.060197,-0.060197,0.000000,-0.000000,4.129977,3.809918,3.969947,0.500000,0.500000
87887,Balbuena,ZAG,284,GRE,6,45,45,casa,267,VAS,2026-09-12 16:00:00,27,0.044552,0.356416,0.014877,0.074384,0.000000,0.000000,0.095343,0.114411,0.609903,0.487923,0.428933,0.214466,0.000000,0.000000,0.041178,-0.004118,1.210942,1.816413,0.322369,1.611844,0.000000,0.000000,0.000000,0.000000,0.034385,-0.103156,0.000000,-0.000000,0.216709,-0.216709,0.000000,-0.000000,0.881326,-0.264398,0.000000,-0.000000,0.000000,-0.000000,4.087477,3.787240,3.937359,0.500000,0.500000
103523,Ignácio,ZAG,266,FLU,5,45,45,fora,282,CAM,2026-09-12 16:00:00,27,0.029599,0.236790,0.000000,0.000000,0.000000,0.000000,0.120315,0.144378,0.433246,0.346597,0.669216,0.334608,0.000000,0.000000,0.000000,-0.000000,1.449382,2.174072,0.491178,2.455889,0.000000,0.000000,0.000000,0.000000,0.003333,-0.010000,0.000000,-0.000000,0.311708,-0.311708,0.000000,-0.000000,0.941606,-0.282482,0.057837,-0.057837,0.000000,-0.000000,5.030308,2.820932,3.925620,0.500000,0.500000
130048,Noriega,ZAG,284,GRE,7,95,85,casa,267,VAS,2026-09-12 16:00:00,27,0.052586,0.420689,0.024212,0.121060,0.000000,0.000000,0.103736,0.124483,0.152126,0.121701,0.498766,0.249383,0.000000,0.000000,0.000000,-0.000000,1.393357,2.090036,0.005253,0.026263,0.000000,0.000000,0.000000,0.000000,0.000000,-0.000000,0.000000,-0.000000,0.208166,-0.208166,0.000000,-0.000000,0.905974,-0.271792,0.000000,-0.000000,0.000000,-0.000000,2.673657,5.092734,3.883195,0.500000,0.500000
72605,Vitor Hugo,ZAG,282,CAM,7,95,85,casa,266,FLU,2026-09-12 16:00:00,27,0.048731,0.389850,0.021179,0.105893,0.000000,0.000000,0.097679,0.117215,0.138182,0.110546,0.314946,0.157473,0.000000,0.000000,0.000000,-0.000000,0.949645,1.424467,0.224590,1.122949,0.000000,0.000000,0.000000,0.000000,0.011648,-0.034943,0.000000,-0.000000,0.127926,-0.127926,0.000000,-0.000000,0.616328,-0.184898,0.000000,-0.000000,0.000000,-0.000000,3.080627,4.654001,3.867314,0.500000,0.500000
113034,Freytes,ZAG,266,FLU,6,45,45,fora,282,CAM,2026-09-12 16:00:00,27,0.046805,0.374439,0.017789,0.088947,0.000000,0.000000,0.098891,0.118669,0.385593,0.308474,0.539561,0.269781,0.000000,0.000000,0.000000,-0.000000,1.115283,1.672924,0.451589,2.257945,0.000000,0.000000,0.000000,0.000000,0.008362,-0.025087,0.000000,-0.000000,0.038522,-0.038522,0.000000,-0.000000,0.845181,-0.253554,0.013294,-0.013294,0.000000,-0.000000,4.760722,2.959343,3.860033,0.500000,0.500000
69208,Gabriel Paulista,ZAG,264,COR,7,95,85,fora,262,FLA,2026-09-13 17:30:00,27,0.049583,0.396667,0.023907,0.119535,0.000000,0.000000,0.099120,0.118944,0.192134,0.153707,0.453325,0.226662,0.000000,0.000000,0.450000,-0.045000,1.233514,1.850270,0.106496,0.532482,0.000000,0.000000,0.000000,0.000000,0.008571,-0.025714,0.000000,-0.000000,0.123788,-0.123788,0.000000,-0.000000,0.575515,-0.172654,0.006667,-0.006667,0.000000,-0.000000,3.024445,4.536818,3.780632,0.500000,0.500000
105990,Santiago Mingo,ZAG,265,BAH,7,95,85,casa,364,REM,2026-09-14 20:00:00,27,0.054615,0.436919,0.035195,0.175974,0.000000,0.000000,0.109703,0.131643,0.141441,0.113153,0.402071,0.201035,0.000000,0.000000,0.000032,-0.000003,1.239464,1.859196,0.200038,1.000189,0.000000,0.000000,0.000000,0.000000,0.015120,-0.045360,0.000000,-0.000000,0.093323,-0.093323,0.000000,-0.000000,0.750195,-0.225058,0.005278,-0.005278,0.000000,-0.000000,3.549088,3.958022,3.753555,0.500000,0.500000
97878,Jacy,ZAG,294,CFC,6,45,45,casa,293,CAP,2026-09-11 21:00:00,27,0.050574,0.404594,0.023968,0.119842,0.000000,0.000000,0.114763,0.137716,0.326396,0.261117,0.487237,0.243619,0.000000,0.000000,0.041178,-0.004118,1.517819,2.276729,0.012828,0.064140,0.000000,0.000000,0.000000,0.000000,0.015676,-0.047027,0.000000,-0.000000,0.126467,-0.126467,0.000000,-0.000000,0.723661,-0.217098,0.000000,-0.000000,0.000000,-0.000000,3.113046,4.372779,3.742913,0.500000,0.500000
97653,Murilo,ZAG,275,PAL,7,95,85,casa,276,SAO,2026-09-12 18:30:00,27,0.049911,0.399290,0.024344,0.121720,0.000000,0.000000,0.114923,0.137908,0.406372,0.325098,0.402154,0.201077,0.000000,0.000000,0.000000,-0.000000,1.415853,2.123779,0.127232,0.636158,0.000000,0.000000,0.000000,0.000000,0.020676,-0.062027,0.000000,-0.000000,0.221926,-0.221926,0.000000,-0.000000,0.778709,-0.233613,0.000000,-0.000000,0.000000,-0.000000,3.427463,3.994576,3.711019,0.500000,0.500000
124483,Lucas Monzón,ZAG,263,BOT,6,45,45,casa,280,RBB,2026-09-12 20:30:00,27,0.050254,0.402032,0.020646,0.103232,0.000000,0.000000,0.084745,0.101694,0.128737,0.102990,0.382172,0.191086,0.000000,0.000000,0.000000,-0.000000,0.892382,1.338572,0.450000,2.250000,0.000000,0.000000,0.000000,0.000000,0.048690,-0.146071,0.000000,-0.000000,0.172493,-0.172493,0.000000,-0.000000,0.839672,-0.251902,0.000000,-0.000000,0.000000,-0.000000,3.919141,3.487432,3.703286,0.500000,0.500000
92087,Lyanco,ZAG,282,CAM,6,45,45,casa,266,FLU,2026-09-12 16:00:00,27,0.049837,0.398698,0.033256,0.166282,0.000000,0.000000,0.090823,0.108987,0.270453,0.216362,0.460739,0.230370,0.000000,0.000000,0.000000,-0.000000,1.084552,1.626828,0.151349,0.756747,0.000000,0.000000,0.000000,0.000000,0.029266,-0.087798,0.000000,-0.000000,0.220605,-0.220605,0.000000,-0.000000,0.692093,-0.207628,0.000000,-0.000000,0.000000,-0.000000,2.988243,4.329165,3.658704,0.500000,0.500000
101995,Brítez,ZAG,287,VIT,6,45,45,fora,2305,MIR,2026-09-13 16:00:00,27,0.043020,0.344161,0.006480,0.032398,0.000000,0.000000,0.088190,0.105828,0.376031,0.300825,0.476041,0.238020,0.000000,0.000000,0.000000,-0.000000,1.010286,1.515430,0.524869,2.624344,0.000000,0.000000,0.000000,0.000000,0.064544,-0.193631,0.000000,-0.000000,0.140459,-0.140459,0.000000,-0.000000,0.561184,-0.168355,0.012277,-0.012277,0.000000,-0.000000,4.646284,2.648547,3.647415,0.500000,0.500000
91772,David Duarte,ZAG,265,BAH,7,95,85,casa,364,REM,2026-09-14 20:00:00,27,0.049230,0.393842,0.025465,0.127323,0.000000,0.000000,0.108657,0.130388,0.336681,0.269345,0.439456,0.219728,0.000000,0.000000,0.000063,-0.000006,1.182561,1.773842,0.177360,0.886801,0.000000,0.000000,0.000000,0.000000,0.007222,-0.021667,0.000000,-0.000000,0.234560,-0.234560,0.000000,-0.000000,0.750811,-0.225243,0.000000,-0.000000,0.000000,-0.000000,3.319792,3.970852,3.645322,0.500000,0.500000
78855,Thiago Santos,ZAG,294,CFC,6,45,45,casa,293,CAP,2026-09-11 21:00:00,27,0.049938,0.399505,0.030053,0.150266,0.000000,0.000000,0.104343,0.125211,0.410112,0.328090,0.506332,0.253166,0.000000,0.000000,0.000000,-0.000000,1.583103,2.374655,0.025227,0.126133,0.000000,0.000000,0.000000,0.000000,0.018653,-0.055958,0.000000,-0.000000,0.155734,-0.155734,0.000000,-0.000000,0.947366,-0.284210,0.000000,-0.000000,0.000000,-0.000000,3.261125,4.004144,3.632634,0.500000,0.500000
111309,Gustavo Martins,ZAG,284,GRE,7,95,85,casa,267,VAS,2026-09-12 16:00:00,27,0.037434,0.299468,0.023352,0.116762,0.000000,0.000000,0.112814,0.135376,0.185830,0.148664,0.509983,0.254992,0.000000,0.000000,0.000627,-0.000063,1.368059,2.052089,0.018297,0.091484,0.000000,0.000000,0.000000,0.000000,0.000000,-0.000000,0.000000,-0.000000,0.148981,-0.148981,0.000000,-0.000000,1.401487,-0.420446,0.000000,-0.000000,0.000000,-0.000000,2.529346,4.659745,3.594545,0.500000,0.500000
98484,Kanu,ZAG,265,BAH,6,45,45,casa,364,REM,2026-09-14 20:00:00,27,0.054689,0.437512,0.027739,0.138693,0.000000,0.000000,0.078036,0.093644,0.150361,0.120289,0.381355,0.190678,0.000000,0.000000,0.247500,-0.024750,0.842825,1.264237,0.302500,1.512500,0.000000,0.000000,0.000000,0.000000,0.000000,-0.000000,0.000000,-0.000000,0.023731,-0.023731,0.000000,-0.000000,0.927212,-0.278164,0.000000,-0.000000,0.000000,-0.000000,3.430907,3.744840,3.587873,0.500000,0.500000
146430,Justino,ZAG,263,BOT,7,95,85,casa,280,RBB,2026-09-12 20:30:00,27,0.047090,0.376717,0.013384,0.066918,0.333333,1.000000,0.096244,0.115493,0.348238,0.278590,0.518020,0.259010,0.000000,0.000000,0.000000,-0.000000,1.047650,1.571475,0.074869,0.374344,0.000000,0.000000,0.000000,0.000000,0.002273,-0.006818,0.000000,-0.000000,0.077372,-0.077372,0.000000,-0.000000,1.073354,-0.322006,0.000000,-0.000000,0.000000,-0.000000,3.636350,3.510180,3.573265,0.500000,0.500000
115537,Marcos Victor,ZAG,265,BAH,6,45,45,casa,364,REM,2026-09-14 20:00:00,27,0.047447,0.379576,0.022059,0.110293,0.000000,0.000000,0.086393,0.103672,0.439741,0.351792,0.352915,0.176457,0.000000,0.000000,0.000000,-0.000000,1.089642,1.634463,0.247500,1.237500,0.000000,0.000000,0.000000,0.000000,0.000000,-0.000000,0.000000,-0.000000,0.157587,-0.157587,0.000000,-0.000000,0.562506,-0.168752,0.000000,-0.000000,0.000000,-0.000000,3.667415,3.432375,3.549895,0.500000,0.500000
89493,Igor Rabello,ZAG,266,FLU,7,95,85,fora,282,CAM,2026-09-12 16:00:00,27,0.035194,0.281556,0.000000,0.000000,0.000000,0.000000,0.094562,0.113474,0.130223,0.104179,0.430903,0.215451,0.000000,0.000000,0.000000,-0.000000,1.247919,1.871879,0.550000,2.750000,0.000000,0.000000,0.000000,0.000000,0.022655,-0.067965,0.000000,-0.000000,0.342806,-0.342806,0.000000,-0.000000,0.885786,-0.265736,0.010893,-0.010893,0.000000,-0.000000,4.649140,2.413052,3.531096,0.500000,0.500000
85626,Léo,ZAG,293,CAP,6,45,45,fora,294,CFC,2026-09-11 21:00:00,27,0.039392,0.315133,0.005567,0.027836,0.000000,0.000000,0.087795,0.105354,0.271826,0.217461,0.409465,0.204733,0.000000,0.000000,0.000000,-0.000000,1.123511,1.685267,0.550000,2.750000,0.000000,0.000000,0.000000,0.000000,0.027796,-0.083387,0.000000,-0.000000,0.081968,-0.081968,0.000000,-0.000000,0.906879,-0.272064,0.000893,-0.000893,0.000000,-0.000000,4.867471,2.125090,3.496281,0.500000,0.500000
97900,Vitão,ZAG,262,FLA,6,45,45,casa,264,COR,2026-09-13 17:30:00,27,0.052822,0.422577,0.027657,0.138284,0.000000,0.000000,0.088586,0.106303,0.137592,0.110074,0.363769,0.181885,0.000000,0.000000,0.000000,-0.000000,0.975826,1.463738,0.242015,1.210075,0.000000,0.000000,0.000000,0.000000,0.030080,-0.090241,0.000000,-0.000000,0.067877,-0.067877,0.000000,-0.000000,0.977646,-0.293294,0.000000,-0.000000,0.000000,-0.000000,3.181523,3.696866,3.439195,0.500000,0.500000
104994,Wagner Leonardo,ZAG,284,GRE,6,45,45,casa,267,VAS,2026-09-12 16:00:00,27,0.056235,0.449882,0.026192,0.130959,0.000000,0.000000,0.087219,0.104663,0.188390,0.150712,0.320576,0.160288,0.000000,0.000000,0.022648,-0.002265,0.984484,1.476726,0.063826,0.319128,0.000000,0.000000,0.000000,0.000000,0.002500,-0.007500,0.000000,-0.000000,0.202008,-0.202008,0.000000,-0.000000,0.965558,-0.289667,0.073995,-0.073995,0.000000,-0.000000,2.216922,4.653675,3.435299,0.500000,0.500000
109127,Tiago Cóser,ZAG,294,CFC,6,45,45,casa,293,CAP,2026-09-11 21:00:00,27,0.046237,0.369893,0.029980,0.149900,0.000000,0.000000,0.113705,0.136446,0.470084,0.376067,0.450404,0.225202,0.000000,0.000000,0.000000,-0.000000,1.270110,1.905165,0.025123,0.125617,0.000000,0.000000,0.000000,0.000000,0.027025,-0.081074,0.000000,-0.000000,0.169623,-0.169623,0.000000,-0.000000,1.062885,-0.318865,0.000000,-0.000000,0.000000,-0.000000,2.718727,4.105952,3.412340,0.500000,0.500000
63354,Rodrigo Moledo,ZAG,294,CFC,6,45,45,casa,293,CAP,2026-09-11 21:00:00,27,0.046066,0.368527,0.007717,0.038583,0.000000,0.000000,0.090136,0.108163,0.306664,0.245331,0.424018,0.212009,0.000000,0.000000,0.000000,-0.000000,0.963500,1.445250,0.074869,0.374344,0.000000,0.000000,0.000000,0.000000,0.000000,-0.000000,0.000000,-0.000000,0.057036,-0.057036,0.000000,-0.000000,0.928755,-0.278626,0.000000,-0.000000,0.000000,-0.000000,2.456545,4.322938,3.389741,0.500000,0.500000
102340,Cacá,ZAG,287,VIT,7,95,85,fora,2305,MIR,2026-09-13 16:00:00,27,0.048811,0.390487,0.031372,0.156859,0.000000,0.000000,0.095225,0.114269,0.362059,0.289647,0.441923,0.220961,0.000000,0.000000,0.000000,-0.000000,1.122244,1.683367,0.162232,0.811160,0.000000,0.000000,0.000000,0.000000,0.000000,-0.000000,0.000000,-0.000000,0.191245,-0.191245,0.000000,-0.000000,0.610036,-0.183011,0.030568,-0.030568,0.000000,-0.000000,3.261926,3.487585,3.374755,0.500000,0.500000
106313,Domingos Duarte,ZAG,276,SAO,7,95,85,fora,275,PAL,2026-09-12 18:30:00,27,0.035748,0.285988,0.000000,0.000000,0.000000,0.000000,0.101629,0.121954,0.040617,0.032493,0.516966,0.258483,0.000000,0.000000,0.000000,-0.000000,1.378688,2.068031,0.450000,2.250000,0.000000,0.000000,0.000000,0.000000,0.046703,-0.140108,0.000000,-0.000000,0.294775,-0.294775,0.000000,-0.000000,1.182625,-0.354787,0.004825,-0.004825,0.000000,-0.000000,4.222455,2.501389,3.361922,0.500000,0.500000
63008,Rafael Tolói,ZAG,276,SAO,6,45,45,fora,275,PAL,2026-09-12 18:30:00,27,0.044176,0.353409,0.017504,0.087522,0.000000,0.000000,0.085745,0.102893,0.418528,0.334822,0.513231,0.256616,0.000000,0.000000,0.000000,-0.000000,1.065696,1.598544,0.297828,1.489142,0.000000,0.000000,0.000000,0.000000,0.013333,-0.040000,0.000000,-0.000000,0.195310,-0.195310,0.000000,-0.000000,0.903225,-0.270967,0.102547,-0.102547,0.000000,-0.000000,3.614123,3.025794,3.319959,0.500000,0.500000
130307,Wallace,ZAG,284,GRE,7,95,85,casa,267,VAS,2026-09-12 16:00:00,27,0.047308,0.378461,0.017521,0.087607,0.000000,0.000000,0.087251,0.104701,0.164217,0.131374,0.482719,0.241360,0.000000,0.000000,0.000000,-0.000000,1.066304,1.599456,0.000000,0.000000,0.000000,0.000000,0.000000,0.000000,0.005556,-0.016667,0.000000,-0.000000,0.278072,-0.278072,0.000000,-0.000000,0.764979,-0.229494,0.000000,-0.000000,0.000000,-0.000000,2.018727,4.492054,3.255390,0.500000,0.500000
78248,Gustavo Henrique,ZAG,264,COR,7,95,85,fora,262,FLA,2026-09-13 17:30:00,27,0.042430,0.339437,0.006786,0.033928,0.000000,0.000000,0.112935,0.135523,0.242000,0.193600,0.393108,0.196554,0.000000,0.000000,0.000000,-0.000000,1.099815,1.649723,0.058569,0.292844,0.000000,0.000000,0.000000,0.000000,0.040276,-0.120829,0.000000,-0.000000,0.289595,-0.289595,0.000000,-0.000000,0.554815,-0.166444,0.000000,-0.000000,0.000000,-0.000000,2.264740,4.149825,3.207282,0.500000,0.500000
71227,Maicon,ZAG,294,CFC,6,45,45,casa,293,CAP,2026-09-11 21:00:00,27,0.057751,0.462009,0.031966,0.159828,0.000000,0.000000,0.092046,0.110455,0.139481,0.111585,0.320589,0.160295,0.000000,0.000000,0.450000,-0.045000,1.035893,1.553840,0.048158,0.240790,0.000000,0.000000,0.000000,0.000000,0.000000,-0.000000,0.000000,-0.000000,0.136344,-0.136344,0.000000,-0.000000,1.028570,-0.308571,0.034485,-0.034485,0.000000,-0.000000,2.274403,4.116550,3.195476,0.500000,0.500000
97460,João Victor,ZAG,2305,MIR,3,45,45,casa,287,VIT,2026-09-13 16:00:00,27,0.046944,0.375556,0.018595,0.092977,0.000000,0.000000,0.116556,0.139867,0.385353,0.308282,0.362521,0.181261,0.000000,0.000000,0.078637,-0.007864,1.517358,2.276036,0.003768,0.018840,0.000000,0.000000,0.000000,0.000000,0.006071,-0.018214,0.000000,-0.000000,0.253586,-0.253586,0.000000,-0.000000,0.535471,-0.160641,0.000000,-0.000000,0.000000,-0.000000,2.952513,3.409042,3.180778,0.500000,0.500000
125488,João Pedro,ZAG,264,COR,6,45,45,fora,262,FLA,2026-09-13 17:30:00,27,0.038917,0.311334,0.005747,0.028733,0.000000,0.000000,0.090977,0.109173,0.336973,0.269579,0.524738,0.262369,0.000000,0.000000,0.000000,-0.000000,0.953710,1.430564,0.136125,0.680625,0.000000,0.000000,0.000000,0.000000,0.026797,-0.080390,0.000000,-0.000000,0.141987,-0.141987,0.000000,-0.000000,0.546606,-0.163982,0.000000,-0.000000,0.000000,-0.000000,2.706019,3.638607,3.172313,0.500000,0.500000
102310,Matheus Felipe,ZAG,364,REM,6,45,45,fora,265,BAH,2026-09-14 20:00:00,27,0.044882,0.359057,0.013600,0.068002,0.000000,0.000000,0.080334,0.096401,0.202572,0.162057,0.382739,0.191369,0.000000,0.000000,0.000000,-0.000000,0.948710,1.423065,0.550000,2.750000,0.000000,0.000000,0.000000,0.000000,0.007479,-0.022436,0.000000,-0.000000,0.232835,-0.232835,0.000000,-0.000000,1.140772,-0.342232,0.021163,-0.021163,0.000000,-0.000000,4.431286,1.892552,3.161919,0.500000,0.500000
69783,Danilo,ZAG,262,FLA,6,45,45,casa,264,COR,2026-09-13 17:30:00,27,0.053236,0.425886,0.026684,0.133419,0.000000,0.000000,0.086720,0.104064,0.169383,0.135506,0.357086,0.178543,0.000000,0.000000,0.000000,-0.000000,1.059788,1.589682,0.074869,0.374344,0.000000,0.000000,0.000000,0.000000,0.011111,-0.033333,0.000000,-0.000000,0.130951,-0.130951,0.000000,-0.000000,0.532874,-0.159862,0.000000,-0.000000,0.000000,-0.000000,2.617298,3.677992,3.147645,0.500000,0.500000
110750,Gustavo Marques,ZAG,280,RBB,7,95,85,fora,263,BOT,2026-09-12 20:30:00,27,0.037215,0.297718,0.018273,0.091364,0.000000,0.000000,0.119225,0.143070,0.471009,0.376807,0.583015,0.291507,0.000000,0.000000,0.006851,-0.000685,1.375558,2.063337,0.196916,0.984578,0.000000,0.000000,0.000000,0.000000,0.012756,-0.038269,0.000000,-0.000000,0.109303,-0.109303,0.000000,-0.000000,1.094828,-0.328448,0.021369,-0.021369,0.000000,-0.000000,3.750308,2.538936,3.144622,0.500000,0.500000
101393,Eduardo Doma,ZAG,315,CHA,7,95,85,casa,285,INT,2026-09-12 17:00:00,27,0.053138,0.425106,0.033161,0.165803,0.000000,0.000000,0.107909,0.129491,0.189846,0.151877,0.333599,0.166799,0.000000,0.000000,0.000000,-0.000000,1.282540,1.923810,0.136157,0.680783,0.000000,0.000000,0.000000,0.000000,0.018403,-0.055208,0.000000,-0.000000,0.269375,-0.269375,0.000000,-0.000000,0.443667,-0.133100,0.000000,-0.000000,0.000000,-0.000000,3.185985,3.086760,3.136373,0.500000,0.500000
118655,Saldivia,ZAG,267,VAS,6,45,45,fora,284,GRE,2026-09-12 16:00:00,27,0.043184,0.345473,0.013968,0.069841,0.000000,0.000000,0.097094,0.116513,0.213922,0.171138,0.535185,0.267593,0.000000,0.000000,0.000000,-0.000000,1.165428,1.748142,0.450000,2.250000,0.000000,0.000000,0.000000,0.000000,0.000000,-0.000000,0.000000,-0.000000,0.140528,-0.140528,0.000000,-0.000000,1.375696,-0.412709,0.028050,-0.028050,0.000000,-0.000000,4.387412,1.867144,3.127278,0.500000,0.500000
124219,Millán,ZAG,266,FLU,7,95,85,fora,282,CAM,2026-09-12 16:00:00,27,0.047156,0.377249,0.016055,0.080274,0.000000,0.000000,0.085422,0.102506,0.077941,0.062353,0.373480,0.186740,0.000000,0.000000,0.000000,-0.000000,0.857369,1.286053,0.450000,2.250000,0.000000,0.000000,0.000000,0.000000,0.011993,-0.035978,0.000000,-0.000000,0.136081,-0.136081,0.000000,-0.000000,0.801263,-0.240379,0.046688,-0.046688,0.000000,-0.000000,3.886050,2.328807,3.107428,0.500000,0.500000
100804,Tchamba,ZAG,364,REM,7,95,85,fora,265,BAH,2026-09-14 20:00:00,27,0.038361,0.306888,0.003063,0.015316,0.000000,0.000000,0.115052,0.138062,0.208919,0.167135,0.571737,0.285869,0.000000,0.000000,0.001140,-0.000114,1.534872,2.302308,0.041523,0.207613,0.000000,0.000000,0.000000,0.000000,0.002945,-0.008836,0.000000,-0.000000,0.238588,-0.238588,0.000000,-0.000000,0.684632,-0.205390,0.055524,-0.055524,0.000000,-0.000000,2.914739,3.289337,3.102038,0.500000,0.500000
150825,Breno,ZAG,280,RBB,6,45,45,fora,263,BOT,2026-09-12 20:30:00,27,0.043622,0.348978,0.013860,0.069302,0.000000,0.000000,0.082132,0.098559,0.123865,0.099092,0.477748,0.238874,0.000000,0.000000,0.000000,-0.000000,0.862648,1.293972,0.450000,2.250000,0.000000,0.000000,0.000000,0.000000,0.009545,-0.028636,0.000000,-0.000000,0.151075,-0.151075,0.000000,-0.000000,0.992559,-0.297768,0.022859,-0.022859,0.000000,-0.000000,3.898440,2.171292,3.034866,0.500000,0.500000
97095,Carlos Cuesta,ZAG,267,VAS,7,95,85,fora,284,GRE,2026-09-12 16:00:00,27,0.052909,0.423272,0.020886,0.104431,0.000000,0.000000,0.088867,0.106640,0.193130,0.154504,0.420316,0.210158,0.000000,0.000000,0.000000,-0.000000,1.010872,1.516308,0.044946,0.224729,0.000000,0.000000,0.000000,0.000000,0.000000,-0.000000,0.000000,-0.000000,0.177759,-0.177759,0.000000,-0.000000,0.809797,-0.242939,0.001786,-0.001786,0.000000,-0.000000,2.317559,3.717315,3.017437,0.500000,0.500000
92182,Juninho,ZAG,285,INT,6,45,45,fora,315,CHA,2026-09-12 17:00:00,27,0.041273,0.330182,0.019980,0.099900,0.000000,0.000000,0.091507,0.109809,0.160530,0.128424,0.433453,0.216727,0.000000,0.000000,0.000000,-0.000000,1.048967,1.573450,0.398849,1.994247,0.000000,0.000000,0.000000,0.000000,0.011544,-0.034631,0.000000,-0.000000,0.138504,-0.138504,0.000000,-0.000000,0.723245,-0.216974,0.027530,-0.027530,0.000000,-0.000000,4.035099,1.988914,3.012007,0.500000,0.500000
101908,Willian Machado,ZAG,2305,MIR,7,95,85,casa,287,VIT,2026-09-13 16:00:00,27,0.053267,0.426138,0.031529,0.157646,0.000000,0.000000,0.106402,0.127682,0.216447,0.173158,0.357509,0.178754,0.000000,0.000000,0.000000,-0.000000,1.377397,2.066095,0.012456,0.062281,0.000000,0.000000,0.000000,0.000000,0.012292,-0.036875,0.000000,-0.000000,0.146100,-0.146100,0.000000,-0.000000,0.747066,-0.224120,0.000000,-0.000000,0.000000,-0.000000,2.784661,3.211633,2.998147,0.500000,0.500000
87342,Kannemann,ZAG,284,GRE,6,45,45,casa,267,VAS,2026-09-12 16:00:00,27,0.058247,0.465974,0.031966,0.159828,0.000000,0.000000,0.074795,0.089754,0.138627,0.110901,0.299624,0.149812,0.000000,0.000000,0.000000,-0.000000,0.955549,1.433323,0.000000,0.000000,0.000000,0.000000,0.000000,0.000000,0.096248,-0.288743,0.000000,-0.000000,0.027511,-0.027511,0.000000,-0.000000,0.583078,-0.174923,0.009028,-0.009028,0.000000,-0.000000,1.909387,3.996410,2.952899,0.500000,0.500000
117330,Robert Renan,ZAG,267,VAS,7,95,85,fora,284,GRE,2026-09-12 16:00:00,27,0.044028,0.352221,0.012058,0.060291,0.000000,0.000000,0.116331,0.139598,0.165868,0.132694,0.376830,0.188415,0.000000,0.000000,0.000000,-0.000000,1.692774,2.539161,0.078637,0.393184,0.000000,0.000000,0.000000,0.000000,0.043471,-0.130412,0.000000,-0.000000,0.282044,-0.282044,0.000000,-0.000000,0.762020,-0.228606,0.000000,-0.000000,0.000000,-0.000000,3.164502,2.727974,2.946238,0.500000,0.500000
123869,Aguirre,ZAG,293,CAP,6,45,45,fora,294,CFC,2026-09-11 21:00:00,27,0.049971,0.399765,0.026698,0.133491,0.000000,0.000000,0.103792,0.124550,0.138084,0.110467,0.364726,0.182363,0.000000,0.000000,0.002072,-0.000207,1.265449,1.898173,0.080278,0.401388,0.000000,0.000000,0.000000,0.000000,0.036219,-0.108656,0.000000,-0.000000,0.268527,-0.268527,0.000000,-0.000000,0.750825,-0.225247,0.014318,-0.014318,0.000000,-0.000000,2.633241,3.142905,2.888073,0.500000,0.500000
142257,Luis Eduardo,ZAG,284,GRE,6,45,45,casa,267,VAS,2026-09-12 16:00:00,27,0.058560,0.468481,0.032531,0.162656,0.000000,0.000000,0.073393,0.088071,0.184777,0.147821,0.298374,0.149187,0.000000,0.000000,0.000000,-0.000000,0.829165,1.243747,0.000000,0.000000,0.000000,0.000000,0.000000,0.000000,0.097716,-0.293149,0.000000,-0.000000,0.108408,-0.108408,0.000000,-0.000000,0.588650,-0.176595,0.009861,-0.009861,0.000000,-0.000000,1.671950,4.040390,2.856170,0.500000,0.500000
96793,Camutanga,ZAG,287,VIT,5,45,45,fora,2305,MIR,2026-09-13 16:00:00,27,0.043365,0.346924,0.023539,0.117696,0.000000,0.000000,0.088663,0.106396,0.161104,0.128883,0.460709,0.230355,0.000000,0.000000,0.000000,-0.000000,1.125148,1.687722,0.204983,1.024917,0.000000,0.000000,0.000000,0.000000,0.024286,-0.072857,0.000000,-0.000000,0.221505,-0.221505,0.000000,-0.000000,0.785215,-0.235564,0.036508,-0.036508,0.000000,-0.000000,3.076457,2.635280,2.855869,0.500000,0.500000
130843,Arthur Dias,ZAG,293,CAP,6,45,45,fora,294,CFC,2026-09-11 21:00:00,27,0.046491,0.371927,0.020446,0.102228,0.000000,0.000000,0.108773,0.130528,0.513803,0.411043,0.545878,0.272939,0.000000,0.000000,0.000005,-0.000001,1.450487,2.175731,0.071443,0.357214,0.000000,0.000000,0.000000,0.000000,0.083312,-0.249936,0.000000,-0.000000,0.348029,-0.348029,0.000000,-0.000000,1.017487,-0.305246,0.000000,-0.000000,0.000000,-0.000000,2.918398,2.774883,2.846641,0.500000,0.500000
72951,Mercado,ZAG,285,INT,7,95,85,fora,315,CHA,2026-09-12 17:00:00,27,0.045324,0.362595,0.018563,0.092817,0.000000,0.000000,0.100015,0.120019,0.191426,0.153140,0.462736,0.231368,0.000000,0.000000,0.006851,-0.000685,1.192894,1.789340,0.253967,1.269837,0.000000,0.000000,0.000000,0.000000,0.000000,-0.000000,0.000000,-0.000000,0.352104,-0.352104,0.000000,-0.000000,0.986286,-0.295886,0.013457,-0.013457,0.000000,-0.000000,3.356984,2.200510,2.778747,0.500000,0.500000
97642,Félix Torres,ZAG,285,INT,6,45,45,fora,315,CHA,2026-09-12 17:00:00,27,0.042354,0.338829,0.009801,0.049007,0.000000,0.000000,0.109975,0.131970,0.320907,0.256726,0.442458,0.221229,0.000000,0.000000,0.012456,-0.001246,1.660275,2.490413,0.079608,0.398042,0.000000,0.000000,0.000000,0.000000,0.018472,-0.055417,0.000000,-0.000000,0.215410,-0.215410,0.000000,-0.000000,1.409380,-0.422814,0.000926,-0.000926,0.000000,-0.000000,3.190404,2.364499,2.777451,0.500000,0.500000
130806,Kauan,ZAG,315,CHA,7,95,85,casa,285,INT,2026-09-12 17:00:00,27,0.054106,0.432847,0.037168,0.185838,0.000000,0.000000,0.081228,0.097473,0.191879,0.153503,0.336153,0.168076,0.000000,0.000000,0.000000,-0.000000,0.928809,1.393213,0.136125,0.680625,0.000000,0.000000,0.000000,0.000000,0.005051,-0.015152,0.000000,-0.000000,0.086864,-0.086864,0.000000,-0.000000,0.906689,-0.272007,0.000000,-0.000000,0.000000,-0.000000,2.737554,2.755113,2.746334,0.500000,0.500000
111246,Alix Vinicius,ZAG,280,RBB,3,45,45,fora,263,BOT,2026-09-12 20:30:00,27,0.047050,0.376402,0.021096,0.105482,0.000000,0.000000,0.105888,0.127066,0.218502,0.174801,0.438005,0.219002,0.000000,0.000000,0.000000,-0.000000,1.131043,1.696564,0.201787,1.008937,0.000000,0.000000,0.000000,0.000000,0.013869,-0.041607,0.000000,-0.000000,0.468091,-0.468091,0.000000,-0.000000,0.678404,-0.203521,0.037522,-0.037522,0.000000,-0.000000,2.957514,2.506603,2.732058,0.500000,0.500000
37715,Thiago Silva,ZAG,266,FLU,6,45,45,fora,282,CAM,2026-09-12 16:00:00,27,0.044094,0.352754,0.013363,0.066817,0.000000,0.000000,0.082683,0.099220,0.152136,0.121708,0.445915,0.222958,0.000000,0.000000,0.000000,-0.000000,0.921565,1.382347,0.247500,1.237500,0.000000,0.000000,0.000000,0.000000,0.010200,-0.030601,0.000000,-0.000000,0.176712,-0.176712,0.000000,-0.000000,1.178397,-0.353519,0.002273,-0.002273,0.000000,-0.000000,2.920200,2.512073,2.716136,0.500000,0.500000
70666,Marllon,ZAG,364,REM,7,95,85,fora,265,BAH,2026-09-14 20:00:00,27,0.052889,0.423114,0.042921,0.214604,0.000000,0.000000,0.102091,0.122509,0.392418,0.313934,0.446818,0.223409,0.000000,0.000000,0.000000,-0.000000,1.233032,1.849547,0.012561,0.062803,0.000000,0.000000,0.000000,0.000000,0.027647,-0.082942,0.000000,-0.000000,0.226932,-0.226932,0.000000,-0.000000,0.505941,-0.151782,0.021429,-0.021429,0.000000,-0.000000,2.726835,2.464873,2.595854,0.500000,0.500000
94514,Lucas Oliveira,ZAG,2305,MIR,6,45,45,casa,287,VIT,2026-09-13 16:00:00,27,0.050815,0.406521,0.019794,0.098969,0.000000,0.000000,0.090914,0.109097,0.215635,0.172508,0.318962,0.159481,0.000000,0.000000,0.008373,-0.000837,1.094584,1.641876,0.074869,0.374344,0.000000,0.000000,0.000000,0.000000,0.003571,-0.010714,0.000000,-0.000000,0.233033,-0.233033,0.000000,-0.000000,0.703758,-0.211128,0.000000,-0.000000,0.000000,-0.000000,2.507083,2.651493,2.579288,0.500000,0.500000
97432,Victor Caetano,ZAG,315,CHA,6,45,45,casa,285,INT,2026-09-12 17:00:00,27,0.056481,0.451848,0.034727,0.173635,0.000000,0.000000,0.082499,0.098999,0.181895,0.145516,0.317141,0.158571,0.000000,0.000000,0.247500,-0.024750,1.055313,1.582970,0.000000,0.000000,0.000000,0.000000,0.000000,0.000000,0.000000,-0.000000,0.000000,-0.000000,0.041597,-0.041597,0.000000,-0.000000,0.512486,-0.153746,0.002778,-0.002778,0.000000,-0.000000,2.388667,2.735527,2.562097,0.500000,0.500000
98617,Maripán,ZAG,285,INT,7,95,85,fora,315,CHA,2026-09-12 17:00:00,27,0.044516,0.356127,0.016651,0.083257,0.000000,0.000000,0.090983,0.109179,0.098024,0.078419,0.441190,0.220595,0.000000,0.000000,0.000000,-0.000000,1.049294,1.573941,0.322369,1.611844,0.000000,0.000000,0.000000,0.000000,0.072760,-0.218279,0.000000,-0.000000,0.225929,-0.225929,0.000000,-0.000000,1.166681,-0.350004,0.022890,-0.022890,0.000000,-0.000000,3.216260,1.866733,2.541496,0.500000,0.500000
132553,Jemmes,ZAG,266,FLU,5,45,45,fora,282,CAM,2026-09-12 16:00:00,27,0.046662,0.373298,0.032467,0.162335,0.000000,0.000000,0.102024,0.122429,0.297406,0.237925,0.517357,0.258679,0.000000,0.000000,0.006851,-0.000685,1.230270,1.845405,0.001434,0.007169,0.000000,0.000000,0.000000,0.000000,0.010237,-0.030710,0.000000,-0.000000,0.267630,-0.267630,0.000000,-0.000000,0.944712,-0.283414,0.046883,-0.046883,0.000000,-0.000000,2.377917,2.599445,2.488681,0.500000,0.500000
90768,Fabrício Bruno,ZAG,283,CRU,7,95,85,fora,277,SAN,2026-09-12 21:00:00,27,0.050337,0.402698,0.031232,0.156161,0.000000,0.000000,0.102752,0.123303,0.186148,0.148919,0.420965,0.210482,0.000000,0.000000,0.000000,-0.000000,1.272073,1.908110,0.137559,0.687794,0.000000,0.000000,0.000000,0.000000,0.041983,-0.125948,0.000000,-0.000000,0.066366,-0.066366,0.000000,-0.000000,0.716046,-0.214814,0.023295,-0.023295,0.000000,-0.000000,3.207044,1.730598,2.468821,0.500000,0.500000
150197,Osorio,ZAG,276,SAO,6,45,45,fora,275,PAL,2026-09-12 18:30:00,27,0.045347,0.362776,0.023315,0.116576,0.000000,0.000000,0.082845,0.099415,0.166116,0.132893,0.458315,0.229157,0.000000,0.000000,0.000000,-0.000000,1.043803,1.565704,0.000000,0.000000,0.000000,0.000000,0.000000,0.000000,0.016944,-0.050833,0.000000,-0.000000,0.182533,-0.182533,0.000000,-0.000000,1.142548,-0.342764,0.027639,-0.027639,0.000000,-0.000000,1.902751,2.980525,2.441638,0.500000,0.500000
106434,Eduardo Santos,ZAG,280,RBB,6,45,45,fora,263,BOT,2026-09-12 20:30:00,27,0.048493,0.387940,0.018069,0.090347,0.333333,1.000000,0.077380,0.092856,0.148618,0.118894,0.366986,0.183493,0.000000,0.000000,0.000000,-0.000000,0.859299,1.288948,0.000000,0.000000,0.000000,0.000000,0.000000,0.000000,0.000000,-0.000000,0.000000,-0.000000,0.143697,-0.143697,0.000000,-0.000000,0.616603,-0.184981,0.015707,-0.015707,0.000000,-0.000000,2.818093,2.037704,2.427899,0.500000,0.500000
115141,Lucas Freitas,ZAG,267,VAS,6,45,45,fora,284,GRE,2026-09-12 16:00:00,27,0.036538,0.292304,0.003491,0.017454,0.000000,0.000000,0.088653,0.106383,0.394013,0.315211,0.476018,0.238009,0.000000,0.000000,0.000000,-0.000000,0.806503,1.209754,0.247500,1.237500,0.000000,0.000000,0.000000,0.000000,0.076440,-0.229321,0.000000,-0.000000,0.046546,-0.046546,0.000000,-0.000000,0.696772,-0.209031,0.003125,-0.003125,0.000000,-0.000000,2.928591,1.862554,2.395573,0.500000,0.500000
107453,João Paulo,ZAG,315,CHA,5,45,45,casa,285,INT,2026-09-12 17:00:00,27,0.044677,0.357414,0.024079,0.120395,0.000000,0.000000,0.089122,0.106946,0.411802,0.329441,0.433755,0.216877,0.000000,0.000000,0.000000,-0.000000,1.081850,1.622775,0.000000,0.000000,0.000000,0.000000,0.000000,0.000000,0.004773,-0.014318,0.000000,-0.000000,0.178295,-0.178295,0.000000,-0.000000,1.155216,-0.346565,0.000000,-0.000000,0.000000,-0.000000,2.214672,2.514311,2.364492,0.500000,0.500000
148124,Vinicius,ZAG,315,CHA,5,45,45,casa,285,INT,2026-09-12 17:00:00,27,0.057302,0.458417,0.031595,0.157974,0.000000,0.000000,0.074527,0.089432,0.114117,0.091293,0.303193,0.151597,0.000000,0.000000,0.000000,-0.000000,0.904585,1.356878,0.000000,0.000000,0.000000,0.000000,0.000000,0.000000,0.019733,-0.059199,0.000000,-0.000000,0.031708,-0.031708,0.000000,-0.000000,0.443671,-0.133101,0.000000,-0.000000,0.000000,-0.000000,2.081582,2.620053,2.350817,0.500000,0.500000
105842,Edu,ZAG,287,VIT,5,45,45,fora,2305,MIR,2026-09-13 16:00:00,27,0.048404,0.387233,0.019472,0.097360,0.000000,0.000000,0.075253,0.090303,0.148749,0.118999,0.368027,0.184013,0.000000,0.000000,0.000000,-0.000000,0.932775,1.399163,0.000000,0.000000,0.000000,0.000000,0.000000,0.000000,0.000000,-0.000000,0.000000,-0.000000,0.172162,-0.172162,0.000000,-0.000000,0.593453,-0.178036,0.003750,-0.003750,0.000000,-0.000000,1.923123,2.717578,2.320350,0.500000,0.500000
117061,Gabriel Knesowitsch,ZAG,2305,MIR,7,95,85,casa,287,VIT,2026-09-13 16:00:00,27,0.059198,0.473581,0.033035,0.165173,0.000000,0.000000,0.076515,0.091819,0.207832,0.166266,0.295704,0.147852,0.000000,0.000000,0.000000,-0.000000,0.877688,1.316533,0.000000,0.000000,0.000000,0.000000,0.000000,0.000000,0.079006,-0.237019,0.000000,-0.000000,0.028819,-0.028819,0.000000,-0.000000,0.547727,-0.164318,0.018988,-0.018988,0.000000,-0.000000,1.912078,2.637269,2.274674,0.500000,0.500000
111466,Victor Gabriel,ZAG,285,INT,3,45,45,fora,315,CHA,2026-09-12 17:00:00,27,0.054394,0.435153,0.024267,0.121337,0.000000,0.000000,0.091095,0.109314,0.182798,0.146238,0.454821,0.227410,0.000000,0.000000,0.000000,-0.000000,1.111130,1.666694,0.050101,0.250506,0.000000,0.000000,0.000000,0.000000,0.014545,-0.043636,0.333333,-1.000000,0.110150,-0.110150,0.000000,-0.000000,1.028791,-0.308637,0.000000,-0.000000,0.000000,-0.000000,1.494230,3.001036,2.247633,0.500000,0.500000
83048,Rafael Thyere,ZAG,315,CHA,6,45,45,casa,285,INT,2026-09-12 17:00:00,27,0.058002,0.464018,0.032051,0.160255,0.000000,0.000000,0.075045,0.090054,0.138627,0.110901,0.300804,0.150402,0.000000,0.000000,0.000000,-0.000000,0.965738,1.448608,0.000000,0.000000,0.000000,0.000000,0.000000,0.000000,0.049225,-0.147676,0.000000,-0.000000,0.273004,-0.273004,0.000000,-0.000000,0.325596,-0.097679,0.006349,-0.006349,0.000000,-0.000000,1.899530,2.570382,2.234956,0.500000,0.500000
106593,Villalba,ZAG,283,CRU,2,45,45,fora,277,SAN,2026-09-12 21:00:00,27,0.043758,0.350066,0.026403,0.132015,0.000000,0.000000,0.099562,0.119474,0.195928,0.156743,0.391141,0.195570,0.000000,0.000000,0.002072,-0.000207,1.205633,1.808450,0.047018,0.235091,0.000000,0.000000,0.000000,0.000000,0.003571,-0.010714,0.000000,-0.000000,0.044702,-0.044702,0.000000,-0.000000,0.666210,-0.199863,0.008218,-0.008218,0.000000,-0.000000,2.733705,1.699972,2.216839,0.500000,0.500000
91866,Zé Ivaldo,ZAG,364,REM,6,45,45,fora,265,BAH,2026-09-14 20:00:00,27,0.045730,0.365839,0.022829,0.114146,0.000000,0.000000,0.087358,0.104830,0.101296,0.081037,0.443841,0.221921,0.000000,0.000000,0.000000,-0.000000,1.030893,1.546339,0.136125,0.680625,0.000000,0.000000,0.000000,0.000000,0.000000,-0.000000,0.000000,-0.000000,0.301141,-0.301141,0.000000,-0.000000,0.804498,-0.241349,0.047668,-0.047668,0.000000,-0.000000,2.524578,1.850297,2.187438,0.500000,0.500000
100342,Léo Andrade,ZAG,364,REM,6,45,45,fora,265,BAH,2026-09-14 20:00:00,27,0.045064,0.360512,0.016097,0.080486,0.000000,0.000000,0.083018,0.099621,0.206536,0.165229,0.414091,0.207045,0.000000,0.000000,0.000000,-0.000000,1.184421,1.776631,0.000000,0.000000,0.000000,0.000000,0.000000,0.000000,0.002273,-0.006818,0.000000,-0.000000,0.113244,-0.113244,0.000000,-0.000000,0.925843,-0.277753,0.011706,-0.011706,0.000000,-0.000000,2.280004,2.003161,2.141583,0.500000,0.500000
124912,Jonathan Jesus,ZAG,283,CRU,5,45,45,fora,277,SAN,2026-09-12 21:00:00,27,0.044500,0.355997,0.014843,0.074214,0.000000,0.000000,0.105262,0.126315,0.121106,0.096885,0.471137,0.235568,0.000000,0.000000,0.002072,-0.000207,1.430680,2.146019,0.075840,0.379202,0.000000,0.000000,0.000000,0.000000,0.026617,-0.079851,0.000000,-0.000000,0.309591,-0.309591,0.000000,-0.000000,0.927287,-0.278186,0.000000,-0.000000,0.000000,-0.000000,2.746364,1.440734,2.093549,0.500000,0.500000
123445,Dantas,ZAG,293,CAP,6,45,45,fora,294,CFC,2026-09-11 21:00:00,27,0.045202,0.361614,0.020535,0.102677,0.000000,0.000000,0.082765,0.099318,0.154580,0.123664,0.432109,0.216054,0.000000,0.000000,0.000000,-0.000000,1.063932,1.595899,0.000000,0.000000,0.000000,0.000000,0.000000,0.000000,0.001923,-0.005769,0.000000,-0.000000,0.164821,-0.164821,0.000000,-0.000000,0.973755,-0.292126,0.024841,-0.024841,0.000000,-0.000000,2.011669,1.931928,1.971798,0.500000,0.500000
105047,João Marcelo,ZAG,283,CRU,7,95,85,fora,277,SAN,2026-09-12 21:00:00,27,0.044351,0.354806,0.006884,0.034419,0.000000,0.000000,0.092859,0.111430,0.086416,0.069133,0.545767,0.272884,0.000000,0.000000,0.000000,-0.000000,1.171986,1.757979,0.006851,0.034255,0.000000,0.000000,0.000000,0.000000,0.014167,-0.042500,0.000000,-0.000000,0.383739,-0.383739,0.000000,-0.000000,1.116300,-0.334890,0.035880,-0.035880,0.000000,-0.000000,1.837896,1.877275,1.857586,0.500000,0.500000
