atleta_id,apelido,posicao,clube_id,sigla_clube,status_id,titularidade_pre_rodada,minutos_esperados_pre_rodada,mando,adversario_id,sigla_adversario,data_partida,rodada,scout_esperado_G,contrib_pontos_G,scout_esperado_A,contrib_pontos_A,scout_esperado_FT,contrib_pontos_FT,scout_esperado_FD,contrib_pontos_FD,scout_esperado_FF,contrib_pontos_FF,scout_esperado_FS,contrib_pontos_FS,scout_esperado_PS,contrib_pontos_PS,scout_esperado_I,contrib_pontos_I,scout_esperado_DS,contrib_pontos_DS,scout_esperado_SG,contrib_pontos_SG,scout_esperado_DP,contrib_pontos_DP,scout_esperado_DE,contrib_pontos_DE,scout_esperado_GC,contrib_pontos_GC,scout_esperado_CV,contrib_pontos_CV,scout_esperado_CA,contrib_pontos_CA,scout_esperado_GS,contrib_pontos_GS,scout_esperado_FC,contrib_pontos_FC,scout_esperado_PC,contrib_pontos_PC,scout_esperado_PP,contrib_pontos_PP,v3s_expected_scouts,direta_rf_lab,v3h_hibrido,alpha_v3s,alpha_rf_direto
98873,Samuel Lino,ATA,262,FLA,3,45,45,casa,280,RBB,2026-09-20 18:30:00,28,1.000000,8.000000,0.000000,0.000000,0.270148,0.810443,1.169497,1.403397,1.416306,1.133045,2.010940,1.005470,0.000000,0.000000,0.177410,-0.017741,2.589907,3.884860,0.000000,0.000000,0.000000,0.000000,0.000000,0.000000,0.000000,-0.000000,0.000000,-0.000000,0.333333,-0.333333,0.000000,-0.000000,1.666667,-0.500000,0.000000,-0.000000,0.000000,-0.000000,15.386140,7.935229,11.660684,0.500000,0.500000
130209,Renê,ATA,287,VIT,7,95,85,casa,283,CRU,2026-09-20 16:00:00,28,1.000000,8.000000,0.000000,0.000000,0.003768,0.011304,1.048569,1.258283,1.070332,0.856265,2.423112,1.211556,0.000000,0.000000,0.697604,-0.069760,1.237884,1.856825,0.000000,0.000000,0.000000,0.000000,0.000000,0.000000,0.000000,-0.000000,0.000000,-0.000000,0.000000,-0.000000,0.000000,-0.000000,0.666667,-0.200000,0.000000,-0.000000,0.000000,-0.000000,12.924473,8.158350,10.541411,0.500000,0.500000
98909,Cuello,ATA,282,CAM,7,95,85,casa,315,CHA,2026-09-19 16:00:00,28,1.000000,8.000000,0.333333,1.666667,0.003220,0.009661,0.092312,0.110774,0.826918,0.661535,1.826018,0.913009,0.000000,0.000000,0.581289,-0.058129,1.143886,1.715829,0.000000,0.000000,0.000000,0.000000,0.000000,0.000000,0.000000,-0.000000,0.000000,-0.000000,0.333333,-0.333333,0.000000,-0.000000,1.000000,-0.300000,0.000000,-0.000000,0.000000,-0.000000,12.386012,7.750578,10.068295,0.500000,0.500000
90302,Pedro Rocha,ATA,294,CFC,7,95,85,fora,267,VAS,2026-09-19 20:30:00,28,1.000000,8.000000,0.000000,0.000000,0.247500,0.742500,1.629992,1.955990,0.969258,0.775406,1.163460,0.581730,0.000000,0.000000,0.481474,-0.048147,1.100512,1.650767,0.000000,0.000000,0.000000,0.000000,0.000000,0.000000,0.000000,-0.000000,0.006851,-0.020553,0.000000,-0.000000,0.000000,-0.000000,1.666667,-0.500000,0.000000,-0.000000,0.000000,-0.000000,13.137694,4.857711,8.997703,0.500000,0.500000
143193,Viveros,ATA,293,CAP,3,45,45,casa,265,BAH,2026-09-20 19:30:00,28,1.000000,8.000000,0.000000,0.000000,0.023788,0.071363,1.820280,2.184337,0.987334,0.789867,2.958427,1.479214,0.333333,0.333333,1.997537,-0.199754,0.012803,0.019205,0.000000,0.000000,0.000000,0.000000,0.000000,0.000000,0.000000,-0.000000,0.000000,-0.000000,0.333333,-0.333333,0.000000,-0.000000,2.666667,-0.800000,0.000000,-0.000000,0.000000,-0.000000,11.544231,5.720926,8.632579,0.500000,0.500000
80287,Luciano,ATA,276,SAO,5,45,45,casa,285,INT,2026-09-19 21:00:00,28,0.666667,5.333333,0.000000,0.000000,0.136125,0.408375,0.539488,0.647386,1.210818,0.968654,0.977615,0.488808,0.333333,0.333333,0.561249,-0.056125,0.748416,1.122625,0.000000,0.000000,0.000000,0.000000,0.000000,0.000000,0.000000,-0.000000,0.000000,-0.000000,0.000000,-0.000000,0.000000,-0.000000,0.666667,-0.200000,0.000000,-0.000000,0.000010,-0.000038,9.046351,7.669598,8.357975,0.500000,0.500000
39148,Hulk,ATA,266,FLU,7,95,85,fora,264,COR,2026-09-20 16:00:00,28,0.666667,5.333333,0.333333,1.666667,0.000000,0.000000,1.474457,1.769349,0.409661,0.327729,4.301799,2.150900,0.000000,0.000000,0.066233,-0.006623,1.089923,1.634884,0.000000,0.000000,0.000000,0.000000,0.000000,0.000000,0.000000,-0.000000,0.000000,-0.000000,0.333333,-0.333333,0.000000,-0.000000,0.333333,-0.100000,0.000000,-0.000000,0.000000,-0.000000,12.442904,4.093487,8.268196,0.500000,0.500000
109401,Erick Pulga,ATA,265,BAH,7,95,85,fora,293,CAP,2026-09-20 19:30:00,28,0.666667,5.333333,0.000000,0.000000,0.450190,1.350569,0.583441,0.700129,0.814855,0.651884,1.713848,0.856924,0.000000,0.000000,0.028972,-0.002897,1.244286,1.866429,0.000000,0.000000,0.000000,0.000000,0.000000,0.000000,0.000000,-0.000000,0.000000,-0.000000,0.000000,-0.000000,0.000000,-0.000000,0.666667,-0.200000,0.000000,-0.000000,0.000000,-0.000000,10.556372,5.860599,8.208485,0.500000,0.500000
103967,Bruno Santos,ATA,2305,MIR,7,95,85,casa,263,BOT,2026-09-19 17:00:00,28,0.666667,5.333333,0.000000,0.000000,0.697500,2.092500,0.218481,0.262177,0.988786,0.791028,1.475197,0.737599,0.000000,0.000000,0.881185,-0.088119,0.660994,0.991491,0.000000,0.000000,0.000000,0.000000,0.000000,0.000000,0.000000,-0.000000,0.000000,-0.000000,0.000000,-0.000000,0.000000,-0.000000,0.666667,-0.200000,0.000000,-0.000000,0.000000,-0.000000,9.920009,5.677193,7.798601,0.500000,0.500000
100652,Yuri Alberto,ATA,264,COR,5,45,45,casa,266,FLU,2026-09-20 16:00:00,28,0.666667,5.333333,0.000000,0.000000,0.000000,0.000000,1.091040,1.309248,0.859187,0.687349,0.097282,0.048641,0.000000,0.000000,0.624754,-0.062475,0.851569,1.277354,0.000000,0.000000,0.000000,0.000000,0.000000,0.000000,0.000000,-0.000000,0.000000,-0.000000,0.000000,-0.000000,0.000000,-0.000000,1.666667,-0.500000,0.000000,-0.000000,0.000000,-0.000000,8.093451,6.877341,7.485396,0.500000,0.500000
95332,Marcinho,ATA,315,CHA,7,95,85,fora,282,CAM,2026-09-19 16:00:00,28,0.666667,5.333333,0.333333,1.666667,0.000000,0.000000,0.259365,0.311238,0.759185,0.607348,1.826182,0.913091,0.000000,0.000000,0.041194,-0.004119,1.594550,2.391824,0.000000,0.000000,0.000000,0.000000,0.000000,0.000000,0.000000,-0.000000,0.000000,-0.000000,0.333333,-0.333333,0.000000,-0.000000,1.000000,-0.300000,0.000000,-0.000000,0.000000,-0.000000,10.586048,4.283311,7.434679,0.500000,0.500000
109096,Plata,ATA,262,FLA,2,45,45,casa,280,RBB,2026-09-20 18:30:00,28,0.000000,0.000000,0.333333,1.666667,0.013083,0.039250,0.472454,0.566945,0.919016,0.735213,0.256586,0.128293,0.000000,0.000000,0.000000,-0.000000,3.580962,5.371444,0.000000,0.000000,0.000000,0.000000,0.000000,0.000000,0.000000,-0.000000,0.000000,-0.000000,0.000000,-0.000000,0.000000,-0.000000,0.000000,-0.000000,0.000000,-0.000000,0.000000,-0.000000,8.507810,6.202044,7.354927,0.500000,0.500000
114323,Colidio,ATA,267,VAS,7,95,85,casa,294,CFC,2026-09-19 20:30:00,28,0.333333,2.666667,0.000000,0.000000,0.000000,0.000000,0.994500,1.193400,0.996198,0.796958,3.705644,1.852822,0.000000,0.000000,0.450000,-0.045000,0.833625,1.250438,0.000000,0.000000,0.000000,0.000000,0.000000,0.000000,0.000000,-0.000000,0.000000,-0.000000,0.333333,-0.333333,0.000000,-0.000000,1.333333,-0.400000,0.000000,-0.000000,0.000000,-0.000000,6.981951,5.750195,6.366073,0.500000,0.500000
91908,Pavón,ATA,284,GRE,7,95,85,casa,275,PAL,2026-09-20 11:00:00,28,0.333333,2.666667,0.333333,1.666667,0.000010,0.000029,0.452085,0.542503,0.338772,0.271017,1.311769,0.655884,0.000000,0.000000,0.119259,-0.011926,0.984873,1.477309,0.000000,0.000000,0.000000,0.000000,0.000000,0.000000,0.000000,-0.000000,0.000000,-0.000000,0.333333,-0.333333,0.000000,-0.000000,1.000000,-0.300000,0.000000,-0.000000,0.000000,-0.000000,6.634816,5.758838,6.196827,0.500000,0.500000
102928,Canobbio,ATA,266,FLU,6,45,45,fora,264,COR,2026-09-20 16:00:00,28,0.333333,2.666667,0.000000,0.000000,0.000089,0.000267,0.341903,0.410283,0.117437,0.093950,1.809979,0.904990,0.000000,0.000000,0.322400,-0.032240,2.796709,4.195064,0.000000,0.000000,0.000000,0.000000,0.000000,0.000000,0.000000,-0.000000,0.000032,-0.000095,0.000000,-0.000000,0.000000,-0.000000,1.000000,-0.300000,0.000000,-0.000000,0.000000,-0.000000,7.938886,4.449432,6.194159,0.500000,0.500000
104204,Edson Carioca,ATA,2305,MIR,2,45,45,casa,263,BOT,2026-09-19 17:00:00,28,0.333333,2.666667,0.000000,0.000000,0.450000,1.350000,0.097517,0.117020,0.448235,0.358588,0.556348,0.278174,0.000000,0.000000,0.022648,-0.002265,1.885490,2.828235,0.000000,0.000000,0.000000,0.000000,0.000000,0.000000,0.000000,-0.000000,0.000000,-0.000000,0.333333,-0.333333,0.000000,-0.000000,0.000000,-0.000000,0.000000,-0.000000,0.000000,-0.000000,7.263085,4.649198,5.956142,0.500000,0.500000
114208,Alejo Véliz,ATA,265,BAH,7,95,85,fora,293,CAP,2026-09-20 19:30:00,28,0.333333,2.666667,0.333333,1.666667,0.000000,0.000000,0.833625,1.000350,0.754158,0.603326,1.201448,0.600724,0.333333,0.333333,0.206333,-0.020633,0.136125,0.204188,0.000000,0.000000,0.000000,0.000000,0.000000,0.000000,0.000000,-0.000000,0.000000,-0.000000,0.000000,-0.000000,0.000000,-0.000000,1.333333,-0.400000,0.000000,-0.000000,0.000000,-0.000000,6.654621,5.109819,5.882220,0.500000,0.500000
110759,John Kennedy,ATA,266,FLU,5,45,45,fora,264,COR,2026-09-20 16:00:00,28,0.666667,5.333333,0.000000,0.000000,0.003768,0.011304,0.166273,0.199528,0.587143,0.469714,0.841065,0.420533,0.000000,0.000000,0.000690,-0.000069,0.991613,1.487419,0.000000,0.000000,0.000000,0.000000,0.000000,0.000000,0.000000,-0.000000,0.000000,-0.000000,0.000000,-0.000000,0.000000,-0.000000,0.666667,-0.200000,0.000000,-0.000000,0.000000,-0.000000,7.721762,4.008444,5.865103,0.500000,0.500000
114802,Vitor Roque,ATA,275,PAL,7,95,85,fora,284,GRE,2026-09-20 11:00:00,28,0.333333,2.666667,0.000000,0.000000,0.450627,1.351881,0.473414,0.568097,0.827093,0.661675,3.202816,1.601408,0.000000,0.000000,0.454147,-0.045415,0.486601,0.729901,0.000000,0.000000,0.000000,0.000000,0.000000,0.000000,0.000000,-0.000000,0.000000,-0.000000,0.000000,-0.000000,0.000000,-0.000000,1.333333,-0.400000,0.000000,-0.000000,0.000000,-0.000000,7.134213,4.528854,5.831534,0.500000,0.500000
108131,Garcez,ATA,315,CHA,7,95,85,fora,282,CAM,2026-09-19 16:00:00,28,0.666667,5.333333,0.000000,0.000000,0.000000,0.000000,0.217845,0.261414,0.839287,0.671429,0.807506,0.403753,0.000000,0.000000,0.251268,-0.025127,1.218144,1.827216,0.000000,0.000000,0.000000,0.000000,0.000000,0.000000,0.000000,-0.000000,0.000000,-0.000000,0.000000,-0.000000,0.000000,-0.000000,1.000000,-0.300000,0.000000,-0.000000,0.000000,-0.000000,8.172018,3.070184,5.621101,0.500000,0.500000
99818,Paulinho,ATA,275,PAL,5,45,45,fora,284,GRE,2026-09-20 11:00:00,28,0.666667,5.333333,0.000000,0.000000,0.000000,0.000000,0.000000,0.000000,0.395929,0.316743,0.797119,0.398559,0.000000,0.000000,0.050328,-0.005033,0.450000,0.675000,0.000000,0.000000,0.000000,0.000000,0.000000,0.000000,0.000000,-0.000000,0.000000,-0.000000,0.333333,-0.333333,0.000000,-0.000000,0.333333,-0.100000,0.000000,-0.000000,0.000000,-0.000000,6.285270,4.737135,5.511202,0.500000,0.500000
118844,Kaio César,ATA,264,COR,7,95,85,casa,266,FLU,2026-09-20 16:00:00,28,0.000000,0.000000,0.333333,1.666667,0.000000,0.000000,0.318538,0.382245,0.779717,0.623774,2.737765,1.368883,0.000000,0.000000,0.000232,-0.000023,1.179552,1.769328,0.000000,0.000000,0.000000,0.000000,0.000000,0.000000,0.000000,-0.000000,0.000000,-0.000000,0.000000,-0.000000,0.000000,-0.000000,1.000000,-0.300000,0.000000,-0.000000,0.000000,-0.000000,5.510873,5.246811,5.378842,0.500000,0.500000
112886,Lucas Barbosa,ATA,280,RBB,7,95,85,fora,262,FLA,2026-09-20 18:30:00,28,0.333333,2.666667,0.000000,0.000000,0.247500,0.742500,0.933145,1.119774,0.585188,0.468151,1.723036,0.861518,0.000000,0.000000,0.036896,-0.003690,0.880895,1.321343,0.000000,0.000000,0.000000,0.000000,0.000000,0.000000,0.000000,-0.000000,0.000000,-0.000000,0.000000,-0.000000,0.000000,-0.000000,1.000000,-0.300000,0.000000,-0.000000,0.000000,-0.000000,6.876262,3.788655,5.332459,0.500000,0.500000
97810,Erick,ATA,287,VIT,7,95,85,casa,283,CRU,2026-09-20 16:00:00,28,0.333333,2.666667,0.333333,1.666667,0.000190,0.000569,0.048215,0.057858,0.617784,0.494227,1.454583,0.727291,0.000000,0.000000,0.074872,-0.007487,0.007592,0.011388,0.000000,0.000000,0.000000,0.000000,0.000000,0.000000,0.000000,-0.000000,0.000000,-0.000000,0.333333,-0.333333,0.000000,-0.000000,1.333333,-0.400000,0.000000,-0.000000,0.000000,-0.000000,4.883846,5.480969,5.182408,0.500000,0.500000
83257,Gabriel,ATA,277,SAN,7,95,85,fora,364,REM,2026-09-19 18:30:00,28,0.666667,5.333333,0.000000,0.000000,0.000000,0.000000,0.288678,0.346413,0.619970,0.495976,0.470144,0.235072,0.333333,0.333333,1.195531,-0.119553,0.035506,0.053259,0.000000,0.000000,0.000000,0.000000,0.000000,0.000000,0.000000,-0.000000,0.012456,-0.037369,0.333333,-0.333333,0.000000,-0.000000,0.000000,-0.000000,0.000000,-0.000000,0.000000,-0.000000,6.307132,3.855878,5.081505,0.500000,0.500000
105048,Jajá,ATA,364,REM,6,45,45,casa,277,SAN,2026-09-19 18:30:00,28,0.333333,2.666667,0.000000,0.000000,0.000000,0.000000,0.069921,0.083905,0.957326,0.765861,0.612754,0.306377,0.000000,0.000000,1.156616,-0.115662,1.129671,1.694507,0.000000,0.000000,0.000000,0.000000,0.000000,0.000000,0.000000,-0.000000,0.003768,-0.011304,0.000000,-0.000000,0.000000,-0.000000,1.000000,-0.300000,0.000000,-0.000000,0.000000,-0.000000,5.090350,4.923025,5.006687,0.500000,0.500000
101960,Vitinho,ATA,285,INT,7,95,85,fora,276,SAO,2026-09-19 21:00:00,28,0.333333,2.666667,0.000000,0.000000,0.006851,0.020553,0.076266,0.091519,0.534290,0.427432,2.345769,1.172884,0.333333,0.333333,0.081720,-0.008172,1.636406,2.454609,0.000000,0.000000,0.000000,0.000000,0.000000,0.000000,0.000000,-0.000000,0.000000,-0.000000,0.333333,-0.333333,0.000000,-0.000000,1.666667,-0.500000,0.000000,-0.000000,0.000000,-0.000000,6.325493,3.684504,5.004998,0.500000,0.500000
101290,Ferreira,ATA,276,SAO,7,95,85,casa,285,INT,2026-09-19 21:00:00,28,0.000000,0.000000,0.000000,0.000000,0.000000,0.000000,0.046273,0.055527,0.716733,0.573386,2.848177,1.424088,0.000000,0.000000,0.000000,-0.000000,2.569992,3.854988,0.000000,0.000000,0.000000,0.000000,0.000000,0.000000,0.000000,-0.000000,0.000000,-0.000000,0.000000,-0.000000,0.000000,-0.000000,0.000000,-0.000000,0.000000,-0.000000,0.000000,-0.000000,5.907989,3.723989,4.815989,0.500000,0.500000
138941,Bruno Duarte,ATA,267,VAS,7,95,85,casa,294,CFC,2026-09-19 20:30:00,28,0.000000,0.000000,0.500000,2.500000,0.000000,0.000000,0.000000,0.000000,0.977269,0.781815,0.000000,0.000000,0.000000,0.000000,0.000000,-0.000000,1.550000,2.325000,0.000000,0.000000,0.000000,0.000000,0.000000,0.000000,0.000000,-0.000000,0.000000,-0.000000,0.000000,-0.000000,0.000000,-0.000000,0.500000,-0.150000,0.000000,-0.000000,0.000000,-0.000000,5.456815,4.122224,4.789520,0.500000,0.500000
112863,Ramón Sosa,ATA,275,PAL,5,45,45,fora,284,GRE,2026-09-20 11:00:00,28,0.333333,2.666667,0.000000,0.000000,0.000057,0.000172,0.081741,0.098089,0.560434,0.448347,1.861170,0.930585,0.000000,0.000000,0.465805,-0.046580,0.045021,0.067531,0.000000,0.000000,0.000000,0.000000,0.000000,0.000000,0.000000,-0.000000,0.000000,-0.000000,0.000000,-0.000000,0.000000,-0.000000,1.000000,-0.300000,0.000000,-0.000000,0.000000,-0.000000,3.864811,5.623502,4.744156,0.500000,0.500000
94583,Pedro,ATA,262,FLA,7,95,85,casa,280,RBB,2026-09-20 18:30:00,28,0.000000,0.000000,0.000000,0.000000,0.000032,0.000095,1.781480,2.137776,0.762294,0.609835,0.101550,0.050775,0.000000,0.000000,0.247641,-0.024764,0.552042,0.828063,0.000000,0.000000,0.000000,0.000000,0.000000,0.000000,0.000000,-0.000000,0.000000,-0.000000,0.000000,-0.000000,0.000000,-0.000000,1.000000,-0.300000,0.000000,-0.000000,0.000000,-0.000000,3.301781,6.182415,4.742098,0.500000,0.500000
107989,Carbonero,ATA,285,INT,7,95,85,fora,276,SAO,2026-09-19 21:00:00,28,0.333333,2.666667,0.333333,1.666667,0.000000,0.000000,0.778014,0.933617,0.679393,0.543514,2.348874,1.174437,0.000000,0.000000,0.074314,-0.007431,0.054415,0.081622,0.000000,0.000000,0.000000,0.000000,0.000000,0.000000,0.000000,-0.000000,0.000000,-0.000000,0.333333,-0.333333,0.000000,-0.000000,1.333333,-0.400000,0.000000,-0.000000,0.000000,-0.000000,6.325759,3.123161,4.724460,0.500000,0.500000
97450,Gustavo Mosquito,ATA,2305,MIR,2,45,45,casa,263,BOT,2026-09-19 17:00:00,28,0.333333,2.666667,0.000000,0.000000,0.000000,0.000000,0.627303,0.752763,0.458106,0.366485,0.970131,0.485066,0.000000,0.000000,0.288678,-0.028868,0.491178,0.736767,0.000000,0.000000,0.000000,0.000000,0.000000,0.000000,0.000000,-0.000000,0.000000,-0.000000,0.000000,-0.000000,0.000000,-0.000000,0.000000,-0.000000,0.000000,-0.000000,0.000000,-0.000000,4.978879,4.412776,4.695827,0.500000,0.500000
92811,Bruno Rodrigues,ATA,283,CRU,6,45,45,fora,287,VIT,2026-09-20 16:00:00,28,0.333333,2.666667,0.333333,1.666667,0.000000,0.000000,0.453768,0.544522,0.127078,0.101662,0.202251,0.101126,0.000000,0.000000,1.503506,-0.150351,1.000016,1.500025,0.000000,0.000000,0.000000,0.000000,0.000000,0.000000,0.000000,-0.000000,0.000000,-0.000000,0.000000,-0.000000,0.000000,-0.000000,0.333333,-0.100000,0.000000,-0.000000,0.000000,-0.000000,6.330317,3.012566,4.671441,0.500000,0.500000
100695,Fernando,ATA,280,RBB,7,95,85,fora,262,FLA,2026-09-20 18:30:00,28,0.333333,2.666667,0.000000,0.000000,0.041178,0.123533,0.118119,0.141743,0.954657,0.763726,1.254306,0.627153,0.000000,0.000000,0.150654,-0.015065,1.004321,1.506481,0.000000,0.000000,0.000000,0.000000,0.000000,0.000000,0.000000,-0.000000,0.000000,-0.000000,0.333333,-0.333333,0.000000,-0.000000,0.333333,-0.100000,0.000000,-0.000000,0.000000,-0.000000,5.380904,3.769547,4.575225,0.500000,0.500000
95799,Artur,ATA,276,SAO,7,95,85,casa,285,INT,2026-09-19 21:00:00,28,0.000000,0.000000,0.333333,1.666667,0.000000,0.000000,0.293950,0.352740,0.511775,0.409420,1.237280,0.618640,0.000000,0.000000,0.000032,-0.000003,1.090656,1.635984,0.000000,0.000000,0.000000,0.000000,0.000000,0.000000,0.000000,-0.000000,0.000000,-0.000000,0.000000,-0.000000,0.000000,-0.000000,0.666667,-0.200000,0.000000,-0.000000,0.000000,-0.000000,4.483448,4.660171,4.571809,0.500000,0.500000
132264,Arroyo,ATA,283,CRU,7,95,85,fora,287,VIT,2026-09-20 16:00:00,28,0.333333,2.666667,0.000000,0.000000,0.000000,0.000000,1.007312,1.208774,0.559439,0.447552,0.328781,0.164390,0.000000,0.000000,0.001197,-0.000120,0.825569,1.238354,0.000000,0.000000,0.000000,0.000000,0.000000,0.000000,0.000000,-0.000000,0.002072,-0.006217,0.000000,-0.000000,0.000000,-0.000000,0.333333,-0.100000,0.000000,-0.000000,0.000000,-0.000000,5.619400,3.518847,4.569124,0.500000,0.500000
147883,João Vitor,ATA,267,VAS,6,45,45,casa,294,CFC,2026-09-19 20:30:00,28,0.000000,0.000000,0.000000,0.000000,0.000000,0.000000,0.000000,0.000000,0.365356,0.292285,0.247500,0.123750,0.000000,0.000000,0.000000,-0.000000,3.397500,5.096250,0.000000,0.000000,0.000000,0.000000,0.000000,0.000000,0.000000,-0.000000,0.000000,-0.000000,0.000000,-0.000000,0.000000,-0.000000,0.000000,-0.000000,0.000000,-0.000000,0.000000,-0.000000,5.512285,3.400907,4.456596,0.500000,0.500000
105089,Tetê,ATA,284,GRE,7,95,85,casa,275,PAL,2026-09-20 11:00:00,28,0.000000,0.000000,0.000000,0.000000,0.000032,0.000095,0.688508,0.826209,0.473145,0.378516,0.799897,0.399948,0.000000,0.000000,0.022648,-0.002265,1.644209,2.466314,0.000000,0.000000,0.000000,0.000000,0.000000,0.000000,0.000000,-0.000000,0.000000,-0.000000,0.333333,-0.333333,0.000000,-0.000000,0.666667,-0.200000,0.000000,-0.000000,0.000000,-0.000000,3.535484,5.359249,4.447367,0.500000,0.500000
113103,Flaco López,ATA,275,PAL,7,95,85,fora,284,GRE,2026-09-20 11:00:00,28,0.000000,0.000000,0.000000,0.000000,0.000000,0.000000,1.088510,1.306213,0.639634,0.511708,1.476122,0.738061,0.000000,0.000000,0.018978,-0.001898,1.058772,1.588158,0.000000,0.000000,0.000000,0.000000,0.000000,0.000000,0.000000,-0.000000,0.000000,-0.000000,0.000000,-0.000000,0.000000,-0.000000,1.000000,-0.300000,0.000000,-0.000000,0.000000,-0.000000,3.842241,5.025345,4.433793,0.500000,0.500000
90285,Bruno Henrique,ATA,262,FLA,2,45,45,casa,280,RBB,2026-09-20 18:30:00,28,0.333333,2.666667,0.000000,0.000000,0.000000,0.000000,0.473819,0.568583,0.745016,0.596013,0.805122,0.402561,0.000000,0.000000,0.022737,-0.002274,0.341341,0.512011,0.000000,0.000000,0.000000,0.000000,0.000000,0.000000,0.000000,-0.000000,0.000000,-0.000000,0.333333,-0.333333,0.000000,-0.000000,0.666667,-0.200000,0.000000,-0.000000,0.000000,-0.000000,4.210228,4.594007,4.402117,0.500000,0.500000
141339,Paulo Roberto,ATA,294,CFC,7,95,85,fora,267,VAS,2026-09-19 20:30:00,28,0.333333,2.666667,0.333333,1.666667,0.000000,0.000000,0.000000,0.000000,0.374104,0.299283,0.322369,0.161184,0.000000,0.000000,0.000000,-0.000000,0.847447,1.271171,0.000000,0.000000,0.000000,0.000000,0.000000,0.000000,0.000000,-0.000000,0.000000,-0.000000,0.000000,-0.000000,0.000000,-0.000000,0.333333,-0.100000,0.000000,-0.000000,0.000000,-0.000000,5.964971,2.775010,4.369991,0.500000,0.500000
103445,Kaio Jorge,ATA,283,CRU,7,95,85,fora,287,VIT,2026-09-20 16:00:00,28,0.333333,2.666667,0.000000,0.000000,0.000000,0.000000,0.023112,0.027734,0.994086,0.795269,2.002477,1.001239,0.333333,0.333333,0.008055,-0.000806,0.384983,0.577475,0.000000,0.000000,0.000000,0.000000,0.000000,0.000000,0.000000,-0.000000,0.000000,-0.000000,0.333333,-0.333333,0.000000,-0.000000,0.333333,-0.100000,0.000000,-0.000000,0.000000,-0.000000,4.967578,3.531562,4.249570,0.500000,0.500000
113397,Cristian Olivera,ATA,265,BAH,3,45,45,fora,293,CAP,2026-09-20 19:30:00,28,0.000000,0.000000,0.333333,1.666667,0.001140,0.003419,1.061845,1.274214,0.309795,0.247836,0.902378,0.451189,0.000000,0.000000,0.076790,-0.007679,1.360172,2.040258,0.000000,0.000000,0.000000,0.000000,0.000000,0.000000,0.000000,-0.000000,0.000000,-0.000000,0.666667,-0.666667,0.000000,-0.000000,0.666667,-0.200000,0.000000,-0.000000,0.000000,-0.000000,4.809238,3.514983,4.162110,0.500000,0.500000
123648,Lucas Ronier,ATA,294,CFC,5,45,45,fora,267,VAS,2026-09-19 20:30:00,28,0.000000,0.000000,0.000000,0.000000,0.002177,0.006530,0.637365,0.764838,0.762739,0.610191,4.776971,2.388486,0.000000,0.000000,0.012456,-0.001246,1.272059,1.908089,0.000000,0.000000,0.000000,0.000000,0.000000,0.000000,0.000000,-0.000000,0.000000,-0.000000,0.000000,-0.000000,0.000000,-0.000000,0.000000,-0.000000,0.000000,-0.000000,0.000000,-0.000000,5.676889,2.629648,4.153269,0.500000,0.500000
116706,Andrés Gómez,ATA,267,VAS,7,95,85,casa,294,CFC,2026-09-19 20:30:00,28,0.000000,0.000000,0.000000,0.000000,0.000763,0.002288,0.145662,0.174794,0.716835,0.573468,0.984321,0.492160,0.000000,0.000000,0.004471,-0.000447,2.559125,3.838688,0.000000,0.000000,0.000000,0.000000,0.000000,0.000000,0.000000,-0.000000,0.000000,-0.000000,0.333333,-0.333333,0.000000,-0.000000,1.000000,-0.300000,0.000000,-0.000000,0.000000,-0.000000,4.447619,3.837104,4.142361,0.500000,0.500000
108946,Victor Sá,ATA,276,SAO,6,45,45,casa,285,INT,2026-09-19 21:00:00,28,0.000000,0.000000,0.333333,1.666667,0.000000,0.000000,0.247500,0.297000,0.637130,0.509704,1.845000,0.922500,0.000000,0.000000,0.000000,-0.000000,1.469869,2.204803,0.000000,0.000000,0.000000,0.000000,0.000000,0.000000,0.000000,-0.000000,0.000000,-0.000000,0.000000,-0.000000,0.000000,-0.000000,0.333333,-0.100000,0.000000,-0.000000,0.000000,-0.000000,5.500674,2.710111,4.105392,0.500000,0.500000
133543,Gui Negão,ATA,264,COR,6,45,45,casa,266,FLU,2026-09-20 16:00:00,28,0.333333,2.666667,0.000000,0.000000,0.000000,0.000000,0.000000,0.000000,0.568126,0.454501,0.900000,0.450000,0.000000,0.000000,0.000000,-0.000000,0.561386,0.842079,0.000000,0.000000,0.000000,0.000000,0.000000,0.000000,0.000000,-0.000000,0.000000,-0.000000,0.000000,-0.000000,0.000000,-0.000000,0.000000,-0.000000,0.000000,-0.000000,0.000000,-0.000000,4.413246,3.655509,4.034378,0.500000,0.500000
82627,Luiz Araújo,ATA,262,FLA,2,45,45,casa,280,RBB,2026-09-20 18:30:00,28,0.333333,2.666667,0.000000,0.000000,0.000000,0.000000,0.074869,0.089843,0.720476,0.576381,0.412022,0.206011,0.000000,0.000000,0.000627,-0.000063,0.453393,0.680090,0.000000,0.000000,0.000000,0.000000,0.000000,0.000000,0.000000,-0.000000,0.000000,-0.000000,0.000000,-0.000000,0.000000,-0.000000,0.666667,-0.200000,0.000000,-0.000000,0.000000,-0.000000,4.018929,3.890047,3.954488,0.500000,0.500000
101729,Fabinho,ATA,294,CFC,6,45,45,fora,267,VAS,2026-09-19 20:30:00,28,0.333333,2.666667,0.333333,1.666667,0.000000,0.000000,0.004605,0.005526,0.323813,0.259050,0.586125,0.293063,0.000000,0.000000,0.000000,-0.000000,0.450000,0.675000,0.000000,0.000000,0.000000,0.000000,0.000000,0.000000,0.000000,-0.000000,0.000000,-0.000000,0.000000,-0.000000,0.000000,-0.000000,0.666667,-0.200000,0.000000,-0.000000,0.000000,-0.000000,5.365973,2.511732,3.938852,0.500000,0.500000
132071,Serna,ATA,266,FLU,7,95,85,fora,264,COR,2026-09-20 16:00:00,28,0.000000,0.000000,0.333333,1.666667,0.000032,0.000095,0.300306,0.360368,0.067665,0.054132,0.157540,0.078770,0.000000,0.000000,0.089054,-0.008905,1.388185,2.082277,0.000000,0.000000,0.000000,0.000000,0.000000,0.000000,0.000000,-0.000000,0.000000,-0.000000,0.000000,-0.000000,0.000000,-0.000000,1.000000,-0.300000,0.000000,-0.000000,0.000000,-0.000000,3.933402,3.761185,3.847294,0.500000,0.500000
94034,Kevin Ramírez,ATA,315,CHA,6,45,45,fora,282,CAM,2026-09-19 16:00:00,28,0.000000,0.000000,0.333333,1.666667,0.091506,0.274519,0.586506,0.703808,0.279419,0.223535,0.908494,0.454247,0.000000,0.000000,0.000000,-0.000000,1.147500,1.721250,0.000000,0.000000,0.000000,0.000000,0.000000,0.000000,0.000000,-0.000000,0.000000,-0.000000,0.000000,-0.000000,0.000000,-0.000000,0.000000,-0.000000,0.000000,-0.000000,0.000000,-0.000000,5.044025,2.593712,3.818868,0.500000,0.500000
98384,Negueba,ATA,2305,MIR,5,45,45,casa,263,BOT,2026-09-19 17:00:00,28,0.000000,0.000000,0.000000,0.000000,0.000000,0.000000,0.537325,0.644790,0.268888,0.215110,3.173643,1.586822,0.000000,0.000000,0.000000,-0.000000,1.464088,2.196132,0.000000,0.000000,0.000000,0.000000,0.000000,0.000000,0.000000,-0.000000,0.000000,-0.000000,0.666667,-0.666667,0.000000,-0.000000,1.000000,-0.300000,0.000000,-0.000000,0.000000,-0.000000,3.676187,3.909386,3.792787,0.500000,0.500000
87258,Soteldo,ATA,266,FLU,7,95,85,fora,264,COR,2026-09-20 16:00:00,28,0.000000,0.000000,0.666667,3.333333,0.000000,0.000000,0.098867,0.118641,0.269957,0.215965,1.224365,0.612183,0.000000,0.000000,0.000190,-0.000019,0.370030,0.555045,0.000000,0.000000,0.000000,0.000000,0.000000,0.000000,0.000000,-0.000000,0.000000,-0.000000,0.333333,-0.333333,0.000000,-0.000000,0.000000,-0.000000,0.000000,-0.000000,0.000000,-0.000000,4.501815,2.995859,3.748837,0.500000,0.500000
141382,Gustavo Santana,ATA,276,SAO,6,45,45,casa,285,INT,2026-09-19 21:00:00,28,0.333333,2.666667,0.000000,0.000000,0.000000,0.000000,0.383625,0.460350,0.663710,0.530968,0.383625,0.191813,0.000000,0.000000,0.000000,-0.000000,0.247500,0.371250,0.000000,0.000000,0.000000,0.000000,0.000000,0.000000,0.000000,-0.000000,0.000000,-0.000000,0.000000,-0.000000,0.000000,-0.000000,1.000000,-0.300000,0.000000,-0.000000,0.000000,-0.000000,3.921048,3.407800,3.664424,0.500000,0.500000
93478,Wanderson,ATA,283,CRU,6,45,45,fora,287,VIT,2026-09-20 16:00:00,28,0.333333,2.666667,0.000000,0.000000,0.000000,0.000000,0.149208,0.179050,0.276659,0.221327,0.004144,0.002072,0.000000,0.000000,0.013635,-0.001363,0.855883,1.283824,0.000000,0.000000,0.000000,0.000000,0.000000,0.000000,0.000000,-0.000000,0.000000,-0.000000,0.000000,-0.000000,0.000000,-0.000000,0.333333,-0.100000,0.000000,-0.000000,0.000000,-0.000000,4.251577,3.017419,3.634498,0.500000,0.500000
109097,Jovane Cabral,ATA,284,GRE,7,95,85,casa,275,PAL,2026-09-20 11:00:00,28,0.000000,0.000000,0.000000,0.000000,0.000000,0.000000,0.136125,0.163350,0.519829,0.415863,1.283625,0.641813,0.000000,0.000000,0.000000,-0.000000,1.283625,1.925438,0.000000,0.000000,0.000000,0.000000,0.000000,0.000000,0.000000,-0.000000,0.000000,-0.000000,0.000000,-0.000000,0.000000,-0.000000,0.666667,-0.200000,0.000000,-0.000000,0.000000,-0.000000,2.946463,4.308642,3.627552,0.500000,0.500000
117314,Thiago Borbas,ATA,282,CAM,5,45,45,casa,315,CHA,2026-09-19 16:00:00,28,0.333333,2.666667,0.000000,0.000000,0.000000,0.000000,0.000000,0.000000,0.425487,0.340390,1.687500,0.843750,0.000000,0.000000,0.000000,-0.000000,0.247500,0.371250,0.000000,0.000000,0.000000,0.000000,0.000000,0.000000,0.000000,-0.000000,0.000000,-0.000000,0.000000,-0.000000,0.000000,-0.000000,1.333333,-0.400000,0.000000,-0.000000,0.000000,-0.000000,3.822056,3.432765,3.627411,0.500000,0.500000
93988,Breno Lopes,ATA,294,CFC,3,45,45,fora,267,VAS,2026-09-19 20:30:00,28,0.000000,0.000000,0.000000,0.000000,0.000000,0.000000,0.295179,0.354214,0.557912,0.446329,0.985928,0.492964,0.000000,0.000000,0.668444,-0.066844,1.014168,1.521252,0.000000,0.000000,0.000000,0.000000,0.000000,0.000000,0.000000,-0.000000,0.000000,-0.000000,0.000000,-0.000000,0.000000,-0.000000,0.333333,-0.100000,0.000000,-0.000000,0.000000,-0.000000,2.647916,4.513429,3.580672,0.500000,0.500000
140906,Davi Gomes,ATA,280,RBB,5,45,45,fora,262,FLA,2026-09-20 18:30:00,28,0.000000,0.000000,0.000000,0.000000,0.550000,1.650000,1.100000,1.320000,0.174173,0.139338,0.000000,0.000000,0.000000,0.000000,0.000000,-0.000000,0.450000,0.675000,0.000000,0.000000,0.000000,0.000000,0.000000,0.000000,0.000000,-0.000000,0.000000,-0.000000,0.000000,-0.000000,0.000000,-0.000000,0.000000,-0.000000,0.000000,-0.000000,0.000000,-0.000000,3.784338,3.371471,3.577904,0.500000,0.500000
123101,Leozinho,ATA,293,CAP,2,45,45,casa,265,BAH,2026-09-20 19:30:00,28,0.333333,2.666667,0.000000,0.000000,0.006851,0.020553,0.331292,0.397551,0.538947,0.431157,0.285156,0.142578,0.000000,0.000000,0.000000,-0.000000,0.725342,1.088013,0.000000,0.000000,0.000000,0.000000,0.000000,0.000000,0.000000,-0.000000,0.000000,-0.000000,0.000000,-0.000000,0.000000,-0.000000,0.666667,-0.200000,0.000000,-0.000000,0.000000,-0.000000,4.546519,2.485658,3.516089,0.500000,0.500000
97321,Alesson,ATA,2305,MIR,3,45,45,casa,263,BOT,2026-09-19 17:00:00,28,0.000000,0.000000,0.000000,0.000000,0.000017,0.000052,0.471354,0.565625,0.752355,0.601884,2.168296,1.084148,0.000000,0.000000,0.089307,-0.008931,1.562567,2.343851,0.000000,0.000000,0.000000,0.000000,0.000000,0.000000,0.000000,-0.000000,0.000000,-0.000000,0.333333,-0.333333,0.000000,-0.000000,2.000000,-0.600000,0.000000,-0.000000,0.000000,-0.000000,3.653295,3.375982,3.514639,0.500000,0.500000
123738,Herrera,ATA,280,RBB,6,45,45,fora,262,FLA,2026-09-20 18:30:00,28,0.000000,0.000000,0.000000,0.000000,0.000000,0.000000,1.294386,1.553263,0.322788,0.258230,0.260112,0.130056,0.000000,0.000000,0.001171,-0.000117,0.927343,1.391014,0.000000,0.000000,0.000000,0.000000,0.000000,0.000000,0.000000,-0.000000,0.000000,-0.000000,0.000000,-0.000000,0.000000,-0.000000,0.333333,-0.100000,0.000000,-0.000000,0.000000,-0.000000,3.232446,3.757681,3.495063,0.500000,0.500000
90309,David,ATA,267,VAS,6,45,45,casa,294,CFC,2026-09-19 20:30:00,28,0.333333,2.666667,0.000000,0.000000,0.000000,0.000000,0.004364,0.005236,0.737315,0.589852,0.351088,0.175544,0.000000,0.000000,0.691405,-0.069141,0.027660,0.041490,0.000000,0.000000,0.000000,0.000000,0.000000,0.000000,0.000000,-0.000000,0.000000,-0.000000,0.000000,-0.000000,0.000000,-0.000000,1.000000,-0.300000,0.000000,-0.000000,0.000000,-0.000000,3.109648,3.878914,3.494281,0.500000,0.500000
86757,Everton,ATA,277,SAN,3,45,45,fora,364,REM,2026-09-19 18:30:00,28,0.000000,0.000000,0.333333,1.666667,0.000000,0.000000,0.902533,1.083040,0.469843,0.375874,1.081448,0.540724,0.000000,0.000000,0.000000,-0.000000,0.154882,0.232323,0.000000,0.000000,0.000000,0.000000,0.000000,0.000000,0.000000,-0.000000,0.000000,-0.000000,0.333333,-0.333333,0.000000,-0.000000,0.666667,-0.200000,0.000000,-0.000000,0.000000,-0.000000,3.365294,3.612136,3.488715,0.500000,0.500000
124239,Henry Mosquera,ATA,280,RBB,7,95,85,fora,262,FLA,2026-09-20 18:30:00,28,0.000000,0.000000,0.333333,1.666667,0.000000,0.000000,0.545632,0.654759,0.372547,0.298038,0.991409,0.495705,0.000000,0.000000,0.080798,-0.008080,0.306543,0.459815,0.000000,0.000000,0.000000,0.000000,0.000000,0.000000,0.000000,-0.000000,0.000000,-0.000000,0.333333,-0.333333,0.000000,-0.000000,0.666667,-0.200000,0.000000,-0.000000,0.000000,-0.000000,3.033570,3.795653,3.414612,0.500000,0.500000
124424,Rodrigo Castillo,ATA,266,FLU,6,45,45,fora,264,COR,2026-09-20 16:00:00,28,0.333333,2.666667,0.000000,0.000000,0.000000,0.000000,0.068288,0.081946,0.381268,0.305015,1.531846,0.765923,0.000000,0.000000,0.140314,-0.014031,1.055387,1.583080,0.000000,0.000000,0.000000,0.000000,0.000000,0.000000,0.000000,-0.000000,0.000000,-0.000000,0.333333,-0.333333,0.000000,-0.000000,3.333333,-1.000000,0.000000,-0.000000,0.000000,-0.000000,4.055266,2.756311,3.405788,0.500000,0.500000
90031,Mendoza,ATA,293,CAP,7,95,85,casa,265,BAH,2026-09-20 19:30:00,28,0.000000,0.000000,0.333333,1.666667,0.081737,0.245211,0.003375,0.004051,0.400262,0.320209,0.024048,0.012024,0.000000,0.000000,0.091093,-0.009109,0.720595,1.080893,0.000000,0.000000,0.000000,0.000000,0.000000,0.000000,0.000000,-0.000000,0.000000,-0.000000,0.000000,-0.000000,0.000000,-0.000000,0.000000,-0.000000,0.000000,-0.000000,0.000000,-0.000000,3.319945,3.243985,3.281965,0.500000,0.500000
79631,Cano,ATA,266,FLU,5,45,45,fora,264,COR,2026-09-20 16:00:00,28,0.333333,2.666667,0.000000,0.000000,0.247500,0.742500,0.252172,0.302606,0.363900,0.291120,0.000000,0.000000,0.000000,0.000000,0.000000,-0.000000,0.000000,0.000000,0.000000,0.000000,0.000000,0.000000,0.000000,0.000000,0.000000,-0.000000,0.000000,-0.000000,0.000000,-0.000000,0.000000,-0.000000,0.333333,-0.100000,0.000000,-0.000000,0.000000,-0.000000,3.902893,2.582766,3.242830,0.500000,0.500000
106199,Gabriel Pec,ATA,283,CRU,5,45,45,fora,287,VIT,2026-09-20 16:00:00,28,0.000000,0.000000,0.000000,0.000000,0.000000,0.000000,1.000000,1.200000,0.286900,0.229520,2.000000,1.000000,0.000000,0.000000,1.000000,-0.100000,1.000000,1.500000,0.000000,0.000000,0.000000,0.000000,0.000000,0.000000,0.000000,-0.000000,0.000000,-0.000000,0.000000,-0.000000,0.000000,-0.000000,1.000000,-0.300000,0.000000,-0.000000,0.000000,-0.000000,3.529520,2.820446,3.174983,0.500000,0.500000
150251,Joaquín Freitas,ATA,262,FLA,6,45,45,casa,280,RBB,2026-09-20 18:30:00,28,0.000000,0.000000,0.500000,2.500000,0.000000,0.000000,0.000000,0.000000,0.321765,0.257412,1.550000,0.775000,0.000000,0.000000,0.000000,-0.000000,0.000000,0.000000,0.000000,0.000000,0.000000,0.000000,0.000000,0.000000,0.000000,-0.000000,0.000000,-0.000000,0.000000,-0.000000,0.000000,-0.000000,0.500000,-0.150000,0.000000,-0.000000,0.000000,-0.000000,3.382412,2.735662,3.059037,0.500000,0.500000
95131,Gabriel Taliari,ATA,364,REM,7,95,85,casa,277,SAN,2026-09-19 18:30:00,28,0.000000,0.000000,0.000000,0.000000,0.000000,0.000000,0.699801,0.839761,0.547229,0.437784,0.487409,0.243705,0.666667,0.666667,0.213601,-0.021360,0.812571,1.218856,0.000000,0.000000,0.000000,0.000000,0.000000,0.000000,0.000000,-0.000000,0.000000,-0.000000,0.333333,-0.333333,0.000000,-0.000000,2.000000,-0.600000,0.000000,-0.000000,0.000000,-0.000000,2.452079,3.596674,3.024376,0.500000,0.500000
106104,Enamorado,ATA,284,GRE,6,45,45,casa,275,PAL,2026-09-20 11:00:00,28,0.000000,0.000000,0.333333,1.666667,0.001140,0.003419,0.000029,0.000035,0.356568,0.285254,1.264344,0.632172,0.000000,0.000000,0.000817,-0.000082,0.108978,0.163466,0.000000,0.000000,0.000000,0.000000,0.000000,0.000000,0.000000,-0.000000,0.000000,-0.000000,0.000000,-0.000000,0.000000,-0.000000,0.333333,-0.100000,0.000000,-0.000000,0.000000,-0.000000,2.650932,3.264200,2.957566,0.500000,0.500000
127871,Vargas,ATA,293,CAP,6,45,45,casa,265,BAH,2026-09-20 19:30:00,28,0.000000,0.000000,0.333333,1.666667,0.000000,0.000000,0.000000,0.000000,0.634534,0.507627,0.594619,0.297309,0.000000,0.000000,0.000000,-0.000000,0.495000,0.742500,0.000000,0.000000,0.000000,0.000000,0.000000,0.000000,0.000000,-0.000000,0.000000,-0.000000,0.000000,-0.000000,0.000000,-0.000000,0.333333,-0.100000,0.000000,-0.000000,0.000000,-0.000000,3.114103,2.797005,2.955554,0.500000,0.500000
114801,Danilo Pereira,ATA,263,BOT,7,95,85,fora,2305,MIR,2026-09-19 17:00:00,28,0.000000,0.000000,0.000000,0.000000,0.000000,0.000000,1.408822,1.690587,0.389224,0.311379,0.252172,0.126086,0.000000,0.000000,0.210994,-0.021099,0.329856,0.494783,0.000000,0.000000,0.000000,0.000000,0.000000,0.000000,0.000000,-0.000000,0.000000,-0.000000,0.000000,-0.000000,0.000000,-0.000000,1.000000,-0.300000,0.000000,-0.000000,0.000000,-0.000000,2.301736,3.521019,2.911378,0.500000,0.500000
114405,Sinisterra,ATA,283,CRU,5,45,45,fora,287,VIT,2026-09-20 16:00:00,28,0.000000,0.000000,0.000000,0.000000,0.000000,0.000000,0.322369,0.386843,0.443678,0.354942,0.012456,0.006228,0.000000,0.000000,0.000000,-0.000000,1.703020,2.554530,0.000000,0.000000,0.000000,0.000000,0.000000,0.000000,0.000000,-0.000000,0.000000,-0.000000,0.000000,-0.000000,0.000000,-0.000000,1.333333,-0.400000,0.000000,-0.000000,0.000000,-0.000000,2.902543,2.879167,2.890855,0.500000,0.500000
122573,Wallace Yan,ATA,280,RBB,3,45,45,fora,262,FLA,2026-09-20 18:30:00,28,0.000000,0.000000,0.333333,1.666667,0.000000,0.000000,1.147500,1.377000,0.255130,0.204104,0.584984,0.292492,0.000000,0.000000,0.142976,-0.014298,0.945000,1.417500,0.000000,0.000000,0.000000,0.000000,0.000000,0.000000,0.000000,-0.000000,0.450000,-1.350000,0.000000,-0.000000,0.000000,-0.000000,1.666667,-0.500000,0.000000,-0.000000,0.000000,-0.000000,3.093465,2.609490,2.851477,0.500000,0.500000
143153,Tarzia,ATA,287,VIT,7,95,85,casa,283,CRU,2026-09-20 16:00:00,28,0.000000,0.000000,0.000000,0.000000,0.000000,0.000000,0.021906,0.026287,0.376840,0.301472,2.159284,1.079642,0.000000,0.000000,0.006851,-0.000685,1.371049,2.056574,0.000000,0.000000,0.000000,0.000000,0.000000,0.000000,0.000000,-0.000000,0.000000,-0.000000,0.333333,-0.333333,0.000000,-0.000000,2.333333,-0.700000,0.000000,-0.000000,0.000000,-0.000000,2.429956,3.138708,2.784332,0.500000,0.500000
110144,Spinelli,ATA,267,VAS,6,45,45,casa,294,CFC,2026-09-19 20:30:00,28,0.000000,0.000000,0.000000,0.000000,0.041178,0.123533,0.440950,0.529141,0.667391,0.533913,0.301228,0.150614,0.000000,0.000000,0.000000,-0.000000,0.834775,1.252162,0.000000,0.000000,0.000000,0.000000,0.000000,0.000000,0.000000,-0.000000,0.000000,-0.000000,0.000000,-0.000000,0.000000,-0.000000,0.666667,-0.200000,0.000000,-0.000000,0.000000,-0.000000,2.389363,3.015205,2.702284,0.500000,0.500000
86292,Bolasie,ATA,315,CHA,6,45,45,fora,282,CAM,2026-09-19 16:00:00,28,0.000000,0.000000,0.333333,1.666667,0.041178,0.123533,0.277478,0.332974,0.415663,0.332530,0.578969,0.289485,0.000000,0.000000,0.003557,-0.000356,0.499710,0.749565,0.000000,0.000000,0.000000,0.000000,0.000000,0.000000,0.000000,-0.000000,0.000000,-0.000000,0.333333,-0.333333,0.000000,-0.000000,1.666667,-0.500000,0.000000,-0.000000,0.041178,-0.164711,2.496353,2.867163,2.681758,0.500000,0.500000
108713,Galeano,ATA,364,REM,6,45,45,casa,277,SAN,2026-09-19 18:30:00,28,0.000000,0.000000,0.000000,0.000000,0.000000,0.000000,0.140659,0.168791,0.549600,0.439680,2.892895,1.446448,0.000000,0.000000,0.136470,-0.013647,0.186911,0.280367,0.000000,0.000000,0.000000,0.000000,0.000000,0.000000,0.000000,-0.000000,0.000000,-0.000000,0.333333,-0.333333,0.000000,-0.000000,0.000000,-0.000000,0.000000,-0.000000,0.000000,-0.000000,1.988306,3.169358,2.578832,0.500000,0.500000
90917,Carlos Eduardo,ATA,2305,MIR,6,45,45,casa,263,BOT,2026-09-19 17:00:00,28,0.000000,0.000000,0.000000,0.000000,0.000000,0.000000,0.288678,0.346413,0.697727,0.558182,1.490115,0.745058,0.000000,0.000000,0.009178,-0.000918,0.219177,0.328766,0.000000,0.000000,0.000000,0.000000,0.000000,0.000000,0.000000,-0.000000,0.000000,-0.000000,0.000000,-0.000000,0.000000,-0.000000,0.000000,-0.000000,0.000000,-0.000000,0.000000,-0.000000,1.977501,3.142229,2.559865,0.500000,0.500000
98225,Pedro Raul,ATA,264,COR,6,45,45,casa,266,FLU,2026-09-20 16:00:00,28,0.000000,0.000000,0.000000,0.000000,0.000000,0.000000,0.772369,0.926843,0.582874,0.466300,0.143239,0.071619,0.000000,0.000000,0.054261,-0.005426,0.157224,0.235837,0.000000,0.000000,0.000000,0.000000,0.000000,0.000000,0.000000,-0.000000,0.000000,-0.000000,0.000000,-0.000000,0.000000,-0.000000,0.000000,-0.000000,0.000000,-0.000000,0.000000,-0.000000,1.695172,3.211506,2.453339,0.500000,0.500000
78435,Vitinho,ATA,264,COR,6,45,45,casa,266,FLU,2026-09-20 16:00:00,28,0.000000,0.000000,0.000000,0.000000,0.000000,0.000000,0.063826,0.076591,0.678146,0.542517,0.415977,0.207989,0.000000,0.000000,0.000000,-0.000000,1.138674,1.708012,0.000000,0.000000,0.000000,0.000000,0.000000,0.000000,0.000000,-0.000000,0.000000,-0.000000,0.000000,-0.000000,0.000000,-0.000000,0.333333,-0.100000,0.000000,-0.000000,0.000000,-0.000000,2.435108,2.460933,2.448020,0.500000,0.500000
142877,Villalba,ATA,263,BOT,6,45,45,fora,2305,MIR,2026-09-19 17:00:00,28,0.000000,0.000000,0.000000,0.000000,0.000000,0.000000,0.074869,0.089843,0.578354,0.462684,0.087325,0.043663,0.000000,0.000000,0.000000,-0.000000,0.965021,1.447531,0.000000,0.000000,0.000000,0.000000,0.000000,0.000000,0.000000,-0.000000,0.000000,-0.000000,0.000000,-0.000000,0.000000,-0.000000,0.000000,-0.000000,0.000000,-0.000000,0.000000,-0.000000,2.043720,2.837129,2.440424,0.500000,0.500000
142004,Amuzu,ATA,284,GRE,5,45,45,casa,275,PAL,2026-09-20 11:00:00,28,0.000000,0.000000,0.000000,0.000000,0.000345,0.001034,0.140450,0.168540,0.338321,0.270657,2.026324,1.013162,0.000000,0.000000,0.000000,-0.000000,0.261336,0.392004,0.000000,0.000000,0.000000,0.000000,0.000000,0.000000,0.000000,-0.000000,0.000000,-0.000000,0.000000,-0.000000,0.000000,-0.000000,0.000000,-0.000000,0.000000,-0.000000,0.000000,-0.000000,1.845398,3.008761,2.427079,0.500000,0.500000
105563,Carlos Vinícius,ATA,284,GRE,7,95,85,casa,275,PAL,2026-09-20 11:00:00,28,0.000000,0.000000,0.000000,0.000000,0.000005,0.000016,0.740859,0.889031,0.268188,0.214551,0.982268,0.491134,0.000000,0.000000,0.337389,-0.033739,0.015262,0.022893,0.000000,0.000000,0.000000,0.000000,0.000000,0.000000,0.000000,-0.000000,0.000000,-0.000000,0.000000,-0.000000,0.000000,-0.000000,0.333333,-0.100000,0.000000,-0.000000,0.000000,-0.000000,1.483885,3.329516,2.406701,0.500000,0.500000
142764,Franco Rossi,ATA,315,CHA,6,45,45,fora,282,CAM,2026-09-19 16:00:00,28,0.000000,0.000000,0.000000,0.000000,0.000000,0.000000,1.350000,1.620000,0.367381,0.293905,1.302500,0.651250,0.000000,0.000000,0.000000,-0.000000,0.136125,0.204188,0.000000,0.000000,0.000000,0.000000,0.000000,0.000000,0.000000,-0.000000,0.000000,-0.000000,0.000000,-0.000000,0.000000,-0.000000,0.333333,-0.100000,0.000000,-0.000000,0.000000,-0.000000,2.669342,2.112425,2.390883,0.500000,0.500000
101314,Ademir,ATA,265,BAH,7,95,85,fora,293,CAP,2026-09-20 19:30:00,28,0.000000,0.000000,0.000000,0.000000,0.000000,0.000000,0.082871,0.099445,0.332277,0.265822,0.793707,0.396854,0.000000,0.000000,0.598587,-0.059859,1.089525,1.634287,0.000000,0.000000,0.000000,0.000000,0.000000,0.000000,0.000000,-0.000000,0.000000,-0.000000,0.000000,-0.000000,0.000000,-0.000000,0.666667,-0.200000,0.000000,-0.000000,0.000000,-0.000000,2.136549,2.624094,2.380322,0.500000,0.500000
123795,Lucho Rodríguez,ATA,283,CRU,6,45,45,fora,287,VIT,2026-09-20 16:00:00,28,0.000000,0.000000,0.333333,1.666667,0.166375,0.499125,0.136125,0.163350,0.505926,0.404741,0.136125,0.068063,0.000000,0.000000,0.000000,-0.000000,0.000000,0.000000,0.000000,0.000000,0.000000,0.000000,0.000000,0.000000,0.000000,-0.000000,0.000000,-0.000000,0.000000,-0.000000,0.000000,-0.000000,0.666667,-0.200000,0.000000,-0.000000,0.000000,-0.000000,2.601945,2.052435,2.327190,0.500000,0.500000
141406,Andrey Fernandes,ATA,267,VAS,6,45,45,casa,294,CFC,2026-09-19 20:30:00,28,0.000000,0.000000,0.000000,0.000000,0.000000,0.000000,1.000000,1.200000,0.374444,0.299555,1.000000,0.500000,0.000000,0.000000,0.000000,-0.000000,0.000000,0.000000,0.000000,0.000000,0.000000,0.000000,0.000000,0.000000,0.000000,-0.000000,0.000000,-0.000000,0.000000,-0.000000,0.000000,-0.000000,0.000000,-0.000000,0.000000,-0.000000,0.000000,-0.000000,1.999555,2.629232,2.314394,0.500000,0.500000
99789,Brenner,ATA,267,VAS,5,45,45,casa,294,CFC,2026-09-19 20:30:00,28,0.000000,0.000000,0.000000,0.000000,0.000843,0.002529,0.274759,0.329710,0.263968,0.211174,0.793382,0.396691,0.000000,0.000000,0.941178,-0.094118,0.643106,0.964659,0.000000,0.000000,0.000000,0.000000,0.000000,0.000000,0.000000,-0.000000,0.000000,-0.000000,0.000000,-0.000000,0.000000,-0.000000,0.000000,-0.000000,0.000000,-0.000000,0.000000,-0.000000,1.810645,2.741651,2.276148,0.500000,0.500000
85048,Memphis Depay,ATA,264,COR,7,95,85,casa,266,FLU,2026-09-20 16:00:00,28,0.000000,0.000000,0.000000,0.000000,0.000000,0.000000,0.590730,0.708876,0.423354,0.338684,1.724340,0.862170,0.000000,0.000000,0.010619,-0.001062,0.140730,0.211096,0.000000,0.000000,0.000000,0.000000,0.000000,0.000000,0.000000,-0.000000,0.000000,-0.000000,0.000000,-0.000000,0.000000,-0.000000,0.000000,-0.000000,0.000000,-0.000000,0.000000,-0.000000,2.119764,2.370368,2.245066,0.500000,0.500000
68920,Dudu,ATA,282,CAM,6,45,45,casa,315,CHA,2026-09-19 16:00:00,28,0.000000,0.000000,0.000000,0.000000,0.000000,0.000000,0.056449,0.067739,0.226178,0.180942,1.461027,0.730514,0.000000,0.000000,0.000000,-0.000000,0.450317,0.675476,0.000000,0.000000,0.000000,0.000000,0.000000,0.000000,0.000000,-0.000000,0.000000,-0.000000,0.000000,-0.000000,0.000000,-0.000000,0.333333,-0.100000,0.000000,-0.000000,0.000000,-0.000000,1.554670,2.908456,2.231563,0.500000,0.500000
92171,Arthur Cabral,ATA,263,BOT,7,95,85,fora,2305,MIR,2026-09-19 17:00:00,28,0.000000,0.000000,0.000000,0.000000,0.000000,0.000000,0.872047,1.046456,0.489306,0.391444,1.202831,0.601416,0.000000,0.000000,0.026052,-0.002605,0.446179,0.669269,0.000000,0.000000,0.000000,0.000000,0.000000,0.000000,0.000000,-0.000000,0.136125,-0.408375,0.333333,-0.333333,0.000000,-0.000000,1.000000,-0.300000,0.000000,-0.000000,0.000000,-0.000000,1.664272,2.779640,2.221956,0.500000,0.500000
68952,Marinho,ATA,287,VIT,6,45,45,casa,283,CRU,2026-09-20 16:00:00,28,0.000000,0.000000,0.000000,0.000000,0.000000,0.000000,0.139893,0.167872,0.523039,0.418431,1.962174,0.981087,0.000000,0.000000,0.002786,-0.000279,0.893005,1.339508,0.000000,0.000000,0.000000,0.000000,0.000000,0.000000,0.000000,-0.000000,0.000000,-0.000000,0.333333,-0.333333,0.000000,-0.000000,2.000000,-0.600000,0.000000,-0.000000,0.000000,-0.000000,1.973286,2.413021,2.193153,0.500000,0.500000
132580,Vinicinho,ATA,280,RBB,6,45,45,fora,262,FLA,2026-09-20 18:30:00,28,0.000000,0.000000,0.000000,0.000000,0.000000,0.000000,0.150877,0.181053,0.311989,0.249591,1.004896,0.502448,0.000000,0.000000,0.006851,-0.000685,0.351067,0.526601,0.000000,0.000000,0.000000,0.000000,0.000000,0.000000,0.000000,-0.000000,0.000000,-0.000000,0.000000,-0.000000,0.000000,-0.000000,0.333333,-0.100000,0.000000,-0.000000,0.000000,-0.000000,1.359008,2.984542,2.171775,0.500000,0.500000
131617,André Silva,ATA,276,SAO,6,45,45,casa,285,INT,2026-09-19 21:00:00,28,0.000000,0.000000,0.000000,0.000000,0.000000,0.000000,0.274343,0.329212,0.581123,0.464898,1.398433,0.699216,0.000000,0.000000,0.000000,-0.000000,0.462456,0.693684,0.000000,0.000000,0.000000,0.000000,0.000000,0.000000,0.000000,-0.000000,0.000000,-0.000000,0.666667,-0.666667,0.000000,-0.000000,0.333333,-0.100000,0.000000,-0.000000,0.000000,-0.000000,1.420344,2.919513,2.169929,0.500000,0.500000
146375,Kadir,ATA,263,BOT,6,45,45,fora,2305,MIR,2026-09-19 17:00:00,28,0.000000,0.000000,0.000000,0.000000,0.000000,0.000000,0.672249,0.806698,0.523619,0.418895,0.713864,0.356932,0.000000,0.000000,0.012456,-0.001246,0.372930,0.559396,0.000000,0.000000,0.000000,0.000000,0.000000,0.000000,0.000000,-0.000000,0.000000,-0.000000,0.333333,-0.333333,0.000000,-0.000000,1.000000,-0.300000,0.000000,-0.000000,0.000000,-0.000000,1.507343,2.804709,2.156026,0.500000,0.500000
91607,R. Rústico,ATA,277,SAN,6,45,45,fora,364,REM,2026-09-19 18:30:00,28,0.000000,0.000000,0.000000,0.000000,0.000000,0.000000,0.456868,0.548242,0.429364,0.343491,1.003906,0.501953,0.000000,0.000000,0.372089,-0.037209,0.640361,0.960542,0.000000,0.000000,0.000000,0.000000,0.000000,0.000000,0.000000,-0.000000,0.000000,-0.000000,0.333333,-0.333333,0.000000,-0.000000,1.333333,-0.400000,0.000000,-0.000000,0.000000,-0.000000,1.583686,2.709075,2.146381,0.500000,0.500000
117930,Lavega,ATA,294,CFC,7,95,85,fora,267,VAS,2026-09-19 20:30:00,28,0.000000,0.000000,0.000000,0.000000,0.000000,0.000000,0.043268,0.051921,0.315337,0.252270,0.785659,0.392830,0.000000,0.000000,0.000212,-0.000021,0.676554,1.014831,0.000000,0.000000,0.000000,0.000000,0.000000,0.000000,0.000000,-0.000000,0.000000,-0.000000,0.000000,-0.000000,0.000000,-0.000000,0.666667,-0.200000,0.000000,-0.000000,0.000000,-0.000000,1.511831,2.765239,2.138535,0.500000,0.500000
89840,Calleri,ATA,276,SAO,7,95,85,casa,285,INT,2026-09-19 21:00:00,28,0.000000,0.000000,0.000000,0.000000,0.000000,0.000000,0.137804,0.165364,0.389617,0.311693,1.277279,0.638640,0.000000,0.000000,0.008039,-0.000804,0.613042,0.919563,0.000000,0.000000,0.000000,0.000000,0.000000,0.000000,0.000000,-0.000000,0.000000,-0.000000,0.000000,-0.000000,0.000000,-0.000000,1.333333,-0.400000,0.000000,-0.000000,0.000000,-0.000000,1.634457,2.641033,2.137745,0.500000,0.500000
89368,Braithwaite,ATA,284,GRE,6,45,45,casa,275,PAL,2026-09-20 11:00:00,28,0.000000,0.000000,0.000000,0.000000,0.000000,0.000000,0.000127,0.000153,0.321977,0.257581,0.448332,0.224166,0.000000,0.000000,0.152726,-0.015273,0.586315,0.879472,0.000000,0.000000,0.000000,0.000000,0.000000,0.000000,0.000000,-0.000000,0.000000,-0.000000,0.000000,-0.000000,0.000000,-0.000000,1.000000,-0.300000,0.000000,-0.000000,0.000000,-0.000000,1.046100,3.185884,2.115992,0.500000,0.500000
104134,Fabri,ATA,287,VIT,6,45,45,casa,283,CRU,2026-09-20 16:00:00,28,0.000000,0.000000,0.000000,0.000000,0.008373,0.025120,0.015224,0.018269,0.492831,0.394265,0.066090,0.033045,0.000000,0.000000,0.000000,-0.000000,1.092527,1.638791,0.000000,0.000000,0.000000,0.000000,0.000000,0.000000,0.000000,-0.000000,0.000000,-0.000000,0.000000,-0.000000,0.000000,-0.000000,0.000000,-0.000000,0.000000,-0.000000,0.000000,-0.000000,2.109490,2.111142,2.110316,0.500000,0.500000
142086,Kauan Toledo,ATA,263,BOT,6,45,45,fora,2305,MIR,2026-09-19 17:00:00,28,0.000000,0.000000,0.000000,0.000000,0.000000,0.000000,0.275181,0.330217,0.510836,0.408668,1.019717,0.509859,0.000000,0.000000,0.247500,-0.024750,0.701171,1.051756,0.000000,0.000000,0.000000,0.000000,0.000000,0.000000,0.000000,-0.000000,0.000000,-0.000000,0.333333,-0.333333,0.000000,-0.000000,1.000000,-0.300000,0.000000,-0.000000,0.000000,-0.000000,1.642416,2.562454,2.102435,0.500000,0.500000
131967,Villarreal,ATA,283,CRU,6,45,45,fora,287,VIT,2026-09-20 16:00:00,28,0.000000,0.000000,0.000000,0.000000,0.006851,0.020553,0.012865,0.015438,0.269458,0.215566,0.763907,0.381953,0.000000,0.000000,0.136125,-0.013613,0.817126,1.225689,0.000000,0.000000,0.000000,0.000000,0.000000,0.000000,0.000000,-0.000000,0.000000,-0.000000,0.000000,-0.000000,0.000000,-0.000000,0.000000,-0.000000,0.000000,-0.000000,0.000000,-0.000000,1.845587,2.349851,2.097719,0.500000,0.500000
111831,Matheus Martins,ATA,263,BOT,6,45,45,fora,2305,MIR,2026-09-19 17:00:00,28,0.000000,0.000000,0.000000,0.000000,0.006851,0.020553,0.657494,0.788993,0.514383,0.411506,1.221587,0.610793,0.000000,0.000000,0.000000,-0.000000,0.040999,0.061499,0.000000,0.000000,0.000000,0.000000,0.000000,0.000000,0.000000,-0.000000,0.000000,-0.000000,0.000000,-0.000000,0.000000,-0.000000,0.333333,-0.100000,0.000000,-0.000000,0.000000,-0.000000,1.793345,2.387276,2.090311,0.500000,0.500000
145379,Kauê Furquim,ATA,265,BAH,6,45,45,fora,293,CAP,2026-09-20 19:30:00,28,0.000000,0.000000,0.000000,0.000000,0.000000,0.000000,0.000000,0.000000,0.342309,0.273847,1.958231,0.979116,0.000000,0.000000,0.000000,-0.000000,0.697500,1.046250,0.000000,0.000000,0.000000,0.000000,0.000000,0.000000,0.000000,-0.000000,0.000000,-0.000000,0.000000,-0.000000,0.000000,-0.000000,0.666667,-0.200000,0.000000,-0.000000,0.000000,-0.000000,2.099213,2.070404,2.084809,0.500000,0.500000
114040,Minda,ATA,282,CAM,6,45,45,casa,315,CHA,2026-09-19 16:00:00,28,0.000000,0.000000,0.000000,0.000000,0.001767,0.005300,0.279291,0.335149,0.239802,0.191841,0.706421,0.353211,0.000000,0.000000,0.254351,-0.025435,0.266342,0.399512,0.000000,0.000000,0.000000,0.000000,0.000000,0.000000,0.000000,-0.000000,0.000000,-0.000000,0.000000,-0.000000,0.000000,-0.000000,0.000000,-0.000000,0.000000,-0.000000,0.000000,-0.000000,1.259578,2.837319,2.048448,0.500000,0.500000
121824,Kayke,ATA,264,COR,5,45,45,casa,266,FLU,2026-09-20 16:00:00,28,0.000000,0.000000,0.000000,0.000000,0.000000,0.000000,0.247500,0.297000,0.363121,0.290497,0.329856,0.164928,0.000000,0.000000,0.000000,-0.000000,1.036506,1.554759,0.000000,0.000000,0.000000,0.000000,0.000000,0.000000,0.000000,-0.000000,0.000000,-0.000000,0.000000,-0.000000,0.000000,-0.000000,0.333333,-0.100000,0.000000,-0.000000,0.000000,-0.000000,2.207184,1.825961,2.016573,0.500000,0.500000
137542,Kaique Kenji,ATA,283,CRU,6,45,45,fora,287,VIT,2026-09-20 16:00:00,28,0.000000,0.000000,0.000000,0.000000,0.000000,0.000000,0.495296,0.594355,0.417854,0.334283,0.600654,0.300327,0.000000,0.000000,0.000000,-0.000000,0.586125,0.879188,0.000000,0.000000,0.000000,0.000000,0.000000,0.000000,0.000000,-0.000000,0.000000,-0.000000,0.333333,-0.333333,0.000000,-0.000000,0.666667,-0.200000,0.000000,-0.000000,0.000000,-0.000000,1.574819,2.389157,1.981988,0.500000,0.500000
140484,Riquelme Felipe,ATA,266,FLU,6,45,45,fora,264,COR,2026-09-20 16:00:00,28,0.000000,0.000000,0.333333,1.666667,0.000000,0.000000,0.000000,0.000000,0.396603,0.317282,0.677631,0.338816,0.000000,0.000000,0.000000,-0.000000,0.166375,0.249563,0.000000,0.000000,0.000000,0.000000,0.000000,0.000000,0.000000,-0.000000,0.000000,-0.000000,0.000000,-0.000000,0.000000,-0.000000,0.333333,-0.100000,0.000000,-0.000000,0.000000,-0.000000,2.472327,1.485760,1.979043,0.500000,0.500000
81720,Lingard,ATA,264,COR,6,45,45,casa,266,FLU,2026-09-20 16:00:00,28,0.000000,0.000000,0.000000,0.000000,0.000000,0.000000,0.024848,0.029817,0.322838,0.258270,0.319000,0.159500,0.000000,0.000000,0.006851,-0.000685,0.856153,1.284229,0.000000,0.000000,0.000000,0.000000,0.000000,0.000000,0.000000,-0.000000,0.000000,-0.000000,0.000000,-0.000000,0.000000,-0.000000,1.000000,-0.300000,0.000000,-0.000000,0.000000,-0.000000,1.431132,2.464455,1.947793,0.500000,0.500000
130121,João Costa,ATA,283,CRU,6,45,45,fora,287,VIT,2026-09-20 16:00:00,28,0.000000,0.000000,0.000000,0.000000,0.000000,0.000000,0.354606,0.425527,0.491164,0.392931,0.136125,0.068063,0.000000,0.000000,0.074869,-0.007487,1.036125,1.554187,0.000000,0.000000,0.000000,0.000000,0.000000,0.000000,0.000000,-0.000000,0.000000,-0.000000,0.000000,-0.000000,0.000000,-0.000000,1.666667,-0.500000,0.000000,-0.000000,0.000000,-0.000000,1.933221,1.931029,1.932125,0.500000,0.500000
133690,Bruno Lopes,ATA,267,VAS,6,45,45,casa,294,CFC,2026-09-19 20:30:00,28,0.000000,0.000000,0.000000,0.000000,0.000000,0.000000,1.000000,1.200000,0.374033,0.299226,0.000000,0.000000,0.000000,0.000000,0.000000,-0.000000,0.000000,0.000000,0.000000,0.000000,0.000000,0.000000,0.000000,0.000000,0.000000,-0.000000,0.000000,-0.000000,0.000000,-0.000000,0.000000,-0.000000,1.000000,-0.300000,0.000000,-0.000000,0.000000,-0.000000,1.199226,2.629232,1.914229,0.500000,0.500000
109114,Matheus Nascimento,ATA,284,GRE,6,45,45,casa,275,PAL,2026-09-20 11:00:00,28,0.000000,0.000000,0.000000,0.000000,0.000000,0.000000,1.000000,1.200000,0.199244,0.159395,0.000000,0.000000,0.000000,0.000000,0.000000,-0.000000,0.000000,0.000000,0.000000,0.000000,0.000000,0.000000,0.000000,0.000000,0.000000,-0.000000,0.000000,-0.000000,0.000000,-0.000000,0.000000,-0.000000,0.000000,-0.000000,0.000000,-0.000000,0.000000,-0.000000,1.359395,2.420411,1.889903,0.500000,0.500000
81005,André Luis,ATA,2305,MIR,6,45,45,casa,263,BOT,2026-09-19 17:00:00,28,0.000000,0.000000,0.000000,0.000000,0.000000,0.000000,0.000000,0.000000,0.841776,0.673421,0.657861,0.328930,0.000000,0.000000,0.136125,-0.013613,0.450000,0.675000,0.000000,0.000000,0.000000,0.000000,0.000000,0.000000,0.000000,-0.000000,0.000000,-0.000000,0.000000,-0.000000,0.000000,-0.000000,0.000000,-0.000000,0.000000,-0.000000,0.000000,-0.000000,1.663739,2.074516,1.869127,0.500000,0.500000
102877,Gabriel Poveda,ATA,364,REM,6,45,45,casa,277,SAN,2026-09-19 18:30:00,28,0.000000,0.000000,0.000000,0.000000,0.000000,0.000000,0.003768,0.004522,0.817009,0.653607,0.313743,0.156871,0.000000,0.000000,0.000000,-0.000000,0.514170,0.771256,0.000000,0.000000,0.000000,0.000000,0.000000,0.000000,0.000000,-0.000000,0.000000,-0.000000,0.000000,-0.000000,0.000000,-0.000000,0.000000,-0.000000,0.000000,-0.000000,0.000000,-0.000000,1.586256,2.093039,1.839647,0.500000,0.500000
149994,Jhuan Nunes,ATA,280,RBB,6,45,45,fora,262,FLA,2026-09-20 18:30:00,28,0.000000,0.000000,0.000000,0.000000,0.000000,0.000000,0.000000,0.000000,0.668749,0.534999,0.000000,0.000000,0.000000,0.000000,0.000000,-0.000000,0.550000,0.825000,0.000000,0.000000,0.000000,0.000000,0.000000,0.000000,0.000000,-0.000000,0.000000,-0.000000,0.000000,-0.000000,0.000000,-0.000000,0.000000,-0.000000,0.000000,-0.000000,0.000000,-0.000000,1.359999,2.107889,1.733944,0.500000,0.500000
117909,Wesley,ATA,283,CRU,6,45,45,fora,287,VIT,2026-09-20 16:00:00,28,0.000000,0.000000,0.000000,0.000000,0.000000,0.000000,0.074869,0.089843,0.228278,0.182623,1.689006,0.844503,0.000000,0.000000,0.000000,-0.000000,0.091506,0.137259,0.000000,0.000000,0.000000,0.000000,0.000000,0.000000,0.000000,-0.000000,0.000000,-0.000000,0.000000,-0.000000,0.000000,-0.000000,0.000000,-0.000000,0.000000,-0.000000,0.000000,-0.000000,1.254228,2.058314,1.656271,0.500000,0.500000
68996,Willian José,ATA,265,BAH,6,45,45,fora,293,CAP,2026-09-20 19:30:00,28,0.000000,0.000000,0.000000,0.000000,0.041178,0.123533,0.024852,0.029823,0.339938,0.271951,0.293440,0.146720,0.000000,0.000000,0.000000,-0.000000,0.012520,0.018780,0.000000,0.000000,0.000000,0.000000,0.000000,0.000000,0.000000,-0.000000,0.000000,-0.000000,0.000000,-0.000000,0.000000,-0.000000,0.000000,-0.000000,0.000000,-0.000000,0.000017,-0.000069,0.590738,2.670951,1.630844,0.500000,0.500000
101254,Alef Manga,ATA,364,REM,7,95,85,casa,277,SAN,2026-09-19 18:30:00,28,0.000000,0.000000,0.000000,0.000000,0.000000,0.000000,0.019629,0.023555,0.370412,0.296329,1.026735,0.513367,0.000000,0.000000,0.638937,-0.063894,0.079821,0.119732,0.000000,0.000000,0.000000,0.000000,0.000000,0.000000,0.000000,-0.000000,0.000000,-0.000000,0.000000,-0.000000,0.000000,-0.000000,0.333333,-0.100000,0.000000,-0.000000,0.000017,-0.000069,0.789021,2.463486,1.626254,0.500000,0.500000
117403,Renato Marques,ATA,294,CFC,6,45,45,fora,267,VAS,2026-09-19 20:30:00,28,0.000000,0.000000,0.000000,0.000000,0.136125,0.408375,0.027681,0.033217,0.118274,0.094619,0.655099,0.327549,0.000000,0.000000,0.000000,-0.000000,0.000000,0.000000,0.000000,0.000000,0.000000,0.000000,0.000000,0.000000,0.000000,-0.000000,0.041178,-0.123533,0.000000,-0.000000,0.000000,-0.000000,0.000000,-0.000000,0.000000,-0.000000,0.000000,-0.000000,0.740227,2.442616,1.591421,0.500000,0.500000
142265,Dell,ATA,265,BAH,6,45,45,fora,293,CAP,2026-09-20 19:30:00,28,0.000000,0.000000,0.000000,0.000000,0.000000,0.000000,0.136125,0.163350,0.357904,0.286323,0.580250,0.290125,0.000000,0.000000,0.000000,-0.000000,0.413875,0.620813,0.000000,0.000000,0.000000,0.000000,0.000000,0.000000,0.000000,-0.000000,0.136125,-0.408375,0.000000,-0.000000,0.000000,-0.000000,1.000000,-0.300000,0.000000,-0.000000,0.000000,-0.000000,0.652235,2.494212,1.573224,0.500000,0.500000
78117,Everaldo,ATA,265,BAH,6,45,45,fora,293,CAP,2026-09-20 19:30:00,28,0.000000,0.000000,0.000000,0.000000,0.041178,0.123533,0.006185,0.007422,0.461840,0.369472,0.059707,0.029854,0.000000,0.000000,0.000070,-0.000007,0.162160,0.243241,0.000000,0.000000,0.000000,0.000000,0.000000,0.000000,0.000000,-0.000000,0.000000,-0.000000,0.000000,-0.000000,0.000000,-0.000000,0.000000,-0.000000,0.000000,-0.000000,0.000000,-0.000000,0.773515,2.346141,1.559828,0.500000,0.500000
107700,Eduardo Melo,ATA,364,REM,6,45,45,casa,277,SAN,2026-09-19 18:30:00,28,0.000000,0.000000,0.000000,0.000000,0.000000,0.000000,0.000000,0.000000,0.190342,0.152273,0.000000,0.000000,0.000000,0.000000,1.000000,-0.100000,1.000000,1.500000,0.000000,0.000000,0.000000,0.000000,0.000000,0.000000,0.000000,-0.000000,0.000000,-0.000000,0.000000,-0.000000,0.000000,-0.000000,0.000000,-0.000000,0.000000,-0.000000,0.000000,-0.000000,1.552273,1.566175,1.559224,0.500000,0.500000
151412,Kássio,ATA,315,CHA,6,45,45,fora,282,CAM,2026-09-19 16:00:00,28,0.000000,0.000000,0.000000,0.000000,0.000000,0.000000,0.000000,0.000000,0.370360,0.296288,0.000000,0.000000,0.000000,0.000000,0.000000,-0.000000,1.000000,1.500000,0.000000,0.000000,0.000000,0.000000,0.000000,0.000000,0.000000,-0.000000,0.000000,-0.000000,0.000000,-0.000000,0.000000,-0.000000,0.000000,-0.000000,0.000000,-0.000000,0.000000,-0.000000,1.796288,1.289052,1.542670,0.500000,0.500000
101715,Alerrandro,ATA,285,INT,6,45,45,fora,276,SAO,2026-09-19 21:00:00,28,0.000000,0.000000,0.000000,0.000000,0.000000,0.000000,0.123111,0.147733,0.361528,0.289222,0.690600,0.345300,0.000000,0.000000,0.024772,-0.002477,0.470222,0.705333,0.000000,0.000000,0.000000,0.000000,0.000000,0.000000,0.000000,-0.000000,0.000000,-0.000000,0.000000,-0.000000,0.000000,-0.000000,1.333333,-0.400000,0.000000,-0.000000,0.000000,-0.000000,1.085110,1.964901,1.525006,0.500000,0.500000
108602,Valencia,ATA,262,FLA,6,45,45,casa,280,RBB,2026-09-20 18:30:00,28,0.000000,0.000000,0.000000,0.000000,0.000000,0.000000,0.000000,0.000000,0.096309,0.077047,0.000000,0.000000,0.000000,0.000000,0.000000,-0.000000,1.000000,1.500000,0.000000,0.000000,0.000000,0.000000,0.000000,0.000000,0.000000,-0.000000,0.000000,-0.000000,0.000000,-0.000000,0.000000,-0.000000,0.000000,-0.000000,0.000000,-0.000000,0.000000,-0.000000,1.577047,1.472842,1.524944,0.500000,0.500000
151404,Lucas Emanuel,ATA,263,BOT,6,45,45,fora,2305,MIR,2026-09-19 17:00:00,28,0.000000,0.000000,0.000000,0.000000,0.000000,0.000000,1.000000,1.200000,0.254328,0.203462,1.000000,0.500000,0.000000,0.000000,0.000000,-0.000000,0.000000,0.000000,0.000000,0.000000,0.000000,0.000000,0.000000,0.000000,0.000000,-0.000000,0.000000,-0.000000,0.000000,-0.000000,0.000000,-0.000000,1.000000,-0.300000,0.000000,-0.000000,0.000000,-0.000000,1.603462,1.384010,1.493736,0.500000,0.500000
108133,Isidro Pitta,ATA,280,RBB,7,95,85,fora,262,FLA,2026-09-20 18:30:00,28,0.000000,0.000000,0.000000,0.000000,0.074869,0.224606,0.511202,0.613443,0.316245,0.252996,0.483329,0.241664,0.000000,0.000000,0.782599,-0.078260,0.003770,0.005654,0.000000,0.000000,0.000000,0.000000,0.000000,0.000000,0.000000,-0.000000,0.000000,-0.000000,0.333333,-0.333333,0.000000,-0.000000,1.666667,-0.500000,0.000000,-0.000000,0.000002,-0.000006,0.426765,2.534191,1.480478,0.500000,0.500000
92696,Renato Kayzer,ATA,287,VIT,6,45,45,casa,283,CRU,2026-09-20 16:00:00,28,0.000000,0.000000,0.000000,0.000000,0.000000,0.000000,0.248767,0.298521,0.804815,0.643852,0.498386,0.249193,0.000000,0.000000,0.107535,-0.010753,0.260128,0.390193,0.000000,0.000000,0.000000,0.000000,0.000000,0.000000,0.000000,-0.000000,0.000000,-0.000000,0.000000,-0.000000,0.000000,-0.000000,1.000000,-0.300000,0.000000,-0.000000,0.000000,-0.000000,1.271005,1.573905,1.422455,0.500000,0.500000
103626,Ocampo,ATA,294,CFC,5,45,45,fora,267,VAS,2026-09-19 20:30:00,28,0.000000,0.000000,0.000000,0.000000,0.000000,0.000000,0.000000,0.000000,0.518958,0.415167,0.247500,0.123750,0.000000,0.000000,0.000000,-0.000000,0.302500,0.453750,0.000000,0.000000,0.000000,0.000000,0.000000,0.000000,0.000000,-0.000000,0.000000,-0.000000,0.000000,-0.000000,0.000000,-0.000000,0.333333,-0.100000,0.000000,-0.000000,0.000000,-0.000000,0.892667,1.897121,1.394894,0.500000,0.500000
105518,Renan Peixoto,ATA,293,CAP,7,95,85,casa,265,BAH,2026-09-20 19:30:00,28,0.000000,0.000000,0.000000,0.000000,0.022648,0.067943,0.450000,0.540000,0.489162,0.391329,0.111854,0.055927,0.000000,0.000000,0.136125,-0.013613,0.012456,0.018684,0.000000,0.000000,0.000000,0.000000,0.000000,0.000000,0.000000,-0.000000,0.000000,-0.000000,0.000000,-0.000000,0.000000,-0.000000,0.666667,-0.200000,0.000000,-0.000000,0.000000,-0.000000,0.860272,1.885831,1.373051,0.500000,0.500000
136955,Sanabria,ATA,265,BAH,6,45,45,fora,293,CAP,2026-09-20 19:30:00,28,0.000000,0.000000,0.000000,0.000000,0.000000,0.000000,0.000766,0.000919,0.346726,0.277381,0.451965,0.225983,0.000000,0.000000,0.247921,-0.024792,0.512128,0.768192,0.000000,0.000000,0.000000,0.000000,0.000000,0.000000,0.000000,-0.000000,0.000000,-0.000000,0.333333,-0.333333,0.000000,-0.000000,0.333333,-0.100000,0.000000,-0.000000,0.000000,-0.000000,0.814349,1.913981,1.364165,0.500000,0.500000
95362,Cassierra,ATA,282,CAM,6,45,45,casa,315,CHA,2026-09-19 16:00:00,28,0.000000,0.000000,0.000000,0.000000,0.158773,0.476318,0.108829,0.130595,0.282291,0.225833,0.155184,0.077592,0.000000,0.000000,0.021238,-0.002124,0.004908,0.007362,0.000000,0.000000,0.000000,0.000000,0.000000,0.000000,0.000000,-0.000000,0.000000,-0.000000,0.000000,-0.000000,0.000000,-0.000000,0.333333,-0.100000,0.000000,-0.000000,0.000000,-0.000000,0.815576,1.851992,1.333784,0.500000,0.500000
91130,Fernandinho,ATA,2305,MIR,7,95,85,casa,263,BOT,2026-09-19 17:00:00,28,0.000000,0.000000,0.000000,0.000000,0.000000,0.000000,0.022648,0.027177,0.123425,0.098740,0.381487,0.190743,0.000000,0.000000,0.041178,-0.004118,0.666703,1.000055,0.000000,0.000000,0.000000,0.000000,0.000000,0.000000,0.000000,-0.000000,0.000000,-0.000000,0.333333,-0.333333,0.000000,-0.000000,1.333333,-0.400000,0.000000,-0.000000,0.000000,-0.000000,0.579265,2.016763,1.298014,0.500000,0.500000
84042,Tiquinho Soares,ATA,263,BOT,6,45,45,fora,2305,MIR,2026-09-19 17:00:00,28,0.000000,0.000000,0.000000,0.000000,0.000000,0.000000,0.272413,0.326895,0.349676,0.279741,0.204785,0.102392,0.000000,0.000000,0.922648,-0.092265,0.112741,0.169111,0.000000,0.000000,0.000000,0.000000,0.000000,0.000000,0.000000,-0.000000,0.000000,-0.000000,0.000000,-0.000000,0.000000,-0.000000,0.333333,-0.100000,0.000000,-0.000000,0.000000,-0.000000,0.685875,1.877300,1.281588,0.500000,0.500000
122781,Caballero,ATA,277,SAN,6,45,45,fora,364,REM,2026-09-19 18:30:00,28,0.000000,0.000000,0.000000,0.000000,0.136125,0.408375,0.074869,0.089843,0.110457,0.088366,0.438625,0.219313,0.000000,0.000000,0.450000,-0.045000,0.541506,0.812259,0.000000,0.000000,0.000000,0.000000,0.000000,0.000000,0.000000,-0.000000,0.000000,-0.000000,0.000000,-0.000000,0.000000,-0.000000,1.333333,-0.400000,0.000000,-0.000000,0.000000,-0.000000,1.173155,1.296641,1.234898,0.500000,0.500000
146624,Heittor,ATA,275,PAL,6,45,45,fora,284,GRE,2026-09-20 11:00:00,28,0.000000,0.000000,0.000000,0.000000,0.000000,0.000000,0.000000,0.000000,0.575597,0.460478,0.450000,0.225000,0.000000,0.000000,0.302500,-0.030250,0.302500,0.453750,0.000000,0.000000,0.000000,0.000000,0.000000,0.000000,0.000000,-0.000000,0.000000,-0.000000,0.000000,-0.000000,0.000000,-0.000000,0.333333,-0.100000,0.000000,-0.000000,0.000000,-0.000000,1.008978,1.430342,1.219660,0.500000,0.500000
147268,Anderson Pato,ATA,287,VIT,5,45,45,casa,283,CRU,2026-09-20 16:00:00,28,0.000000,0.000000,0.000000,0.000000,0.000000,0.000000,0.000000,0.000000,0.240777,0.192621,0.000000,0.000000,0.000000,0.000000,0.000000,-0.000000,1.000000,1.500000,0.000000,0.000000,0.000000,0.000000,0.000000,0.000000,0.000000,-0.000000,0.000000,-0.000000,0.333333,-0.333333,0.000000,-0.000000,0.333333,-0.100000,0.000000,-0.000000,0.000000,-0.000000,1.259288,1.171212,1.215250,0.500000,0.500000
133673,Mateus Xavier,ATA,277,SAN,6,45,45,fora,364,REM,2026-09-19 18:30:00,28,0.000000,0.000000,0.000000,0.000000,0.000000,0.000000,0.000000,0.000000,0.061419,0.049135,0.000000,0.000000,0.000000,0.000000,0.000000,-0.000000,1.000000,1.500000,0.000000,0.000000,0.000000,0.000000,0.000000,0.000000,0.000000,-0.000000,0.000000,-0.000000,0.000000,-0.000000,0.000000,-0.000000,1.000000,-0.300000,0.000000,-0.000000,0.000000,-0.000000,1.249135,1.158391,1.203763,0.500000,0.500000
129663,Ruan Pablo,ATA,265,BAH,6,45,45,fora,293,CAP,2026-09-20 19:30:00,28,0.000000,0.000000,0.000000,0.000000,0.000000,0.000000,0.000000,0.000000,0.128281,0.102624,0.000000,0.000000,0.000000,0.000000,0.000000,-0.000000,0.000000,0.000000,0.000000,0.000000,0.000000,0.000000,0.000000,0.000000,0.000000,-0.000000,0.000000,-0.000000,0.000000,-0.000000,0.000000,-0.000000,0.333333,-0.100000,0.000000,-0.000000,0.000000,-0.000000,0.002624,2.387520,1.195072,0.500000,0.500000
122121,Túlio Eduardo,ATA,315,CHA,7,95,85,fora,282,CAM,2026-09-19 16:00:00,28,0.000000,0.000000,0.000000,0.000000,0.000000,0.000000,0.858375,1.030050,0.384892,0.307913,0.175526,0.087763,0.000000,0.000000,0.991506,-0.099151,0.136125,0.204188,0.000000,0.000000,0.000000,0.000000,0.000000,0.000000,0.000000,-0.000000,0.000000,-0.000000,0.333333,-0.333333,0.000000,-0.000000,2.333333,-0.700000,0.000000,-0.000000,0.000000,-0.000000,0.497430,1.875085,1.186257,0.500000,0.500000
70360,Eduardo Sasha,ATA,280,RBB,5,45,45,fora,262,FLA,2026-09-20 18:30:00,28,0.000000,0.000000,0.000000,0.000000,0.000000,0.000000,0.013835,0.016602,0.306511,0.245209,0.312257,0.156128,0.000000,0.000000,0.001311,-0.000131,0.273230,0.409846,0.000000,0.000000,0.000000,0.000000,0.000000,0.000000,0.000000,-0.000000,0.000000,-0.000000,0.333333,-0.333333,0.000000,-0.000000,0.333333,-0.100000,0.000000,-0.000000,0.035104,-0.140416,0.253904,2.027584,1.140744,0.500000,0.500000
86485,Keno,ATA,294,CFC,5,45,45,fora,267,VAS,2026-09-19 20:30:00,28,0.000000,0.000000,0.000000,0.000000,0.000000,0.000000,0.074869,0.089843,0.148077,0.118462,1.024540,0.512270,0.000000,0.000000,0.450000,-0.045000,0.000000,0.000000,0.000000,0.000000,0.000000,0.000000,0.000000,0.000000,0.000000,-0.000000,0.000000,-0.000000,0.000000,-0.000000,0.000000,-0.000000,0.000000,-0.000000,0.000000,-0.000000,0.000000,-0.000000,0.675575,1.585673,1.130624,0.500000,0.500000
101002,Júnior Santos,ATA,263,BOT,6,45,45,fora,2305,MIR,2026-09-19 17:00:00,28,0.000000,0.000000,0.000000,0.000000,0.041178,0.123533,0.012691,0.015230,0.506162,0.404930,0.474329,0.237165,0.000000,0.000000,1.071229,-0.107123,0.008302,0.012453,0.000000,0.000000,0.000000,0.000000,0.000000,0.000000,0.000000,-0.000000,0.000000,-0.000000,0.000000,-0.000000,0.000000,-0.000000,1.000000,-0.300000,0.000000,-0.000000,0.000000,-0.000000,0.386188,1.848719,1.117453,0.500000,0.500000
111829,Kayky,ATA,285,INT,5,45,45,fora,276,SAO,2026-09-19 21:00:00,28,0.000000,0.000000,0.000000,0.000000,0.000000,0.000000,0.363547,0.436256,0.160082,0.128066,0.116047,0.058023,0.000000,0.000000,0.000000,-0.000000,0.116047,0.174070,0.000000,0.000000,0.000000,0.000000,0.000000,0.000000,0.000000,-0.000000,0.000000,-0.000000,0.000000,-0.000000,0.000000,-0.000000,0.000000,-0.000000,0.000000,-0.000000,0.000000,-0.000000,0.796415,1.367708,1.082061,0.500000,0.500000
141991,Tico,ATA,364,REM,6,45,45,casa,277,SAN,2026-09-19 18:30:00,28,0.000000,0.000000,0.000000,0.000000,0.000000,0.000000,0.000000,0.000000,0.184357,0.147486,1.000000,0.500000,0.000000,0.000000,0.000000,-0.000000,0.000000,0.000000,0.000000,0.000000,0.000000,0.000000,0.000000,0.000000,0.000000,-0.000000,0.000000,-0.000000,0.000000,-0.000000,0.000000,-0.000000,0.000000,-0.000000,0.000000,-0.000000,0.000000,-0.000000,0.647486,1.513060,1.080273,0.500000,0.500000
147089,Cauã Soares,ATA,282,CAM,6,45,45,casa,315,CHA,2026-09-19 16:00:00,28,0.000000,0.000000,0.000000,0.000000,0.000000,0.000000,0.500328,0.600394,0.323328,0.258662,0.050328,0.025164,0.000000,0.000000,0.000000,-0.000000,0.074869,0.112303,0.000000,0.000000,0.000000,0.000000,0.000000,0.000000,0.000000,-0.000000,0.000000,-0.000000,0.000000,-0.000000,0.000000,-0.000000,0.000000,-0.000000,0.000000,-0.000000,0.000000,-0.000000,0.996524,1.146381,1.071452,0.500000,0.500000
147202,João Bezerra,ATA,285,INT,6,45,45,fora,276,SAO,2026-09-19 21:00:00,28,0.000000,0.000000,0.000000,0.000000,0.000000,0.000000,0.550000,0.660000,0.214129,0.171303,0.000000,0.000000,0.000000,0.000000,0.000000,-0.000000,0.000000,0.000000,0.000000,0.000000,0.000000,0.000000,0.000000,0.000000,0.000000,-0.000000,0.000000,-0.000000,0.000000,-0.000000,0.000000,-0.000000,0.000000,-0.000000,0.000000,-0.000000,0.000000,-0.000000,0.831303,1.310200,1.070752,0.500000,0.500000
107300,Alex Bruno,ATA,287,VIT,6,45,45,casa,283,CRU,2026-09-20 16:00:00,28,0.000000,0.000000,0.000000,0.000000,0.000000,0.000000,0.000000,0.000000,0.686942,0.549553,1.000000,0.500000,0.000000,0.000000,0.000000,-0.000000,0.000000,0.000000,0.000000,0.000000,0.000000,0.000000,0.000000,0.000000,0.000000,-0.000000,0.000000,-0.000000,0.000000,-0.000000,0.000000,-0.000000,0.000000,-0.000000,0.000000,-0.000000,0.000000,-0.000000,1.049553,1.053132,1.051343,0.500000,0.500000
151120,Jorge Rivaldo,ATA,293,CAP,6,45,45,casa,265,BAH,2026-09-20 19:30:00,28,0.000000,0.000000,0.000000,0.000000,0.000000,0.000000,0.450000,0.540000,0.267052,0.213642,0.000000,0.000000,0.000000,0.000000,0.450000,-0.045000,0.000000,0.000000,0.000000,0.000000,0.000000,0.000000,0.000000,0.000000,0.000000,-0.000000,0.000000,-0.000000,0.000000,-0.000000,0.000000,-0.000000,0.666667,-0.200000,0.000000,-0.000000,0.000000,-0.000000,0.508642,1.542389,1.025516,0.500000,0.500000
104666,Moisés,ATA,277,SAN,6,45,45,fora,364,REM,2026-09-19 18:30:00,28,0.000000,0.000000,0.000000,0.000000,0.000000,0.000000,0.052563,0.063076,0.335899,0.268719,0.039136,0.019568,0.000000,0.000000,0.000000,-0.000000,0.249572,0.374359,0.000000,0.000000,0.000000,0.000000,0.000000,0.000000,0.000000,-0.000000,0.000000,-0.000000,0.000000,-0.000000,0.000000,-0.000000,0.000000,-0.000000,0.000000,-0.000000,0.000000,-0.000000,0.725721,1.291145,1.008433,0.500000,0.500000
110598,Marino Hinestroza,ATA,267,VAS,6,45,45,casa,294,CFC,2026-09-19 20:30:00,28,0.000000,0.000000,0.000000,0.000000,0.003768,0.011304,0.000000,0.000000,0.290287,0.232229,0.707062,0.353531,0.000000,0.000000,0.000000,-0.000000,0.024981,0.037472,0.000000,0.000000,0.000000,0.000000,0.000000,0.000000,0.000000,-0.000000,0.000000,-0.000000,0.000000,-0.000000,0.000000,-0.000000,0.333333,-0.100000,0.000000,-0.000000,0.000000,-0.000000,0.534536,1.466892,1.000714,0.500000,0.500000
143488,Raykkonen,ATA,285,INT,6,45,45,fora,276,SAO,2026-09-19 21:00:00,28,0.000000,0.000000,0.000000,0.000000,0.000000,0.000000,0.000000,0.000000,0.332980,0.266384,1.000000,0.500000,0.000000,0.000000,0.000000,-0.000000,0.000000,0.000000,0.000000,0.000000,0.000000,0.000000,0.000000,0.000000,0.000000,-0.000000,0.000000,-0.000000,0.000000,-0.000000,0.000000,-0.000000,0.000000,-0.000000,0.000000,-0.000000,0.000000,-0.000000,0.766384,1.200231,0.983307,0.500000,0.500000
141609,Lucca,ATA,276,SAO,6,45,45,casa,285,INT,2026-09-19 21:00:00,28,0.000000,0.000000,0.000000,0.000000,0.000000,0.000000,0.000000,0.000000,0.304591,0.243673,0.000000,0.000000,0.000000,0.000000,0.000000,-0.000000,0.136125,0.204188,0.000000,0.000000,0.000000,0.000000,0.000000,0.000000,0.000000,-0.000000,0.000000,-0.000000,0.000000,-0.000000,0.000000,-0.000000,0.666667,-0.200000,0.000000,-0.000000,0.000000,-0.000000,0.247861,1.671508,0.959684,0.500000,0.500000
118775,Lautaro Díaz,ATA,277,SAN,6,45,45,fora,364,REM,2026-09-19 18:30:00,28,0.000000,0.000000,0.000000,0.000000,0.015224,0.045673,0.247500,0.297000,0.176431,0.141145,0.012456,0.006228,0.000000,0.000000,0.000000,-0.000000,0.090093,0.135140,0.000000,0.000000,0.000000,0.000000,0.000000,0.000000,0.000000,-0.000000,0.000000,-0.000000,0.000000,-0.000000,0.000000,-0.000000,0.333333,-0.100000,0.000000,-0.000000,0.000000,-0.000000,0.525186,1.289877,0.907531,0.500000,0.500000
113158,Marquinhos,ATA,283,CRU,6,45,45,fora,287,VIT,2026-09-20 16:00:00,28,0.000000,0.000000,0.000000,0.000000,0.000000,0.000000,0.000000,0.000000,0.136989,0.109591,1.650000,0.825000,0.000000,0.000000,0.000000,-0.000000,0.000000,0.000000,0.000000,0.000000,0.000000,0.000000,0.000000,0.000000,0.000000,-0.000000,0.000000,-0.000000,0.000000,-0.000000,0.000000,-0.000000,1.000000,-0.300000,0.000000,-0.000000,0.000000,-0.000000,0.634591,1.169241,0.901916,0.500000,0.500000
149991,David,ATA,294,CFC,6,45,45,fora,267,VAS,2026-09-19 20:30:00,28,0.000000,0.000000,0.000000,0.000000,0.000000,0.000000,0.000000,0.000000,0.348356,0.278685,0.000000,0.000000,0.000000,0.000000,0.000000,-0.000000,0.000000,0.000000,0.000000,0.000000,0.000000,0.000000,0.000000,0.000000,0.000000,-0.000000,0.000000,-0.000000,0.000000,-0.000000,0.000000,-0.000000,0.000000,-0.000000,0.000000,-0.000000,0.000000,-0.000000,0.278685,1.509766,0.894225,0.500000,0.500000
148717,Tetê,ATA,276,SAO,6,45,45,casa,285,INT,2026-09-19 21:00:00,28,0.000000,0.000000,0.000000,0.000000,0.000000,0.000000,0.000000,0.000000,0.325503,0.260402,0.000000,0.000000,0.000000,0.000000,0.000000,-0.000000,0.000000,0.000000,0.000000,0.000000,0.000000,0.000000,0.000000,0.000000,0.000000,-0.000000,0.000000,-0.000000,0.000000,-0.000000,0.000000,-0.000000,0.333333,-0.100000,0.000000,-0.000000,0.000000,-0.000000,0.160402,1.522653,0.841527,0.500000,0.500000
145036,Fernando Pradella,ATA,277,SAN,6,45,45,fora,364,REM,2026-09-19 18:30:00,28,0.000000,0.000000,0.000000,0.000000,0.000000,0.000000,0.000000,0.000000,0.348356,0.278685,0.000000,0.000000,0.000000,0.000000,0.000000,-0.000000,0.000000,0.000000,0.000000,0.000000,0.000000,0.000000,0.000000,0.000000,0.000000,-0.000000,0.000000,-0.000000,0.000000,-0.000000,0.000000,-0.000000,0.000000,-0.000000,0.000000,-0.000000,0.000000,-0.000000,0.278685,1.216025,0.747355,0.500000,0.500000
140542,Ryan Francisco,ATA,276,SAO,6,45,45,casa,285,INT,2026-09-19 21:00:00,28,0.000000,0.000000,0.000000,0.000000,0.000000,0.000000,0.000000,0.000000,0.089258,0.071407,0.000000,0.000000,0.000000,0.000000,0.000000,-0.000000,0.000000,0.000000,0.000000,0.000000,0.000000,0.000000,0.000000,0.000000,0.000000,-0.000000,0.000000,-0.000000,0.000000,-0.000000,0.000000,-0.000000,1.000000,-0.300000,0.000000,-0.000000,0.000000,-0.000000,-0.228593,1.544346,0.657876,0.500000,0.500000
101237,Eliasson,ATA,285,INT,6,45,45,fora,276,SAO,2026-09-19 21:00:00,28,0.000000,0.000000,0.000000,0.000000,0.000000,0.000000,0.000000,0.000000,0.143111,0.114489,0.136125,0.068063,0.000000,0.000000,0.000000,-0.000000,0.000000,0.000000,0.000000,0.000000,0.000000,0.000000,0.000000,0.000000,0.000000,-0.000000,0.000000,-0.000000,0.000000,-0.000000,0.000000,-0.000000,0.000000,-0.000000,0.000000,-0.000000,0.000000,-0.000000,0.182551,1.094893,0.638722,0.500000,0.500000
97911,Lucas Silva,ATA,287,VIT,6,45,45,casa,283,CRU,2026-09-20 16:00:00,28,0.000000,0.000000,0.000000,0.000000,0.000000,0.000000,0.000000,0.000000,0.420356,0.336285,0.450000,0.225000,0.000000,0.000000,0.000000,-0.000000,0.000000,0.000000,0.000000,0.000000,0.000000,0.000000,0.000000,0.000000,0.000000,-0.000000,0.000000,-0.000000,0.333333,-0.333333,0.000000,-0.000000,0.000000,-0.000000,0.000000,-0.000000,0.000000,-0.000000,0.227952,1.015740,0.621846,0.500000,0.500000
116066,Rubens,ATA,315,CHA,6,45,45,fora,282,CAM,2026-09-19 16:00:00,28,0.000000,0.000000,0.000000,0.000000,0.000000,0.000000,0.012456,0.014948,0.205925,0.164740,0.289455,0.144728,0.000000,0.000000,0.000000,-0.000000,0.396081,0.594122,0.000000,0.000000,0.000000,0.000000,0.000000,0.000000,0.000000,-0.000000,0.000000,-0.000000,0.333333,-0.333333,0.000000,-0.000000,1.666667,-0.500000,0.000000,-0.000000,0.000000,-0.000000,0.085204,1.056710,0.570957,0.500000,0.500000
42222,Osvaldo,ATA,287,VIT,6,45,45,casa,283,CRU,2026-09-20 16:00:00,28,0.000000,0.000000,0.000000,0.000000,0.000000,0.000000,0.000000,0.000000,0.185784,0.148627,0.000000,0.000000,0.000000,0.000000,0.000000,-0.000000,0.000000,0.000000,0.000000,0.000000,0.000000,0.000000,0.000000,0.000000,0.000000,-0.000000,0.000000,-0.000000,0.000000,-0.000000,0.000000,-0.000000,0.000000,-0.000000,0.000000,-0.000000,0.000000,-0.000000,0.148627,0.883795,0.516211,0.500000,0.500000
143463,Wesley Natã,ATA,266,FLU,6,45,45,fora,264,COR,2026-09-20 16:00:00,28,0.000000,0.000000,0.000000,0.000000,0.000000,0.000000,0.000000,0.000000,0.320819,0.256655,0.000000,0.000000,0.000000,0.000000,0.000000,-0.000000,0.000000,0.000000,0.000000,0.000000,0.000000,0.000000,0.000000,0.000000,0.000000,-0.000000,0.000000,-0.000000,0.000000,-0.000000,0.000000,-0.000000,1.000000,-0.300000,0.000000,-0.000000,0.000000,-0.000000,-0.043345,1.035910,0.496283,0.500000,0.500000
85035,Sanabria,ATA,285,INT,6,45,45,fora,276,SAO,2026-09-19 21:00:00,28,0.000000,0.000000,0.000000,0.000000,0.000000,0.000000,0.000000,0.000000,0.137787,0.110229,0.000000,0.000000,0.000000,0.000000,0.450000,-0.045000,0.000000,0.000000,0.000000,0.000000,0.000000,0.000000,0.000000,0.000000,0.000000,-0.000000,0.000000,-0.000000,0.000000,-0.000000,0.000000,-0.000000,0.666667,-0.200000,0.000000,-0.000000,0.000000,-0.000000,-0.134771,1.104206,0.484718,0.500000,0.500000
93371,Rodrigo Rodrigues,ATA,294,CFC,6,45,45,fora,267,VAS,2026-09-19 20:30:00,28,0.000000,0.000000,0.000000,0.000000,0.000000,0.000000,0.000000,0.000000,0.406980,0.325584,0.000000,0.000000,0.000000,0.000000,0.000000,-0.000000,0.000000,0.000000,0.000000,0.000000,0.000000,0.000000,0.000000,0.000000,0.000000,-0.000000,0.000000,-0.000000,0.000000,-0.000000,0.000000,-0.000000,3.000000,-0.900000,0.000000,-0.000000,0.000000,-0.000000,-0.574416,1.460610,0.443097,0.500000,0.500000
142638,João Victor,ATA,285,INT,6,45,45,fora,276,SAO,2026-09-19 21:00:00,28,0.000000,0.000000,0.000000,0.000000,0.000000,0.000000,0.000000,0.000000,0.406980,0.325584,1.000000,0.500000,0.000000,0.000000,0.000000,-0.000000,0.000000,0.000000,0.000000,0.000000,0.000000,0.000000,0.000000,0.000000,0.000000,-0.000000,0.000000,-0.000000,1.000000,-1.000000,0.000000,-0.000000,1.000000,-0.300000,0.000000,-0.000000,0.000000,-0.000000,-0.474416,1.079634,0.302609,0.500000,0.500000
98333,Gabriel Batista,GOL,263,BOT,7,95,85,fora,2305,MIR,2026-09-19 17:00:00,28,0.000000,0.000000,0.000000,0.000000,0.000000,0.000000,0.000000,0.000000,0.000000,0.000000,0.007500,0.003750,0.000000,0.000000,0.000000,-0.000000,0.000000,0.000000,0.281392,1.406958,0.000000,0.000000,5.295000,6.883500,0.000000,-0.000000,0.000000,-0.000000,0.000000,-0.000000,1.584461,-1.584461,0.004068,-0.001220,0.027743,-0.027743,0.000000,-0.000000,6.680784,3.944281,5.312533,0.500000,0.500000
104118,Lucas Arcanjo,GOL,287,VIT,7,95,85,casa,283,CRU,2026-09-20 16:00:00,28,0.000000,0.000000,0.333333,1.666667,0.000000,0.000000,0.000000,0.000000,0.000000,0.000000,0.234167,0.117083,0.000000,0.000000,0.000000,-0.000000,0.000000,0.000000,0.261966,1.309832,0.000000,0.000000,4.524369,5.881679,0.000000,-0.000000,0.000000,-0.000000,0.000000,-0.000000,1.246589,-1.246589,0.004359,-0.001308,0.000000,-0.000000,0.000000,-0.000000,7.727364,2.674362,5.200863,0.500000,0.500000
106028,Coronel,GOL,276,SAO,6,45,45,casa,285,INT,2026-09-19 21:00:00,28,0.000000,0.000000,0.000000,0.000000,0.000000,0.000000,0.000000,0.000000,0.000000,0.000000,0.181288,0.090644,0.000000,0.000000,0.000000,-0.000000,0.000000,0.000000,0.229608,1.148041,0.015154,0.106075,5.000000,6.500000,0.000000,-0.000000,0.000000,-0.000000,0.000000,-0.000000,1.100325,-1.100325,0.004002,-0.001201,0.014449,-0.014449,0.000000,-0.000000,6.728785,3.497439,5.113112,0.500000,0.500000
117404,Otávio,GOL,283,CRU,7,95,85,fora,287,VIT,2026-09-20 16:00:00,28,0.000000,0.000000,0.000000,0.000000,0.000000,0.000000,0.000000,0.000000,0.000000,0.000000,0.075575,0.037788,0.000000,0.000000,0.000000,-0.000000,0.000000,0.000000,0.062734,0.313671,0.000000,0.000000,6.634520,8.624876,0.000000,-0.000000,0.000238,-0.000714,0.000000,-0.000000,1.553012,-1.553012,0.004218,-0.001266,0.017439,-0.017439,0.000000,-0.000000,7.403903,2.530963,4.967433,0.500000,0.500000
82730,Marcelo Rangel,GOL,364,REM,7,95,85,casa,277,SAN,2026-09-19 18:30:00,28,0.000000,0.000000,0.000000,0.000000,0.000000,0.000000,0.000000,0.000000,0.000000,0.000000,0.161448,0.080724,0.000000,0.000000,0.000000,-0.000000,0.000000,0.000000,0.009736,0.048679,0.000000,0.000000,5.316489,6.911436,0.000000,-0.000000,0.000000,-0.000000,0.000000,-0.000000,1.195484,-1.195484,0.004355,-0.001306,0.000000,-0.000000,0.000000,-0.000000,5.844049,3.467915,4.655982,0.500000,0.500000
101574,Hugo Souza,GOL,264,COR,7,95,85,casa,266,FLU,2026-09-20 16:00:00,28,0.000000,0.000000,0.000000,0.000000,0.000000,0.000000,0.000000,0.000000,0.000000,0.000000,0.291300,0.145650,0.000000,0.000000,0.000000,-0.000000,0.209436,0.314154,0.190054,0.950272,0.000000,0.000000,4.668467,6.069007,0.000000,-0.000000,0.000000,-0.000000,0.333333,-0.333333,1.046261,-1.046261,0.004309,-0.001293,0.000000,-0.000000,0.000000,-0.000000,6.098196,3.101686,4.599941,0.500000,0.500000
37656,Fábio,GOL,266,FLU,7,95,85,fora,264,COR,2026-09-20 16:00:00,28,0.000000,0.000000,0.000000,0.000000,0.000000,0.000000,0.000000,0.000000,0.000000,0.000000,0.211151,0.105575,0.000000,0.000000,0.000000,-0.000000,0.000000,0.000000,0.078565,0.392823,0.000000,0.000000,4.624560,6.011928,0.000000,-0.000000,0.000000,-0.000000,0.000000,-0.000000,1.559157,-1.559157,0.004349,-0.001305,0.002420,-0.002420,0.000000,-0.000000,4.947445,3.782746,4.365096,0.500000,0.500000
72018,Tiago Volpi,GOL,280,RBB,7,95,85,fora,262,FLA,2026-09-20 18:30:00,28,0.000000,0.000000,0.000000,0.000000,0.000000,0.000000,0.000000,0.000000,0.000000,0.000000,0.089833,0.044917,0.000000,0.000000,0.000000,-0.000000,0.000000,0.000000,0.194259,0.971295,0.000000,0.000000,4.535316,5.895910,0.000000,-0.000000,0.000238,-0.000714,0.333333,-0.333333,1.437561,-1.437561,0.004254,-0.001276,0.008809,-0.008809,0.000000,-0.000000,5.130428,3.518053,4.324241,0.500000,0.500000
116067,Thiago Beltrame,GOL,284,GRE,6,45,45,casa,275,PAL,2026-09-20 11:00:00,28,0.000000,0.000000,0.000000,0.000000,0.000000,0.000000,0.000000,0.000000,0.000000,0.000000,0.072399,0.036200,0.000000,0.000000,0.000000,-0.000000,0.000000,0.000000,0.125161,0.625805,0.023065,0.161452,5.000000,6.500000,0.000000,-0.000000,0.000000,-0.000000,0.000000,-0.000000,1.039823,-1.039823,0.003546,-0.001064,0.014752,-0.014752,0.000000,-0.000000,6.267818,2.342520,4.305169,0.500000,0.500000
79066,Alex Muralha,GOL,2305,MIR,7,95,85,casa,263,BOT,2026-09-19 17:00:00,28,0.000000,0.000000,0.000000,0.000000,0.000000,0.000000,0.000000,0.000000,0.000000,0.000000,0.146603,0.073301,0.000000,0.000000,0.000000,-0.000000,0.000000,0.000000,0.104428,0.522138,0.000000,0.000000,4.550000,5.915000,0.000000,-0.000000,0.000000,-0.000000,0.000000,-0.000000,1.044938,-1.044938,0.004012,-0.001204,0.012977,-0.012977,0.000000,-0.000000,5.451320,3.035897,4.243609,0.500000,0.500000
121823,Kauê,GOL,264,COR,6,45,45,casa,266,FLU,2026-09-20 16:00:00,28,0.000000,0.000000,0.000000,0.000000,0.000000,0.000000,0.000000,0.000000,0.000000,0.000000,0.130525,0.065262,0.000000,0.000000,0.000000,-0.000000,0.000000,0.000000,0.357012,1.785061,0.002778,0.019444,3.998625,5.198213,0.000000,-0.000000,0.000000,-0.000000,0.333333,-0.333333,1.084153,-1.084153,0.004055,-0.001216,0.014983,-0.014983,0.000000,-0.000000,5.634295,2.820273,4.227284,0.500000,0.500000
71631,Weverton,GOL,284,GRE,7,95,85,casa,275,PAL,2026-09-20 11:00:00,28,0.000000,0.000000,0.000000,0.000000,0.000000,0.000000,0.000000,0.000000,0.000000,0.000000,0.145156,0.072578,0.000000,0.000000,0.000000,-0.000000,0.000000,0.000000,0.199866,0.999332,0.001667,0.011667,3.970444,5.161577,0.000000,-0.000000,0.000000,-0.000000,0.000000,-0.000000,1.100395,-1.100395,0.004289,-0.001287,0.000000,-0.000000,0.000000,-0.000000,5.143472,3.226228,4.184850,0.500000,0.500000
69012,Santos,GOL,293,CAP,6,45,45,casa,265,BAH,2026-09-20 19:30:00,28,0.000000,0.000000,0.000000,0.000000,0.000000,0.000000,0.000000,0.000000,0.000000,0.000000,0.084216,0.042108,0.000000,0.000000,0.000000,-0.000000,0.000000,0.000000,0.142224,0.711122,0.000000,0.000000,3.952844,5.138697,0.000000,-0.000000,0.000000,-0.000000,0.000000,-0.000000,1.019923,-1.019923,0.004320,-0.001296,0.000000,-0.000000,0.000000,-0.000000,4.870708,3.357013,4.113861,0.500000,0.500000
51413,Walter,GOL,2305,MIR,5,45,45,casa,263,BOT,2026-09-19 17:00:00,28,0.000000,0.000000,0.000000,0.000000,0.000000,0.000000,0.000000,0.000000,0.000000,0.000000,0.037966,0.018983,0.000000,0.000000,0.000000,-0.000000,0.004196,0.006294,0.115682,0.578412,0.003571,0.025000,2.956243,3.843116,0.000000,-0.000000,0.000000,-0.000000,0.000000,-0.000000,0.988503,-0.988503,0.004206,-0.001262,0.000000,-0.000000,0.000000,-0.000000,3.482039,4.727572,4.104806,0.500000,0.500000
97905,Matheus Aurélio,GOL,315,CHA,6,45,45,fora,282,CAM,2026-09-19 16:00:00,28,0.000000,0.000000,0.000000,0.000000,0.000000,0.000000,0.000000,0.000000,0.000000,0.000000,0.312644,0.156322,0.000000,0.000000,0.000000,-0.000000,0.014337,0.021506,0.118506,0.592529,0.111246,0.778720,3.900000,5.070000,0.000000,-0.000000,0.000403,-0.001210,0.500000,-0.500000,1.460560,-1.460560,0.003958,-0.001187,0.030507,-0.030507,0.000000,-0.000000,4.625613,3.530551,4.078082,0.500000,0.500000
102906,Anderson,GOL,315,CHA,7,95,85,fora,282,CAM,2026-09-19 16:00:00,28,0.000000,0.000000,0.000000,0.000000,0.000000,0.000000,0.000000,0.000000,0.000000,0.000000,0.236092,0.118046,0.000000,0.000000,0.000000,-0.000000,0.053305,0.079957,0.208926,1.044630,0.030256,0.211795,2.979435,3.873265,0.000000,-0.000000,0.020830,-0.062489,0.000000,-0.000000,1.379536,-1.379536,0.004123,-0.001237,0.016642,-0.016642,0.000000,-0.000000,3.867790,4.195118,4.031454,0.500000,0.500000
68822,Rafael Santos,GOL,315,CHA,6,45,45,fora,282,CAM,2026-09-19 16:00:00,28,0.000000,0.000000,0.000000,0.000000,0.000000,0.000000,0.000000,0.000000,0.000000,0.000000,0.161199,0.080600,0.000000,0.000000,0.000000,-0.000000,0.000000,0.000000,0.007818,0.039090,0.011528,0.080694,4.655875,6.052638,0.000000,-0.000000,0.000000,-0.000000,0.000000,-0.000000,1.542321,-1.542321,0.004028,-0.001208,0.032211,-0.032211,0.000000,-0.000000,4.677281,3.221510,3.949396,0.500000,0.500000
103056,Gabriel Brazão,GOL,277,SAN,7,95,85,fora,364,REM,2026-09-19 18:30:00,28,0.000000,0.000000,0.000000,0.000000,0.000000,0.000000,0.000000,0.000000,0.000000,0.000000,0.318323,0.159162,0.000000,0.000000,0.000000,-0.000000,0.000000,0.000000,0.203481,1.017407,0.003571,0.025000,2.329083,3.027808,0.000000,-0.000000,0.001786,-0.005357,0.333333,-0.333333,1.296201,-1.296201,0.004282,-0.001285,0.009401,-0.009401,0.000000,-0.000000,2.583799,5.283280,3.933540,0.500000,0.500000
115674,Gabriel Delfim,GOL,282,CAM,7,95,85,casa,315,CHA,2026-09-19 16:00:00,28,0.000000,0.000000,0.000000,0.000000,0.000000,0.000000,0.000000,0.000000,0.000000,0.000000,0.229239,0.114619,0.000000,0.000000,0.000000,-0.000000,0.017827,0.026741,0.349058,1.745290,0.003819,0.026736,2.247500,2.921750,0.000000,-0.000000,0.000000,-0.000000,0.000000,-0.000000,0.904699,-0.904699,0.003975,-0.001192,0.012528,-0.012528,0.000000,-0.000000,3.916716,3.787638,3.852177,0.500000,0.500000
87008,Léo Jardim,GOL,267,VAS,7,95,85,casa,294,CFC,2026-09-19 20:30:00,28,0.000000,0.000000,0.000000,0.000000,0.000000,0.000000,0.000000,0.000000,0.000000,0.000000,0.191818,0.095909,0.000000,0.000000,0.000000,-0.000000,0.000000,0.000000,0.104059,0.520293,0.000000,0.000000,3.897099,5.066229,0.000000,-0.000000,0.000000,-0.000000,0.000000,-0.000000,1.205835,-1.205835,0.004296,-0.001289,0.000000,-0.000000,0.000000,-0.000000,4.475307,3.095865,3.785586,0.500000,0.500000
91101,Ronaldo,GOL,265,BAH,7,95,85,fora,293,CAP,2026-09-20 19:30:00,28,0.000000,0.000000,0.000000,0.000000,0.000000,0.000000,0.000000,0.000000,0.000000,0.000000,0.146340,0.073170,0.000000,0.000000,0.000000,-0.000000,0.219268,0.328902,0.093599,0.467993,0.000000,0.000000,3.625767,4.713497,0.000000,-0.000000,0.000238,-0.000714,0.000000,-0.000000,1.445275,-1.445275,0.004199,-0.001260,0.011084,-0.011084,0.000000,-0.000000,4.125229,3.305527,3.715378,0.500000,0.500000
88136,Ivan,GOL,364,REM,6,45,45,casa,277,SAN,2026-09-19 18:30:00,28,0.000000,0.000000,0.000000,0.000000,0.000000,0.000000,0.000000,0.000000,0.000000,0.000000,0.029167,0.014583,0.000000,0.000000,0.000000,-0.000000,0.000000,0.000000,0.159700,0.798501,0.000000,0.000000,4.000000,5.200000,0.000000,-0.000000,0.000000,-0.000000,0.000000,-0.000000,1.135781,-1.135781,0.004120,-0.001236,0.013995,-0.013995,0.000000,-0.000000,4.862072,2.287500,3.574786,0.500000,0.500000
85425,João Paulo,GOL,277,SAN,6,45,45,fora,364,REM,2026-09-19 18:30:00,28,0.000000,0.000000,0.000000,0.000000,0.000000,0.000000,0.000000,0.000000,0.000000,0.000000,0.231091,0.115546,0.000000,0.000000,0.000000,-0.000000,0.000000,0.000000,0.112629,0.563146,0.126166,0.883164,3.100000,4.030000,0.000000,-0.000000,0.000403,-0.001210,0.000000,-0.000000,1.482322,-1.482322,0.003937,-0.001181,0.029792,-0.029792,0.000000,-0.000000,4.077350,2.881845,3.479598,0.500000,0.500000
91204,Warleson,GOL,263,BOT,6,45,45,fora,2305,MIR,2026-09-19 17:00:00,28,0.000000,0.000000,0.000000,0.000000,0.000000,0.000000,0.000000,0.000000,0.000000,0.000000,0.187111,0.093555,0.000000,0.000000,0.000000,-0.000000,0.000000,0.000000,0.081871,0.409356,0.000000,0.000000,3.155000,4.101500,0.000000,-0.000000,0.000000,-0.000000,0.333333,-0.333333,1.365326,-1.365326,0.004052,-0.001216,0.029726,-0.029726,0.000000,-0.000000,2.874811,3.979503,3.427157,0.500000,0.500000
110708,Pedro Rangel,GOL,294,CFC,6,45,45,fora,267,VAS,2026-09-19 20:30:00,28,0.000000,0.000000,0.000000,0.000000,0.000000,0.000000,0.000000,0.000000,0.000000,0.000000,0.081622,0.040811,0.000000,0.000000,0.000000,-0.000000,0.062690,0.094035,0.130687,0.653434,0.000000,0.000000,3.164262,4.113541,0.000000,-0.000000,0.000238,-0.000714,0.000000,-0.000000,1.476647,-1.476647,0.004224,-0.001267,0.012416,-0.012416,0.000000,-0.000000,3.410777,3.417604,3.414190,0.500000,0.500000
111690,Matheus Cunha,GOL,285,INT,7,95,85,fora,276,SAO,2026-09-19 21:00:00,28,0.000000,0.000000,0.000000,0.000000,0.000000,0.000000,0.000000,0.000000,0.000000,0.000000,0.296086,0.148043,0.000000,0.000000,0.000000,-0.000000,0.061231,0.091847,0.168851,0.844253,0.000000,0.000000,1.478031,1.921441,0.000000,-0.000000,0.000238,-0.000714,0.000000,-0.000000,1.243952,-1.243952,0.004150,-0.001245,0.010669,-0.010669,0.000000,-0.000000,1.749003,4.894042,3.321523,0.500000,0.500000
125803,Pedro Morisco,GOL,294,CFC,7,95,85,fora,267,VAS,2026-09-19 20:30:00,28,0.000000,0.000000,0.000000,0.000000,0.000000,0.000000,0.000000,0.000000,0.000000,0.000000,0.362246,0.181123,0.000000,0.000000,0.000000,-0.000000,0.000000,0.000000,0.013393,0.066966,0.000000,0.000000,3.659048,4.756762,0.000000,-0.000000,0.000238,-0.000714,0.000000,-0.000000,1.454881,-1.454881,0.004124,-0.001237,0.020889,-0.020889,0.000000,-0.000000,3.527130,3.106252,3.316691,0.500000,0.500000
99552,Rossi,GOL,262,FLA,7,95,85,casa,280,RBB,2026-09-20 18:30:00,28,0.000000,0.000000,0.000000,0.000000,0.000000,0.000000,0.000000,0.000000,0.000000,0.000000,0.171639,0.085819,0.000000,0.000000,0.000000,-0.000000,0.000000,0.000000,0.262322,1.311610,0.006667,0.046667,1.352692,1.758500,0.000000,-0.000000,0.000000,-0.000000,0.000000,-0.000000,0.988536,-0.988536,0.004337,-0.001301,0.000000,-0.000000,0.000000,-0.000000,2.212759,4.179279,3.196019,0.500000,0.500000
72294,Everson,GOL,282,CAM,5,45,45,casa,315,CHA,2026-09-19 16:00:00,28,0.000000,0.000000,0.000000,0.000000,0.000000,0.000000,0.000000,0.000000,0.000000,0.000000,0.155704,0.077852,0.000000,0.000000,0.000000,-0.000000,0.000000,0.000000,0.098860,0.494301,0.000000,0.000000,2.592514,3.370268,0.000000,-0.000000,0.000000,-0.000000,0.000000,-0.000000,1.131541,-1.131541,0.004183,-0.001255,0.000000,-0.000000,0.000000,-0.000000,2.809625,3.563010,3.186318,0.500000,0.500000
113690,Diógenes,GOL,277,SAN,6,45,45,fora,364,REM,2026-09-19 18:30:00,28,0.000000,0.000000,0.000000,0.000000,0.000000,0.000000,0.000000,0.000000,0.000000,0.000000,0.002083,0.001042,0.000000,0.000000,0.000000,-0.000000,0.000000,0.000000,0.099435,0.497173,0.028858,0.202003,3.450000,4.485000,0.000000,-0.000000,0.000000,-0.000000,0.500000,-0.500000,1.396027,-1.396027,0.004036,-0.001211,0.030998,-0.030998,0.000000,-0.000000,3.256982,3.053486,3.155234,0.500000,0.500000
111683,Anthoni,GOL,285,INT,6,45,45,fora,276,SAO,2026-09-19 21:00:00,28,0.000000,0.000000,0.000000,0.000000,0.000000,0.000000,0.000000,0.000000,0.000000,0.000000,0.109110,0.054555,0.000000,0.000000,0.000000,-0.000000,0.011894,0.017841,0.309825,1.549124,0.029813,0.208693,1.131260,1.470638,0.000000,-0.000000,0.018461,-0.055383,0.000000,-0.000000,1.416105,-1.416105,0.004069,-0.001221,0.017798,-0.017798,0.000000,-0.000000,1.810344,4.487560,3.148952,0.500000,0.500000
104084,Carlos Miguel,GOL,275,PAL,7,95,85,fora,284,GRE,2026-09-20 11:00:00,28,0.000000,0.000000,0.000000,0.000000,0.000000,0.000000,0.000000,0.000000,0.000000,0.000000,0.211763,0.105881,0.000000,0.000000,0.000000,-0.000000,0.000000,0.000000,0.146081,0.730407,0.000000,0.000000,2.911745,3.785268,0.000000,-0.000000,0.000000,-0.000000,0.000000,-0.000000,1.591466,-1.591466,0.004378,-0.001313,0.002682,-0.002682,0.000000,-0.000000,3.026095,3.038443,3.032269,0.500000,0.500000
71043,Léo Vieira,GOL,265,BAH,5,45,45,fora,293,CAP,2026-09-20 19:30:00,28,0.000000,0.000000,0.000000,0.000000,0.000000,0.000000,0.000000,0.000000,0.000000,0.000000,0.274006,0.137003,0.000000,0.000000,0.000000,-0.000000,0.051470,0.077205,0.095206,0.476028,0.000000,0.000000,2.217785,2.883120,0.000000,-0.000000,0.027674,-0.083022,0.000000,-0.000000,1.354269,-1.354269,0.004177,-0.001253,0.013205,-0.013205,0.000000,-0.000000,2.121607,3.816463,2.969035,0.500000,0.500000
68928,Rafael,GOL,276,SAO,7,95,85,casa,285,INT,2026-09-19 21:00:00,28,0.000000,0.000000,0.000000,0.000000,0.000000,0.000000,0.000000,0.000000,0.000000,0.000000,0.121786,0.060893,0.000000,0.000000,0.000000,-0.000000,0.000000,0.000000,0.320806,1.604029,0.000000,0.000000,1.314692,1.709099,0.000000,-0.000000,0.000000,-0.000000,0.000000,-0.000000,1.019871,-1.019871,0.004296,-0.001289,0.000000,-0.000000,0.000000,-0.000000,2.352862,3.268110,2.810486,0.500000,0.500000
42234,Cássio,GOL,283,CRU,6,45,45,fora,287,VIT,2026-09-20 16:00:00,28,0.000000,0.000000,0.000000,0.000000,0.000000,0.000000,0.000000,0.000000,0.000000,0.000000,0.293978,0.146989,0.000000,0.000000,0.000000,-0.000000,0.020417,0.030625,0.094053,0.470267,0.005224,0.036571,2.328006,3.026408,0.000000,-0.000000,0.000000,-0.000000,0.000000,-0.000000,1.383814,-1.383814,0.004000,-0.001200,0.032506,-0.032506,0.000000,-0.000000,2.293338,3.224164,2.758751,0.500000,0.500000
110698,Mycael,GOL,293,CAP,7,95,85,casa,265,BAH,2026-09-20 19:30:00,28,0.000000,0.000000,0.000000,0.000000,0.000000,0.000000,0.000000,0.000000,0.000000,0.000000,0.114449,0.057225,0.000000,0.000000,0.000000,-0.000000,0.000000,0.000000,0.361489,1.807445,0.000000,0.000000,2.000000,2.600000,0.000000,-0.000000,0.000000,-0.000000,0.500000,-0.500000,1.119881,-1.119881,0.004048,-0.001215,0.000000,-0.000000,0.000000,-0.000000,2.843575,2.351875,2.597725,0.500000,0.500000
68872,Marcelo Lomba,GOL,275,PAL,6,45,45,fora,284,GRE,2026-09-20 11:00:00,28,0.000000,0.000000,0.000000,0.000000,0.000000,0.000000,0.000000,0.000000,0.000000,0.000000,0.002778,0.001389,0.000000,0.000000,0.000000,-0.000000,0.000000,0.000000,0.111749,0.558743,0.000000,0.000000,3.000000,3.900000,0.000000,-0.000000,0.000000,-0.000000,0.000000,-0.000000,1.454721,-1.454721,0.004093,-0.001228,0.030590,-0.030590,0.000000,-0.000000,2.973593,2.113870,2.543732,0.500000,0.500000
105949,Rochet,GOL,285,INT,5,45,45,fora,276,SAO,2026-09-19 21:00:00,28,0.000000,0.000000,0.000000,0.000000,0.000000,0.000000,0.000000,0.000000,0.000000,0.000000,0.229402,0.114701,0.000000,0.000000,0.000000,-0.000000,0.041301,0.061952,0.102261,0.511307,0.021865,0.153056,1.139213,1.480977,0.000000,-0.000000,0.000238,-0.000714,0.333333,-0.333333,1.288889,-1.288889,0.004127,-0.001238,0.024021,-0.024021,0.000000,-0.000000,0.673797,4.095812,2.384804,0.500000,0.500000
93882,Cleiton,GOL,280,RBB,6,45,45,fora,262,FLA,2026-09-20 18:30:00,28,0.000000,0.000000,0.000000,0.000000,0.000000,0.000000,0.000000,0.000000,0.000000,0.000000,0.333476,0.166738,0.000000,0.000000,0.000000,-0.000000,0.000943,0.001415,0.051226,0.256129,0.090175,0.631223,1.082024,1.406631,0.000000,-0.000000,0.001874,-0.005621,0.000000,-0.000000,1.237879,-1.237879,0.004002,-0.001201,0.024573,-0.024573,0.000000,-0.000000,1.192862,2.746871,1.969867,0.500000,0.500000
112616,Gabriel Grando,GOL,284,GRE,6,45,45,casa,275,PAL,2026-09-20 11:00:00,28,0.000000,0.000000,0.000000,0.000000,0.000000,0.000000,0.000000,0.000000,0.000000,0.000000,0.114563,0.057281,0.000000,0.000000,0.000000,-0.000000,0.000000,0.000000,0.158385,0.791923,0.016756,0.117290,1.000000,1.300000,0.000000,-0.000000,0.000000,-0.000000,0.000000,-0.000000,0.800623,-0.800623,0.003917,-0.001175,0.014784,-0.014784,0.000000,-0.000000,1.449912,2.249410,1.849661,0.500000,0.500000
72279,Thomazella,GOL,2305,MIR,6,45,45,casa,263,BOT,2026-09-19 17:00:00,28,0.000000,0.000000,0.000000,0.000000,0.000000,0.000000,0.000000,0.000000,0.000000,0.000000,0.253296,0.126648,0.000000,0.000000,0.000000,-0.000000,0.000000,0.000000,0.069099,0.345497,0.004861,0.034028,0.550000,0.715000,0.000000,-0.000000,0.000000,-0.000000,0.000000,-0.000000,0.843567,-0.843567,0.003898,-0.001169,0.013292,-0.013292,0.000000,-0.000000,0.363144,1.707539,1.035342,0.500000,0.500000
147544,Gabriel Menegon,GOL,284,GRE,6,45,45,casa,275,PAL,2026-09-20 11:00:00,28,0.000000,0.000000,0.000000,0.000000,0.000000,0.000000,0.000000,0.000000,0.000000,0.000000,0.104148,0.052074,0.000000,0.000000,0.000000,-0.000000,0.000000,0.000000,0.069099,0.345497,0.009485,0.066398,0.000000,0.000000,0.000000,-0.000000,0.000000,-0.000000,0.000000,-0.000000,0.676521,-0.676521,0.003911,-0.001173,0.014808,-0.014808,0.000000,-0.000000,-0.228533,2.049204,0.910335,0.500000,0.500000
113113,Benavídez,LAT,293,CAP,6,45,45,casa,265,BAH,2026-09-20 19:30:00,28,0.333333,2.666667,0.005129,0.025645,0.000000,0.000000,0.333333,0.400000,0.030205,0.024164,1.150429,0.575214,0.000000,0.000000,0.074890,-0.007489,4.006076,6.009114,0.273962,1.369808,0.000000,0.000000,0.000000,0.000000,0.000000,-0.000000,0.000000,-0.000000,0.197382,-0.197382,0.000000,-0.000000,0.898495,-0.269549,0.028542,-0.028542,0.000000,-0.000000,10.567651,5.585376,8.076514,0.500000,0.500000
106708,Igor Formiga,LAT,2305,MIR,7,95,85,casa,263,BOT,2026-09-19 17:00:00,28,0.000000,0.000000,0.631125,3.155625,0.000000,0.000000,0.666667,0.800000,0.908589,0.726872,0.327732,0.163866,0.000000,0.000000,0.000000,-0.000000,3.210344,4.815515,0.204002,1.020008,0.000000,0.000000,0.000000,0.000000,0.000000,-0.000000,0.000000,-0.000000,0.205337,-0.205337,0.000000,-0.000000,1.244751,-0.373425,0.038761,-0.038761,0.000000,-0.000000,10.064363,6.078142,8.071252,0.500000,0.500000
116461,Jamerson,LAT,287,VIT,7,95,85,casa,283,CRU,2026-09-20 16:00:00,28,0.000000,0.000000,0.000000,0.000000,0.000000,0.000000,0.666667,0.800000,0.046086,0.036869,0.611455,0.305727,0.000000,0.000000,0.000000,-0.000000,4.249047,6.373570,0.264692,1.323460,0.000000,0.000000,0.000000,0.000000,0.000000,-0.000000,0.000000,-0.000000,0.046063,-0.046063,0.000000,-0.000000,0.945485,-0.283645,0.092847,-0.092847,0.000000,-0.000000,8.417071,5.826813,7.121942,0.500000,0.500000
90061,Bruno Pacheco,LAT,315,CHA,7,95,85,fora,282,CAM,2026-09-19 16:00:00,28,0.333333,2.666667,0.006467,0.032337,0.000000,0.000000,0.000000,0.000000,0.002072,0.001658,1.641436,0.820718,0.000000,0.000000,0.001140,-0.000114,4.202620,6.303929,0.086083,0.430414,0.000000,0.000000,0.000000,0.000000,0.000000,-0.000000,0.000000,-0.000000,0.094197,-0.094197,0.000000,-0.000000,1.057622,-0.317286,0.000000,-0.000000,0.000000,-0.000000,9.844125,3.890528,6.867327,0.500000,0.500000
107554,Natanael,LAT,282,CAM,7,95,85,casa,315,CHA,2026-09-19 16:00:00,28,0.000000,0.000000,0.000162,0.000808,0.000000,0.000000,0.000000,0.000000,0.274318,0.219454,1.511289,0.755645,0.000000,0.000000,0.035553,-0.003555,3.060632,4.590948,0.270457,1.352287,0.000000,0.000000,0.000000,0.000000,0.000000,-0.000000,0.000000,-0.000000,0.083455,-0.083455,0.000000,-0.000000,0.788327,-0.236498,0.003125,-0.003125,0.000000,-0.000000,6.592509,6.533687,6.563098,0.500000,0.500000
111879,Mateus Silva,LAT,287,VIT,7,95,85,casa,283,CRU,2026-09-20 16:00:00,28,0.000000,0.000000,0.247500,1.237500,0.000000,0.000000,0.000000,0.000000,0.186453,0.149163,0.609479,0.304740,0.000000,0.000000,0.000000,-0.000000,3.506651,5.259976,0.229479,1.147397,0.000000,0.000000,0.000000,0.000000,0.000000,-0.000000,0.000000,-0.000000,0.200914,-0.200914,0.000000,-0.000000,0.784199,-0.235260,0.015099,-0.015099,0.000000,-0.000000,7.647502,4.543199,6.095351,0.500000,0.500000
116065,Cuiabano,LAT,267,VAS,7,95,85,casa,294,CFC,2026-09-19 20:30:00,28,0.000000,0.000000,0.003251,0.016257,0.000000,0.000000,0.333333,0.400000,0.886683,0.709347,0.471661,0.235831,0.000000,0.000000,0.000000,-0.000000,3.527332,5.290998,0.263574,1.317872,0.000000,0.000000,0.000000,0.000000,0.000000,-0.000000,0.000000,-0.000000,0.134546,-0.134546,0.000000,-0.000000,1.189332,-0.356800,0.077558,-0.077558,0.000000,-0.000000,7.401401,4.727114,6.064257,0.500000,0.500000
98720,Angileri,LAT,264,COR,6,45,45,casa,266,FLU,2026-09-20 16:00:00,28,0.333333,2.666667,0.000000,0.000000,0.000000,0.000000,0.000000,0.000000,0.592517,0.474013,0.437294,0.218647,0.000000,0.000000,0.000000,-0.000000,1.747530,2.621294,0.305681,1.528404,0.000000,0.000000,0.000000,0.000000,0.000000,-0.000000,0.000000,-0.000000,0.252759,-0.252759,0.000000,-0.000000,0.951833,-0.285550,0.003125,-0.003125,0.000000,-0.000000,6.967591,4.826410,5.897001,0.500000,0.500000
105531,Matheus Bidu,LAT,264,COR,7,95,85,casa,266,FLU,2026-09-20 16:00:00,28,0.333333,2.666667,0.000057,0.000287,0.000000,0.000000,0.000000,0.000000,0.394831,0.315865,2.340995,1.170498,0.000000,0.000000,0.539126,-0.053913,0.956796,1.435194,0.265022,1.325112,0.000000,0.000000,0.000000,0.000000,0.000000,-0.000000,0.000000,-0.000000,0.295578,-0.295578,0.000000,-0.000000,0.941776,-0.282533,0.084564,-0.084564,0.000000,-0.000000,6.197034,5.445070,5.821052,0.500000,0.500000
97868,Iago,LAT,276,SAO,6,45,45,casa,285,INT,2026-09-19 21:00:00,28,0.333333,2.666667,0.000000,0.000000,0.012456,0.037369,0.333333,0.400000,0.247500,0.198000,1.857456,0.928728,0.000000,0.000000,0.000000,-0.000000,1.792938,2.689406,0.233505,1.167526,0.000000,0.000000,0.000000,0.000000,0.000000,-0.000000,0.000000,-0.000000,0.134517,-0.134517,0.000000,-0.000000,0.989100,-0.296730,0.022467,-0.022467,0.000000,-0.000000,7.633982,3.926467,5.780225,0.500000,0.500000
78445,Renê,LAT,266,FLU,7,95,85,fora,264,COR,2026-09-20 16:00:00,28,0.000000,0.000000,0.000143,0.000714,0.000000,0.000000,0.333333,0.400000,0.273067,0.218453,1.961455,0.980728,0.000000,0.000000,0.000000,-0.000000,3.959033,5.938549,0.113815,0.569074,0.000000,0.000000,0.000000,0.000000,0.000000,-0.000000,0.000000,-0.000000,0.108246,-0.108246,0.000000,-0.000000,1.193453,-0.358036,0.089384,-0.089384,0.000000,-0.000000,7.551853,3.936150,5.744002,0.500000,0.500000
82775,Lucas Ramon,LAT,276,SAO,7,95,85,casa,285,INT,2026-09-19 21:00:00,28,0.000000,0.000000,0.450032,2.250158,0.041178,0.123533,0.333333,0.400000,0.214285,0.171428,0.879764,0.439882,0.000000,0.000000,0.900057,-0.090006,0.559488,0.839233,0.241333,1.206663,0.000000,0.000000,0.000000,0.000000,0.000000,-0.000000,0.000000,-0.000000,0.139199,-0.139199,0.000000,-0.000000,0.911813,-0.273544,0.007292,-0.007292,0.000000,-0.000000,4.920856,6.511471,5.716163,0.500000,0.500000
101727,Matheuzinho,LAT,264,COR,7,95,85,casa,266,FLU,2026-09-20 16:00:00,28,0.000000,0.000000,0.043250,0.216251,0.000000,0.000000,0.000000,0.000000,0.597395,0.477916,0.821833,0.410916,0.000000,0.000000,0.006972,-0.000697,2.276521,3.414782,0.315733,1.578663,0.000000,0.000000,0.000000,0.000000,0.000000,-0.000000,0.000000,-0.000000,0.085571,-0.085571,0.000000,-0.000000,0.892245,-0.267673,0.072134,-0.072134,0.000000,-0.000000,5.672453,5.734024,5.703239,0.500000,0.500000
107093,Luciano Juba,LAT,265,BAH,7,95,85,fora,293,CAP,2026-09-20 19:30:00,28,0.666667,5.333333,0.000057,0.000287,0.003768,0.011304,0.333333,0.400000,0.004340,0.003472,0.352790,0.176395,0.000000,0.000000,0.000000,-0.000000,1.096875,1.645313,0.127914,0.639571,0.000000,0.000000,0.000000,0.000000,0.000000,-0.000000,0.000000,-0.000000,0.255236,-0.255236,0.000000,-0.000000,0.909579,-0.272874,0.019405,-0.019405,0.000000,-0.000000,7.662160,3.679100,5.670630,0.500000,0.500000
42500,Fagner,LAT,283,CRU,7,95,85,fora,287,VIT,2026-09-20 16:00:00,28,0.000000,0.000000,0.066435,0.332176,0.000000,0.000000,0.333333,0.400000,0.293349,0.234680,0.484668,0.242334,0.000000,0.000000,0.000000,-0.000000,2.999257,4.498886,0.131693,0.658464,0.000000,0.000000,0.000000,0.000000,0.000000,-0.000000,0.000000,-0.000000,0.204462,-0.204462,0.000000,-0.000000,1.065606,-0.319682,0.005556,-0.005556,0.000000,-0.000000,5.836840,5.352260,5.594550,0.500000,0.500000
104649,Heitor,LAT,315,CHA,5,45,45,fora,282,CAM,2026-09-19 16:00:00,28,0.000000,0.000000,0.450000,2.250000,0.000000,0.000000,0.000000,0.000000,0.383625,0.306900,0.247500,0.123750,0.000000,0.000000,0.000000,-0.000000,3.111375,4.667063,0.135741,0.678707,0.000000,0.000000,0.000000,0.000000,0.000000,-0.000000,0.000000,-0.000000,0.252776,-0.252776,0.000000,-0.000000,1.049321,-0.314796,0.003839,-0.003839,0.000000,-0.000000,7.455008,3.588255,5.521631,0.500000,0.500000
110510,Aguirre,LAT,285,INT,6,45,45,fora,276,SAO,2026-09-19 21:00:00,28,0.333333,2.666667,0.001140,0.005699,0.000000,0.000000,0.333333,0.400000,0.523901,0.419121,0.247794,0.123897,0.000000,0.000000,0.288678,-0.028868,1.363386,2.045079,0.142940,0.714698,0.000000,0.000000,0.000000,0.000000,0.000000,-0.000000,0.000000,-0.000000,0.125882,-0.125882,0.000000,-0.000000,1.266360,-0.379908,0.005000,-0.005000,0.000000,-0.000000,5.835502,5.144641,5.490071,0.500000,0.500000
101597,Ramon,LAT,287,VIT,5,45,45,casa,283,CRU,2026-09-20 16:00:00,28,0.000000,0.000000,0.000000,0.000000,0.000000,0.000000,0.333333,0.400000,0.124095,0.099276,0.203999,0.102000,0.000000,0.000000,0.000000,-0.000000,1.850400,2.775600,0.270230,1.351150,0.000000,0.000000,0.000000,0.000000,0.000000,-0.000000,0.000000,-0.000000,0.122625,-0.122625,0.000000,-0.000000,0.912377,-0.273713,0.000000,-0.000000,0.000000,-0.000000,4.331687,6.615518,5.473603,0.500000,0.500000
80570,Wendell,LAT,276,SAO,7,95,85,casa,285,INT,2026-09-19 21:00:00,28,0.000000,0.000000,0.003317,0.016583,0.000000,0.000000,0.333333,0.400000,0.065004,0.052003,1.082592,0.541296,0.000000,0.000000,0.097517,-0.009752,2.318907,3.478360,0.254932,1.274658,0.000000,0.000000,0.000000,0.000000,0.000000,-0.000000,0.000000,-0.000000,0.147030,-0.147030,0.000000,-0.000000,1.242125,-0.372638,0.010069,-0.010069,0.000000,-0.000000,5.223412,5.658901,5.441156,0.500000,0.500000
143600,Kauã Moraes,LAT,283,CRU,6,45,45,fora,287,VIT,2026-09-20 16:00:00,28,0.333333,2.666667,0.004605,0.023027,0.000000,0.000000,0.333333,0.400000,0.004605,0.003684,1.008384,0.504192,0.000000,0.000000,0.000000,-0.000000,1.692949,2.539423,0.133203,0.666017,0.000000,0.000000,0.000000,0.000000,0.000000,-0.000000,0.000000,-0.000000,0.124498,-0.124498,0.000000,-0.000000,1.030395,-0.309119,0.003462,-0.003462,0.000000,-0.000000,6.365932,4.469408,5.417670,0.500000,0.500000
89275,William,LAT,283,CRU,6,45,45,fora,287,VIT,2026-09-20 16:00:00,28,0.000000,0.000000,0.000000,0.000000,0.000000,0.000000,0.333333,0.400000,0.254351,0.203481,0.707137,0.353569,0.000000,0.000000,0.012456,-0.001246,3.373328,5.059992,0.117341,0.586707,0.000000,0.000000,0.000000,0.000000,0.000000,-0.000000,0.000000,-0.000000,0.285158,-0.285158,0.000000,-0.000000,1.028141,-0.308442,0.006250,-0.006250,0.000000,-0.000000,6.002651,4.770789,5.386720,0.500000,0.500000
94968,Juninho Capixaba,LAT,280,RBB,3,45,45,fora,262,FLA,2026-09-20 18:30:00,28,0.000000,0.000000,0.000067,0.000335,0.002074,0.006223,0.666667,0.800000,0.526825,0.421460,1.333350,0.666675,0.000000,0.000000,0.001485,-0.000148,3.074672,4.612008,0.155491,0.777453,0.000000,0.000000,0.000000,0.000000,0.000000,-0.000000,0.000000,-0.000000,0.223391,-0.223391,0.000000,-0.000000,1.221429,-0.366429,0.006944,-0.006944,0.000000,-0.000000,6.687241,4.056270,5.371755,0.500000,0.500000
96591,Renan Lodi,LAT,282,CAM,7,95,85,casa,315,CHA,2026-09-19 16:00:00,28,0.000000,0.000000,0.138201,0.691005,0.000190,0.000569,0.333333,0.400000,0.567982,0.454385,2.006712,1.003356,0.000000,0.000000,0.006868,-0.000687,0.770009,1.155014,0.246232,1.231161,0.000000,0.000000,0.000000,0.000000,0.000000,-0.000000,0.000000,-0.000000,0.164278,-0.164278,0.000000,-0.000000,1.023886,-0.307166,0.076042,-0.076042,0.000000,-0.000000,4.387318,6.317322,5.352320,0.500000,0.500000
106302,Preciado,LAT,282,CAM,6,45,45,casa,315,CHA,2026-09-19 16:00:00,28,0.000000,0.000000,0.136125,0.680625,0.000000,0.000000,0.333333,0.400000,0.483267,0.386613,1.130687,0.565343,0.000000,0.000000,0.000000,-0.000000,2.133292,3.199939,0.222472,1.112361,0.000000,0.000000,0.000000,0.000000,0.000000,-0.000000,0.000000,-0.000000,0.164592,-0.164592,0.000000,-0.000000,1.303285,-0.390986,0.000000,-0.000000,0.000000,-0.000000,5.789304,4.865759,5.327531,0.500000,0.500000
78850,Reinaldo,LAT,2305,MIR,7,95,85,casa,263,BOT,2026-09-19 17:00:00,28,0.000000,0.000000,0.061625,0.308124,0.247500,0.742500,1.000000,1.200000,1.051561,0.841248,0.788538,0.394269,0.000000,0.000000,0.000000,-0.000000,0.399772,0.599657,0.237793,1.188964,0.000000,0.000000,0.000000,0.000000,0.000000,-0.000000,0.000000,-0.000000,0.197744,-0.197744,0.000000,-0.000000,0.738119,-0.221436,0.054236,-0.054236,0.000000,-0.000000,4.801347,5.835330,5.318338,0.500000,0.500000
97795,Marcelinho,LAT,364,REM,7,95,85,casa,277,SAN,2026-09-19 18:30:00,28,0.000000,0.000000,0.139893,0.699465,0.001140,0.003419,0.000000,0.000000,0.906510,0.725208,1.321505,0.660752,0.000000,0.000000,0.087325,-0.008733,2.002802,3.004204,0.216443,1.082216,0.000000,0.000000,0.000000,0.000000,0.000000,-0.000000,0.000000,-0.000000,0.192261,-0.192261,0.000000,-0.000000,0.760388,-0.228117,0.068264,-0.068264,0.000000,-0.000000,5.677890,4.935612,5.306751,0.500000,0.500000
102975,Escobar,LAT,277,SAN,7,95,85,fora,364,REM,2026-09-19 18:30:00,28,0.000000,0.000000,0.000104,0.000522,0.003768,0.011304,0.000000,0.000000,0.000756,0.000605,0.681740,0.340870,0.000000,0.000000,0.000032,-0.000003,3.533170,5.299755,0.146188,0.730939,0.000000,0.000000,0.000000,0.000000,0.000000,-0.000000,0.000000,-0.000000,0.053321,-0.053321,0.000000,-0.000000,1.031045,-0.309313,0.014702,-0.014702,0.000000,-0.000000,6.006654,4.491201,5.248928,0.500000,0.500000
88393,Ayrton Lucas,LAT,262,FLA,7,95,85,casa,280,RBB,2026-09-20 18:30:00,28,0.000000,0.000000,0.048029,0.240144,0.000000,0.000000,0.666667,0.800000,0.512747,0.410198,0.847427,0.423714,0.000000,0.000000,0.000000,-0.000000,1.332147,1.998221,0.292357,1.461784,0.000000,0.000000,0.000000,0.000000,0.000000,-0.000000,0.000000,-0.000000,0.133661,-0.133661,0.000000,-0.000000,0.969040,-0.290712,0.031141,-0.031141,0.000000,-0.000000,4.878545,5.603538,5.241042,0.500000,0.500000
72493,Alex Telles,LAT,263,BOT,7,95,85,fora,2305,MIR,2026-09-19 17:00:00,28,0.000000,0.000000,0.475347,2.376736,0.000000,0.000000,0.000000,0.000000,0.886124,0.708899,0.600164,0.300082,0.000000,0.000000,0.000000,-0.000000,1.048685,1.573028,0.135187,0.675937,0.000000,0.000000,0.000000,0.000000,0.000000,-0.000000,0.000000,-0.000000,0.113449,-0.113449,0.000000,-0.000000,0.903112,-0.270934,0.007778,-0.007778,0.000000,-0.000000,5.242520,5.000500,5.121510,0.500000,0.500000
122670,Diego Caito,LAT,284,GRE,6,45,45,casa,275,PAL,2026-09-20 11:00:00,28,0.000000,0.000000,0.000000,0.000000,0.000000,0.000000,1.333333,1.600000,0.475131,0.380105,2.081765,1.040882,0.000000,0.000000,0.000000,-0.000000,1.738297,2.607445,0.243562,1.217808,0.000000,0.000000,0.000000,0.000000,0.000000,-0.000000,0.000000,-0.000000,0.102980,-0.102980,0.000000,-0.000000,1.068960,-0.320688,0.006250,-0.006250,0.000000,-0.000000,6.416322,3.722490,5.069406,0.500000,0.500000
113157,Nathan Mendes,LAT,287,VIT,5,45,45,casa,283,CRU,2026-09-20 16:00:00,28,0.000000,0.000000,0.041178,0.205889,0.000000,0.000000,0.000000,0.000000,0.136125,0.108900,0.734851,0.367425,0.000000,0.000000,0.000000,-0.000000,1.948639,2.922958,0.342556,1.712780,0.000000,0.000000,0.000000,0.000000,0.000000,-0.000000,0.000000,-0.000000,0.140521,-0.140521,0.000000,-0.000000,0.991131,-0.297339,0.008333,-0.008333,0.000000,-0.000000,4.871759,5.259988,5.065873,0.500000,0.500000
104758,Enzo Díaz,LAT,276,SAO,6,45,45,casa,285,INT,2026-09-19 21:00:00,28,0.000000,0.000000,0.000766,0.003831,0.000000,0.000000,0.666667,0.800000,0.249780,0.199824,1.488462,0.744231,0.000000,0.000000,0.142976,-0.014298,2.647244,3.970867,0.242487,1.212434,0.000000,0.000000,0.000000,0.000000,0.000000,-0.000000,0.000000,-0.000000,0.208933,-0.208933,0.000000,-0.000000,1.044817,-0.313445,0.000000,-0.000000,0.000000,-0.000000,6.394511,3.677636,5.036073,0.500000,0.500000
80313,Gilberto,LAT,293,CAP,7,95,85,casa,265,BAH,2026-09-20 19:30:00,28,0.000000,0.000000,0.000766,0.003831,0.012456,0.037369,1.000000,1.200000,0.491805,0.393444,0.037177,0.018588,0.000000,0.000000,0.074869,-0.007487,1.819754,2.729631,0.330432,1.652159,0.000000,0.000000,0.000000,0.000000,0.000000,-0.000000,0.000000,-0.000000,0.138549,-0.138549,0.000000,-0.000000,0.835421,-0.250626,0.023363,-0.023363,0.000000,-0.000000,5.614997,4.391134,5.003065,0.500000,0.500000
110426,Bernabei,LAT,285,INT,7,95,85,fora,276,SAO,2026-09-19 21:00:00,28,0.000000,0.000000,0.002072,0.010362,0.000005,0.000016,0.000000,0.000000,0.761640,0.609312,1.315494,0.657747,0.000000,0.000000,0.255398,-0.025540,2.148094,3.222141,0.161941,0.809704,0.000000,0.000000,0.000000,0.000000,0.000000,-0.000000,0.000000,-0.000000,0.178992,-0.178992,0.000000,-0.000000,0.942720,-0.282816,0.020585,-0.020585,0.000000,-0.000000,4.801349,5.087249,4.944299,0.500000,0.500000
86864,Marlon,LAT,364,REM,7,95,85,casa,277,SAN,2026-09-19 18:30:00,28,0.000000,0.000000,0.000000,0.000000,0.000000,0.000000,0.333333,0.400000,0.450000,0.360000,0.631125,0.315563,0.000000,0.000000,0.000000,-0.000000,1.991856,2.987784,0.246185,1.230924,0.000000,0.000000,0.000000,0.000000,0.000000,-0.000000,0.000000,-0.000000,0.078231,-0.078231,0.000000,-0.000000,0.804340,-0.241302,0.000000,-0.000000,0.000000,-0.000000,4.974738,4.722739,4.848739,0.500000,0.500000
73318,Daniel Borges,LAT,2305,MIR,6,45,45,casa,263,BOT,2026-09-19 17:00:00,28,0.000000,0.000000,0.000000,0.000000,0.000000,0.000000,0.333333,0.400000,0.302500,0.242000,1.272250,0.636125,0.000000,0.000000,0.000000,-0.000000,1.808494,2.712741,0.257549,1.287746,0.000000,0.000000,0.000000,0.000000,0.000000,-0.000000,0.000000,-0.000000,0.101547,-0.101547,0.000000,-0.000000,0.862397,-0.258719,0.000000,-0.000000,0.000000,-0.000000,4.918346,4.728324,4.823335,0.500000,0.500000
95466,Igor Vinícius,LAT,277,SAN,6,45,45,fora,364,REM,2026-09-19 18:30:00,28,0.000000,0.000000,0.000039,0.000193,0.000000,0.000000,0.000000,0.000000,0.000000,0.000000,0.501390,0.250695,0.000000,0.000000,0.000000,-0.000000,2.949751,4.424627,0.195273,0.976366,0.000000,0.000000,0.000000,0.000000,0.000000,-0.000000,0.000000,-0.000000,0.090644,-0.090644,0.000000,-0.000000,1.212870,-0.363861,0.000000,-0.000000,0.000000,-0.000000,5.197376,4.437530,4.817453,0.500000,0.500000
147192,Claudinho,LAT,293,CAP,5,45,45,casa,265,BAH,2026-09-20 19:30:00,28,0.000000,0.000000,0.041178,0.205889,0.074869,0.224606,0.000000,0.000000,0.050328,0.040263,0.470652,0.235326,0.000000,0.000000,0.000000,-0.000000,1.951318,2.926977,0.356159,1.780794,0.000000,0.000000,0.000000,0.000000,0.000000,-0.000000,0.000000,-0.000000,0.305482,-0.305482,0.000000,-0.000000,1.242475,-0.372743,0.002778,-0.002778,0.000000,-0.000000,4.732853,4.901646,4.817249,0.500000,0.500000
100898,Vitinho,LAT,263,BOT,7,95,85,fora,2305,MIR,2026-09-19 17:00:00,28,0.333333,2.666667,0.000972,0.004859,0.000104,0.000313,0.000000,0.000000,0.076946,0.061557,0.609317,0.304658,0.000000,0.000000,0.006851,-0.000685,1.101313,1.651970,0.107946,0.539729,0.000000,0.000000,0.000000,0.000000,0.000000,-0.000000,0.000000,-0.000000,0.244074,-0.244074,0.000000,-0.000000,0.879462,-0.263839,0.000000,-0.000000,0.000000,-0.000000,4.721155,4.795964,4.758560,0.500000,0.500000
147090,Kauã Pascini,LAT,282,CAM,6,45,45,casa,315,CHA,2026-09-19 16:00:00,28,0.000000,0.000000,0.000000,0.000000,0.000000,0.000000,0.000000,0.000000,0.322369,0.257895,0.136125,0.068063,0.000000,0.000000,0.000000,-0.000000,1.904313,2.856469,0.305760,1.528802,0.000000,0.000000,0.000000,0.000000,0.000000,-0.000000,0.000000,-0.000000,0.122312,-0.122312,0.000000,-0.000000,0.945033,-0.283510,0.004167,-0.004167,0.000000,-0.000000,4.301239,4.959002,4.630121,0.500000,0.500000
127932,Júlio Fidelis,LAT,266,FLU,6,45,45,fora,264,COR,2026-09-20 16:00:00,28,0.000000,0.000000,0.000000,0.000000,0.000000,0.000000,0.000000,0.000000,0.000000,0.000000,0.000000,0.000000,0.000000,0.000000,0.000000,-0.000000,3.397500,5.096250,0.168934,0.844671,0.000000,0.000000,0.000000,0.000000,0.000000,-0.000000,0.000000,-0.000000,0.119709,-0.119709,0.000000,-0.000000,0.943991,-0.283197,0.000000,-0.000000,0.000000,-0.000000,5.538015,3.721313,4.629664,0.500000,0.500000
110668,Esquivel,LAT,293,CAP,7,95,85,casa,265,BAH,2026-09-20 19:30:00,28,0.000000,0.000000,0.136702,0.683508,0.000000,0.000000,0.000000,0.000000,0.024577,0.019662,0.748806,0.374403,0.000000,0.000000,0.000000,-0.000000,1.089203,1.633805,0.284399,1.421996,0.000000,0.000000,0.000000,0.000000,0.000000,-0.000000,0.000000,-0.000000,0.130366,-0.130366,0.000000,-0.000000,0.970018,-0.291005,0.000000,-0.000000,0.000000,-0.000000,3.712001,5.466116,4.589058,0.500000,0.500000
141405,Avellar,LAT,267,VAS,6,45,45,casa,294,CFC,2026-09-19 20:30:00,28,0.000000,0.000000,0.000000,0.000000,0.000000,0.000000,0.500000,0.600000,0.000000,0.000000,0.000000,0.000000,0.000000,0.000000,0.000000,-0.000000,1.900000,2.850000,0.261462,1.307312,0.000000,0.000000,0.000000,0.000000,0.000000,-0.000000,0.000000,-0.000000,0.141405,-0.141405,0.000000,-0.000000,0.778459,-0.233538,0.000000,-0.000000,0.000000,-0.000000,4.382369,4.788285,4.585327,0.500000,0.500000
145404,Arthur,LAT,275,PAL,2,45,45,fora,284,GRE,2026-09-20 11:00:00,28,0.000000,0.000000,0.000000,0.000000,0.000000,0.000000,0.333333,0.400000,0.307183,0.245746,0.643473,0.321736,0.000000,0.000000,0.000000,-0.000000,2.785985,4.178977,0.113065,0.565324,0.000000,0.000000,0.000000,0.000000,0.000000,-0.000000,0.333333,-1.000000,0.169454,-0.169454,0.000000,-0.000000,1.053703,-0.316111,0.000000,-0.000000,0.000000,-0.000000,4.226219,4.847467,4.536843,0.500000,0.500000
118806,Buta,LAT,276,SAO,5,45,45,casa,285,INT,2026-09-19 21:00:00,28,0.000000,0.000000,0.000000,0.000000,0.000000,0.000000,0.000000,0.000000,0.000000,0.000000,2.000000,1.000000,0.000000,0.000000,0.000000,-0.000000,2.000000,3.000000,0.261120,1.305598,0.000000,0.000000,0.000000,0.000000,0.000000,-0.000000,0.000000,-0.000000,0.179021,-0.179021,0.000000,-0.000000,0.715915,-0.214775,0.000000,-0.000000,0.000000,-0.000000,4.911803,3.986050,4.448926,0.500000,0.500000
105175,Khellven,LAT,275,PAL,6,45,45,fora,284,GRE,2026-09-20 11:00:00,28,0.000000,0.000000,0.450000,2.250000,0.022648,0.067943,0.000000,0.000000,0.143661,0.114929,0.463315,0.231657,0.000000,0.000000,0.450000,-0.045000,0.578709,0.868063,0.166586,0.832930,0.000000,0.000000,0.000000,0.000000,0.000000,-0.000000,0.000000,-0.000000,0.235461,-0.235461,0.000000,-0.000000,0.964878,-0.289464,0.003571,-0.003571,0.000000,-0.000000,3.792027,4.961375,4.376701,0.500000,0.500000
104257,João Lucas,LAT,364,REM,5,45,45,casa,277,SAN,2026-09-19 18:30:00,28,0.000000,0.000000,0.000000,0.000000,0.000000,0.000000,0.000000,0.000000,0.186453,0.149163,1.000000,0.500000,0.000000,0.000000,0.000000,-0.000000,1.691724,2.537587,0.244834,1.224170,0.000000,0.000000,0.000000,0.000000,0.000000,-0.000000,0.000000,-0.000000,0.085659,-0.085659,0.000000,-0.000000,0.887141,-0.266142,0.000000,-0.000000,0.000000,-0.000000,4.059118,4.498743,4.278931,0.500000,0.500000
96870,Emerson Royal,LAT,262,FLA,7,95,85,casa,280,RBB,2026-09-20 18:30:00,28,0.000000,0.000000,0.006851,0.034255,0.000000,0.000000,0.000000,0.000000,0.001140,0.000912,0.612440,0.306220,0.000000,0.000000,0.249572,-0.024957,1.428977,2.143466,0.337072,1.685360,0.000000,0.000000,0.000000,0.000000,0.000000,-0.000000,0.000000,-0.000000,0.063556,-0.063556,0.000000,-0.000000,1.133808,-0.340142,0.008333,-0.008333,0.000000,-0.000000,3.733224,4.650968,4.192096,0.500000,0.500000
99034,Elias,LAT,2305,MIR,6,45,45,casa,263,BOT,2026-09-19 17:00:00,28,0.000000,0.000000,0.000000,0.000000,0.000000,0.000000,0.000000,0.000000,0.000000,0.000000,2.000000,1.000000,0.000000,0.000000,0.000000,-0.000000,2.000000,3.000000,0.266826,1.334129,0.000000,0.000000,0.000000,0.000000,0.000000,-0.000000,0.000000,-0.000000,0.172413,-0.172413,0.000000,-0.000000,1.690369,-0.507111,0.003347,-0.003347,0.000000,-0.000000,4.651258,3.690604,4.170931,0.500000,0.500000
131516,JP Chermont,LAT,294,CFC,7,95,85,fora,267,VAS,2026-09-19 20:30:00,28,0.000000,0.000000,0.272440,1.362198,0.000000,0.000000,0.666667,0.800000,0.136125,0.108900,0.246306,0.123153,0.000000,0.000000,0.000000,-0.000000,1.799489,2.699233,0.079466,0.397330,0.000000,0.000000,0.000000,0.000000,0.000000,-0.000000,0.000000,-0.000000,0.054671,-0.054671,0.000000,-0.000000,1.153677,-0.346103,0.002500,-0.002500,0.000000,-0.000000,5.087540,3.109510,4.098525,0.500000,0.500000
97468,Marçal,LAT,263,BOT,6,45,45,fora,2305,MIR,2026-09-19 17:00:00,28,0.000000,0.000000,0.000000,0.000000,0.000000,0.000000,0.333333,0.400000,0.524869,0.419895,0.900000,0.450000,0.000000,0.000000,0.000000,-0.000000,1.600099,2.400148,0.150352,0.751759,0.000000,0.000000,0.000000,0.000000,0.000000,-0.000000,0.000000,-0.000000,0.175132,-0.175132,0.000000,-0.000000,1.336693,-0.401008,0.001190,-0.001190,0.000000,-0.000000,3.844472,4.217617,4.031045,0.500000,0.500000
124526,Giay,LAT,275,PAL,7,95,85,fora,284,GRE,2026-09-20 11:00:00,28,0.000000,0.000000,0.000000,0.000000,0.000000,0.000000,0.000000,0.000000,0.663066,0.530453,1.840530,0.920265,0.000000,0.000000,0.000190,-0.000019,0.926430,1.389644,0.137865,0.689326,0.000000,0.000000,0.000000,0.000000,0.000000,-0.000000,0.000000,-0.000000,0.213357,-0.213357,0.000000,-0.000000,0.961859,-0.288558,0.010069,-0.010069,0.000000,-0.000000,3.017685,5.015336,4.016511,0.500000,0.500000
120433,Léo Derik,LAT,293,CAP,6,45,45,casa,265,BAH,2026-09-20 19:30:00,28,0.000000,0.000000,0.000000,0.000000,0.000000,0.000000,0.000000,0.000000,0.000000,0.000000,0.008373,0.004187,0.000000,0.000000,0.000000,-0.000000,1.472190,2.208284,0.294362,1.471812,0.000000,0.000000,0.000000,0.000000,0.000000,-0.000000,0.000000,-0.000000,0.185216,-0.185216,0.000000,-0.000000,0.737933,-0.221380,0.043810,-0.043810,0.000000,-0.000000,3.233878,4.728651,3.981265,0.500000,0.500000
91706,Marlon,LAT,284,GRE,5,45,45,casa,275,PAL,2026-09-20 11:00:00,28,0.000000,0.000000,0.012456,0.062281,0.000000,0.000000,0.000000,0.000000,0.053634,0.042907,0.366162,0.183081,0.000000,0.000000,0.004605,-0.000461,1.676584,2.514876,0.299883,1.499414,0.000000,0.000000,0.000000,0.000000,0.000000,-0.000000,0.000000,-0.000000,0.214036,-0.214036,0.000000,-0.000000,0.801792,-0.240538,0.000000,-0.000000,0.000000,-0.000000,3.847526,3.888885,3.868206,0.500000,0.500000
97899,Matheus Bahia,LAT,285,INT,7,95,85,fora,276,SAO,2026-09-19 21:00:00,28,0.000000,0.000000,0.148581,0.742906,0.000000,0.000000,0.000000,0.000000,0.003768,0.003014,0.819582,0.409791,0.000000,0.000000,0.140270,-0.014027,1.689432,2.534147,0.157739,0.788693,0.000000,0.000000,0.000000,0.000000,0.000000,-0.000000,0.333333,-1.000000,0.083731,-0.083731,0.000000,-0.000000,0.851849,-0.255555,0.000000,-0.000000,0.000000,-0.000000,3.125239,4.544521,3.834880,0.500000,0.500000
146374,Gilberto Junior,LAT,293,CAP,6,45,45,casa,265,BAH,2026-09-20 19:30:00,28,0.000000,0.000000,0.000000,0.000000,0.000000,0.000000,0.000000,0.000000,0.000000,0.000000,0.082356,0.041178,0.000000,0.000000,0.247500,-0.024750,0.993087,1.489630,0.325202,1.626011,0.000000,0.000000,0.000000,0.000000,0.000000,-0.000000,0.000000,-0.000000,0.045324,-0.045324,0.000000,-0.000000,0.744464,-0.223339,0.000543,-0.000543,0.000000,-0.000000,2.862862,4.567979,3.715421,0.500000,0.500000
102130,Piquerez,LAT,275,PAL,2,45,45,fora,284,GRE,2026-09-20 11:00:00,28,0.000000,0.000000,0.190386,0.951930,0.000627,0.001881,0.000000,0.000000,0.055027,0.044022,0.500415,0.250208,0.000000,0.000000,0.041178,-0.004118,0.282326,0.423489,0.243131,1.215654,0.000000,0.000000,0.000000,0.000000,0.000000,-0.000000,0.000000,-0.000000,0.142737,-0.142737,0.000000,-0.000000,0.876338,-0.262901,0.004167,-0.004167,0.000000,-0.000000,2.473261,4.722333,3.597797,0.500000,0.500000
105213,Sant'Anna,LAT,280,RBB,7,95,85,fora,262,FLA,2026-09-20 18:30:00,28,0.000000,0.000000,0.076941,0.384706,0.000000,0.000000,0.000000,0.000000,0.162194,0.129755,0.320249,0.160124,0.000000,0.000000,0.150654,-0.015065,1.692839,2.539259,0.167625,0.838125,0.000000,0.000000,0.000000,0.000000,0.000000,-0.000000,0.000000,-0.000000,0.058366,-0.058366,0.000000,-0.000000,0.854578,-0.256373,0.035951,-0.035951,0.000000,-0.000000,3.686213,3.383282,3.534747,0.500000,0.500000
124481,Mateo Ponte,LAT,263,BOT,6,45,45,fora,2305,MIR,2026-09-19 17:00:00,28,0.000000,0.000000,0.022648,0.113239,0.041178,0.123533,0.000000,0.000000,0.000000,0.000000,0.184417,0.092209,0.000000,0.000000,0.136125,-0.013613,1.671571,2.507356,0.125184,0.625921,0.000000,0.000000,0.000000,0.000000,0.000000,-0.000000,0.000000,-0.000000,0.188837,-0.188837,0.000000,-0.000000,0.786491,-0.235947,0.044451,-0.044451,0.000000,-0.000000,2.979411,4.043204,3.511307,0.500000,0.500000
102318,Caio Paulista,LAT,284,GRE,6,45,45,casa,275,PAL,2026-09-20 11:00:00,28,0.000000,0.000000,0.000000,0.000000,0.000000,0.000000,0.000000,0.000000,0.087325,0.069860,0.465224,0.232612,0.000000,0.000000,0.000000,-0.000000,1.434891,2.152336,0.308335,1.541675,0.000000,0.000000,0.000000,0.000000,0.000000,-0.000000,0.000000,-0.000000,0.065293,-0.065293,0.000000,-0.000000,0.772586,-0.231776,0.006389,-0.006389,0.000000,-0.000000,3.693026,3.279929,3.486478,0.500000,0.500000
105584,Lucas Piton,LAT,267,VAS,6,45,45,casa,294,CFC,2026-09-19 20:30:00,28,0.000000,0.000000,0.136125,0.680625,0.000000,0.000000,0.333333,0.400000,0.498831,0.399065,0.193527,0.096764,0.000000,0.000000,0.003768,-0.000377,0.664175,0.996262,0.231336,1.156680,0.000000,0.000000,0.000000,0.000000,0.000000,-0.000000,0.000000,-0.000000,0.097829,-0.097829,0.000000,-0.000000,0.872032,-0.261610,0.000000,-0.000000,0.000000,-0.000000,3.369580,3.542856,3.456218,0.500000,0.500000
101820,Mayk,LAT,364,REM,6,45,45,casa,277,SAN,2026-09-19 18:30:00,28,0.000000,0.000000,0.136125,0.680625,0.000000,0.000000,0.000000,0.000000,0.143397,0.114718,0.353137,0.176568,0.000000,0.000000,0.000000,-0.000000,0.287469,0.431204,0.298761,1.493804,0.000000,0.000000,0.000000,0.000000,0.000000,-0.000000,0.000000,-0.000000,0.116079,-0.116079,0.000000,-0.000000,0.768597,-0.230579,0.006439,-0.006439,0.000000,-0.000000,2.543822,4.314301,3.429062,0.500000,0.500000
111832,Jefté,LAT,275,PAL,5,45,45,fora,284,GRE,2026-09-20 11:00:00,28,0.000000,0.000000,0.247500,1.237500,0.000000,0.000000,0.000000,0.000000,0.000000,0.000000,0.041178,0.020589,0.000000,0.000000,0.288678,-0.028868,0.627303,0.940954,0.131745,0.658725,0.000000,0.000000,0.000000,0.000000,0.000000,-0.000000,0.000000,-0.000000,0.253923,-0.253923,0.000000,-0.000000,0.813433,-0.244030,0.001190,-0.001190,0.000000,-0.000000,2.329756,4.495999,3.412878,0.500000,0.500000
101319,Guga,LAT,266,FLU,7,95,85,fora,264,COR,2026-09-20 16:00:00,28,0.000000,0.000000,0.007536,0.037680,0.000000,0.000000,0.000000,0.000000,0.013710,0.010968,0.444589,0.222294,0.000000,0.000000,0.000000,-0.000000,1.942223,2.913334,0.114876,0.574378,0.000000,0.000000,0.000000,0.000000,0.000000,-0.000000,0.000000,-0.000000,0.116963,-0.116963,0.000000,-0.000000,1.007147,-0.302144,0.001190,-0.001190,0.000000,-0.000000,3.338358,3.420073,3.379215,0.500000,0.500000
104470,Everton,LAT,315,CHA,7,95,85,fora,282,CAM,2026-09-19 16:00:00,28,0.000000,0.000000,0.000017,0.000087,0.000000,0.000000,0.000000,0.000000,0.902182,0.721745,0.941368,0.470684,0.000000,0.000000,0.000000,-0.000000,0.523141,0.784711,0.129001,0.645007,0.000000,0.000000,0.000000,0.000000,0.000000,-0.000000,0.000000,-0.000000,0.155188,-0.155188,0.000000,-0.000000,0.748101,-0.224430,0.000000,-0.000000,0.000000,-0.000000,2.242615,4.490489,3.366552,0.500000,0.500000
123689,Milans,LAT,264,COR,6,45,45,casa,266,FLU,2026-09-20 16:00:00,28,0.000000,0.000000,0.000000,0.000000,0.000000,0.000000,0.000000,0.000000,0.000000,0.000000,1.146277,0.573138,0.000000,0.000000,0.074869,-0.007487,0.852861,1.279292,0.312317,1.561585,0.000000,0.000000,0.000000,0.000000,0.000000,-0.000000,0.000000,-0.000000,0.122228,-0.122228,0.000000,-0.000000,0.836048,-0.250814,0.002778,-0.002778,0.000000,-0.000000,3.030708,3.350000,3.190354,0.500000,0.500000
100848,Luan Cândido,LAT,287,VIT,7,95,85,casa,283,CRU,2026-09-20 16:00:00,28,0.000000,0.000000,0.004908,0.024539,0.000000,0.000000,0.000000,0.000000,0.013491,0.010793,0.083163,0.041582,0.000000,0.000000,0.533327,-0.053333,0.493224,0.739836,0.311232,1.556159,0.000000,0.000000,0.000000,0.000000,0.000000,-0.000000,0.000000,-0.000000,0.084255,-0.084255,0.000000,-0.000000,0.787433,-0.236230,0.005844,-0.005844,0.000000,-0.000000,1.993247,4.300655,3.146951,0.500000,0.500000
93716,Paulo Henrique,LAT,267,VAS,7,95,85,casa,294,CFC,2026-09-19 20:30:00,28,0.000000,0.000000,0.000684,0.003421,0.000000,0.000000,0.000000,0.000000,0.162572,0.130058,0.680948,0.340474,0.000000,0.000000,0.247500,-0.024750,1.536622,2.304933,0.259580,1.297900,0.000000,0.000000,0.000000,0.000000,0.000000,-0.000000,0.000000,-0.000000,0.073033,-0.073033,0.000000,-0.000000,0.937504,-0.281251,0.000000,-0.000000,0.000000,-0.000000,3.697752,2.531803,3.114777,0.500000,0.500000
110715,Andrés Hurtado,LAT,280,RBB,6,45,45,fora,262,FLA,2026-09-20 18:30:00,28,0.000000,0.000000,0.000000,0.000000,0.000000,0.000000,0.333333,0.400000,0.069819,0.055855,0.317294,0.158647,0.000000,0.000000,0.000000,-0.000000,0.801648,1.202472,0.164516,0.822578,0.000000,0.000000,0.000000,0.000000,0.000000,-0.000000,0.000000,-0.000000,0.157973,-0.157973,0.000000,-0.000000,0.758361,-0.227508,0.000000,-0.000000,0.000000,-0.000000,2.254071,3.865009,3.059540,0.500000,0.500000
132412,Román Gómez,LAT,265,BAH,7,95,85,fora,293,CAP,2026-09-20 19:30:00,28,0.000000,0.000000,0.000000,0.000000,0.000000,0.000000,0.000000,0.000000,0.152071,0.121657,0.674952,0.337476,0.000000,0.000000,0.000000,-0.000000,0.998965,1.498448,0.181215,0.906076,0.000000,0.000000,0.000000,0.000000,0.000000,-0.000000,0.000000,-0.000000,0.295818,-0.295818,0.000000,-0.000000,0.850211,-0.255063,0.010714,-0.010714,0.000000,-0.000000,2.302062,3.588465,2.945263,0.500000,0.500000
149715,Rafael Gonzaga,LAT,277,SAN,6,45,45,fora,364,REM,2026-09-19 18:30:00,28,0.000000,0.000000,0.000000,0.000000,0.000000,0.000000,0.000000,0.000000,0.000000,0.000000,0.000000,0.000000,0.000000,0.000000,0.000000,-0.000000,2.000000,3.000000,0.138665,0.693325,0.000000,0.000000,0.000000,0.000000,0.000000,-0.000000,0.000000,-0.000000,0.120546,-0.120546,0.000000,-0.000000,1.102685,-0.330806,0.001893,-0.001893,0.000000,-0.000000,3.240081,2.530949,2.885515,0.500000,0.500000
93637,Bruno Tubarão,LAT,315,CHA,5,45,45,fora,282,CAM,2026-09-19 16:00:00,28,0.000000,0.000000,0.000000,0.000000,0.000000,0.000000,1.000000,1.200000,0.000000,0.000000,0.000000,0.000000,0.000000,0.000000,0.000000,-0.000000,1.000000,1.500000,0.142037,0.710184,0.000000,0.000000,0.000000,0.000000,0.000000,-0.000000,0.000000,-0.000000,0.158186,-0.158186,0.000000,-0.000000,1.034785,-0.310435,0.073821,-0.073821,0.000000,-0.000000,2.867742,2.830005,2.848874,0.500000,0.500000
73384,Samuel Xavier,LAT,266,FLU,5,45,45,fora,264,COR,2026-09-20 16:00:00,28,0.000000,0.000000,0.000000,0.000000,0.000000,0.000000,0.333333,0.400000,0.042318,0.033854,1.481115,0.740557,0.000000,0.000000,0.450627,-0.045063,0.925177,1.387765,0.127609,0.638043,0.000000,0.000000,0.000000,0.000000,0.000000,-0.000000,0.000000,-0.000000,0.125750,-0.125750,0.000000,-0.000000,0.897573,-0.269272,0.002778,-0.002778,0.000000,-0.000000,2.757357,2.915019,2.836188,0.500000,0.500000
97101,Gabriel Rojas,LAT,283,CRU,7,95,85,fora,287,VIT,2026-09-20 16:00:00,28,0.000000,0.000000,0.000000,0.000000,0.000000,0.000000,0.333333,0.400000,0.247500,0.198000,1.633970,0.816985,0.000000,0.000000,0.000000,-0.000000,0.501473,0.752210,0.176582,0.882911,0.000000,0.000000,0.000000,0.000000,0.000000,-0.000000,0.000000,-0.000000,0.179256,-0.179256,0.000000,-0.000000,0.977740,-0.293322,0.000000,-0.000000,0.000000,-0.000000,2.577528,3.076298,2.826913,0.500000,0.500000
84816,Varela,LAT,262,FLA,6,45,45,casa,280,RBB,2026-09-20 18:30:00,28,0.000000,0.000000,0.002130,0.010649,0.000000,0.000000,0.000000,0.000000,0.525318,0.420254,1.043564,0.521782,0.000000,0.000000,0.000057,-0.000006,0.293387,0.440080,0.293524,1.467622,0.000000,0.000000,0.000000,0.000000,0.000000,-0.000000,0.000000,-0.000000,0.089035,-0.089035,0.000000,-0.000000,0.745754,-0.223726,0.020011,-0.020011,0.000000,-0.000000,2.527609,3.081518,2.804564,0.500000,0.500000
87228,Guilherme Arana,LAT,266,FLU,6,45,45,fora,264,COR,2026-09-20 16:00:00,28,0.000000,0.000000,0.000000,0.000000,0.000000,0.000000,0.333333,0.400000,0.518048,0.414439,0.051071,0.025535,0.000000,0.000000,0.003768,-0.000377,1.227913,1.841870,0.122892,0.614460,0.000000,0.000000,0.000000,0.000000,0.000000,-0.000000,0.000000,-0.000000,0.127544,-0.127544,0.000000,-0.000000,0.744588,-0.223377,0.002778,-0.002778,0.000000,-0.000000,2.942229,2.627604,2.784917,0.500000,0.500000
106950,Fernando,LAT,315,CHA,6,45,45,fora,282,CAM,2026-09-19 16:00:00,28,0.000000,0.000000,0.000000,0.000000,0.000000,0.000000,0.000000,0.000000,0.000000,0.000000,0.767927,0.383963,0.000000,0.000000,0.000000,-0.000000,0.247753,0.371630,0.194698,0.973489,0.000000,0.000000,0.000000,0.000000,0.000000,-0.000000,0.000000,-0.000000,0.036368,-0.036368,0.000000,-0.000000,0.889940,-0.266982,0.000532,-0.000532,0.000000,-0.000000,1.425200,4.136286,2.780743,0.500000,0.500000
141868,Vini Lira,LAT,277,SAN,5,45,45,fora,364,REM,2026-09-19 18:30:00,28,0.000000,0.000000,0.000000,0.000000,0.000000,0.000000,0.000000,0.000000,0.166375,0.133100,0.000000,0.000000,0.000000,0.000000,0.000000,-0.000000,1.631125,2.446688,0.141376,0.706882,0.000000,0.000000,0.000000,0.000000,0.000000,-0.000000,0.000000,-0.000000,0.184502,-0.184502,0.000000,-0.000000,1.019929,-0.305979,0.000000,-0.000000,0.000000,-0.000000,2.796189,2.743904,2.770047,0.500000,0.500000
123717,Zé Guilherme,LAT,265,BAH,6,45,45,fora,293,CAP,2026-09-20 19:30:00,28,0.000000,0.000000,0.000000,0.000000,0.000000,0.000000,0.000000,0.000000,0.541506,0.433205,0.813756,0.406878,0.000000,0.000000,0.000000,-0.000000,1.091506,1.637259,0.145079,0.725397,0.000000,0.000000,0.000000,0.000000,0.000000,-0.000000,0.000000,-0.000000,0.120843,-0.120843,0.000000,-0.000000,0.792391,-0.237717,0.000000,-0.000000,0.000000,-0.000000,2.844179,2.669102,2.756641,0.500000,0.500000
145659,Nicolas,LAT,276,SAO,5,45,45,casa,285,INT,2026-09-19 21:00:00,28,0.000000,0.000000,0.000000,0.000000,0.000000,0.000000,0.000000,0.000000,0.000000,0.000000,0.000000,0.000000,0.000000,0.000000,0.000000,-0.000000,0.000000,0.000000,0.370776,1.853879,0.000000,0.000000,0.000000,0.000000,0.000000,-0.000000,0.000000,-0.000000,0.098992,-0.098992,0.000000,-0.000000,0.751785,-0.225535,0.000000,-0.000000,0.000000,-0.000000,1.529351,3.940310,2.734830,0.500000,0.500000
82628,Tinga,LAT,294,CFC,5,45,45,fora,267,VAS,2026-09-19 20:30:00,28,0.000000,0.000000,0.035104,0.175520,0.000000,0.000000,0.000000,0.000000,0.248127,0.198502,0.975732,0.487866,0.000000,0.000000,0.000000,-0.000000,1.019351,1.529027,0.148943,0.744716,0.000000,0.000000,0.000000,0.000000,0.000000,-0.000000,0.000000,-0.000000,0.124417,-0.124417,0.000000,-0.000000,0.721736,-0.216521,0.002500,-0.002500,0.000000,-0.000000,2.792193,2.641902,2.717047,0.500000,0.500000
145400,Cauê,LAT,280,RBB,7,95,85,fora,262,FLA,2026-09-20 18:30:00,28,0.000000,0.000000,0.000000,0.000000,0.000000,0.000000,0.000000,0.000000,0.605000,0.484000,0.000000,0.000000,0.000000,0.000000,0.000000,-0.000000,1.357500,2.036250,0.173010,0.865050,0.000000,0.000000,0.000000,0.000000,0.000000,-0.000000,0.000000,-0.000000,0.187986,-0.187986,0.000000,-0.000000,0.988747,-0.296624,0.000000,-0.000000,0.000000,-0.000000,2.900690,2.419778,2.660234,0.500000,0.500000
103347,Matheus Alexandre,LAT,364,REM,6,45,45,casa,277,SAN,2026-09-19 18:30:00,28,0.000000,0.000000,0.000000,0.000000,0.000000,0.000000,0.000000,0.000000,0.002072,0.001658,0.000000,0.000000,0.000000,0.000000,0.000000,-0.000000,0.797549,1.196324,0.310946,1.554728,0.000000,0.000000,0.000000,0.000000,0.000000,-0.000000,0.000000,-0.000000,0.309389,-0.309389,0.000000,-0.000000,0.653081,-0.195924,0.012551,-0.012551,0.000000,-0.000000,2.234846,3.007829,2.621338,0.500000,0.500000
148125,Ryan Augusto,LAT,280,RBB,6,45,45,fora,262,FLA,2026-09-20 18:30:00,28,0.000000,0.000000,0.000000,0.000000,0.000000,0.000000,0.000000,0.000000,0.136125,0.108900,0.648402,0.324201,0.000000,0.000000,0.247500,-0.024750,0.622053,0.933080,0.189036,0.945179,0.000000,0.000000,0.000000,0.000000,0.000000,-0.000000,0.000000,-0.000000,0.104816,-0.104816,0.000000,-0.000000,0.752955,-0.225887,0.000000,-0.000000,0.000000,-0.000000,1.955907,3.235084,2.595495,0.500000,0.500000
61987,Alex Sandro,LAT,262,FLA,6,45,45,casa,280,RBB,2026-09-20 18:30:00,28,0.000000,0.000000,0.000000,0.000000,0.000000,0.000000,0.000000,0.000000,0.000104,0.000083,0.428353,0.214176,0.000000,0.000000,0.000000,-0.000000,0.401031,0.601547,0.297226,1.486129,0.000000,0.000000,0.000000,0.000000,0.000000,-0.000000,0.000000,-0.000000,0.000000,-0.000000,0.000000,-0.000000,0.773402,-0.232021,0.000000,-0.000000,0.000000,-0.000000,2.069915,3.033729,2.551822,0.500000,0.500000
141337,Lucas Taverna,LAT,294,CFC,5,45,45,fora,267,VAS,2026-09-19 20:30:00,28,0.000000,0.000000,0.000000,0.000000,0.000000,0.000000,0.000000,0.000000,0.000000,0.000000,0.166375,0.083188,0.000000,0.000000,0.000000,-0.000000,0.752500,1.128750,0.184734,0.923671,0.000000,0.000000,0.000000,0.000000,0.000000,-0.000000,0.000000,-0.000000,0.188331,-0.188331,0.000000,-0.000000,0.791487,-0.237446,0.000000,-0.000000,0.000000,-0.000000,1.709832,3.361422,2.535627,0.500000,0.500000
141594,Pedro Gabriel,LAT,284,GRE,7,95,85,casa,275,PAL,2026-09-20 11:00:00,28,0.000000,0.000000,0.012456,0.062281,0.000000,0.000000,0.000000,0.000000,0.075290,0.060232,0.004395,0.002197,0.000000,0.000000,0.000000,-0.000000,0.781620,1.172431,0.268792,1.343959,0.000000,0.000000,0.000000,0.000000,0.000000,-0.000000,0.000000,-0.000000,0.052455,-0.052455,0.000000,-0.000000,0.761073,-0.228322,0.000000,-0.000000,0.000000,-0.000000,2.360325,2.710075,2.535200,0.500000,0.500000
107236,Vanderlan,LAT,280,RBB,5,45,45,fora,262,FLA,2026-09-20 18:30:00,28,0.000000,0.000000,0.000000,0.000000,0.000000,0.000000,0.000000,0.000000,0.000000,0.000000,0.000000,0.000000,0.000000,0.000000,0.000000,-0.000000,0.000000,0.000000,0.145668,0.728339,0.000000,0.000000,0.000000,0.000000,0.000000,-0.000000,0.000000,-0.000000,0.043167,-0.043167,0.000000,-0.000000,0.758871,-0.227661,0.019198,-0.019198,0.000000,-0.000000,0.438313,4.601423,2.519868,0.500000,0.500000
148092,Vitor Ramon,LAT,284,GRE,6,45,45,casa,275,PAL,2026-09-20 11:00:00,28,0.000000,0.000000,0.000000,0.000000,0.000000,0.000000,0.000000,0.000000,0.000000,0.000000,0.000000,0.000000,0.000000,0.000000,0.000000,-0.000000,1.000000,1.500000,0.270976,1.354878,0.000000,0.000000,0.000000,0.000000,0.000000,-0.000000,0.000000,-0.000000,0.034050,-0.034050,0.000000,-0.000000,0.757073,-0.227122,0.000000,-0.000000,0.000000,-0.000000,2.593706,2.160641,2.377173,0.500000,0.500000
73992,Rodinei,LAT,277,SAN,7,95,85,fora,364,REM,2026-09-19 18:30:00,28,0.000000,0.000000,0.000000,0.000000,0.000000,0.000000,0.000000,0.000000,0.000000,0.000000,2.000000,1.000000,0.000000,0.000000,0.000000,-0.000000,1.000000,1.500000,0.141518,0.707590,0.000000,0.000000,0.000000,0.000000,0.000000,-0.000000,0.000000,-0.000000,0.181384,-0.181384,0.000000,-0.000000,1.694382,-0.508315,0.046079,-0.046079,0.000000,-0.000000,2.471812,2.088065,2.279938,0.500000,0.500000
86410,Victor Luis,LAT,2305,MIR,6,45,45,casa,263,BOT,2026-09-19 17:00:00,28,0.000000,0.000000,0.000000,0.000000,0.000000,0.000000,0.000000,0.000000,0.102549,0.082040,0.068858,0.034429,0.000000,0.000000,0.247500,-0.024750,0.146181,0.219272,0.279862,1.399310,0.000000,0.000000,0.000000,0.000000,0.000000,-0.000000,0.000000,-0.000000,0.050300,-0.050300,0.000000,-0.000000,0.816062,-0.244819,0.005013,-0.005013,0.000000,-0.000000,1.410168,3.128243,2.269206,0.500000,0.500000
99213,Puma Rodríguez,LAT,267,VAS,6,45,45,casa,294,CFC,2026-09-19 20:30:00,28,0.000000,0.000000,0.008251,0.041253,0.074869,0.224606,0.000000,0.000000,0.080520,0.064416,0.000104,0.000052,0.000000,0.000000,0.000070,-0.000007,0.160304,0.240456,0.273798,1.368991,0.000000,0.000000,0.000000,0.000000,0.000000,-0.000000,0.000000,-0.000000,0.002770,-0.002770,0.000000,-0.000000,0.624116,-0.187235,0.000000,-0.000000,0.000000,-0.000000,1.749762,2.464169,2.106966,0.500000,0.500000
145660,Luiz Felipe,LAT,285,INT,6,45,45,fora,276,SAO,2026-09-19 21:00:00,28,0.000000,0.000000,0.000000,0.000000,0.000000,0.000000,0.000000,0.000000,0.000000,0.000000,0.000000,0.000000,0.000000,0.000000,0.450000,-0.045000,0.900000,1.350000,0.140090,0.700448,0.000000,0.000000,0.000000,0.000000,0.000000,-0.000000,0.000000,-0.000000,0.163298,-0.163298,0.000000,-0.000000,0.646161,-0.193848,0.000532,-0.000532,0.000000,-0.000000,1.647770,2.434841,2.041306,0.500000,0.500000
141763,Fabiano Souza,LAT,287,VIT,6,45,45,casa,283,CRU,2026-09-20 16:00:00,28,0.000000,0.000000,0.000000,0.000000,0.000000,0.000000,0.000000,0.000000,0.450000,0.360000,0.945000,0.472500,0.000000,0.000000,0.000000,-0.000000,0.550000,0.825000,0.269307,1.346534,0.000000,0.000000,0.000000,0.000000,0.333333,-1.000000,0.000000,-0.000000,0.082435,-0.082435,0.000000,-0.000000,0.693461,-0.208038,0.005756,-0.005756,0.000000,-0.000000,1.707805,2.344167,2.025986,0.500000,0.500000
150959,Davizinho,LAT,277,SAN,6,45,45,fora,364,REM,2026-09-19 18:30:00,28,0.000000,0.000000,0.000000,0.000000,0.000000,0.000000,0.000000,0.000000,0.000000,0.000000,0.000000,0.000000,0.000000,0.000000,0.000000,-0.000000,0.247500,0.371250,0.153065,0.765325,0.000000,0.000000,0.000000,0.000000,0.000000,-0.000000,0.000000,-0.000000,0.121642,-0.121642,0.000000,-0.000000,0.661179,-0.198354,0.004861,-0.004861,0.000000,-0.000000,0.811719,3.217499,2.014609,0.500000,0.500000
63013,Marcos Rocha,LAT,284,GRE,6,45,45,casa,275,PAL,2026-09-20 11:00:00,28,0.000000,0.000000,0.000000,0.000000,0.000000,0.000000,0.000000,0.000000,0.166375,0.133100,0.136125,0.068063,0.000000,0.000000,0.000000,-0.000000,0.586125,0.879188,0.265043,1.325217,0.000000,0.000000,0.000000,0.000000,0.000000,-0.000000,0.000000,-0.000000,0.059683,-0.059683,0.000000,-0.000000,0.666869,-0.200061,0.000000,-0.000000,0.000000,-0.000000,2.145823,1.870449,2.008136,0.500000,0.500000
89273,João Pedro,LAT,284,GRE,6,45,45,casa,275,PAL,2026-09-20 11:00:00,28,0.000000,0.000000,0.000000,0.000000,0.000000,0.000000,0.000000,0.000000,0.000000,0.000000,0.091506,0.045753,0.000000,0.000000,0.050328,-0.005033,0.424803,0.637204,0.262566,1.312832,0.000000,0.000000,0.000000,0.000000,0.000000,-0.000000,0.000000,-0.000000,0.057858,-0.057858,0.000000,-0.000000,0.739895,-0.221969,0.000000,-0.000000,0.000000,-0.000000,1.710930,2.164562,1.937746,0.500000,0.500000
77656,Cédric Soares,LAT,276,SAO,6,45,45,casa,285,INT,2026-09-19 21:00:00,28,0.000000,0.000000,0.000000,0.000000,0.000000,0.000000,0.000000,0.000000,0.056402,0.045122,0.000000,0.000000,0.000000,0.000000,0.000000,-0.000000,0.496366,0.744549,0.260508,1.302540,0.000000,0.000000,0.000000,0.000000,0.000000,-0.000000,0.000000,-0.000000,0.153304,-0.153304,0.000000,-0.000000,0.654700,-0.196410,0.008403,-0.008403,0.000000,-0.000000,1.734093,1.795984,1.765038,0.500000,0.500000
91626,Paulinho,LAT,263,BOT,6,45,45,fora,2305,MIR,2026-09-19 17:00:00,28,0.000000,0.000000,0.000000,0.000000,0.000000,0.000000,0.000000,0.000000,0.000000,0.000000,0.000000,0.000000,0.000000,0.000000,0.000000,-0.000000,0.000000,0.000000,0.144355,0.721774,0.000000,0.000000,0.000000,0.000000,0.000000,-0.000000,0.000000,-0.000000,0.043167,-0.043167,0.000000,-0.000000,0.679107,-0.203732,0.001728,-0.001728,0.000000,-0.000000,0.473147,2.662848,1.567997,0.500000,0.500000
84339,Bruno Melo,LAT,294,CFC,7,95,85,fora,267,VAS,2026-09-19 20:30:00,28,0.000000,0.000000,0.000001,0.000004,0.000000,0.000000,0.000000,0.000000,0.240943,0.192755,0.120348,0.060174,0.000000,0.000000,0.136127,-0.013613,0.288563,0.432844,0.126836,0.634182,0.000000,0.000000,0.000000,0.000000,0.000000,-0.000000,0.000000,-0.000000,0.000000,-0.000000,0.000000,-0.000000,0.625638,-0.187692,0.001197,-0.001197,0.000000,-0.000000,1.117458,1.994282,1.555870,0.500000,0.500000
131964,Jhoan Hernández,LAT,263,BOT,6,45,45,fora,2305,MIR,2026-09-19 17:00:00,28,0.000000,0.000000,0.000000,0.000000,0.000000,0.000000,0.000000,0.000000,0.000000,0.000000,0.000000,0.000000,0.000000,0.000000,0.000000,-0.000000,0.000000,0.000000,0.144890,0.724449,0.000000,0.000000,0.000000,0.000000,0.000000,-0.000000,0.000000,-0.000000,0.043167,-0.043167,0.000000,-0.000000,0.604756,-0.181427,0.019198,-0.019198,0.000000,-0.000000,0.480657,2.468046,1.474351,0.500000,0.500000
101708,Felipe Jonatan,LAT,294,CFC,5,45,45,fora,267,VAS,2026-09-19 20:30:00,28,0.000000,0.000000,0.000000,0.000000,0.000000,0.000000,0.000000,0.000000,0.000402,0.000322,0.143102,0.071551,0.000000,0.000000,0.000190,-0.000019,0.050290,0.075435,0.174358,0.871791,0.000000,0.000000,0.000000,0.000000,0.000000,-0.000000,0.000000,-0.000000,0.021843,-0.021843,0.000000,-0.000000,0.687359,-0.206208,0.001197,-0.001197,0.000000,-0.000000,0.789833,2.078955,1.434394,0.500000,0.500000
142868,Johnny,LAT,262,FLA,6,45,45,casa,280,RBB,2026-09-20 18:30:00,28,0.000000,0.000000,0.000000,0.000000,0.000000,0.000000,0.000000,0.000000,0.000000,0.000000,0.000000,0.000000,0.000000,0.000000,0.000000,-0.000000,0.000000,0.000000,0.271494,1.357471,0.000000,0.000000,0.000000,0.000000,0.000000,-0.000000,0.000000,-0.000000,0.043167,-0.043167,0.000000,-0.000000,0.588754,-0.176626,0.000000,-0.000000,0.000000,-0.000000,1.137678,1.397163,1.267420,0.500000,0.500000
96610,Matheus Pereira,MEI,283,CRU,7,95,85,fora,287,VIT,2026-09-20 16:00:00,28,0.795448,6.363582,0.383846,1.919231,0.450000,1.350000,0.464889,0.557867,1.000000,0.800000,3.342856,1.671428,0.333333,0.333333,0.008229,-0.000823,1.092718,1.639077,0.000000,0.000000,0.000000,0.000000,0.000000,0.000000,0.000391,-0.001172,0.005278,-0.015833,0.000000,-0.000000,0.000000,-0.000000,1.086104,-0.325831,0.012644,-0.012644,0.000803,-0.003211,14.275005,4.827927,9.551466,0.500000,0.500000
98517,Jean Lucas,MEI,265,BAH,6,45,45,fora,293,CAP,2026-09-20 19:30:00,28,0.586138,4.689105,0.075005,0.375023,0.136752,0.410256,0.287656,0.345187,0.000000,0.000000,1.015832,0.507916,0.000000,0.000000,0.000005,-0.000001,1.173231,1.759847,0.000000,0.000000,0.000000,0.000000,0.000000,0.000000,0.000390,-0.001170,0.000000,-0.000000,0.333333,-0.333333,0.000000,-0.000000,1.048414,-0.314524,0.006625,-0.006625,0.000797,-0.003189,7.428491,8.638416,8.033453,0.500000,0.500000
98022,Erick,MEI,265,BAH,7,95,85,fora,293,CAP,2026-09-20 19:30:00,28,0.701458,5.611661,0.000000,0.000000,0.000115,0.000344,0.275044,0.330053,0.666667,0.533333,1.206922,0.603461,0.000000,0.000000,0.022648,-0.002265,0.906915,1.360372,0.000000,0.000000,0.000000,0.000000,0.000000,0.000000,0.000389,-0.001167,0.000000,-0.000000,0.333333,-0.333333,0.000000,-0.000000,1.234190,-0.370257,0.012627,-0.012627,0.000797,-0.003189,7.716388,8.163989,7.940188,0.500000,0.500000
70944,Bruno Henrique,MEI,285,INT,7,95,85,fora,276,SAO,2026-09-19 21:00:00,28,0.697500,5.580000,0.002072,0.010362,0.000000,0.000000,0.198547,0.238256,0.333333,0.266667,0.493504,0.246752,0.000000,0.000000,0.000003,-0.000000,0.991577,1.487366,0.000000,0.000000,0.000000,0.000000,0.000000,0.000000,0.000390,-0.001171,0.000000,-0.000000,0.000000,-0.000000,0.000000,-0.000000,0.957494,-0.287248,0.013164,-0.013164,0.000797,-0.003186,7.524632,5.370176,6.447404,0.500000,0.500000
105068,Reinier,MEI,282,CAM,7,95,85,casa,315,CHA,2026-09-19 16:00:00,28,0.661621,5.292965,0.136752,0.683760,0.000032,0.000095,0.365105,0.438126,0.666667,0.533333,0.656249,0.328124,0.000000,0.000000,0.000000,-0.000000,0.889593,1.334390,0.000000,0.000000,0.000000,0.000000,0.000000,0.000000,0.000391,-0.001172,0.068869,-0.206606,0.000000,-0.000000,0.000000,-0.000000,1.058836,-0.317651,0.010768,-0.010768,0.000807,-0.003227,8.071370,4.183509,6.127440,0.500000,0.500000
63007,Neymar,MEI,277,SAN,5,45,45,fora,364,REM,2026-09-19 18:30:00,28,0.177244,1.417952,0.251268,1.256340,0.450000,1.350000,0.249333,0.299200,2.333333,1.866667,3.215743,1.607871,0.000000,0.000000,0.555178,-0.055518,1.284335,1.926503,0.000000,0.000000,0.000000,0.000000,0.000000,0.000000,0.000387,-0.001161,0.020128,-0.060384,0.333333,-0.333333,0.000000,-0.000000,1.274466,-0.382340,0.001525,-0.001525,0.000792,-0.003168,8.887104,3.356283,6.121694,0.500000,0.500000
128431,João Cruz,MEI,293,CAP,3,45,45,casa,265,BAH,2026-09-20 19:30:00,28,0.586125,4.689000,0.045108,0.225538,0.000000,0.000000,0.261819,0.314183,1.000000,0.800000,0.546729,0.273364,0.000000,0.000000,0.075214,-0.007521,0.947247,1.420871,0.000000,0.000000,0.000000,0.000000,0.000000,0.000000,0.000391,-0.001172,0.021228,-0.063684,0.000000,-0.000000,0.000000,-0.000000,0.950854,-0.285256,0.000000,-0.000000,0.000802,-0.003208,7.362115,4.554129,5.958122,0.500000,0.500000
106822,Rodrigo Nestor,MEI,265,BAH,7,95,85,fora,293,CAP,2026-09-20 19:30:00,28,0.000000,0.000000,0.505619,2.528095,0.000000,0.000000,0.249725,0.299670,0.333333,0.266667,0.774661,0.387330,0.000000,0.000000,0.012456,-0.001246,0.832341,1.248512,0.000000,0.000000,0.000000,0.000000,0.000000,0.000000,0.000389,-0.001167,0.000000,-0.000000,0.000000,-0.000000,0.000000,-0.000000,1.009691,-0.302907,0.004419,-0.004419,0.000789,-0.003158,4.417377,7.252200,5.834789,0.500000,0.500000
102256,Rollheiser,MEI,277,SAN,7,95,85,fora,364,REM,2026-09-19 18:30:00,28,0.452394,3.619149,0.288678,1.443389,0.000000,0.000000,0.122591,0.147109,0.666667,0.533333,1.274634,0.637317,0.000000,0.000000,0.002072,-0.000207,1.027750,1.541624,0.000000,0.000000,0.000000,0.000000,0.000000,0.000000,0.000389,-0.001168,0.006696,-0.020089,0.333333,-0.333333,0.000000,-0.000000,0.985777,-0.295733,0.017957,-0.017957,0.000799,-0.003195,7.250238,4.321051,5.785645,0.500000,0.500000
94930,Lucas Paquetá,MEI,262,FLA,3,45,45,casa,280,RBB,2026-09-20 18:30:00,28,0.455253,3.642021,0.000000,0.000000,0.000000,0.000000,0.393854,0.472625,1.000000,0.800000,1.270310,0.635155,0.000000,0.000000,0.137097,-0.013710,2.516601,3.774901,0.000000,0.000000,0.000000,0.000000,0.000000,0.000000,0.000390,-0.001170,0.031874,-0.095621,0.333333,-0.333333,0.000000,-0.000000,1.388853,-0.416656,0.014374,-0.014374,0.000801,-0.003206,8.446633,2.966783,5.706708,0.500000,0.500000
104783,Acevedo,MEI,265,BAH,7,95,85,fora,293,CAP,2026-09-20 19:30:00,28,0.041178,0.329423,0.136125,0.680625,0.000346,0.001037,0.015023,0.018027,0.000000,0.000000,2.225082,1.112541,0.000000,0.000000,0.000000,-0.000000,1.392510,2.088766,0.000000,0.000000,0.000000,0.000000,0.000000,0.000000,0.000391,-0.001172,0.000000,-0.000000,0.333333,-0.333333,0.000000,-0.000000,1.195832,-0.358750,0.000000,-0.000000,0.000797,-0.003190,3.533974,7.832160,5.683067,0.500000,0.500000
71123,Thiago Mendes,MEI,267,VAS,7,95,85,casa,294,CFC,2026-09-19 20:30:00,28,0.453874,3.630994,0.000345,0.001724,0.000000,0.000000,0.349020,0.418825,0.666667,0.533333,1.779464,0.889732,0.000000,0.000000,0.000104,-0.000010,1.360546,2.040818,0.000000,0.000000,0.000000,0.000000,0.000000,0.000000,0.000391,-0.001174,0.000000,-0.000000,0.000000,-0.000000,0.000000,-0.000000,0.925355,-0.277607,0.011149,-0.011149,0.000799,-0.003196,7.222290,3.676900,5.449595,0.500000,0.500000
105647,Maurício,MEI,275,PAL,6,45,45,fora,284,GRE,2026-09-20 11:00:00,28,0.494845,3.958760,0.000010,0.000048,0.000000,0.000000,0.280679,0.336815,0.666667,0.533333,0.351797,0.175898,0.000000,0.000000,0.000019,-0.000002,0.625650,0.938475,0.000000,0.000000,0.000000,0.000000,0.000000,0.000000,0.000390,-0.001171,0.000000,-0.000000,0.000000,-0.000000,0.000000,-0.000000,0.840133,-0.252040,0.004214,-0.004214,0.000799,-0.003197,5.682707,4.118539,4.900623,0.500000,0.500000
87552,Vitor Bueno,MEI,364,REM,6,45,45,casa,277,SAN,2026-09-19 18:30:00,28,0.491377,3.931016,0.023464,0.117322,0.000190,0.000569,0.257117,0.308540,0.333333,0.266667,1.492195,0.746097,0.000000,0.000000,0.000000,-0.000000,0.484487,0.726730,0.000000,0.000000,0.000000,0.000000,0.000000,0.000000,0.000391,-0.001172,0.000000,-0.000000,0.000000,-0.000000,0.000000,-0.000000,0.821960,-0.246588,0.013459,-0.013459,0.000798,-0.003192,5.832530,3.901237,4.866884,0.500000,0.500000
97145,Villasanti,MEI,284,GRE,7,95,85,casa,275,PAL,2026-09-20 11:00:00,28,0.450000,3.600000,0.000000,0.000000,0.000000,0.000000,0.288455,0.346146,0.000000,0.000000,0.334527,0.167264,0.000000,0.000000,0.000000,-0.000000,1.641675,2.462513,0.000000,0.000000,0.000000,0.000000,0.000000,0.000000,0.000387,-0.001160,0.030863,-0.092590,0.000000,-0.000000,0.000000,-0.000000,1.390591,-0.417177,0.023270,-0.023270,0.000783,-0.003132,6.038592,3.655914,4.847253,0.500000,0.500000
68938,Giovanni Augusto,MEI,315,CHA,7,95,85,fora,282,CAM,2026-09-19 16:00:00,28,0.074869,0.598950,0.556010,2.780051,0.000000,0.000000,0.149879,0.179854,0.666667,0.533333,0.614010,0.307005,0.000000,0.000000,0.022648,-0.002265,1.178770,1.768155,0.000000,0.000000,0.000000,0.000000,0.000000,0.000000,0.000388,-0.001165,0.000000,-0.000000,0.333333,-0.333333,0.000000,-0.000000,0.805690,-0.241707,0.000000,-0.000000,0.000788,-0.003151,5.585728,3.500271,4.542999,0.500000,0.500000
87863,Arrascaeta,MEI,262,FLA,7,95,85,casa,280,RBB,2026-09-20 18:30:00,28,0.003244,0.025950,0.363651,1.818254,0.001387,0.004160,0.197599,0.237119,2.666667,2.133333,0.156121,0.078061,0.000000,0.000000,0.450000,-0.045000,0.699923,1.049885,0.000000,0.000000,0.000000,0.000000,0.000000,0.000000,0.000390,-0.001171,0.000000,-0.000000,0.333333,-0.333333,0.000000,-0.000000,0.857624,-0.257287,0.001255,-0.001255,0.000793,-0.003172,4.705546,4.246953,4.476249,0.500000,0.500000
107256,Zé Vitor,MEI,287,VIT,7,95,85,casa,283,CRU,2026-09-20 16:00:00,28,0.001140,0.009119,0.000000,0.000000,0.000000,0.000000,0.348723,0.418468,1.333333,1.066667,2.088389,1.044195,0.000000,0.000000,0.000000,-0.000000,1.916244,2.874366,0.000000,0.000000,0.000000,0.000000,0.000000,0.000000,0.000390,-0.001169,0.003125,-0.009375,0.000000,-0.000000,0.000000,-0.000000,1.472358,-0.441707,0.002336,-0.002336,0.000793,-0.003171,4.955055,3.883235,4.419145,0.500000,0.500000
101807,Oliva,MEI,277,SAN,7,95,85,fora,364,REM,2026-09-19 18:30:00,28,0.383625,3.069000,0.012801,0.064005,0.000000,0.000000,0.081221,0.097465,0.666667,0.533333,0.082201,0.041101,0.000000,0.000000,0.000000,-0.000000,0.838552,1.257827,0.000000,0.000000,0.000000,0.000000,0.000000,0.000000,0.000388,-0.001165,0.000000,-0.000000,0.000000,-0.000000,0.000000,-0.000000,1.014430,-0.304329,0.002034,-0.002034,0.000785,-0.003141,4.752063,3.909943,4.331003,0.500000,0.500000
89256,Gerson,MEI,283,CRU,7,95,85,fora,287,VIT,2026-09-20 16:00:00,28,0.000000,0.000000,0.289023,1.445113,0.000000,0.000000,0.229520,0.275424,0.666667,0.533333,1.702813,0.851407,0.000000,0.000000,0.720152,-0.072015,1.471978,2.207967,0.000000,0.000000,0.000000,0.000000,0.000000,0.000000,0.000390,-0.001171,0.000000,-0.000000,0.000000,-0.000000,0.000000,-0.000000,1.161280,-0.348384,0.012781,-0.012781,0.000800,-0.003199,4.875694,3.759348,4.317521,0.500000,0.500000
89837,Lucho Acosta,MEI,266,FLU,6,45,45,fora,264,COR,2026-09-20 16:00:00,28,0.247533,1.980267,0.002313,0.011563,0.000000,0.000000,0.086420,0.103705,0.666667,0.533333,0.480616,0.240308,0.000000,0.000000,0.000000,-0.000000,1.020427,1.530640,0.000000,0.000000,0.000000,0.000000,0.000000,0.000000,0.000389,-0.001168,0.000000,-0.000000,0.000000,-0.000000,0.000000,-0.000000,0.843979,-0.253194,0.005961,-0.005961,0.000786,-0.003145,4.136347,4.453645,4.294996,0.500000,0.500000
105436,Carrascal,MEI,262,FLA,7,95,85,casa,280,RBB,2026-09-20 18:30:00,28,0.179407,1.435254,0.241755,1.208777,0.005840,0.017521,0.323128,0.387754,0.333333,0.266667,0.745585,0.372792,0.000000,0.000000,0.000000,-0.000000,1.134365,1.701548,0.000000,0.000000,0.000000,0.000000,0.000000,0.000000,0.000391,-0.001172,0.003571,-0.010714,0.333333,-0.333333,0.000000,-0.000000,0.652713,-0.195814,0.000000,-0.000000,0.000797,-0.003187,4.846092,3.681725,4.263908,0.500000,0.500000
89637,Thiago Maia,MEI,285,INT,7,95,85,fora,276,SAO,2026-09-19 21:00:00,28,0.000000,0.000000,0.697500,3.487500,0.000000,0.000000,0.171042,0.205251,0.000000,0.000000,0.014529,0.007264,0.000000,0.000000,0.006851,-0.000685,0.908379,1.362569,0.000000,0.000000,0.000000,0.000000,0.000000,0.000000,0.000387,-0.001161,0.000000,-0.000000,0.000000,-0.000000,0.000000,-0.000000,0.996984,-0.299095,0.013488,-0.013488,0.000779,-0.003116,4.745038,3.767397,4.256217,0.500000,0.500000
99815,Arias,MEI,275,PAL,7,95,85,fora,284,GRE,2026-09-20 11:00:00,28,0.022801,0.182408,0.171229,0.856145,0.006851,0.020553,0.136926,0.164311,0.000000,0.000000,2.155394,1.077697,0.000000,0.000000,0.002924,-0.000292,1.369695,2.054543,0.000000,0.000000,0.000000,0.000000,0.000000,0.000000,0.000390,-0.001169,0.000000,-0.000000,0.000000,-0.000000,0.000000,-0.000000,0.852175,-0.255653,0.005857,-0.005857,0.000788,-0.003152,4.089535,4.407461,4.248498,0.500000,0.500000
101405,Wallisson,MEI,2305,MIR,7,95,85,casa,263,BOT,2026-09-19 17:00:00,28,0.000000,0.000000,0.000000,0.000000,0.000000,0.000000,0.139129,0.166954,0.333333,0.266667,1.998190,0.999095,0.000000,0.000000,0.000104,-0.000010,2.106927,3.160391,0.000000,0.000000,0.000000,0.000000,0.000000,0.000000,0.000390,-0.001170,0.080364,-0.241092,0.333333,-0.333333,0.000000,-0.000000,1.119645,-0.335894,0.010191,-0.010191,0.000789,-0.003156,3.668261,4.774435,4.221348,0.500000,0.500000
95556,Raniele,MEI,264,COR,6,45,45,casa,266,FLU,2026-09-20 16:00:00,28,0.138197,1.105579,0.000000,0.000000,0.003768,0.011304,0.188283,0.225939,1.000000,0.800000,1.361723,0.680861,0.000000,0.000000,0.000005,-0.000001,1.427908,2.141861,0.000000,0.000000,0.000000,0.000000,0.000000,0.000000,0.000391,-0.001173,0.000000,-0.000000,0.333333,-0.333333,0.000000,-0.000000,0.873261,-0.261978,0.002710,-0.002710,0.000798,-0.003192,4.363158,3.891964,4.127561,0.500000,0.500000
145744,André,MEI,264,COR,5,45,45,casa,266,FLU,2026-09-20 16:00:00,28,0.151810,1.214479,0.383625,1.918125,0.000000,0.000000,0.204868,0.245841,0.000000,0.000000,0.026346,0.013173,0.000000,0.000000,0.000000,-0.000000,0.640810,0.961215,0.000000,0.000000,0.000000,0.000000,0.000000,0.000000,0.000390,-0.001169,0.000000,-0.000000,0.000000,-0.000000,0.000000,-0.000000,0.673972,-0.202192,0.000000,-0.000000,0.000789,-0.003154,4.146318,3.995643,4.070981,0.500000,0.500000
84558,Lucas Romero,MEI,283,CRU,7,95,85,fora,287,VIT,2026-09-20 16:00:00,28,0.247690,1.981517,0.001189,0.005944,0.000000,0.000000,0.152368,0.182842,0.666667,0.533333,0.661333,0.330667,0.000000,0.000000,0.000000,-0.000000,1.520403,2.280604,0.000000,0.000000,0.000000,0.000000,0.000000,0.000000,0.000389,-0.001167,0.000000,-0.000000,0.000000,-0.000000,0.000000,-0.000000,1.029151,-0.308745,0.000000,-0.000000,0.000791,-0.003163,5.001831,3.107419,4.054625,0.500000,0.500000
68685,Alan Patrick,MEI,285,INT,7,95,85,fora,276,SAO,2026-09-19 21:00:00,28,0.136537,1.092294,0.136125,0.680625,0.000000,0.000000,0.068090,0.081708,0.000000,0.000000,2.075324,1.037662,0.000000,0.000000,0.450000,-0.045000,0.769995,1.154992,0.000000,0.000000,0.000000,0.000000,0.000000,0.000000,0.000390,-0.001169,0.000000,-0.000000,0.000000,-0.000000,0.000000,-0.000000,0.743975,-0.223192,0.001211,-0.001211,0.000789,-0.003156,3.773551,4.151526,3.962538,0.500000,0.500000
115025,Miguelito,MEI,277,SAN,6,45,45,fora,364,REM,2026-09-19 18:30:00,28,0.136125,1.089000,0.210994,1.054969,0.000000,0.000000,0.075932,0.091119,0.000000,0.000000,0.987968,0.493984,0.000000,0.000000,0.000000,-0.000000,1.369295,2.053942,0.000000,0.000000,0.000000,0.000000,0.000000,0.000000,0.000386,-0.001159,0.000000,-0.000000,0.000000,-0.000000,0.000000,-0.000000,0.806062,-0.241819,0.000000,-0.000000,0.000778,-0.003114,4.536922,3.346764,3.941843,0.500000,0.500000
68708,Eduardo,MEI,2305,MIR,7,95,85,casa,263,BOT,2026-09-19 17:00:00,28,0.211642,1.693135,0.000000,0.000000,0.041178,0.123533,0.317628,0.381153,1.000000,0.800000,0.770230,0.385115,0.000000,0.000000,0.000000,-0.000000,0.661004,0.991506,0.000000,0.000000,0.000000,0.000000,0.000000,0.000000,0.000390,-0.001171,0.000000,-0.000000,0.000000,-0.000000,0.000000,-0.000000,0.566045,-0.169813,0.000000,-0.000000,0.000794,-0.003176,4.200282,3.677630,3.938956,0.500000,0.500000
141776,Gustavo Henrique,MEI,277,SAN,7,95,85,fora,364,REM,2026-09-19 18:30:00,28,0.000000,0.000000,0.000000,0.000000,0.000000,0.000000,0.226188,0.271425,0.333333,0.266667,2.515217,1.257609,0.000000,0.000000,0.000000,-0.000000,1.661824,2.492735,0.000000,0.000000,0.000000,0.000000,0.000000,0.000000,0.000387,-0.001162,0.000000,-0.000000,0.333333,-0.333333,0.000000,-0.000000,0.998687,-0.299606,0.004539,-0.004539,0.000782,-0.003128,3.646668,4.208542,3.927605,0.500000,0.500000
126471,Barreal,MEI,277,SAN,5,45,45,fora,364,REM,2026-09-19 18:30:00,28,0.272241,2.177931,0.041178,0.205889,0.000000,0.000000,0.184797,0.221756,0.333333,0.266667,0.503422,0.251711,0.000000,0.000000,0.007253,-0.000725,1.244880,1.867319,0.000000,0.000000,0.000000,0.000000,0.000000,0.000000,0.000389,-0.001167,0.000000,-0.000000,0.333333,-0.333333,0.000000,-0.000000,0.993381,-0.298014,0.000722,-0.000722,0.000794,-0.003176,4.354135,3.469364,3.911750,0.500000,0.500000
86686,Tchê Tchê,MEI,267,VAS,3,45,45,casa,294,CFC,2026-09-19 20:30:00,28,0.136315,1.090517,0.000000,0.000000,0.000000,0.000000,0.225087,0.270104,0.000000,0.000000,0.986447,0.493223,0.000000,0.000000,0.000057,-0.000006,1.809376,2.714064,0.000000,0.000000,0.000000,0.000000,0.000000,0.000000,0.000390,-0.001171,0.015061,-0.045184,0.333333,-0.333333,0.000000,-0.000000,1.080362,-0.324109,0.000264,-0.000264,0.000796,-0.003183,3.860659,3.933274,3.896967,0.500000,0.500000
106294,Marcos Antônio,MEI,276,SAO,7,95,85,casa,285,INT,2026-09-19 21:00:00,28,0.000000,0.000000,0.002177,0.010884,0.000000,0.000000,0.337942,0.405531,1.333333,1.066667,1.189509,0.594754,0.000000,0.000000,0.022752,-0.002275,1.766847,2.650270,0.000000,0.000000,0.000000,0.000000,0.000000,0.000000,0.000390,-0.001171,0.000000,-0.000000,0.000000,-0.000000,0.000000,-0.000000,0.870231,-0.261069,0.011418,-0.011418,0.000795,-0.003178,4.448993,3.342574,3.895784,0.500000,0.500000
106202,Bruno Gomes,MEI,285,INT,7,95,85,fora,276,SAO,2026-09-19 21:00:00,28,0.000000,0.000000,0.000000,0.000000,0.000000,0.000001,0.133761,0.160513,0.666667,0.533333,2.268685,1.134342,0.000000,0.000000,0.000000,-0.000000,1.560383,2.340574,0.000000,0.000000,0.000000,0.000000,0.000000,0.000000,0.000391,-0.001173,0.000000,-0.000000,0.666667,-0.666667,0.000000,-0.000000,1.089194,-0.326758,0.002724,-0.002724,0.000797,-0.003189,3.168255,4.611169,3.889712,0.500000,0.500000
104330,Dudu,MEI,287,VIT,5,45,45,casa,283,CRU,2026-09-20 16:00:00,28,0.450000,3.600000,0.000000,0.000000,0.000000,0.000000,0.158914,0.190697,0.000000,0.000000,0.450000,0.225000,0.000000,0.000000,0.000000,-0.000000,1.041995,1.562992,0.000000,0.000000,0.000000,0.000000,0.000000,0.000000,0.000385,-0.001156,0.007708,-0.023125,0.000000,-0.000000,0.000000,-0.000000,0.986441,-0.295932,0.004631,-0.004631,0.000771,-0.003083,5.250761,2.454857,3.852809,0.500000,0.500000
151292,Felipe Morais,MEI,283,CRU,6,45,45,fora,287,VIT,2026-09-20 16:00:00,28,0.450000,3.600000,0.000000,0.000000,0.000000,0.000000,0.139607,0.167529,1.000000,0.800000,1.247500,0.623750,0.000000,0.000000,0.000000,-0.000000,0.522200,0.783300,0.000000,0.000000,0.000000,0.000000,0.000000,0.000000,0.000384,-0.001153,0.002500,-0.007500,0.333333,-0.333333,0.000000,-0.000000,1.309365,-0.392810,0.012261,-0.012261,0.000769,-0.003076,5.224445,2.474960,3.849702,0.500000,0.500000
80129,Jadson,MEI,293,CAP,7,95,85,casa,265,BAH,2026-09-20 19:30:00,28,0.000000,0.000000,0.002072,0.010362,0.000000,0.000000,0.299659,0.359590,0.000000,0.000000,1.322673,0.661336,0.000000,0.000000,0.000000,-0.000000,1.765904,2.648856,0.000000,0.000000,0.000000,0.000000,0.000000,0.000000,0.000390,-0.001171,0.000000,-0.000000,0.000000,-0.000000,0.000000,-0.000000,0.822240,-0.246672,0.000000,-0.000000,0.000793,-0.003170,3.429131,4.219943,3.824537,0.500000,0.500000
104811,Sebastián Gómez,MEI,294,CFC,7,95,85,fora,267,VAS,2026-09-19 20:30:00,28,0.000000,0.000000,0.247500,1.237500,0.000000,0.000000,0.068791,0.082550,0.000000,0.000000,0.324963,0.162482,0.000000,0.000000,0.000000,-0.000000,1.533752,2.300629,0.000000,0.000000,0.000000,0.000000,0.000000,0.000000,0.000390,-0.001169,0.000000,-0.000000,0.000000,-0.000000,0.000000,-0.000000,0.908615,-0.272584,0.007713,-0.007713,0.000791,-0.003166,3.498527,4.110783,3.804655,0.500000,0.500000
102911,Zé Ricardo,MEI,364,REM,7,95,85,casa,277,SAN,2026-09-19 18:30:00,28,0.136125,1.089000,0.006851,0.034255,0.000000,0.000000,0.351962,0.422354,0.333333,0.266667,1.068839,0.534420,0.000000,0.000000,0.057752,-0.005775,1.586429,2.379643,0.000000,0.000000,0.000000,0.000000,0.000000,0.000000,0.000392,-0.001177,0.000000,-0.000000,0.000000,-0.000000,0.000000,-0.000000,0.855448,-0.256634,0.000000,-0.000000,0.000798,-0.003192,4.459560,3.113921,3.786741,0.500000,0.500000
99440,Baralhas,MEI,287,VIT,5,45,45,casa,283,CRU,2026-09-20 16:00:00,28,0.002304,0.018434,0.007478,0.037389,0.000000,0.000000,0.171146,0.205375,0.666667,0.533333,1.626127,0.813064,0.000000,0.000000,0.000000,-0.000000,1.793862,2.690793,0.000000,0.000000,0.000000,0.000000,0.000000,0.000000,0.000389,-0.001168,0.000000,-0.000000,0.000000,-0.000000,0.000000,-0.000000,1.013387,-0.304016,0.007862,-0.007862,0.000785,-0.003141,3.982201,3.543970,3.763085,0.500000,0.500000
83433,Patrick,MEI,364,REM,7,95,85,casa,277,SAN,2026-09-19 18:30:00,28,0.000000,0.000000,0.000000,0.000000,0.016569,0.049707,0.112670,0.135204,0.333333,0.266667,0.835770,0.417885,0.000000,0.000000,0.000017,-0.000002,2.178487,3.267730,0.000000,0.000000,0.000000,0.000000,0.000000,0.000000,0.000392,-0.001175,0.000000,-0.000000,0.000000,-0.000000,0.000000,-0.000000,0.822931,-0.246879,0.007074,-0.007074,0.000792,-0.003169,3.878894,3.608310,3.743602,0.500000,0.500000
89274,Andreas Pereira,MEI,275,PAL,7,95,85,fora,284,GRE,2026-09-20 11:00:00,28,0.000000,0.000004,0.075243,0.376215,0.000000,0.000000,0.234022,0.280827,0.333333,0.266667,0.867074,0.433537,0.000000,0.000000,0.569869,-0.056987,1.237157,1.855735,0.000000,0.000000,0.000000,0.000000,0.000000,0.000000,0.000391,-0.001173,0.000000,-0.000000,0.000000,-0.000000,0.000000,-0.000000,0.730427,-0.219128,0.004042,-0.004042,0.000792,-0.003170,2.928484,4.476297,3.702390,0.500000,0.500000
113125,Picco,MEI,364,REM,7,95,85,casa,277,SAN,2026-09-19 18:30:00,28,0.012458,0.099663,0.000000,0.000000,0.000000,0.000000,0.171733,0.206080,0.666667,0.533333,0.469339,0.234669,0.000000,0.000000,0.000000,-0.000000,1.853433,2.780149,0.000000,0.000000,0.000000,0.000000,0.000000,0.000000,0.000392,-0.001176,0.000000,-0.000000,0.000000,-0.000000,0.000000,-0.000000,0.740555,-0.222166,0.004037,-0.004037,0.000796,-0.003184,3.623332,3.749313,3.686322,0.500000,0.500000
98672,Savarino,MEI,266,FLU,6,45,45,fora,264,COR,2026-09-20 16:00:00,28,0.006980,0.055842,0.000115,0.000574,0.456926,1.370777,0.085511,0.102613,0.333333,0.266667,0.103486,0.051743,0.000000,0.000000,0.013847,-0.001385,0.903107,1.354660,0.000000,0.000000,0.000000,0.000000,0.000000,0.000000,0.000389,-0.001167,0.007828,-0.023485,0.000000,-0.000000,0.000000,-0.000000,0.618831,-0.185649,0.010540,-0.010540,0.000782,-0.003127,2.977523,4.371293,3.674408,0.500000,0.500000
141754,Gabriel Bontempo,MEI,277,SAN,7,95,85,fora,364,REM,2026-09-19 18:30:00,28,0.000000,0.000000,0.008923,0.044617,0.000000,0.000000,0.170213,0.204256,1.000000,0.800000,0.875588,0.437794,0.000000,0.000000,0.000000,-0.000000,1.047701,1.571552,0.000000,0.000000,0.000000,0.000000,0.000000,0.000000,0.000390,-0.001169,0.000000,-0.000000,0.000000,-0.000000,0.000000,-0.000000,0.792001,-0.237600,0.006112,-0.006112,0.000788,-0.003153,2.810184,4.378886,3.594535,0.500000,0.500000
77485,Carrillo,MEI,264,COR,7,95,85,casa,266,FLU,2026-09-20 16:00:00,28,0.000000,0.000000,0.001140,0.005699,0.000000,0.000000,0.170796,0.204956,1.000000,0.800000,0.741461,0.370731,0.000000,0.000000,0.709956,-0.070996,1.732480,2.598720,0.000000,0.000000,0.000000,0.000000,0.000000,0.000000,0.000391,-0.001172,0.000000,-0.000000,0.000000,-0.000000,0.000000,-0.000000,0.836448,-0.250935,0.006033,-0.006033,0.000788,-0.003151,3.647820,3.352325,3.500072,0.500000,0.500000
123360,Cauly,MEI,276,SAO,6,45,45,casa,285,INT,2026-09-19 21:00:00,28,0.000232,0.001854,0.000000,0.000000,0.000000,0.000000,0.274509,0.329411,1.000000,0.800000,0.850340,0.425170,0.000000,0.000000,0.000000,-0.000000,1.951013,2.926520,0.000000,0.000000,0.000000,0.000000,0.000000,0.000000,0.000389,-0.001168,0.000000,-0.000000,0.000000,-0.000000,0.000000,-0.000000,0.837029,-0.251109,0.008704,-0.008704,0.000785,-0.003138,4.218837,2.768299,3.493568,0.500000,0.500000
91473,Erick Pulgar,MEI,262,FLA,3,45,45,casa,280,RBB,2026-09-20 18:30:00,28,0.022648,0.181182,0.000000,0.000000,0.006851,0.020553,0.138428,0.166113,0.000000,0.000000,0.614825,0.307412,0.000000,0.000000,0.000000,-0.000000,1.815916,2.723874,0.000000,0.000000,0.000000,0.000000,0.000000,0.000000,0.000390,-0.001169,0.000000,-0.000000,0.333333,-0.333333,0.000000,-0.000000,0.975221,-0.292566,0.004016,-0.004016,0.000786,-0.003143,2.764908,4.107901,3.436405,0.500000,0.500000
141400,Huguinho,MEI,263,BOT,7,95,85,fora,2305,MIR,2026-09-19 17:00:00,28,0.012456,0.099650,0.000000,0.000000,0.000000,0.000000,0.097107,0.116529,1.666667,1.333333,1.999411,0.999706,0.000000,0.000000,0.000000,-0.000000,1.172121,1.758182,0.000000,0.000000,0.000000,0.000000,0.000000,0.000000,0.000386,-0.001158,0.038211,-0.114634,0.000000,-0.000000,0.000000,-0.000000,0.973306,-0.291992,0.004686,-0.004686,0.000769,-0.003076,3.891855,2.968442,3.430149,0.500000,0.500000
78478,Willian Arão,MEI,277,SAN,7,95,85,fora,364,REM,2026-09-19 18:30:00,28,0.041178,0.329423,0.000000,0.000000,0.003768,0.011304,0.206731,0.248077,0.333333,0.266667,0.136543,0.068271,0.000000,0.000000,0.472648,-0.047265,1.309521,1.964281,0.000000,0.000000,0.000000,0.000000,0.000000,0.000000,0.000389,-0.001167,0.000000,-0.000000,0.333333,-0.333333,0.000000,-0.000000,0.910922,-0.273277,0.005705,-0.005705,0.000786,-0.003144,2.224132,4.612888,3.418510,0.500000,0.500000
84626,Josué,MEI,294,CFC,7,95,85,fora,267,VAS,2026-09-19 20:30:00,28,0.003768,0.030144,0.171769,0.858843,0.041178,0.123533,0.217061,0.260474,0.666667,0.533333,1.514287,0.757143,0.000000,0.000000,0.000000,-0.000000,0.953008,1.429512,0.000000,0.000000,0.000000,0.000000,0.000000,0.000000,0.000390,-0.001170,0.000000,-0.000000,0.000000,-0.000000,0.000000,-0.000000,0.632172,-0.189652,0.001130,-0.001130,0.000788,-0.003152,3.797879,3.022298,3.410089,0.500000,0.500000
70592,Felipe Anderson,MEI,275,PAL,6,45,45,fora,284,GRE,2026-09-20 11:00:00,28,0.014529,0.116230,0.006851,0.034255,0.074869,0.224606,0.156254,0.187505,0.000000,0.000000,0.539369,0.269684,0.000000,0.000000,0.000000,-0.000000,1.022520,1.533780,0.000000,0.000000,0.000000,0.000000,0.000000,0.000000,0.000389,-0.001168,0.000000,-0.000000,0.000000,-0.000000,0.000000,-0.000000,0.715991,-0.214797,0.005092,-0.005092,0.000787,-0.003146,2.141857,4.537028,3.339442,0.500000,0.500000
80196,Yago Pikachu,MEI,364,REM,7,95,85,casa,277,SAN,2026-09-19 18:30:00,28,0.136752,1.094019,0.000345,0.001724,0.000000,0.000000,0.168056,0.201667,0.333333,0.266667,1.325758,0.662879,0.000000,0.000000,0.002072,-0.000207,0.954653,1.431979,0.000000,0.000000,0.000000,0.000000,0.000000,0.000000,0.000392,-0.001177,0.000000,-0.000000,0.000000,-0.000000,0.000000,-0.000000,0.639794,-0.191938,0.000000,-0.000000,0.000789,-0.003155,3.462457,3.156822,3.309640,0.500000,0.500000
122321,Lorran,MEI,262,FLA,6,45,45,casa,280,RBB,2026-09-20 18:30:00,28,0.302500,2.420000,0.000000,0.000000,0.000000,0.000000,0.164825,0.197790,0.000000,0.000000,0.450000,0.225000,0.000000,0.000000,0.000000,-0.000000,0.691646,1.037469,0.000000,0.000000,0.000000,0.000000,0.000000,0.000000,0.000386,-0.001157,0.000000,-0.000000,0.000000,-0.000000,0.000000,-0.000000,1.341407,-0.402422,0.001698,-0.001698,0.000776,-0.003106,3.471876,3.074166,3.273021,0.500000,0.500000
100084,Igor Gomes,MEI,282,CAM,6,45,45,casa,315,CHA,2026-09-19 16:00:00,28,0.074869,0.598950,0.247500,1.237500,0.000000,0.000000,0.172318,0.206782,0.000000,0.000000,0.415389,0.207694,0.000000,0.000000,0.450000,-0.045000,1.168345,1.752518,0.000000,0.000000,0.000000,0.000000,0.000000,0.000000,0.000387,-0.001162,0.002778,-0.008333,0.000000,-0.000000,0.000000,-0.000000,0.780303,-0.234091,0.003829,-0.003829,0.000777,-0.003107,3.707921,2.728937,3.218429,0.500000,0.500000
96652,Allan,MEI,264,COR,7,95,85,casa,266,FLU,2026-09-20 16:00:00,28,0.000000,0.000000,0.136125,0.680625,0.000000,0.000000,0.213002,0.255603,0.333333,0.266667,0.463965,0.231983,0.000000,0.000000,0.000000,-0.000000,1.669259,2.503889,0.000000,0.000000,0.000000,0.000000,0.000000,0.000000,0.000391,-0.001172,0.000000,-0.000000,0.000000,-0.000000,0.000000,-0.000000,0.915305,-0.274592,0.000000,-0.000000,0.000792,-0.003168,3.659834,2.754306,3.207070,0.500000,0.500000
97520,Shaylon,MEI,2305,MIR,6,45,45,casa,263,BOT,2026-09-19 17:00:00,28,0.000190,0.001517,0.450000,2.250000,0.000000,0.000000,0.131317,0.157580,0.000000,0.000000,1.077303,0.538651,0.000000,0.000000,0.000000,-0.000000,0.898505,1.347757,0.000000,0.000000,0.000000,0.000000,0.000000,0.000000,0.000390,-0.001170,0.010417,-0.031250,0.666667,-0.666667,0.000000,-0.000000,0.799995,-0.239999,0.010706,-0.010706,0.000784,-0.003138,3.342578,3.010020,3.176299,0.500000,0.500000
87747,Yago Felipe,MEI,315,CHA,7,95,85,fora,282,CAM,2026-09-19 16:00:00,28,0.000000,0.000000,0.091506,0.457531,0.000000,0.000000,0.239648,0.287578,0.333333,0.266667,1.313875,0.656938,0.000000,0.000000,0.000000,-0.000000,1.692290,2.538435,0.000000,0.000000,0.000000,0.000000,0.000000,0.000000,0.000385,-0.001155,0.003008,-0.009024,0.333333,-0.333333,0.000000,-0.000000,1.179919,-0.353976,0.000538,-0.000538,0.000770,-0.003079,3.506043,2.735982,3.121013,0.500000,0.500000
71536,Luiz Gustavo,MEI,293,CAP,7,95,85,casa,265,BAH,2026-09-20 19:30:00,28,0.003825,0.030603,0.000000,0.000000,0.006851,0.020553,0.167447,0.200936,0.000000,0.000000,0.540062,0.270031,0.000000,0.000000,0.000000,-0.000000,1.527694,2.291540,0.000000,0.000000,0.000000,0.000000,0.000000,0.000000,0.000390,-0.001171,0.000000,-0.000000,0.000000,-0.000000,0.000000,-0.000000,0.886699,-0.266010,0.005006,-0.005006,0.000789,-0.003156,2.538321,3.647139,3.092730,0.500000,0.500000
86859,José Welison,MEI,364,REM,6,45,45,casa,277,SAN,2026-09-19 18:30:00,28,0.000000,0.000000,0.000000,0.000000,0.000000,0.000000,0.166458,0.199750,1.000000,0.800000,0.232112,0.116056,0.000000,0.000000,0.000000,-0.000000,1.638363,2.457545,0.000000,0.000000,0.000000,0.000000,0.000000,0.000000,0.000389,-0.001168,0.000000,-0.000000,0.333333,-0.333333,0.000000,-0.000000,1.268151,-0.380445,0.007759,-0.007759,0.000791,-0.003165,2.847479,3.318253,3.082866,0.500000,0.500000
105157,Villagra,MEI,285,INT,3,45,45,fora,276,SAO,2026-09-19 21:00:00,28,0.000000,0.000000,0.000000,0.000000,0.000000,0.000000,0.086695,0.104034,0.000000,0.000000,1.562788,0.781394,0.000000,0.000000,0.000000,-0.000000,1.978166,2.967250,0.000000,0.000000,0.000000,0.000000,0.000000,0.000000,0.000389,-0.001168,0.003312,-0.009936,0.666667,-0.666667,0.000000,-0.000000,0.949257,-0.284777,0.008351,-0.008351,0.000781,-0.003124,2.878656,3.248100,3.063378,0.500000,0.500000
103767,Gabriel Menino,MEI,277,SAN,6,45,45,fora,364,REM,2026-09-19 18:30:00,28,0.008373,0.066987,0.000000,0.000000,0.000000,0.000000,0.391014,0.469216,0.000000,0.000000,1.139997,0.569998,0.000000,0.000000,0.008373,-0.000837,1.795605,2.693408,0.000000,0.000000,0.000000,0.000000,0.000000,0.000000,0.000386,-0.001158,0.028819,-0.086458,0.333333,-0.333333,0.000000,-0.000000,0.761370,-0.228411,0.013228,-0.013228,0.000777,-0.003106,3.133077,2.974371,3.053724,0.500000,0.500000
142484,Barrera,MEI,263,BOT,5,45,45,fora,2305,MIR,2026-09-19 17:00:00,28,0.247500,1.980000,0.000000,0.000000,0.002072,0.006217,0.138061,0.165674,0.333333,0.266667,0.542018,0.271009,0.000000,0.000000,0.000000,-0.000000,0.577925,0.866887,0.000000,0.000000,0.000000,0.000000,0.000000,0.000000,0.000387,-0.001160,0.000000,-0.000000,0.000000,-0.000000,0.000000,-0.000000,0.879646,-0.263894,0.007820,-0.007820,0.000775,-0.003099,3.280482,2.769734,3.025108,0.500000,0.500000
109336,Rafael Carvalheira,MEI,315,CHA,5,45,45,fora,282,CAM,2026-09-19 16:00:00,28,0.136546,1.092371,0.000000,0.000000,0.000000,0.000000,0.169343,0.203212,0.666667,0.533333,0.052482,0.026241,0.000000,0.000000,0.136125,-0.013613,1.047342,1.571013,0.000000,0.000000,0.000000,0.000000,0.000000,0.000000,0.000387,-0.001162,0.000000,-0.000000,0.333333,-0.333333,0.000000,-0.000000,1.038303,-0.311491,0.001467,-0.001467,0.000780,-0.003118,2.761986,3.280421,3.021204,0.500000,0.500000
109573,Martinelli,MEI,266,FLU,7,95,85,fora,264,COR,2026-09-20 16:00:00,28,0.000000,0.000000,0.076941,0.384706,0.000000,0.000000,0.217061,0.260474,0.000000,0.000000,1.239642,0.619821,0.000000,0.000000,0.000000,-0.000000,0.978961,1.468441,0.000000,0.000000,0.000000,0.000000,0.000000,0.000000,0.000389,-0.001166,0.000000,-0.000000,0.000000,-0.000000,0.000000,-0.000000,1.075563,-0.322669,0.006417,-0.006417,0.000785,-0.003140,2.400050,3.637504,3.018777,0.500000,0.500000
107231,Danilo,MEI,263,BOT,7,95,85,fora,2305,MIR,2026-09-19 17:00:00,28,0.005238,0.041902,0.002417,0.012086,0.000057,0.000172,0.101869,0.122243,0.333333,0.266667,0.754534,0.377267,0.000000,0.000000,0.000000,-0.000000,1.580262,2.370394,0.000000,0.000000,0.000000,0.000000,0.000000,0.000000,0.000389,-0.001166,0.000000,-0.000000,0.000000,-0.000000,0.000000,-0.000000,0.733672,-0.220102,0.003945,-0.003945,0.000784,-0.003136,2.962382,3.067672,3.015027,0.500000,0.500000
111760,Fabinho,MEI,280,RBB,7,95,85,fora,262,FLA,2026-09-20 18:30:00,28,0.000000,0.000000,0.000000,0.000000,0.000000,0.000000,0.097107,0.116529,0.000000,0.000000,0.724149,0.362074,0.000000,0.000000,0.000000,-0.000000,1.976969,2.965453,0.000000,0.000000,0.000000,0.000000,0.000000,0.000000,0.000386,-0.001159,0.000000,-0.000000,0.000000,-0.000000,0.000000,-0.000000,0.862785,-0.258835,0.010642,-0.010642,0.000771,-0.003086,3.170335,2.814482,2.992409,0.500000,0.500000
113359,Pablo Maia,MEI,276,SAO,3,45,45,casa,285,INT,2026-09-19 21:00:00,28,0.041178,0.329423,0.000000,0.000000,0.000000,0.000000,0.302032,0.362438,0.666667,0.533333,0.299786,0.149893,0.000000,0.000000,0.000000,-0.000000,1.758274,2.637411,0.000000,0.000000,0.000000,0.000000,0.000000,0.000000,0.000390,-0.001170,0.000000,-0.000000,0.333333,-0.333333,0.000000,-0.000000,1.100542,-0.330163,0.004846,-0.004846,0.000786,-0.003143,3.339842,2.607680,2.973761,0.500000,0.500000
117632,Garro,MEI,264,COR,7,95,85,casa,266,FLU,2026-09-20 16:00:00,28,0.043250,0.346002,0.002628,0.013140,0.074878,0.224635,0.225684,0.270820,0.666667,0.533333,1.432695,0.716348,0.000000,0.000000,0.041183,-0.004118,0.680218,1.020327,0.000000,0.000000,0.000000,0.000000,0.000000,0.000000,0.000392,-0.001176,0.000000,-0.000000,0.666667,-0.666667,0.000000,-0.000000,0.847989,-0.254397,0.000000,-0.000000,0.000792,-0.003168,2.195080,3.688771,2.941926,0.500000,0.500000
107873,Bobadilla,MEI,276,SAO,5,45,45,casa,285,INT,2026-09-19 21:00:00,28,0.000000,0.000000,0.075496,0.377478,0.000627,0.001881,0.237635,0.285162,0.000000,0.000000,0.259502,0.129751,0.000000,0.000000,0.000127,-0.000013,1.593309,2.389963,0.000000,0.000000,0.000000,0.000000,0.000000,0.000000,0.000390,-0.001169,0.000000,-0.000000,0.333333,-0.333333,0.000000,-0.000000,0.877903,-0.263371,0.000000,-0.000000,0.000786,-0.003144,2.583205,3.229552,2.906379,0.500000,0.500000
103388,Emmanuel Martínez,MEI,287,VIT,5,45,45,casa,283,CRU,2026-09-20 16:00:00,28,0.000000,0.000000,0.000000,0.000000,0.000000,0.000000,0.247944,0.297533,0.333333,0.266667,0.667371,0.333685,0.000000,0.000000,0.022648,-0.002265,1.804165,2.706248,0.000000,0.000000,0.000000,0.000000,0.000000,0.000000,0.000390,-0.001170,0.000000,-0.000000,0.333333,-0.333333,0.000000,-0.000000,0.921146,-0.276344,0.003403,-0.003403,0.000787,-0.003147,2.984471,2.795099,2.889785,0.500000,0.500000
90703,Matheuzinho,MEI,287,VIT,7,95,85,casa,283,CRU,2026-09-20 16:00:00,28,0.074973,0.599784,0.000627,0.003135,0.000000,0.000000,0.218222,0.261866,0.666667,0.533333,0.638446,0.319223,0.000000,0.000000,0.149738,-0.014974,0.902185,1.353278,0.000000,0.000000,0.000000,0.000000,0.000000,0.000000,0.000391,-0.001174,0.000000,-0.000000,0.333333,-0.333333,0.000000,-0.000000,0.733368,-0.220010,0.003803,-0.003803,0.000790,-0.003162,2.494163,3.262913,2.878538,0.500000,0.500000
90532,Arthur Melo,MEI,277,SAN,6,45,45,fora,364,REM,2026-09-19 18:30:00,28,0.000000,0.000000,0.000000,0.000000,0.000000,0.000000,0.097107,0.116529,0.000000,0.000000,3.313817,1.656908,0.000000,0.000000,0.000000,-0.000000,0.942979,1.414468,0.000000,0.000000,0.000000,0.000000,0.000000,0.000000,0.000387,-0.001160,0.000000,-0.000000,0.000000,-0.000000,0.000000,-0.000000,0.872476,-0.261743,0.009600,-0.009600,0.000774,-0.003098,2.912304,2.835377,2.873841,0.500000,0.500000
111682,Adson,MEI,267,VAS,6,45,45,casa,294,CFC,2026-09-19 20:30:00,28,0.000000,0.000000,0.000000,0.000000,0.000000,0.000000,0.243320,0.291984,1.000000,0.800000,0.675873,0.337937,0.000000,0.000000,0.000000,-0.000000,1.260579,1.890869,0.000000,0.000000,0.000000,0.000000,0.000000,0.000000,0.000389,-0.001167,0.015516,-0.046548,0.333333,-0.333333,0.000000,-0.000000,0.746702,-0.224011,0.004883,-0.004883,0.000782,-0.003130,2.707717,2.997474,2.852596,0.500000,0.500000
90588,Caíque,MEI,287,VIT,2,45,45,casa,283,CRU,2026-09-20 16:00:00,28,0.000000,0.000000,0.000000,0.000000,0.000000,0.000000,0.174800,0.209760,0.333333,0.266667,1.114115,0.557058,0.000000,0.000000,0.000000,-0.000000,1.660253,2.490380,0.000000,0.000000,0.000000,0.000000,0.000000,0.000000,0.000391,-0.001172,0.000000,-0.000000,0.666667,-0.666667,0.000000,-0.000000,0.840422,-0.252127,0.001698,-0.001698,0.000790,-0.003161,2.599039,3.082289,2.840664,0.500000,0.500000
131832,Portilla,MEI,293,CAP,6,45,45,casa,265,BAH,2026-09-20 19:30:00,28,0.000000,0.000000,0.000000,0.000000,0.000000,0.000000,0.148839,0.178607,0.666667,0.533333,0.920213,0.460106,0.000000,0.000000,0.000000,-0.000000,1.279678,1.919518,0.000000,0.000000,0.000000,0.000000,0.000000,0.000000,0.000390,-0.001169,0.018294,-0.054881,0.333333,-0.333333,0.000000,-0.000000,0.743687,-0.223106,0.011252,-0.011252,0.000785,-0.003139,2.464684,3.214118,2.839401,0.500000,0.500000
142890,Montoro,MEI,263,BOT,7,95,85,fora,2305,MIR,2026-09-19 17:00:00,28,0.000000,0.000000,0.000116,0.000580,0.074900,0.224701,0.299640,0.359569,0.333333,0.266667,0.436721,0.218361,0.000000,0.000000,0.000000,-0.000000,0.923578,1.385367,0.000000,0.000000,0.000000,0.000000,0.000000,0.000000,0.000389,-0.001168,0.003662,-0.010985,0.333333,-0.333333,0.000000,-0.000000,0.851876,-0.255563,0.011836,-0.011836,0.000785,-0.003139,1.839219,3.809031,2.824125,0.500000,0.500000
112576,Vini Paulista,MEI,294,CFC,6,45,45,fora,267,VAS,2026-09-19 20:30:00,28,0.000000,0.000000,0.000000,0.000000,0.136125,0.408375,0.086695,0.104034,0.000000,0.000000,0.918009,0.459004,0.000000,0.000000,0.012456,-0.001246,1.254843,1.882265,0.000000,0.000000,0.000000,0.000000,0.000000,0.000000,0.000390,-0.001170,0.003662,-0.010985,0.000000,-0.000000,0.000000,-0.000000,0.689759,-0.206928,0.008079,-0.008079,0.000786,-0.003144,2.622128,2.964271,2.793199,0.500000,0.500000
118563,Rodriguinho,MEI,280,RBB,6,45,45,fora,262,FLA,2026-09-20 18:30:00,28,0.023069,0.184554,0.000000,0.000000,0.022648,0.067943,0.129273,0.155128,1.333333,1.066667,0.407805,0.203903,0.000000,0.000000,0.000421,-0.000042,0.983543,1.475315,0.000000,0.000000,0.000000,0.000000,0.000000,0.000000,0.000387,-0.001162,0.000000,-0.000000,0.000000,-0.000000,0.000000,-0.000000,0.849540,-0.254862,0.006168,-0.006168,0.000780,-0.003119,2.888155,2.640084,2.764120,0.500000,0.500000
117910,Breno Bidon,MEI,264,COR,7,95,85,casa,266,FLU,2026-09-20 16:00:00,28,0.000628,0.005024,0.006851,0.034255,0.000001,0.000003,0.186152,0.223383,0.333333,0.266667,0.983526,0.491763,0.000000,0.000000,0.008923,-0.000892,1.545209,2.317814,0.000000,0.000000,0.000000,0.000000,0.000000,0.000000,0.000392,-0.001176,0.000000,-0.000000,0.666667,-0.666667,0.000000,-0.000000,0.885423,-0.265627,0.000216,-0.000216,0.000793,-0.003172,2.401158,3.066983,2.734071,0.500000,0.500000
100742,Matheus Henrique,MEI,283,CRU,7,95,85,fora,287,VIT,2026-09-20 16:00:00,28,0.000000,0.000000,0.074869,0.374344,0.000000,0.000000,0.102125,0.122549,0.333333,0.266667,0.605869,0.302934,0.000000,0.000000,0.000000,-0.000000,0.928172,1.392258,0.000000,0.000000,0.000000,0.000000,0.000000,0.000000,0.000390,-0.001171,0.001471,-0.004412,0.000000,-0.000000,0.000000,-0.000000,0.800147,-0.240044,0.007935,-0.007935,0.000788,-0.003150,2.202040,3.250891,2.726465,0.500000,0.500000
101352,Bruno Matias,MEI,315,CHA,6,45,45,fora,282,CAM,2026-09-19 16:00:00,28,0.000000,0.000000,0.000000,0.000000,0.000000,0.000000,0.097107,0.116529,0.666667,0.533333,0.148581,0.074291,0.000000,0.000000,0.000000,-0.000000,1.531814,2.297721,0.000000,0.000000,0.000000,0.000000,0.000000,0.000000,0.000386,-0.001157,0.000000,-0.000000,0.000000,-0.000000,0.000000,-0.000000,0.735503,-0.220651,0.003433,-0.003433,0.000769,-0.003074,2.793558,2.631959,2.712759,0.500000,0.500000
116034,Victor Hugo,MEI,282,CAM,5,45,45,casa,315,CHA,2026-09-19 16:00:00,28,0.076052,0.608414,0.000017,0.000087,0.000000,0.000000,0.170505,0.204606,0.666667,0.533333,1.113249,0.556624,0.000000,0.000000,0.000000,-0.000000,0.636954,0.955432,0.000000,0.000000,0.000000,0.000000,0.000000,0.000000,0.000391,-0.001172,0.000000,-0.000000,0.333333,-0.333333,0.000000,-0.000000,0.655292,-0.196588,0.004605,-0.004605,0.000788,-0.003151,2.319647,3.024941,2.672294,0.500000,0.500000
77510,Fred,MEI,282,CAM,7,95,85,casa,315,CHA,2026-09-19 16:00:00,28,0.000000,0.000000,0.000000,0.000000,0.000000,0.000000,0.156019,0.187222,1.000000,0.800000,3.192500,1.596250,0.000000,0.000000,0.000000,-0.000000,0.579217,0.868826,0.000000,0.000000,0.000000,0.000000,0.000000,0.000000,0.000386,-0.001157,0.005134,-0.015402,0.333333,-0.333333,0.000000,-0.000000,1.165672,-0.349702,0.009625,-0.009625,0.000769,-0.003078,2.740002,2.578253,2.659127,0.500000,0.500000
77777,João Schmidt,MEI,277,SAN,6,45,45,fora,364,REM,2026-09-19 18:30:00,28,0.000000,0.000000,0.000000,0.000000,0.000000,0.000000,0.131195,0.157434,1.000000,0.800000,0.036771,0.018386,0.000000,0.000000,0.000000,-0.000000,0.953150,1.429725,0.000000,0.000000,0.000000,0.000000,0.000000,0.000000,0.000387,-0.001162,0.020160,-0.060479,0.333333,-0.333333,0.000000,-0.000000,1.068235,-0.320471,0.011113,-0.011113,0.000777,-0.003107,1.675879,3.638863,2.657371,0.500000,0.500000
84735,Jorginho,MEI,262,FLA,7,95,85,casa,280,RBB,2026-09-20 18:30:00,28,0.000817,0.006532,0.142976,0.714880,0.000000,0.000000,0.170796,0.204956,0.333333,0.266667,0.489846,0.244923,0.000000,0.000000,0.000000,-0.000000,1.033890,1.550835,0.000000,0.000000,0.000000,0.000000,0.000000,0.000000,0.000391,-0.001172,0.000000,-0.000000,0.333333,-0.333333,0.000000,-0.000000,0.749706,-0.224912,0.000355,-0.000355,0.000789,-0.003156,2.425864,2.864647,2.645256,0.500000,0.500000
122660,Japa,MEI,2305,MIR,6,45,45,casa,263,BOT,2026-09-19 17:00:00,28,0.012456,0.099650,0.000000,0.000000,0.000000,0.000000,0.246689,0.296026,0.666667,0.533333,0.221926,0.110963,0.000000,0.000000,0.000000,-0.000000,1.119322,1.678983,0.000000,0.000000,0.000000,0.000000,0.000000,0.000000,0.000387,-0.001162,0.000000,-0.000000,0.000000,-0.000000,0.000000,-0.000000,0.672202,-0.201660,0.004151,-0.004151,0.000773,-0.003091,2.508891,2.735249,2.622070,0.500000,0.500000
147088,Cissé,MEI,282,CAM,6,45,45,casa,315,CHA,2026-09-19 16:00:00,28,0.002072,0.016579,0.000000,0.000000,0.000000,0.000000,0.134424,0.161309,0.000000,0.000000,1.835112,0.917556,0.000000,0.000000,0.006851,-0.000685,1.561257,2.341886,0.000000,0.000000,0.000000,0.000000,0.000000,0.000000,0.000389,-0.001168,0.000000,-0.000000,0.333333,-0.333333,0.000000,-0.000000,1.103953,-0.331186,0.004457,-0.004457,0.000782,-0.003129,2.763372,2.475428,2.619400,0.500000,0.500000
100987,Nonato,MEI,266,FLU,7,95,85,fora,264,COR,2026-09-20 16:00:00,28,0.000421,0.003371,0.000345,0.001724,0.000000,0.000000,0.112764,0.135316,0.000000,0.000000,1.770396,0.885198,0.000000,0.000000,0.000000,-0.000000,0.752731,1.129097,0.000000,0.000000,0.000000,0.000000,0.000000,0.000000,0.000387,-0.001162,0.002778,-0.008333,0.333333,-0.333333,0.000000,-0.000000,0.828331,-0.248499,0.009400,-0.009400,0.000778,-0.003113,1.550866,3.680893,2.615880,0.500000,0.500000
84674,Lucas Evangelista,MEI,275,PAL,7,95,85,fora,284,GRE,2026-09-20 11:00:00,28,0.000000,0.000000,0.000004,0.000018,0.000000,0.000000,0.102051,0.122462,0.666667,0.533333,1.259575,0.629787,0.000000,0.000000,0.450000,-0.045000,0.734332,1.101498,0.000000,0.000000,0.000000,0.000000,0.000000,0.000000,0.000390,-0.001169,0.000000,-0.000000,0.000000,-0.000000,0.000000,-0.000000,0.730804,-0.219241,0.007597,-0.007597,0.000782,-0.003129,2.110961,3.092092,2.601527,0.500000,0.500000
82463,Otávio,MEI,266,FLU,6,45,45,fora,264,COR,2026-09-20 16:00:00,28,0.000000,0.000000,0.000000,0.000000,0.000000,0.000000,0.085584,0.102701,0.333333,0.266667,0.275181,0.137590,0.000000,0.000000,0.000000,-0.000000,1.689607,2.534411,0.000000,0.000000,0.000000,0.000000,0.000000,0.000000,0.000385,-0.001156,0.038378,-0.115134,0.666667,-0.666667,0.000000,-0.000000,1.130380,-0.339114,0.015873,-0.015873,0.000766,-0.003066,1.900360,3.235037,2.567698,0.500000,0.500000
85403,Danielzinho,MEI,276,SAO,6,45,45,casa,285,INT,2026-09-19 21:00:00,28,0.000002,0.000016,0.000010,0.000048,0.000000,0.000000,0.219378,0.263253,0.000000,0.000000,0.810135,0.405067,0.000000,0.000000,0.000000,-0.000000,1.395308,2.092961,0.000000,0.000000,0.000000,0.000000,0.000000,0.000000,0.000392,-0.001175,0.000000,-0.000000,0.333333,-0.333333,0.000000,-0.000000,0.888637,-0.266591,0.006330,-0.006330,0.000790,-0.003161,2.150754,2.932059,2.541407,0.500000,0.500000
122485,Barros,MEI,267,VAS,6,45,45,casa,294,CFC,2026-09-19 20:30:00,28,0.000794,0.006351,0.000000,0.000000,0.000000,0.000000,0.138428,0.166113,0.000000,0.000000,0.920498,0.460249,0.000000,0.000000,0.000000,-0.000000,1.372857,2.059286,0.000000,0.000000,0.000000,0.000000,0.000000,0.000000,0.000390,-0.001170,0.000000,-0.000000,0.333333,-0.333333,0.000000,-0.000000,1.132088,-0.339626,0.001132,-0.001132,0.000787,-0.003149,2.013587,3.053039,2.533313,0.500000,0.500000
95541,Gustavo Cazonatti,MEI,2305,MIR,6,45,45,casa,263,BOT,2026-09-19 17:00:00,28,0.000000,0.000000,0.000000,0.000000,0.000000,0.000000,0.223513,0.268216,0.000000,0.000000,0.470652,0.235326,0.000000,0.000000,0.000000,-0.000000,1.369520,2.054280,0.000000,0.000000,0.000000,0.000000,0.000000,0.000000,0.000387,-0.001160,0.000568,-0.001705,0.000000,-0.000000,0.000000,-0.000000,0.788183,-0.236455,0.001073,-0.001073,0.000772,-0.003086,2.314344,2.717310,2.515827,0.500000,0.500000
118774,Alexsander,MEI,282,CAM,6,45,45,casa,315,CHA,2026-09-19 16:00:00,28,0.000000,0.000000,0.000000,0.000000,0.000000,0.000000,0.252935,0.303522,0.000000,0.000000,0.855411,0.427705,0.000000,0.000000,0.000000,-0.000000,1.292178,1.938267,0.000000,0.000000,0.000000,0.000000,0.000000,0.000000,0.000387,-0.001161,0.000000,-0.000000,0.000000,-0.000000,0.000000,-0.000000,0.949631,-0.284889,0.007684,-0.007684,0.000775,-0.003100,2.372661,2.658332,2.515496,0.500000,0.500000
112017,Felipinho,MEI,293,CAP,6,45,45,casa,265,BAH,2026-09-20 19:30:00,28,0.000000,0.000000,0.000000,0.000000,0.074869,0.224606,0.156019,0.187222,0.000000,0.000000,0.450000,0.225000,0.000000,0.000000,0.000000,-0.000000,1.645171,2.467757,0.000000,0.000000,0.000000,0.000000,0.000000,0.000000,0.000387,-0.001162,0.000000,-0.000000,0.333333,-0.333333,0.000000,-0.000000,0.995374,-0.298612,0.008680,-0.008680,0.000775,-0.003100,2.459698,2.533849,2.496774,0.500000,0.500000
87999,Gustavo Scarpa,MEI,282,CAM,6,45,45,casa,315,CHA,2026-09-19 16:00:00,28,0.041178,0.329423,0.001140,0.005699,0.022648,0.067943,0.247195,0.296634,0.000000,0.000000,0.115647,0.057823,0.000000,0.000000,0.136125,-0.013613,0.864092,1.296137,0.000000,0.000000,0.000000,0.000000,0.000000,0.000000,0.000389,-0.001166,0.022938,-0.068815,0.000000,-0.000000,0.000000,-0.000000,0.672162,-0.201649,0.003277,-0.003277,0.000781,-0.003125,1.762015,3.225345,2.493680,0.500000,0.500000
102255,Santiago Sosa,MEI,267,VAS,7,95,85,casa,294,CFC,2026-09-19 20:30:00,28,0.000000,0.000000,0.000000,0.000000,0.000000,0.000000,0.182881,0.219458,0.666667,0.533333,0.000000,0.000000,0.000000,0.000000,0.136125,-0.013613,1.368203,2.052304,0.000000,0.000000,0.000000,0.000000,0.000000,0.000000,0.000386,-0.001159,0.000000,-0.000000,0.000000,-0.000000,0.000000,-0.000000,1.436447,-0.430934,0.002179,-0.002179,0.000775,-0.003099,2.354112,2.598732,2.476422,0.500000,0.500000
116447,Hércules,MEI,266,FLU,6,45,45,fora,264,COR,2026-09-20 16:00:00,28,0.000084,0.000674,0.000000,0.000000,0.000000,0.000000,0.251996,0.302395,0.000000,0.000000,0.702801,0.351400,0.000000,0.000000,0.247517,-0.024752,1.425681,2.138521,0.000000,0.000000,0.000000,0.000000,0.000000,0.000000,0.000390,-0.001169,0.000000,-0.000000,0.333333,-0.333333,0.000000,-0.000000,0.529908,-0.158972,0.003192,-0.003192,0.000783,-0.003134,2.268438,2.664616,2.466527,0.500000,0.500000
78605,Gabriel,MEI,280,RBB,6,45,45,fora,262,FLA,2026-09-20 18:30:00,28,0.013083,0.104666,0.000000,0.000000,0.000000,0.000000,0.101844,0.122212,0.333333,0.266667,0.008276,0.004138,0.000000,0.000000,0.000000,-0.000000,1.399187,2.098781,0.000000,0.000000,0.000000,0.000000,0.000000,0.000000,0.000389,-0.001166,0.000000,-0.000000,0.000000,-0.000000,0.000000,-0.000000,0.793880,-0.238164,0.008158,-0.008158,0.000780,-0.003119,2.345857,2.539966,2.442911,0.500000,0.500000
126189,Tomás Pérez,MEI,282,CAM,6,45,45,casa,315,CHA,2026-09-19 16:00:00,28,0.000000,0.000000,0.000000,0.000000,0.000000,0.000000,0.157599,0.189119,0.000000,0.000000,0.256118,0.128059,0.000000,0.000000,0.000000,-0.000000,1.572797,2.359195,0.000000,0.000000,0.000000,0.000000,0.000000,0.000000,0.000389,-0.001167,0.000000,-0.000000,0.000000,-0.000000,0.000000,-0.000000,0.774062,-0.232219,0.006059,-0.006059,0.000782,-0.003129,2.433799,2.436771,2.435285,0.500000,0.500000
94067,Matheus Fernandes,MEI,280,RBB,6,45,45,fora,262,FLA,2026-09-20 18:30:00,28,0.000000,0.000000,0.041178,0.205889,0.000000,0.000000,0.087217,0.104660,0.333333,0.266667,0.053459,0.026729,0.000000,0.000000,0.003768,-0.000377,1.189724,1.784586,0.000000,0.000000,0.000000,0.000000,0.000000,0.000000,0.000387,-0.001162,0.000000,-0.000000,0.000000,-0.000000,0.000000,-0.000000,0.778124,-0.233437,0.006196,-0.006196,0.000777,-0.003110,2.144249,2.706204,2.425226,0.500000,0.500000
115986,Denilson,MEI,2305,MIR,7,95,85,casa,263,BOT,2026-09-19 17:00:00,28,0.006851,0.054808,0.000000,0.000000,0.000000,0.000000,0.148996,0.178795,0.000000,0.000000,0.566678,0.283339,0.000000,0.000000,0.000000,-0.000000,1.821151,2.731726,0.000000,0.000000,0.000000,0.000000,0.000000,0.000000,0.000390,-0.001169,0.000000,-0.000000,1.000000,-1.000000,0.000000,-0.000000,1.316283,-0.394885,0.000885,-0.000885,0.000781,-0.003126,1.848603,2.960182,2.404392,0.500000,0.500000
87742,Neto Moura,MEI,2305,MIR,6,45,45,casa,263,BOT,2026-09-19 17:00:00,28,0.000000,0.000000,0.000000,0.000000,0.000000,0.000000,0.146128,0.175353,0.333333,0.266667,0.015109,0.007554,0.000000,0.000000,0.000000,-0.000000,1.646617,2.469926,0.000000,0.000000,0.000000,0.000000,0.000000,0.000000,0.000389,-0.001167,0.023016,-0.069048,1.000000,-1.000000,0.000000,-0.000000,0.912027,-0.273608,0.009040,-0.009040,0.000782,-0.003127,1.563511,3.222238,2.392875,0.500000,0.500000
100596,Krovinovic,MEI,284,GRE,7,95,85,casa,275,PAL,2026-09-20 11:00:00,28,0.000000,0.000000,0.000000,0.000000,0.000000,0.000000,0.115567,0.138681,1.000000,0.800000,0.450000,0.225000,0.000000,0.000000,0.000000,-0.000000,1.229528,1.844291,0.000000,0.000000,0.000000,0.000000,0.000000,0.000000,0.000386,-0.001159,0.000000,-0.000000,0.000000,-0.000000,0.000000,-0.000000,0.920503,-0.276151,0.007845,-0.007845,0.000770,-0.003078,2.719739,2.019882,2.369811,0.500000,0.500000
93790,Marlon Freitas,MEI,275,PAL,7,95,85,fora,284,GRE,2026-09-20 11:00:00,28,0.000063,0.000505,0.000003,0.000014,0.000000,0.000000,0.078160,0.093792,0.666667,0.533333,0.019307,0.009654,0.000000,0.000000,0.000001,-0.000000,1.263919,1.895878,0.000000,0.000000,0.000000,0.000000,0.000000,0.000000,0.000391,-0.001172,0.000000,-0.000000,0.666667,-0.666667,0.000000,-0.000000,0.684123,-0.205237,0.004870,-0.004870,0.000785,-0.003138,1.652092,3.085811,2.368952,0.500000,0.500000
51772,Everton Ribeiro,MEI,265,BAH,6,45,45,fora,293,CAP,2026-09-20 19:30:00,28,0.000000,0.000000,0.026865,0.134325,0.000000,0.000000,0.107280,0.128736,0.333333,0.266667,0.581534,0.290767,0.000000,0.000000,0.000000,-0.000000,0.877735,1.316602,0.000000,0.000000,0.000000,0.000000,0.000000,0.000000,0.000388,-0.001165,0.000000,-0.000000,0.000000,-0.000000,0.000000,-0.000000,0.617630,-0.185289,0.002747,-0.002747,0.000775,-0.003101,1.944794,2.718792,2.331793,0.500000,0.500000
82407,Chico Kim,MEI,2305,MIR,6,45,45,casa,263,BOT,2026-09-19 17:00:00,28,0.000000,0.000000,0.000000,0.000000,0.000000,0.000000,0.201684,0.242021,0.666667,0.533333,0.974869,0.487434,0.000000,0.000000,0.000000,-0.000000,0.386719,0.580078,0.000000,0.000000,0.000000,0.000000,0.000000,0.000000,0.000387,-0.001160,0.007738,-0.023214,0.000000,-0.000000,0.000000,-0.000000,0.896612,-0.268984,0.013928,-0.013928,0.000771,-0.003084,1.532497,3.118910,2.325704,0.500000,0.500000
104519,Camilo,MEI,315,CHA,7,95,85,fora,282,CAM,2026-09-19 16:00:00,28,0.000000,0.000000,0.000000,0.000000,0.000000,0.000000,0.068090,0.081708,0.000000,0.000000,0.052441,0.026221,0.000000,0.000000,0.000000,-0.000000,1.459902,2.189853,0.000000,0.000000,0.000000,0.000000,0.000000,0.000000,0.000389,-0.001168,0.003662,-0.010985,0.666667,-0.666667,0.000000,-0.000000,1.358166,-0.407450,0.008263,-0.008263,0.000784,-0.003137,1.200113,3.351455,2.275784,0.500000,0.500000
105903,Aldo Filho,MEI,2305,MIR,5,45,45,casa,263,BOT,2026-09-19 17:00:00,28,0.000000,0.000000,0.000190,0.000948,0.000000,0.000000,0.125802,0.150963,0.000000,0.000000,0.244255,0.122128,0.000000,0.000000,0.001140,-0.000114,0.986300,1.479449,0.000000,0.000000,0.000000,0.000000,0.000000,0.000000,0.000389,-0.001168,0.000000,-0.000000,0.000000,-0.000000,0.000000,-0.000000,0.862489,-0.258747,0.001789,-0.001789,0.000781,-0.003123,1.488548,3.039001,2.263775,0.500000,0.500000
108683,Emiliano Martínez,MEI,275,PAL,6,45,45,fora,284,GRE,2026-09-20 11:00:00,28,0.000000,0.000000,0.000000,0.000000,0.000000,0.000000,0.128683,0.154419,0.000000,0.000000,0.076635,0.038318,0.000000,0.000000,0.000000,-0.000000,1.050985,1.576478,0.000000,0.000000,0.000000,0.000000,0.000000,0.000000,0.000387,-0.001161,0.000000,-0.000000,0.000000,-0.000000,0.000000,-0.000000,0.724507,-0.217352,0.006011,-0.006011,0.000771,-0.003085,1.541606,2.950187,2.245896,0.500000,0.500000
96342,Charles,MEI,264,COR,6,45,45,casa,266,FLU,2026-09-20 16:00:00,28,0.000000,0.000000,0.000000,0.000000,0.000000,0.000000,0.156019,0.187222,0.000000,0.000000,1.516375,0.758188,0.000000,0.000000,0.166375,-0.016638,1.317978,1.976967,0.000000,0.000000,0.000000,0.000000,0.000000,0.000000,0.000386,-0.001158,0.026166,-0.078498,0.333333,-0.333333,0.000000,-0.000000,0.951919,-0.285576,0.011256,-0.011256,0.000770,-0.003080,2.192839,2.265715,2.229277,0.500000,0.500000
99267,Pochettino,MEI,287,VIT,6,45,45,casa,283,CRU,2026-09-20 16:00:00,28,0.000000,0.000000,0.000000,0.000000,0.074869,0.224606,0.233469,0.280163,0.333333,0.266667,0.158773,0.079386,0.000000,0.000000,0.000000,-0.000000,1.015297,1.522945,0.000000,0.000000,0.000000,0.000000,0.000000,0.000000,0.000387,-0.001162,0.000000,-0.000000,0.000000,-0.000000,0.000000,-0.000000,0.722073,-0.216622,0.005124,-0.005124,0.000775,-0.003098,2.147761,2.227070,2.187416,0.500000,0.500000
81091,Jair,MEI,267,VAS,2,45,45,casa,294,CFC,2026-09-19 20:30:00,28,0.000000,0.000000,0.000000,0.000000,0.000000,0.000000,0.124735,0.149682,0.000000,0.000000,0.722250,0.361125,0.000000,0.000000,0.000000,-0.000000,1.474703,2.212055,0.000000,0.000000,0.000000,0.000000,0.000000,0.000000,0.000386,-0.001158,0.016601,-0.049802,0.000000,-0.000000,0.000000,-0.000000,0.742049,-0.222615,0.002758,-0.002758,0.000769,-0.003075,2.443455,1.919088,2.181271,0.500000,0.500000
108162,Nardoni,MEI,284,GRE,6,45,45,casa,275,PAL,2026-09-20 11:00:00,28,0.000190,0.001517,0.000000,0.000000,0.000000,0.000000,0.132243,0.158692,0.000000,0.000000,1.767657,0.883828,0.000000,0.000000,0.002072,-0.000207,0.717353,1.076030,0.000000,0.000000,0.000000,0.000000,0.000000,0.000000,0.000390,-0.001169,0.002778,-0.008333,0.000000,-0.000000,0.000000,-0.000000,0.817643,-0.245293,0.006938,-0.006938,0.000781,-0.003124,1.855003,2.433257,2.144130,0.500000,0.500000
72460,Bernard,MEI,282,CAM,7,95,85,casa,315,CHA,2026-09-19 16:00:00,28,0.041209,0.329675,0.021380,0.106898,0.000000,0.000000,0.097408,0.116889,0.333333,0.266667,0.533511,0.266756,0.000000,0.000000,0.006048,-0.000605,0.646915,0.970372,0.000000,0.000000,0.000000,0.000000,0.000000,0.000000,0.000391,-0.001174,0.000000,-0.000000,0.000000,-0.000000,0.000000,-0.000000,0.842461,-0.252738,0.004621,-0.004621,0.000789,-0.003157,1.794961,2.442408,2.118684,0.500000,0.500000
104693,Newton,MEI,276,SAO,6,45,45,casa,285,INT,2026-09-19 21:00:00,28,0.000000,0.000000,0.000000,0.000000,0.000000,0.000000,0.137842,0.165410,0.333333,0.266667,0.766358,0.383179,0.000000,0.000000,0.000000,-0.000000,0.842192,1.263289,0.000000,0.000000,0.000000,0.000000,0.000000,0.000000,0.000388,-0.001163,0.000000,-0.000000,0.000000,-0.000000,0.000000,-0.000000,0.834261,-0.250278,0.007111,-0.007111,0.000775,-0.003101,1.816891,2.387410,2.102150,0.500000,0.500000
104036,Labyad,MEI,264,COR,5,45,45,casa,266,FLU,2026-09-20 16:00:00,28,0.041178,0.329423,0.148581,0.742906,0.000000,0.000000,0.124735,0.149682,0.000000,0.000000,0.611306,0.305653,0.000000,0.000000,0.000000,-0.000000,0.243056,0.364583,0.000000,0.000000,0.000000,0.000000,0.000000,0.000000,0.000388,-0.001164,0.000000,-0.000000,0.000000,-0.000000,0.000000,-0.000000,0.863940,-0.259182,0.001044,-0.001044,0.000777,-0.003108,1.627749,2.555111,2.091430,0.500000,0.500000
69140,Allan,MEI,263,BOT,6,45,45,fora,2305,MIR,2026-09-19 17:00:00,28,0.000000,0.000000,0.000000,0.000000,0.000000,0.000000,0.138818,0.166582,0.333333,0.266667,0.258406,0.129203,0.000000,0.000000,0.000000,-0.000000,1.013170,1.519755,0.000000,0.000000,0.000000,0.000000,0.000000,0.000000,0.000387,-0.001160,0.000000,-0.000000,0.000000,-0.000000,0.000000,-0.000000,0.646335,-0.193901,0.005900,-0.005900,0.000771,-0.003084,1.878163,2.266994,2.072578,0.500000,0.500000
141995,Dieguinho,MEI,264,COR,6,45,45,casa,266,FLU,2026-09-20 16:00:00,28,0.001140,0.009119,0.000000,0.000000,0.000000,0.000000,0.200472,0.240566,0.000000,0.000000,0.171651,0.085825,0.000000,0.000000,0.000232,-0.000023,0.964534,1.446801,0.000000,0.000000,0.000000,0.000000,0.000000,0.000000,0.000389,-0.001168,0.007778,-0.023333,0.000000,-0.000000,0.000000,-0.000000,0.615586,-0.184676,0.005060,-0.005060,0.000781,-0.003124,1.564927,2.514639,2.039783,0.500000,0.500000
130414,Robert,MEI,315,CHA,5,45,45,fora,282,CAM,2026-09-19 16:00:00,28,0.000000,0.000000,0.000000,0.000000,0.000000,0.000000,0.095475,0.114570,0.000000,0.000000,0.000000,0.000000,0.000000,0.000000,0.000000,-0.000000,1.342993,2.014489,0.000000,0.000000,0.000000,0.000000,0.000000,0.000000,0.000384,-0.001151,0.035793,-0.107379,0.000000,-0.000000,0.000000,-0.000000,0.664956,-0.199487,0.008665,-0.008665,0.000762,-0.003046,1.809331,2.234493,2.021912,0.500000,0.500000
109987,Medina,MEI,263,BOT,7,95,85,fora,2305,MIR,2026-09-19 17:00:00,28,0.001140,0.009119,0.000000,0.000000,0.000000,0.000000,0.082328,0.098793,0.000000,0.000000,0.353256,0.176628,0.000000,0.000000,0.000000,-0.000000,0.833409,1.250113,0.000000,0.000000,0.000000,0.000000,0.000000,0.000000,0.000388,-0.001164,0.000000,-0.000000,0.000000,-0.000000,0.000000,-0.000000,0.642911,-0.192873,0.004707,-0.004707,0.000776,-0.003103,1.332806,2.635175,1.983990,0.500000,0.500000
132274,Ignacio Sosa,MEI,280,RBB,6,45,45,fora,262,FLA,2026-09-20 18:30:00,28,0.000000,0.000000,0.000000,0.000000,0.000000,0.000000,0.062666,0.075199,0.000000,0.000000,0.913749,0.456875,0.000000,0.000000,0.000000,-0.000000,1.012520,1.518780,0.000000,0.000000,0.000000,0.000000,0.000000,0.000000,0.000388,-0.001163,0.000000,-0.000000,0.333333,-0.333333,0.000000,-0.000000,0.820577,-0.246173,0.007014,-0.007014,0.000773,-0.003093,1.460077,2.448481,1.954279,0.500000,0.500000
150180,Ramon Rique,MEI,267,VAS,6,45,45,casa,294,CFC,2026-09-19 20:30:00,28,0.000000,0.000000,0.270148,1.350739,0.000000,0.000000,0.112258,0.134710,0.000000,0.000000,0.000000,0.000000,0.000000,0.000000,0.000000,-0.000000,0.357646,0.536469,0.000000,0.000000,0.000000,0.000000,0.000000,0.000000,0.000387,-0.001161,0.000000,-0.000000,0.000000,-0.000000,0.000000,-0.000000,0.922628,-0.276788,0.005559,-0.005559,0.000771,-0.003082,1.735328,2.172758,1.954043,0.500000,0.500000
142279,Nuno Moreira,MEI,267,VAS,6,45,45,casa,294,CFC,2026-09-19 20:30:00,28,0.000627,0.005015,0.012456,0.062281,0.000000,0.000000,0.423330,0.507996,0.000000,0.000000,0.102276,0.051138,0.000000,0.000000,0.002072,-0.000207,0.944362,1.416544,0.000000,0.000000,0.000000,0.000000,0.000000,0.000000,0.000390,-0.001170,0.000000,-0.000000,0.333333,-0.333333,0.000000,-0.000000,0.808507,-0.242552,0.010229,-0.010229,0.000783,-0.003133,1.452349,2.405287,1.928818,0.500000,0.500000
130279,Lukas Zuccarello,MEI,267,VAS,6,45,45,casa,294,CFC,2026-09-19 20:30:00,28,0.000000,0.000000,0.000000,0.000000,0.000000,0.000000,0.105910,0.127092,1.000000,0.800000,1.000000,0.500000,0.000000,0.000000,0.000000,-0.000000,0.818392,1.227589,0.000000,0.000000,0.000000,0.000000,0.000000,0.000000,0.000385,-0.001155,0.000887,-0.002660,0.000000,-0.000000,0.000000,-0.000000,0.630328,-0.189098,0.007654,-0.007654,0.000763,-0.003053,2.451060,1.368745,1.909902,0.500000,0.500000
126182,Paulinho,MEI,285,INT,6,45,45,fora,276,SAO,2026-09-19 21:00:00,28,0.000000,0.000000,0.000000,0.000000,0.000000,0.000000,0.074338,0.089206,0.000000,0.000000,1.038589,0.519294,0.000000,0.000000,0.000010,-0.000001,1.072738,1.609107,0.000000,0.000000,0.000000,0.000000,0.000000,0.000000,0.000389,-0.001168,0.000000,-0.000000,0.666667,-0.666667,0.000000,-0.000000,0.925540,-0.277662,0.007303,-0.007303,0.000780,-0.003120,1.261688,2.527541,1.894614,0.500000,0.500000
130906,Riquelme,MEI,293,CAP,6,45,45,casa,265,BAH,2026-09-20 19:30:00,28,0.000000,0.000000,0.000000,0.000000,0.000000,0.000000,0.290451,0.348541,0.000000,0.000000,0.000000,0.000000,0.000000,0.000000,0.000000,-0.000000,0.966205,1.449307,0.000000,0.000000,0.000000,0.000000,0.000000,0.000000,0.000386,-0.001159,0.000000,-0.000000,0.333333,-0.333333,0.000000,-0.000000,0.778712,-0.233614,0.008793,-0.008793,0.000768,-0.003074,1.217876,2.561460,1.889668,0.500000,0.500000
122394,Gustavinho,MEI,280,RBB,6,45,45,fora,262,FLA,2026-09-20 18:30:00,28,0.000032,0.000252,0.142976,0.714880,0.000000,0.000000,0.078514,0.094216,0.000000,0.000000,0.248879,0.124439,0.000000,0.000000,0.000000,-0.000000,0.568848,0.853272,0.000000,0.000000,0.000000,0.000000,0.000000,0.000000,0.000389,-0.001166,0.000000,-0.000000,0.000000,-0.000000,0.000000,-0.000000,0.484845,-0.145453,0.004630,-0.004630,0.000777,-0.003107,1.632704,2.139164,1.885934,0.500000,0.500000
62977,Ganso,MEI,266,FLU,7,95,85,fora,264,COR,2026-09-20 16:00:00,28,0.000000,0.000000,0.000000,0.000000,0.000345,0.001034,0.111594,0.133913,0.000000,0.000000,0.582409,0.291205,0.000000,0.000000,0.074869,-0.007487,1.025852,1.538778,0.000000,0.000000,0.000000,0.000000,0.000000,0.000000,0.000389,-0.001166,0.000000,-0.000000,0.333333,-0.333333,0.000000,-0.000000,0.609146,-0.182744,0.002357,-0.002357,0.000777,-0.003110,1.434733,2.320559,1.877646,0.500000,0.500000
141160,Zé Lucas,MEI,283,CRU,6,45,45,fora,287,VIT,2026-09-20 16:00:00,28,0.000000,0.000000,0.000000,0.000000,0.000000,0.000000,0.095475,0.114570,0.333333,0.266667,0.964742,0.482371,0.000000,0.000000,0.000000,-0.000000,0.952629,1.428943,0.000000,0.000000,0.000000,0.000000,0.000000,0.000000,0.000385,-0.001155,0.015724,-0.047173,0.000000,-0.000000,0.000000,-0.000000,0.713258,-0.213977,0.004312,-0.004312,0.000766,-0.003062,2.022871,1.691779,1.857325,0.500000,0.500000
124552,Lescano,MEI,267,VAS,2,45,45,casa,294,CFC,2026-09-19 20:30:00,28,0.000000,0.000000,0.000000,0.000000,0.000000,0.000000,0.167490,0.200988,0.000000,0.000000,0.000000,0.000000,0.000000,0.000000,0.000000,-0.000000,1.365447,2.048171,0.000000,0.000000,0.000000,0.000000,0.000000,0.000000,0.000385,-0.001155,0.000000,-0.000000,0.000000,-0.000000,0.000000,-0.000000,0.697148,-0.209144,0.007208,-0.007208,0.000767,-0.003070,2.028581,1.583132,1.805856,0.500000,0.500000
110605,Vinícius Balieiro,MEI,315,CHA,5,45,45,fora,282,CAM,2026-09-19 16:00:00,28,0.000000,0.000000,0.000000,0.000000,0.000000,0.000000,0.093647,0.112376,0.000000,0.000000,0.421988,0.210994,0.000000,0.000000,0.000000,-0.000000,1.201099,1.801649,0.000000,0.000000,0.000000,0.000000,0.000000,0.000000,0.000385,-0.001154,0.006932,-0.020796,0.000000,-0.000000,0.000000,-0.000000,0.640257,-0.192077,0.006810,-0.006810,0.000763,-0.003051,1.901130,1.696667,1.798898,0.500000,0.500000
88479,Walace,MEI,287,VIT,5,45,45,casa,283,CRU,2026-09-20 16:00:00,28,0.000000,0.000000,0.000000,0.000000,0.000000,0.000000,0.398097,0.477716,0.666667,0.533333,0.247500,0.123750,0.000000,0.000000,0.000000,-0.000000,0.624495,0.936743,0.000000,0.000000,0.000000,0.000000,0.000000,0.000000,0.000387,-0.001160,0.000000,-0.000000,0.000000,-0.000000,0.000000,-0.000000,0.852224,-0.255667,0.008044,-0.008044,0.000770,-0.003079,1.803593,1.761581,1.782587,0.500000,0.500000
98224,Jáderson,MEI,364,REM,6,45,45,casa,277,SAN,2026-09-19 18:30:00,28,0.000000,0.000000,0.000000,0.000000,0.000000,0.000000,0.140805,0.168967,0.000000,0.000000,0.262303,0.131152,0.000000,0.000000,0.000000,-0.000000,0.698252,1.047378,0.000000,0.000000,0.000000,0.000000,0.000000,0.000000,0.000388,-0.001164,0.000000,-0.000000,0.000000,-0.000000,0.000000,-0.000000,0.612275,-0.183683,0.003689,-0.003689,0.000773,-0.003091,1.155870,2.383678,1.769774,0.500000,0.500000
106323,Caio Alexandre,MEI,265,BAH,6,45,45,fora,293,CAP,2026-09-20 19:30:00,28,0.000000,0.000000,0.000000,0.000000,0.000000,0.000000,0.070591,0.084710,0.000000,0.000000,0.075668,0.037834,0.000000,0.000000,0.000000,-0.000000,0.943472,1.415208,0.000000,0.000000,0.000000,0.000000,0.000000,0.000000,0.000388,-0.001164,0.000000,-0.000000,0.000000,-0.000000,0.000000,-0.000000,0.603339,-0.181002,0.010407,-0.010407,0.000774,-0.003096,1.342083,2.182360,1.762221,0.500000,0.500000
103295,Eric Ramires,MEI,280,RBB,7,95,85,fora,262,FLA,2026-09-20 18:30:00,28,0.000000,0.000000,0.000000,0.000000,0.000000,0.000000,0.049914,0.059896,0.333333,0.266667,0.841025,0.420512,0.000000,0.000000,0.000000,-0.000000,0.572368,0.858552,0.000000,0.000000,0.000000,0.000000,0.000000,0.000000,0.000388,-0.001165,0.000000,-0.000000,0.000000,-0.000000,0.000000,-0.000000,0.594240,-0.178272,0.006684,-0.006684,0.000775,-0.003101,1.416406,2.078011,1.747209,0.500000,0.500000
124961,Castaño,MEI,282,CAM,7,95,85,casa,315,CHA,2026-09-19 16:00:00,28,0.000000,0.000000,0.000000,0.000000,0.000000,0.000000,0.293789,0.352547,0.000000,0.000000,0.000000,0.000000,0.000000,0.000000,0.000000,-0.000000,1.055411,1.583117,0.000000,0.000000,0.000000,0.000000,0.000000,0.000000,0.000386,-0.001158,0.001190,-0.003571,0.333333,-0.333333,0.000000,-0.000000,0.899783,-0.269935,0.008341,-0.008341,0.000767,-0.003069,1.316256,2.119464,1.717860,0.500000,0.500000
151600,Miguel Carvalho,MEI,315,CHA,6,45,45,fora,282,CAM,2026-09-19 16:00:00,28,0.000000,0.000000,0.000000,0.000000,0.000000,0.000000,0.090889,0.109067,0.666667,0.533333,0.247500,0.123750,0.000000,0.000000,0.000000,-0.000000,0.470521,0.705782,0.000000,0.000000,0.000000,0.000000,0.000000,0.000000,0.000384,-0.001153,0.014356,-0.043068,0.000000,-0.000000,0.000000,-0.000000,0.807784,-0.242335,0.007525,-0.007525,0.000762,-0.003049,1.174803,2.254405,1.714604,0.500000,0.500000
107173,Michel Araújo,MEI,265,BAH,6,45,45,fora,293,CAP,2026-09-20 19:30:00,28,0.000000,0.000000,0.136125,0.680625,0.000000,0.000000,0.065262,0.078315,0.000000,0.000000,0.088903,0.044452,0.000000,0.000000,0.003317,-0.000332,0.458072,0.687108,0.000000,0.000000,0.000000,0.000000,0.000000,0.000000,0.000389,-0.001166,0.000000,-0.000000,0.333333,-0.333333,0.000000,-0.000000,0.842068,-0.252620,0.002039,-0.002039,0.000776,-0.003103,0.897906,2.492931,1.695418,0.500000,0.500000
123016,David Braga,MEI,364,REM,6,45,45,casa,277,SAN,2026-09-19 18:30:00,28,0.000000,0.000000,0.000000,0.000000,0.000000,0.000000,0.165270,0.198324,0.333333,0.266667,0.162057,0.081028,0.000000,0.000000,0.000000,-0.000000,0.845229,1.267844,0.000000,0.000000,0.000000,0.000000,0.000000,0.000000,0.000388,-0.001164,0.000000,-0.000000,0.000000,-0.000000,0.000000,-0.000000,0.703355,-0.211006,0.008212,-0.008212,0.000773,-0.003092,1.590388,1.710452,1.650420,0.500000,0.500000
63289,Edenílson,MEI,263,BOT,6,45,45,fora,2305,MIR,2026-09-19 17:00:00,28,0.007593,0.060747,0.002699,0.013497,0.136125,0.408375,0.049914,0.059896,0.333333,0.266667,1.041217,0.520608,0.000000,0.000000,0.003768,-0.000377,0.422786,0.634179,0.000000,0.000000,0.000000,0.000000,0.000000,0.000000,0.000388,-0.001165,0.000000,-0.000000,0.333333,-0.333333,0.000000,-0.000000,0.530389,-0.159117,0.006348,-0.006348,0.000775,-0.003102,1.460528,1.800399,1.630463,0.500000,0.500000
126120,Marcelinho,MEI,280,RBB,6,45,45,fora,262,FLA,2026-09-20 18:30:00,28,0.000000,0.000000,0.091506,0.457531,0.000000,0.000000,0.100245,0.120294,0.000000,0.000000,0.772369,0.386184,0.000000,0.000000,0.383625,-0.038363,0.451796,0.677694,0.000000,0.000000,0.000000,0.000000,0.000000,0.000000,0.000385,-0.001154,0.003116,-0.009349,0.000000,-0.000000,0.000000,-0.000000,0.782934,-0.234880,0.008956,-0.008956,0.000762,-0.003050,1.345952,1.850654,1.598303,0.500000,0.500000
148215,Djhordney,MEI,276,SAO,7,95,85,casa,285,INT,2026-09-19 21:00:00,28,0.000000,0.000000,0.000000,0.000000,0.000000,0.000000,0.145630,0.174756,0.000000,0.000000,0.586125,0.293063,0.000000,0.000000,0.000000,-0.000000,1.066071,1.599106,0.000000,0.000000,0.000000,0.000000,0.000000,0.000000,0.000386,-0.001159,0.000000,-0.000000,0.333333,-0.333333,0.000000,-0.000000,1.093946,-0.328184,0.012332,-0.012332,0.000767,-0.003069,1.388847,1.709876,1.549361,0.500000,0.500000
146991,Rhuan Gabriel,MEI,283,CRU,6,45,45,fora,287,VIT,2026-09-20 16:00:00,28,0.000000,0.000000,0.000000,0.000000,0.000000,0.000000,0.066751,0.080102,0.000000,0.000000,3.000000,1.500000,0.000000,0.000000,0.000000,-0.000000,0.273090,0.409635,0.000000,0.000000,0.000000,0.000000,0.000000,0.000000,0.000384,-0.001151,0.003482,-0.010446,0.000000,-0.000000,0.000000,-0.000000,0.876661,-0.262998,0.009137,-0.009137,0.000757,-0.003028,1.702976,1.370084,1.536530,0.500000,0.500000
89883,Dodi,MEI,284,GRE,5,45,45,casa,275,PAL,2026-09-20 11:00:00,28,0.000000,0.000000,0.000000,0.000000,0.000000,0.000000,0.137228,0.164673,0.333333,0.266667,0.015224,0.007612,0.000000,0.000000,0.000000,-0.000000,0.612869,0.919304,0.000000,0.000000,0.000000,0.000000,0.000000,0.000000,0.000387,-0.001161,0.000000,-0.000000,0.000000,-0.000000,0.000000,-0.000000,0.839137,-0.251741,0.005616,-0.005616,0.000768,-0.003072,1.096665,1.954804,1.525735,0.500000,0.500000
130620,Edenílson,MEI,287,VIT,2,45,45,casa,283,CRU,2026-09-20 16:00:00,28,0.000000,0.000000,0.000000,0.000000,0.000000,0.000000,0.140805,0.168967,0.000000,0.000000,0.002533,0.001266,0.000000,0.000000,0.000000,-0.000000,1.086990,1.630486,0.000000,0.000000,0.000000,0.000000,0.000000,0.000000,0.000388,-0.001164,0.000000,-0.000000,0.333333,-0.333333,0.000000,-0.000000,0.647258,-0.194177,0.005171,-0.005171,0.000774,-0.003094,1.263778,1.773787,1.518783,0.500000,0.500000
141615,Pedro Ferreira,MEI,276,SAO,6,45,45,casa,285,INT,2026-09-19 21:00:00,28,0.000000,0.000000,0.000000,0.000000,0.000000,0.000000,0.155358,0.186430,0.000000,0.000000,1.247500,0.623750,0.000000,0.000000,0.000000,-0.000000,0.511882,0.767823,0.000000,0.000000,0.000000,0.000000,0.000000,0.000000,0.000386,-0.001157,0.000000,-0.000000,0.000000,-0.000000,0.000000,-0.000000,0.782546,-0.234764,0.006726,-0.006726,0.000764,-0.003057,1.332300,1.703618,1.517959,0.500000,0.500000
125746,Dudu,MEI,293,CAP,2,45,45,casa,265,BAH,2026-09-20 19:30:00,28,0.000627,0.005015,0.000000,0.000000,0.000000,0.000000,0.102267,0.122721,0.000000,0.000000,0.003356,0.001678,0.000000,0.000000,0.000000,-0.000000,0.921709,1.382563,0.000000,0.000000,0.000000,0.000000,0.000000,0.000000,0.000389,-0.001168,0.000000,-0.000000,0.000000,-0.000000,0.000000,-0.000000,0.532946,-0.159884,0.006149,-0.006149,0.000780,-0.003119,1.341656,1.665777,1.503717,0.500000,0.500000
142260,Bernardo Zortea,MEI,284,GRE,6,45,45,casa,275,PAL,2026-09-20 11:00:00,28,0.000000,0.000000,0.000000,0.000000,0.000000,0.000000,0.158675,0.190410,0.666667,0.533333,0.450000,0.225000,0.000000,0.000000,0.000000,-0.000000,0.459803,0.689705,0.000000,0.000000,0.000000,0.000000,0.000000,0.000000,0.000386,-0.001158,0.004286,-0.012857,0.000000,-0.000000,0.000000,-0.000000,0.873828,-0.262148,0.000835,-0.000835,0.000767,-0.003069,1.358381,1.639709,1.499045,0.500000,0.500000
127970,Felipe Chiqueti,MEI,293,CAP,6,45,45,casa,265,BAH,2026-09-20 19:30:00,28,0.000000,0.000000,0.000000,0.000000,0.000000,0.000000,0.149503,0.179403,0.000000,0.000000,0.678013,0.339006,0.000000,0.000000,0.000000,-0.000000,0.767332,1.150998,0.000000,0.000000,0.000000,0.000000,0.000000,0.000000,0.000387,-0.001161,0.000000,-0.000000,0.000000,-0.000000,0.000000,-0.000000,0.963027,-0.288908,0.007914,-0.007914,0.000770,-0.003080,1.368345,1.618098,1.493222,0.500000,0.500000
102909,Luan,MEI,276,SAO,6,45,45,casa,285,INT,2026-09-19 21:00:00,28,0.000000,0.000000,0.000000,0.000000,0.000000,0.000000,0.132915,0.159498,0.000000,0.000000,0.000000,0.000000,0.000000,0.000000,0.000000,-0.000000,0.908601,1.362902,0.000000,0.000000,0.000000,0.000000,0.000000,0.000000,0.000387,-0.001161,0.000000,-0.000000,0.333333,-0.333333,0.000000,-0.000000,0.701373,-0.210412,0.005689,-0.005689,0.000769,-0.003077,0.968729,1.958857,1.463793,0.500000,0.500000
85465,Alex Santana,MEI,264,COR,6,45,45,casa,266,FLU,2026-09-20 16:00:00,28,0.000000,0.000000,0.000000,0.000000,0.000000,0.000000,0.186059,0.223271,1.000000,0.800000,0.000000,0.000000,0.000000,0.000000,0.000000,-0.000000,0.532094,0.798141,0.000000,0.000000,0.000000,0.000000,0.000000,0.000000,0.000385,-0.001155,0.000887,-0.002660,0.000000,-0.000000,0.000000,-0.000000,0.610675,-0.183202,0.007784,-0.007784,0.000762,-0.003048,1.623562,1.280786,1.452174,0.500000,0.500000
112939,Catarozzi,MEI,364,REM,6,45,45,casa,277,SAN,2026-09-19 18:30:00,28,0.000000,0.000000,0.000000,0.000000,0.000000,0.000000,0.158301,0.189961,0.000000,0.000000,0.000000,0.000000,0.000000,0.000000,0.000000,-0.000000,1.003222,1.504832,0.000000,0.000000,0.000000,0.000000,0.000000,0.000000,0.000385,-0.001155,0.000887,-0.002660,0.000000,-0.000000,0.000000,-0.000000,1.179518,-0.353855,0.007758,-0.007758,0.000762,-0.003049,1.326316,1.548213,1.437265,0.500000,0.500000
115914,Evertton Araújo,MEI,262,FLA,5,45,45,casa,280,RBB,2026-09-20 18:30:00,28,0.000000,0.000000,0.001140,0.005699,0.001140,0.003419,0.108826,0.130591,0.333333,0.266667,0.004946,0.002473,0.000000,0.000000,0.000000,-0.000000,0.945972,1.418958,0.000000,0.000000,0.000000,0.000000,0.000000,0.000000,0.000390,-0.001170,0.000000,-0.000000,0.000000,-0.000000,0.000000,-0.000000,0.565399,-0.169620,0.004372,-0.004372,0.000781,-0.003125,1.649522,1.221276,1.435399,0.500000,0.500000
130889,Riquelme,MEI,284,GRE,6,45,45,casa,275,PAL,2026-09-20 11:00:00,28,0.000000,0.000000,0.000000,0.000000,0.000000,0.000000,0.109205,0.131046,0.000000,0.000000,0.900000,0.450000,0.000000,0.000000,0.000000,-0.000000,0.553602,0.830403,0.000000,0.000000,0.000000,0.000000,0.000000,0.000000,0.000385,-0.001156,0.000000,-0.000000,0.000000,-0.000000,0.000000,-0.000000,0.943272,-0.282981,0.008855,-0.008855,0.000758,-0.003030,1.115426,1.728492,1.421959,0.500000,0.500000
86777,Danilo Barbosa,MEI,284,GRE,6,45,45,casa,275,PAL,2026-09-20 11:00:00,28,0.000000,0.000000,0.000000,0.000000,0.000000,0.000000,0.132842,0.159411,0.000000,0.000000,0.697500,0.348750,0.000000,0.000000,0.000000,-0.000000,0.339147,0.508720,0.000000,0.000000,0.000000,0.000000,0.000000,0.000000,0.000386,-0.001157,0.000000,-0.000000,0.000000,-0.000000,0.000000,-0.000000,0.697023,-0.209107,0.008693,-0.008693,0.000764,-0.003057,0.794867,2.044983,1.419925,0.500000,0.500000
128433,Johan Rojas,MEI,267,VAS,6,45,45,casa,294,CFC,2026-09-19 20:30:00,28,0.000000,0.000000,0.001140,0.005699,0.006851,0.020553,0.266546,0.319855,0.666667,0.533333,0.017364,0.008682,0.000000,0.000000,0.383970,-0.038397,0.451585,0.677378,0.000000,0.000000,0.000000,0.000000,0.000000,0.000000,0.000389,-0.001168,0.000000,-0.000000,0.000000,-0.000000,0.000000,-0.000000,0.809047,-0.242714,0.006151,-0.006151,0.000781,-0.003123,1.273947,1.565811,1.419879,0.500000,0.500000
90370,Matheus Pereira,MEI,264,COR,6,45,45,casa,266,FLU,2026-09-20 16:00:00,28,0.000000,0.000000,0.000000,0.000000,0.000000,0.000000,0.108826,0.130591,0.000000,0.000000,0.272278,0.136139,0.000000,0.000000,0.000000,-0.000000,0.672656,1.008984,0.000000,0.000000,0.000000,0.000000,0.000000,0.000000,0.000390,-0.001170,0.000000,-0.000000,0.000000,-0.000000,0.000000,-0.000000,0.485096,-0.145529,0.005420,-0.005420,0.000781,-0.003122,1.120473,1.708062,1.414267,0.500000,0.500000
80061,Saúl,MEI,262,FLA,2,45,45,casa,280,RBB,2026-09-20 18:30:00,28,0.000000,0.000000,0.027681,0.138403,0.000000,0.000000,0.121105,0.145326,0.000000,0.000000,0.000000,0.000000,0.000000,0.000000,0.000000,-0.000000,0.571336,0.857004,0.000000,0.000000,0.000000,0.000000,0.000000,0.000000,0.000387,-0.001161,0.000000,-0.000000,0.000000,-0.000000,0.000000,-0.000000,0.627475,-0.188243,0.005754,-0.005754,0.000769,-0.003077,0.942499,1.885652,1.414075,0.500000,0.500000
146410,Marquinhos,MEI,263,BOT,6,45,45,fora,2305,MIR,2026-09-19 17:00:00,28,0.000000,0.000000,0.000000,0.000000,0.000000,0.000000,0.090491,0.108589,0.000000,0.000000,0.000000,0.000000,0.000000,0.000000,0.000000,-0.000000,1.119161,1.678742,0.000000,0.000000,0.000000,0.000000,0.000000,0.000000,0.000384,-0.001151,0.002661,-0.007984,0.000000,-0.000000,0.000000,-0.000000,0.547037,-0.164111,0.009451,-0.009451,0.000754,-0.003016,1.601618,1.223352,1.412485,0.500000,0.500000
107203,Max,MEI,315,CHA,5,45,45,fora,282,CAM,2026-09-19 16:00:00,28,0.000000,0.000000,0.000000,0.000000,0.000000,0.000000,0.111808,0.134170,0.500000,0.400000,0.450000,0.225000,0.000000,0.000000,0.000000,-0.000000,0.508354,0.762531,0.000000,0.000000,0.000000,0.000000,0.000000,0.000000,0.000384,-0.001152,0.008069,-0.024207,0.000000,-0.000000,0.000000,-0.000000,0.910346,-0.273104,0.009552,-0.009552,0.000760,-0.003040,1.210647,1.612111,1.411379,0.500000,0.500000
147546,Roger,MEI,284,GRE,6,45,45,casa,275,PAL,2026-09-20 11:00:00,28,0.000000,0.000000,0.000000,0.000000,0.000000,0.000000,0.129110,0.154932,0.000000,0.000000,0.000000,0.000000,0.000000,0.000000,0.000000,-0.000000,0.681698,1.022547,0.000000,0.000000,0.000000,0.000000,0.000000,0.000000,0.000385,-0.001156,0.002047,-0.006140,0.000000,-0.000000,0.000000,-0.000000,0.758360,-0.227508,0.007563,-0.007563,0.000764,-0.003056,0.932055,1.873513,1.402784,0.500000,0.500000
79701,Lucas Silva,MEI,283,CRU,6,45,45,fora,287,VIT,2026-09-20 16:00:00,28,0.000000,0.000000,0.000000,0.000000,0.000000,0.000000,0.053230,0.063875,0.000000,0.000000,0.137610,0.068805,0.000000,0.000000,0.000000,-0.000000,0.647510,0.971265,0.000000,0.000000,0.000000,0.000000,0.000000,0.000000,0.000388,-0.001165,0.000000,-0.000000,0.000000,-0.000000,0.000000,-0.000000,0.545785,-0.163735,0.005588,-0.005588,0.000774,-0.003096,0.930361,1.855675,1.393018,0.500000,0.500000
39656,Alan Franco,MEI,282,CAM,6,45,45,casa,315,CHA,2026-09-19 16:00:00,28,0.000000,0.000000,0.000190,0.000948,0.000000,0.000000,0.192719,0.231263,0.000000,0.000000,0.607559,0.303780,0.000000,0.000000,0.136229,-0.013623,0.797679,1.196518,0.000000,0.000000,0.000000,0.000000,0.000000,0.000000,0.000391,-0.001172,0.000000,-0.000000,0.333333,-0.333333,0.000000,-0.000000,0.730513,-0.219154,0.007603,-0.007603,0.000784,-0.003135,1.154488,1.547720,1.351104,0.500000,0.500000
109461,Calebe,MEI,285,INT,6,45,45,fora,276,SAO,2026-09-19 21:00:00,28,0.000000,0.000000,0.000000,0.000000,0.000000,0.000000,0.088526,0.106231,0.333333,0.266667,1.247500,0.623750,0.000000,0.000000,0.000000,-0.000000,0.414185,0.621277,0.000000,0.000000,0.000000,0.000000,0.000000,0.000000,0.000384,-0.001153,0.019277,-0.057831,0.000000,-0.000000,0.000000,-0.000000,0.660897,-0.198269,0.008236,-0.008236,0.000758,-0.003033,1.349403,1.339191,1.344297,0.500000,0.500000
146623,Luis Pacheco,MEI,275,PAL,6,45,45,fora,284,GRE,2026-09-20 11:00:00,28,0.000000,0.000000,0.000000,0.000000,0.000000,0.000000,0.089595,0.107514,0.333333,0.266667,0.000000,0.000000,0.000000,0.000000,0.000000,-0.000000,1.166495,1.749743,0.000000,0.000000,0.000000,0.000000,0.000000,0.000000,0.000384,-0.001153,0.003554,-0.010662,0.666667,-0.666667,0.000000,-0.000000,0.677553,-0.203266,0.008103,-0.008103,0.000757,-0.003028,1.231045,1.444978,1.338011,0.500000,0.500000
94154,Maycon,MEI,282,CAM,7,95,85,casa,315,CHA,2026-09-19 16:00:00,28,0.016224,0.129795,0.000000,0.000000,0.000000,0.000000,0.158302,0.189963,0.000000,0.000000,0.148743,0.074371,0.000000,0.000000,0.000000,-0.000000,0.761868,1.142802,0.000000,0.000000,0.000000,0.000000,0.000000,0.000000,0.000389,-0.001168,0.000000,-0.000000,0.000000,-0.000000,0.000000,-0.000000,0.621213,-0.186364,0.006701,-0.006701,0.000778,-0.003111,1.339588,1.315894,1.327741,0.500000,0.500000
141536,Yuri Alves,MEI,280,RBB,6,45,45,fora,262,FLA,2026-09-20 18:30:00,28,0.000000,0.000000,0.000000,0.000000,0.000000,0.000000,0.085210,0.102252,0.333333,0.266667,0.383625,0.191813,0.000000,0.000000,0.000000,-0.000000,0.369591,0.554386,0.000000,0.000000,0.000000,0.000000,0.000000,0.000000,0.000384,-0.001153,0.015881,-0.047644,0.000000,-0.000000,0.000000,-0.000000,0.735236,-0.220571,0.009403,-0.009403,0.000760,-0.003040,0.833305,1.790223,1.311764,0.500000,0.500000
92981,Ronaldo,MEI,285,INT,6,45,45,fora,276,SAO,2026-09-19 21:00:00,28,0.002072,0.016579,0.000000,0.000000,0.000000,0.000000,0.097328,0.116793,0.333333,0.266667,0.015774,0.007887,0.000000,0.000000,0.000000,-0.000000,0.780895,1.171342,0.000000,0.000000,0.000000,0.000000,0.000000,0.000000,0.000387,-0.001160,0.000000,-0.000000,0.333333,-0.333333,0.000000,-0.000000,0.748983,-0.224695,0.007577,-0.007577,0.000768,-0.003072,1.009431,1.586559,1.297995,0.500000,0.500000
106843,Borrero,MEI,315,CHA,6,45,45,fora,282,CAM,2026-09-19 16:00:00,28,0.000000,0.000000,0.000000,0.000000,0.000000,0.000000,0.085858,0.103030,0.000000,0.000000,0.000000,0.000000,0.000000,0.000000,0.000000,-0.000000,0.793675,1.190512,0.000000,0.000000,0.000000,0.000000,0.000000,0.000000,0.000384,-0.001153,0.007999,-0.023997,0.000000,-0.000000,0.000000,-0.000000,0.598636,-0.179591,0.009254,-0.009254,0.000760,-0.003041,1.076508,1.439120,1.257814,0.500000,0.500000
70164,Lucas Moura,MEI,276,SAO,5,45,45,casa,285,INT,2026-09-19 21:00:00,28,0.022648,0.181182,0.012456,0.062281,0.000000,0.000000,0.120859,0.145031,0.000000,0.000000,0.629723,0.314861,0.000000,0.000000,0.000000,-0.000000,0.345568,0.518352,0.000000,0.000000,0.000000,0.000000,0.000000,0.000000,0.000387,-0.001161,0.000000,-0.000000,0.000000,-0.000000,0.000000,-0.000000,0.796060,-0.238818,0.006662,-0.006662,0.000770,-0.003079,0.971989,1.486800,1.229394,0.500000,0.500000
141344,Vitor Tissi,MEI,294,CFC,6,45,45,fora,267,VAS,2026-09-19 20:30:00,28,0.000000,0.000000,0.000000,0.000000,0.000000,0.000000,0.106021,0.127226,0.000000,0.000000,0.854724,0.427362,0.000000,0.000000,0.000000,-0.000000,0.503093,0.754639,0.000000,0.000000,0.000000,0.000000,0.000000,0.000000,0.000385,-0.001155,0.000000,-0.000000,0.333333,-0.333333,0.000000,-0.000000,0.610455,-0.183137,0.008524,-0.008524,0.000762,-0.003048,0.780030,1.651995,1.216012,0.500000,0.500000
140496,Tiaguinho,MEI,284,GRE,6,45,45,casa,275,PAL,2026-09-20 11:00:00,28,0.000000,0.000000,0.000000,0.000000,0.000000,0.000000,0.138124,0.165748,0.000000,0.000000,0.000000,0.000000,0.000000,0.000000,0.000000,-0.000000,0.524540,0.786810,0.000000,0.000000,0.000000,0.000000,0.000000,0.000000,0.000385,-0.001155,0.005690,-0.017071,0.000000,-0.000000,0.000000,-0.000000,0.579230,-0.173769,0.007994,-0.007994,0.000760,-0.003040,0.749531,1.669039,1.209285,0.500000,0.500000
110633,Gustavo,MEI,294,CFC,6,45,45,fora,267,VAS,2026-09-19 20:30:00,28,0.000000,0.000000,0.000000,0.000000,0.000000,0.000000,0.066751,0.080102,0.666667,0.533333,0.136125,0.068063,0.000000,0.000000,0.000000,-0.000000,0.462661,0.693992,0.000000,0.000000,0.000000,0.000000,0.000000,0.000000,0.000384,-0.001153,0.016059,-0.048178,0.000000,-0.000000,0.000000,-0.000000,0.585776,-0.175733,0.009906,-0.009906,0.000760,-0.003041,1.137479,1.233106,1.185292,0.500000,0.500000
125926,Zapelli,MEI,293,CAP,6,45,45,casa,265,BAH,2026-09-20 19:30:00,28,0.000000,0.000000,0.000345,0.001724,0.000000,0.000000,0.239102,0.286922,0.000000,0.000000,0.028105,0.014052,0.000000,0.000000,0.000000,-0.000000,0.436270,0.654405,0.000000,0.000000,0.000000,0.000000,0.000000,0.000000,0.000389,-0.001168,0.000000,-0.000000,0.000000,-0.000000,0.000000,-0.000000,0.620998,-0.186299,0.007132,-0.007132,0.000780,-0.003121,0.759383,1.598285,1.178834,0.500000,0.500000
96340,Lima,MEI,277,SAN,6,45,45,fora,364,REM,2026-09-19 18:30:00,28,0.000000,0.000000,0.000000,0.000000,0.000000,0.000000,0.088526,0.106231,0.000000,0.000000,0.550000,0.275000,0.000000,0.000000,0.000000,-0.000000,0.610097,0.915145,0.000000,0.000000,0.000000,0.000000,0.000000,0.000000,0.000384,-0.001152,0.000000,-0.000000,0.000000,-0.000000,0.000000,-0.000000,0.552249,-0.165675,0.009399,-0.009399,0.000756,-0.003023,1.117127,1.186568,1.151848,0.500000,0.500000
87470,Thaciano,MEI,277,SAN,7,95,85,fora,364,REM,2026-09-19 18:30:00,28,0.001267,0.010138,0.000000,0.000000,0.000000,0.000000,0.134233,0.161080,0.333333,0.266667,0.013651,0.006826,0.000000,0.000000,0.698382,-0.069838,0.437686,0.656529,0.000000,0.000000,0.000000,0.000000,0.000000,0.000000,0.000388,-0.001164,0.000000,-0.000000,0.000000,-0.000000,0.000000,-0.000000,0.543989,-0.163197,0.008192,-0.008192,0.000773,-0.003092,0.855757,1.433225,1.144491,0.500000,0.500000
124270,Allex,MEI,285,INT,5,45,45,fora,276,SAO,2026-09-19 21:00:00,28,0.000000,0.000000,0.000000,0.000000,0.000000,0.000000,0.097328,0.116793,0.000000,0.000000,0.217848,0.108924,0.000000,0.000000,0.000000,-0.000000,0.413240,0.619861,0.000000,0.000000,0.000000,0.000000,0.000000,0.000000,0.000386,-0.001159,0.000000,-0.000000,0.000000,-0.000000,0.000000,-0.000000,0.498387,-0.149516,0.007951,-0.007951,0.000765,-0.003060,0.683892,1.533961,1.108927,0.500000,0.500000
81845,Alisson,MEI,266,FLU,5,45,45,fora,264,COR,2026-09-20 16:00:00,28,0.000000,0.000000,0.136125,0.680625,0.000000,0.000000,0.092086,0.110504,0.000000,0.000000,0.893849,0.446925,0.000000,0.000000,0.000000,-0.000000,0.175956,0.263934,0.000000,0.000000,0.000000,0.000000,0.000000,0.000000,0.000386,-0.001157,0.000000,-0.000000,0.666667,-0.666667,0.000000,-0.000000,0.733503,-0.220051,0.000000,-0.000000,0.000765,-0.003058,0.611054,1.561426,1.086240,0.500000,0.500000
147545,Jefinho,MEI,284,GRE,6,45,45,casa,275,PAL,2026-09-20 11:00:00,28,0.000000,0.000000,0.000000,0.000000,0.000000,0.000000,0.125714,0.150857,0.000000,0.000000,0.000000,0.000000,0.000000,0.000000,0.000000,-0.000000,0.508483,0.762725,0.000000,0.000000,0.000000,0.000000,0.000000,0.000000,0.000385,-0.001155,0.000992,-0.002976,0.000000,-0.000000,0.000000,-0.000000,0.638189,-0.191457,0.007601,-0.007601,0.000764,-0.003055,0.707339,1.447539,1.077439,0.500000,0.500000
99228,De la Cruz,MEI,262,FLA,2,45,45,casa,280,RBB,2026-09-20 18:30:00,28,0.000000,0.000000,0.000000,0.000000,0.000000,0.000000,0.122262,0.146715,0.333333,0.266667,0.404241,0.202120,0.000000,0.000000,0.000000,-0.000000,0.760882,1.141323,0.000000,0.000000,0.000000,0.000000,0.000000,0.000000,0.000388,-0.001163,0.000000,-0.000000,0.666667,-0.666667,0.000000,-0.000000,0.673572,-0.202071,0.004803,-0.004803,0.000770,-0.003078,0.879043,1.257452,1.068247,0.500000,0.500000
140438,David,MEI,315,CHA,6,45,45,fora,282,CAM,2026-09-19 16:00:00,28,0.000000,0.000000,0.000000,0.000000,0.000000,0.000000,0.097328,0.116793,0.000000,0.000000,0.022648,0.011324,0.000000,0.000000,0.000000,-0.000000,0.488619,0.732929,0.000000,0.000000,0.000000,0.000000,0.000000,0.000000,0.000386,-0.001157,0.000000,-0.000000,0.000000,-0.000000,0.000000,-0.000000,0.544522,-0.163357,0.007233,-0.007233,0.000763,-0.003053,0.686245,1.403923,1.045084,0.500000,0.500000
105901,Edson Fernando,MEI,364,REM,6,45,45,casa,277,SAN,2026-09-19 18:30:00,28,0.000000,0.000000,0.000000,0.000000,0.000000,0.000000,0.109205,0.131046,0.000000,0.000000,0.000000,0.000000,0.000000,0.000000,0.000000,-0.000000,0.575620,0.863430,0.000000,0.000000,0.000000,0.000000,0.000000,0.000000,0.000385,-0.001156,0.000000,-0.000000,0.000000,-0.000000,0.000000,-0.000000,0.818676,-0.245603,0.008542,-0.008542,0.000758,-0.003034,0.736141,1.252032,0.994086,0.500000,0.500000
140726,David Martins,MEI,265,BAH,6,45,45,fora,293,CAP,2026-09-20 19:30:00,28,0.000000,0.000000,0.000000,0.000000,0.000000,0.000000,0.103520,0.124224,0.000000,0.000000,0.000000,0.000000,0.000000,0.000000,0.000000,-0.000000,0.413491,0.620236,0.000000,0.000000,0.000000,0.000000,0.000000,0.000000,0.000384,-0.001152,0.001717,-0.005152,0.000000,-0.000000,0.000000,-0.000000,0.621121,-0.186336,0.009377,-0.009377,0.000756,-0.003024,0.539418,1.416370,0.977894,0.500000,0.500000
143295,Joshua,MEI,262,FLA,6,45,45,casa,280,RBB,2026-09-20 18:30:00,28,0.000000,0.000000,0.000000,0.000000,0.000000,0.000000,0.138124,0.165748,0.000000,0.000000,0.000000,0.000000,0.000000,0.000000,0.000000,-0.000000,0.789920,1.184880,0.000000,0.000000,0.000000,0.000000,0.000000,0.000000,0.000385,-0.001155,0.100795,-0.302384,0.000000,-0.000000,0.000000,-0.000000,0.849894,-0.254968,0.008072,-0.008072,0.000759,-0.003037,0.781012,1.128172,0.954592,0.500000,0.500000
146701,Benjamin Arhin,MEI,285,INT,6,45,45,fora,276,SAO,2026-09-19 21:00:00,28,0.000000,0.000000,0.000000,0.000000,0.000000,0.000000,0.090491,0.108589,0.000000,0.000000,0.000000,0.000000,0.000000,0.000000,0.000000,-0.000000,0.640838,0.961256,0.000000,0.000000,0.000000,0.000000,0.000000,0.000000,0.000384,-0.001151,0.088492,-0.265477,0.000000,-0.000000,0.000000,-0.000000,0.817702,-0.245311,0.009529,-0.009529,0.000753,-0.003013,0.545365,1.328462,0.936914,0.500000,0.500000
144976,Domingos Andrade,MEI,263,BOT,6,45,45,fora,2305,MIR,2026-09-19 17:00:00,28,0.000000,0.000000,0.000000,0.000000,0.000000,0.000000,0.085858,0.103030,0.000000,0.000000,0.000000,0.000000,0.000000,0.000000,0.000000,-0.000000,0.294007,0.441011,0.000000,0.000000,0.000000,0.000000,0.000000,0.000000,0.000384,-0.001151,0.001020,-0.003060,0.000000,-0.000000,0.000000,-0.000000,0.605997,-0.181799,0.009058,-0.009058,0.000758,-0.003031,0.345941,1.516278,0.931109,0.500000,0.500000
136156,Larson,MEI,275,PAL,6,45,45,fora,284,GRE,2026-09-20 11:00:00,28,0.000000,0.000000,0.000000,0.000000,0.000000,0.000000,0.092469,0.110963,0.000000,0.000000,0.136125,0.068063,0.000000,0.000000,0.000000,-0.000000,0.365005,0.547508,0.000000,0.000000,0.000000,0.000000,0.000000,0.000000,0.000385,-0.001155,0.001563,-0.004688,0.333333,-0.333333,0.000000,-0.000000,0.702194,-0.210658,0.006888,-0.006888,0.000759,-0.003036,0.166775,1.422471,0.794623,0.500000,0.500000
150757,Samuel Pierri,MEI,277,SAN,6,45,45,fora,364,REM,2026-09-19 18:30:00,28,0.000000,0.000000,0.000000,0.000000,0.000000,0.000000,0.088526,0.106231,0.000000,0.000000,0.000000,0.000000,0.000000,0.000000,0.000000,-0.000000,0.355938,0.533907,0.000000,0.000000,0.000000,0.000000,0.000000,0.000000,0.000384,-0.001152,0.000000,-0.000000,0.000000,-0.000000,0.000000,-0.000000,0.832116,-0.249635,0.008982,-0.008982,0.000756,-0.003025,0.377344,1.032691,0.705018,0.500000,0.500000
111309,Gustavo Martins,ZAG,284,GRE,7,95,85,casa,275,PAL,2026-09-20 11:00:00,28,0.666667,5.333333,0.023240,0.116198,0.000000,0.000000,0.035144,0.042173,0.163308,0.130646,0.465817,0.232908,0.000000,0.000000,0.000000,-0.000000,1.299134,1.948700,0.000000,0.000000,0.000000,0.000000,0.000000,0.000000,0.074869,-0.224606,0.000000,-0.000000,0.064314,-0.064314,0.000000,-0.000000,1.000000,-0.300000,0.000104,-0.000104,0.000000,-0.000000,7.214935,3.947725,5.581330,0.500000,0.500000
103523,Ignácio,ZAG,266,FLU,5,45,45,fora,264,COR,2026-09-20 16:00:00,28,0.333333,2.666667,0.000000,0.000000,0.000000,0.000000,0.100336,0.120403,0.471848,0.377479,0.709505,0.354753,0.000000,0.000000,0.000000,-0.000000,1.351997,2.027996,0.333333,1.666667,0.000000,0.000000,0.000000,0.000000,0.000000,-0.000000,0.000000,-0.000000,0.221364,-0.221364,0.000000,-0.000000,0.333333,-0.100000,0.000000,-0.000000,0.000000,-0.000000,6.892599,2.535288,4.713944,0.500000,0.500000
107985,Terán,ZAG,293,CAP,6,45,45,casa,265,BAH,2026-09-20 19:30:00,28,0.000000,0.000000,0.017081,0.085403,0.000000,0.000000,0.157737,0.189285,0.069625,0.055700,0.934270,0.467135,0.000000,0.000000,0.000000,-0.000000,1.274030,1.911046,0.666667,3.333333,0.000000,0.000000,0.000000,0.000000,0.000000,-0.000000,0.000000,-0.000000,0.076736,-0.076736,0.000000,-0.000000,0.333333,-0.100000,0.000000,-0.000000,0.000000,-0.000000,5.865165,3.357279,4.611222,0.500000,0.500000
140492,João Victor,ZAG,262,FLA,6,45,45,casa,280,RBB,2026-09-20 18:30:00,28,0.000000,0.000000,0.005430,0.027151,0.000000,0.000000,0.114976,0.137971,0.076276,0.061021,0.000000,0.000000,0.000000,0.000000,0.000000,-0.000000,0.990843,1.486265,1.000000,5.000000,0.000000,0.000000,0.000000,0.000000,0.000000,-0.000000,0.000000,-0.000000,0.097302,-0.097302,0.000000,-0.000000,0.000000,-0.000000,0.000000,-0.000000,0.000000,-0.000000,6.615106,2.518798,4.566952,0.500000,0.500000
97653,Murilo,ZAG,275,PAL,3,45,45,fora,284,GRE,2026-09-20 11:00:00,28,0.333333,2.666667,0.012804,0.064020,0.000000,0.000000,0.124821,0.149785,0.202905,0.162324,0.389523,0.194761,0.000000,0.000000,0.000000,-0.000000,1.220066,1.830099,0.333333,1.666667,0.000000,0.000000,0.000000,0.000000,0.000000,-0.000000,0.000000,-0.000000,0.229697,-0.229697,0.000000,-0.000000,1.000000,-0.300000,0.000000,-0.000000,0.000000,-0.000000,6.204626,2.853412,4.529019,0.500000,0.500000
83528,Léo Pereira,ZAG,262,FLA,7,95,85,casa,280,RBB,2026-09-20 18:30:00,28,0.000000,0.000000,0.016692,0.083462,0.000000,0.000000,0.039869,0.047843,0.366679,0.293343,0.092076,0.046038,0.000000,0.000000,0.000000,-0.000000,1.322204,1.983306,0.666667,3.333333,0.000000,0.000000,0.000000,0.000000,0.000000,-0.000000,0.000000,-0.000000,0.171339,-0.171339,0.000000,-0.000000,0.000000,-0.000000,0.000000,-0.000000,0.000000,-0.000000,5.615986,3.300274,4.458130,0.500000,0.500000
97867,Léo Ortiz,ZAG,262,FLA,7,95,85,casa,280,RBB,2026-09-20 18:30:00,28,0.000000,0.000000,0.023712,0.118562,0.000000,0.000000,0.105541,0.126649,0.078805,0.063044,0.255612,0.127806,0.000000,0.000000,0.000000,-0.000000,1.229689,1.844533,0.666667,3.333333,0.000000,0.000000,0.000000,0.000000,0.000000,-0.000000,0.000000,-0.000000,0.084347,-0.084347,0.000000,-0.000000,0.000000,-0.000000,0.000000,-0.000000,0.000000,-0.000000,5.529581,3.357080,4.443330,0.500000,0.500000
133679,Benedetti,ZAG,275,PAL,6,45,45,fora,284,GRE,2026-09-20 11:00:00,28,0.000000,0.000000,0.004702,0.023508,0.000000,0.000000,0.017132,0.020558,0.232632,0.186106,0.000000,0.000000,0.000000,0.000000,0.000000,-0.000000,0.780313,1.170470,1.000000,5.000000,0.000000,0.000000,0.000000,0.000000,0.000000,-0.000000,0.000000,-0.000000,0.074354,-0.074354,0.000000,-0.000000,0.500000,-0.150000,0.000000,-0.000000,0.000000,-0.000000,6.176288,2.683420,4.429854,0.500000,0.500000
115141,Lucas Freitas,ZAG,267,VAS,6,45,45,casa,294,CFC,2026-09-19 20:30:00,28,0.333333,2.666667,0.011478,0.057390,0.000000,0.000000,0.101244,0.121493,0.236934,0.189547,0.450000,0.225000,0.000000,0.000000,0.000000,-0.000000,0.843193,1.264789,0.333333,1.666667,0.000000,0.000000,0.000000,0.000000,0.000000,-0.000000,0.000000,-0.000000,0.093733,-0.093733,0.000000,-0.000000,0.333333,-0.100000,0.000000,-0.000000,0.000000,-0.000000,5.997820,2.816800,4.407310,0.500000,0.500000
141131,Vitão,ZAG,282,CAM,7,95,85,casa,315,CHA,2026-09-19 16:00:00,28,0.333333,2.666667,0.007272,0.036359,0.333333,1.000000,0.116298,0.139557,0.195831,0.156665,0.450000,0.225000,0.000000,0.000000,0.000000,-0.000000,0.986552,1.479827,0.000000,0.000000,0.000000,0.000000,0.000000,0.000000,0.000000,-0.000000,0.000000,-0.000000,0.052044,-0.052044,0.000000,-0.000000,0.333333,-0.100000,0.000000,-0.000000,0.000000,-0.000000,5.552032,3.177931,4.364982,0.500000,0.500000
100842,Ruan,ZAG,282,CAM,5,45,45,casa,315,CHA,2026-09-19 16:00:00,28,0.000000,0.000000,0.014735,0.073674,0.000000,0.000000,0.030273,0.036328,0.246442,0.197153,0.060580,0.030290,0.000000,0.000000,0.000000,-0.000000,1.348501,2.022752,0.666667,3.333333,0.000000,0.000000,0.000000,0.000000,0.000000,-0.000000,0.000000,-0.000000,0.395768,-0.395768,0.000000,-0.000000,0.333333,-0.100000,0.000000,-0.000000,0.000000,-0.000000,5.197762,3.456478,4.327120,0.500000,0.500000
71684,Gustavo Gómez,ZAG,275,PAL,7,95,85,fora,284,GRE,2026-09-20 11:00:00,28,0.000000,0.000000,0.030215,0.151073,0.000000,0.000000,0.019194,0.023033,0.482986,0.386389,0.247692,0.123846,0.000000,0.000000,0.000000,-0.000000,1.342080,2.013119,0.666667,3.333333,0.000000,0.000000,0.000000,0.000000,0.000000,-0.000000,0.000000,-0.000000,0.273438,-0.273438,0.000000,-0.000000,1.000000,-0.300000,0.000000,-0.000000,0.000000,-0.000000,5.457357,2.549653,4.003505,0.500000,0.500000
96793,Camutanga,ZAG,287,VIT,5,45,45,casa,283,CRU,2026-09-20 16:00:00,28,0.000000,0.000000,0.022136,0.110682,0.000000,0.000000,0.199760,0.239711,0.186072,0.148858,0.505361,0.252681,0.000000,0.000000,0.000000,-0.000000,1.149736,1.724604,0.333333,1.666667,0.000000,0.000000,0.000000,0.000000,0.074869,-0.224606,0.000000,-0.000000,0.183442,-0.183442,0.000000,-0.000000,0.666667,-0.200000,0.000000,-0.000000,0.000000,-0.000000,3.535155,4.141674,3.838414,0.500000,0.500000
104085,Bruno Fuchs,ZAG,275,PAL,6,45,45,fora,284,GRE,2026-09-20 11:00:00,28,0.000000,0.000000,0.005188,0.025942,0.000000,0.000000,0.080525,0.096630,0.144119,0.115295,0.022648,0.011324,0.000000,0.000000,0.000000,-0.000000,1.106029,1.659044,0.666667,3.333333,0.000000,0.000000,0.000000,0.000000,0.000000,-0.000000,0.000000,-0.000000,0.250977,-0.250977,0.000000,-0.000000,0.666667,-0.200000,0.000000,-0.000000,0.000000,-0.000000,4.790591,2.757644,3.774118,0.500000,0.500000
97906,Riccieli,ZAG,287,VIT,6,45,45,casa,283,CRU,2026-09-20 16:00:00,28,0.000000,0.000000,0.015436,0.077182,0.000000,0.000000,0.038100,0.045720,0.059281,0.047425,0.000000,0.000000,0.000000,0.000000,0.000000,-0.000000,0.904405,1.356607,0.500000,2.500000,0.000000,0.000000,0.000000,0.000000,0.000000,-0.000000,0.000000,-0.000000,0.037204,-0.037204,0.000000,-0.000000,0.500000,-0.150000,0.000000,-0.000000,0.000000,-0.000000,3.839729,3.637512,3.738621,0.500000,0.500000
99274,Alexander Barboza,ZAG,275,PAL,7,95,85,fora,284,GRE,2026-09-20 11:00:00,28,0.000000,0.000000,0.013387,0.066937,0.000000,0.000000,0.198384,0.238061,0.087142,0.069714,0.900000,0.450000,0.000000,0.000000,0.000000,-0.000000,1.471684,2.207526,0.666667,3.333333,0.000000,0.000000,0.000000,0.000000,0.000000,-0.000000,0.333333,-1.000000,0.066091,-0.066091,0.000000,-0.000000,1.666667,-0.500000,0.000000,-0.000000,0.000000,-0.000000,4.799479,2.666279,3.732879,0.500000,0.500000
101995,Brítez,ZAG,287,VIT,6,45,45,casa,283,CRU,2026-09-20 16:00:00,28,0.000000,0.000000,0.022216,0.111082,0.000000,0.000000,0.043685,0.052422,0.212991,0.170393,0.560036,0.280018,0.000000,0.000000,0.000000,-0.000000,0.986398,1.479598,0.333333,1.666667,0.000000,0.000000,0.000000,0.000000,0.000000,-0.000000,0.000000,-0.000000,0.148967,-0.148967,0.000000,-0.000000,0.333333,-0.100000,0.000000,-0.000000,0.000000,-0.000000,3.511212,3.915647,3.713430,0.500000,0.500000
91573,Arboleda,ZAG,276,SAO,7,95,85,casa,285,INT,2026-09-19 21:00:00,28,0.000000,0.000000,0.023772,0.118858,0.000000,0.000000,0.099594,0.119513,0.229277,0.183422,0.764568,0.382284,0.000000,0.000000,0.000000,-0.000000,1.219611,1.829416,0.333333,1.666667,0.000000,0.000000,0.000000,0.000000,0.000000,-0.000000,0.000000,-0.000000,0.185956,-0.185956,0.000000,-0.000000,0.333333,-0.100000,0.000000,-0.000000,0.000000,-0.000000,4.014203,3.205255,3.609729,0.500000,0.500000
104075,Sabino,ZAG,276,SAO,7,95,85,casa,285,INT,2026-09-19 21:00:00,28,0.000000,0.000000,0.027682,0.138409,0.000000,0.000000,0.052413,0.062895,0.080556,0.064444,1.062117,0.531058,0.000000,0.000000,0.000000,-0.000000,1.117837,1.676756,0.333333,1.666667,0.000000,0.000000,0.000000,0.000000,0.000000,-0.000000,0.000000,-0.000000,0.173926,-0.173926,0.000000,-0.000000,0.666667,-0.200000,0.000000,-0.000000,0.000000,-0.000000,3.766303,3.390613,3.578458,0.500000,0.500000
106313,Domingos Duarte,ZAG,276,SAO,7,95,85,casa,285,INT,2026-09-19 21:00:00,28,0.000000,0.000000,0.006506,0.032529,0.000000,0.000000,0.099437,0.119325,0.224494,0.179595,0.302500,0.151250,0.000000,0.000000,0.000000,-0.000000,1.439440,2.159161,0.333333,1.666667,0.000000,0.000000,0.000000,0.000000,0.000000,-0.000000,0.000000,-0.000000,0.102718,-0.102718,0.000000,-0.000000,1.000000,-0.300000,0.000000,-0.000000,0.000000,-0.000000,3.905808,3.231629,3.568718,0.500000,0.500000
87887,Balbuena,ZAG,284,GRE,6,45,45,casa,275,PAL,2026-09-20 11:00:00,28,0.000000,0.000000,0.015848,0.079239,0.000000,0.000000,0.017684,0.021221,0.447934,0.358347,0.322369,0.161184,0.000000,0.000000,0.000000,-0.000000,1.175478,1.763217,0.333333,1.666667,0.000000,0.000000,0.000000,0.000000,0.000000,-0.000000,0.000000,-0.000000,0.187642,-0.187642,0.000000,-0.000000,0.666667,-0.200000,0.000000,-0.000000,0.000000,-0.000000,3.662233,3.432877,3.547555,0.500000,0.500000
85626,Léo,ZAG,293,CAP,6,45,45,casa,265,BAH,2026-09-20 19:30:00,28,0.000000,0.000000,0.011190,0.055949,0.000000,0.000000,0.021922,0.026306,0.209965,0.167972,0.000000,0.000000,0.000000,0.000000,0.000000,-0.000000,1.175572,1.763359,0.500000,2.500000,0.000000,0.000000,0.000000,0.000000,0.000000,-0.000000,0.000000,-0.000000,0.138718,-0.138718,0.000000,-0.000000,2.000000,-0.600000,0.000000,-0.000000,0.000000,-0.000000,3.774869,3.077475,3.426172,0.500000,0.500000
107453,João Paulo,ZAG,315,CHA,3,45,45,fora,282,CAM,2026-09-19 16:00:00,28,0.333333,2.666667,0.014137,0.070684,0.000000,0.000000,0.016862,0.020234,0.285841,0.228673,0.636453,0.318227,0.000000,0.000000,0.000000,-0.000000,1.001878,1.502817,0.000000,0.000000,0.000000,0.000000,0.000000,0.000000,0.000000,-0.000000,0.000000,-0.000000,0.158460,-0.158460,0.000000,-0.000000,1.333333,-0.400000,0.000000,-0.000000,0.000000,-0.000000,4.248842,2.481598,3.365220,0.500000,0.500000
63008,Rafael Tolói,ZAG,276,SAO,6,45,45,casa,285,INT,2026-09-19 21:00:00,28,0.000000,0.000000,0.016046,0.080230,0.000000,0.000000,0.211745,0.254094,0.149209,0.119367,0.406273,0.203136,0.000000,0.000000,0.000000,-0.000000,1.315714,1.973572,0.333333,1.666667,0.000000,0.000000,0.000000,0.000000,0.000000,-0.000000,0.000000,-0.000000,0.295942,-0.295942,0.000000,-0.000000,0.666667,-0.200000,0.000000,-0.000000,0.000000,-0.000000,3.801123,2.928407,3.364765,0.500000,0.500000
100804,Tchamba,ZAG,364,REM,7,95,85,casa,277,SAN,2026-09-19 18:30:00,28,0.000000,0.000000,0.040998,0.204989,0.000000,0.000000,0.268199,0.321839,0.218292,0.174633,0.793509,0.396755,0.000000,0.000000,0.000000,-0.000000,1.426762,2.140143,0.000000,0.000000,0.000000,0.000000,0.000000,0.000000,0.001254,-0.003761,0.000000,-0.000000,0.051210,-0.051210,0.000000,-0.000000,0.000000,-0.000000,0.000000,-0.000000,0.000000,-0.000000,3.183387,3.542113,3.362750,0.500000,0.500000
105300,Ferraresi,ZAG,263,BOT,7,95,85,fora,2305,MIR,2026-09-19 17:00:00,28,0.000000,0.000000,0.007231,0.036156,0.000000,0.000000,0.094757,0.113709,0.043072,0.034457,0.942043,0.471021,0.000000,0.000000,0.333333,-0.033333,1.641338,2.462007,0.333333,1.666667,0.000000,0.000000,0.000000,0.000000,0.006851,-0.020553,0.000000,-0.000000,0.299299,-0.299299,0.000000,-0.000000,1.666667,-0.500000,0.000000,-0.000000,0.000000,-0.000000,3.930832,2.791188,3.361010,0.500000,0.500000
84847,Luan Peres,ZAG,277,SAN,6,45,45,fora,364,REM,2026-09-19 18:30:00,28,0.000000,0.000000,0.005679,0.028397,0.000000,0.000000,0.094900,0.113881,0.212416,0.169932,0.397908,0.198954,0.000000,0.000000,0.000000,-0.000000,1.311519,1.967278,0.333333,1.666667,0.000000,0.000000,0.000000,0.000000,0.000000,-0.000000,0.000000,-0.000000,0.160396,-0.160396,0.000000,-0.000000,1.333333,-0.400000,0.000000,-0.000000,0.000000,-0.000000,3.584714,3.108632,3.346673,0.500000,0.500000
92087,Lyanco,ZAG,282,CAM,2,45,45,casa,315,CHA,2026-09-19 16:00:00,28,0.000000,0.000000,0.026489,0.132445,0.000000,0.000000,0.019225,0.023069,0.290605,0.232484,0.479052,0.239526,0.000000,0.000000,0.000000,-0.000000,1.042351,1.563527,0.333333,1.666667,0.000000,0.000000,0.000000,0.000000,0.000000,-0.000000,0.000000,-0.000000,0.159512,-0.159512,0.000000,-0.000000,0.666667,-0.200000,0.000000,-0.000000,0.000000,-0.000000,3.498206,3.041555,3.269881,0.500000,0.500000
118655,Saldivia,ZAG,267,VAS,6,45,45,casa,294,CFC,2026-09-19 20:30:00,28,0.000000,0.000000,0.021782,0.108911,0.000000,0.000000,0.206974,0.248368,0.105054,0.084043,0.190779,0.095389,0.000000,0.000000,0.000000,-0.000000,1.179095,1.768642,0.333333,1.666667,0.000000,0.000000,0.000000,0.000000,0.022648,-0.067943,0.000000,-0.000000,0.105646,-0.105646,0.000000,-0.000000,0.666667,-0.200000,0.000000,-0.000000,0.000000,-0.000000,3.598431,2.813525,3.205978,0.500000,0.500000
150825,Breno,ZAG,280,RBB,6,45,45,fora,262,FLA,2026-09-20 18:30:00,28,0.000000,0.000000,0.010057,0.050284,0.000000,0.000000,0.036840,0.044208,0.099677,0.079742,0.450000,0.225000,0.000000,0.000000,0.000000,-0.000000,0.845262,1.267894,0.500000,2.500000,0.000000,0.000000,0.000000,0.000000,0.000000,-0.000000,0.000000,-0.000000,0.094958,-0.094958,0.000000,-0.000000,0.500000,-0.150000,0.000000,-0.000000,0.000000,-0.000000,3.922171,2.466300,3.194235,0.500000,0.500000
130307,Wallace,ZAG,284,GRE,7,95,85,casa,275,PAL,2026-09-20 11:00:00,28,0.000000,0.000000,0.023874,0.119372,0.000000,0.000000,0.150667,0.180800,0.186062,0.148849,0.377369,0.188684,0.000000,0.000000,0.000000,-0.000000,1.252919,1.879379,0.000000,0.000000,0.000000,0.000000,0.000000,0.000000,0.000000,-0.000000,0.000000,-0.000000,0.092649,-0.092649,0.000000,-0.000000,0.666667,-0.200000,0.000000,-0.000000,0.000000,-0.000000,2.224436,4.053410,3.138923,0.500000,0.500000
93368,Lucas Veríssimo,ZAG,277,SAN,5,45,45,fora,364,REM,2026-09-19 18:30:00,28,0.000000,0.000000,0.017122,0.085610,0.000000,0.000000,0.063705,0.076446,0.285302,0.228242,0.443389,0.221694,0.000000,0.000000,0.000000,-0.000000,1.148084,1.722126,0.333333,1.666667,0.000000,0.000000,0.000000,0.000000,0.000000,-0.000000,0.000000,-0.000000,0.130427,-0.130427,0.000000,-0.000000,1.666667,-0.500000,0.000000,-0.000000,0.000000,-0.000000,3.370358,2.901762,3.136060,0.500000,0.500000
109127,Tiago Cóser,ZAG,294,CFC,7,95,85,fora,267,VAS,2026-09-19 20:30:00,28,0.333333,2.666667,0.020605,0.103027,0.000000,0.000000,0.010747,0.012896,0.290101,0.232081,1.073390,0.536695,0.000000,0.000000,0.000000,-0.000000,1.064449,1.596673,0.000000,0.000000,0.000000,0.000000,0.000000,0.000000,0.000000,-0.000000,0.000000,-0.000000,0.252830,-0.252830,0.000000,-0.000000,1.666667,-0.500000,0.000000,-0.000000,0.000000,-0.000000,4.395210,1.565231,2.980220,0.500000,0.500000
72951,Mercado,ZAG,285,INT,7,95,85,fora,276,SAO,2026-09-19 21:00:00,28,0.000000,0.000000,0.019372,0.096860,0.000000,0.000000,0.156365,0.187637,0.336526,0.269221,0.633461,0.316731,0.000000,0.000000,0.000000,-0.000000,1.062206,1.593309,0.333333,1.666667,0.000000,0.000000,0.000000,0.000000,0.000000,-0.000000,0.000000,-0.000000,0.159831,-0.159831,0.000000,-0.000000,0.333333,-0.100000,0.000000,-0.000000,0.000000,-0.000000,3.870594,2.068627,2.969610,0.500000,0.500000
111246,Alix Vinicius,ZAG,280,RBB,7,95,85,fora,262,FLA,2026-09-20 18:30:00,28,0.000000,0.000000,0.017739,0.088695,0.000000,0.000000,0.057201,0.068641,0.173209,0.138567,0.226134,0.113067,0.000000,0.000000,0.000000,-0.000000,1.013604,1.520405,0.333333,1.666667,0.000000,0.000000,0.000000,0.000000,0.000000,-0.000000,0.000000,-0.000000,0.250013,-0.250013,0.000000,-0.000000,0.666667,-0.200000,0.000000,-0.000000,0.000000,-0.000000,3.146029,2.678969,2.912499,0.500000,0.500000
106434,Eduardo Santos,ZAG,280,RBB,6,45,45,fora,262,FLA,2026-09-20 18:30:00,28,0.000000,0.000000,0.018822,0.094108,0.333333,1.000000,0.191247,0.229496,0.183265,0.146612,0.000000,0.000000,0.000000,0.000000,0.000000,-0.000000,0.831034,1.246551,0.000000,0.000000,0.000000,0.000000,0.000000,0.000000,0.000000,-0.000000,0.000000,-0.000000,0.358089,-0.358089,0.000000,-0.000000,0.333333,-0.100000,0.000000,-0.000000,0.000000,-0.000000,2.258678,3.494112,2.876395,0.500000,0.500000
113034,Freytes,ZAG,266,FLU,6,45,45,fora,264,COR,2026-09-20 16:00:00,28,0.000000,0.000000,0.023352,0.116760,0.000000,0.000000,0.048643,0.058372,0.239905,0.191924,0.452969,0.226485,0.000000,0.000000,0.000000,-0.000000,0.974181,1.461271,0.333333,1.666667,0.000000,0.000000,0.000000,0.000000,0.000000,-0.000000,0.000000,-0.000000,0.130648,-0.130648,0.000000,-0.000000,0.333333,-0.100000,0.000000,-0.000000,0.000000,-0.000000,3.490829,2.257362,2.874095,0.500000,0.500000
115537,Marcos Victor,ZAG,265,BAH,7,95,85,fora,293,CAP,2026-09-20 19:30:00,28,0.000000,0.000000,0.016139,0.080697,0.000000,0.000000,0.015001,0.018002,0.269195,0.215356,0.450000,0.225000,0.000000,0.000000,0.000000,-0.000000,1.108401,1.662601,0.333333,1.666667,0.000000,0.000000,0.000000,0.000000,0.000000,-0.000000,0.000000,-0.000000,0.284732,-0.284732,0.000000,-0.000000,0.333333,-0.100000,0.000000,-0.000000,0.000000,-0.000000,3.483590,2.246362,2.864976,0.500000,0.500000
89493,Igor Rabello,ZAG,266,FLU,6,45,45,fora,264,COR,2026-09-20 16:00:00,28,0.000000,0.000000,0.003851,0.019253,0.000000,0.000000,0.156103,0.187324,0.099903,0.079922,0.000000,0.000000,0.000000,0.000000,0.000000,-0.000000,1.192052,1.788079,0.333333,1.666667,0.000000,0.000000,0.000000,0.000000,0.000000,-0.000000,0.000000,-0.000000,0.102419,-0.102419,0.000000,-0.000000,0.000000,-0.000000,0.000000,-0.000000,0.000000,-0.000000,3.638825,2.064673,2.851749,0.500000,0.500000
97900,Vitão,ZAG,262,FLA,6,45,45,casa,280,RBB,2026-09-20 18:30:00,28,0.000000,0.000000,0.024562,0.122812,0.000000,0.000000,0.022075,0.026490,0.117521,0.094017,0.074869,0.037434,0.000000,0.000000,0.000000,-0.000000,0.930156,1.395234,0.333333,1.666667,0.000000,0.000000,0.000000,0.000000,0.000000,-0.000000,0.000000,-0.000000,0.046133,-0.046133,0.000000,-0.000000,1.333333,-0.400000,0.000000,-0.000000,0.000000,-0.000000,2.896522,2.748805,2.822663,0.500000,0.500000
102310,Matheus Felipe,ZAG,364,REM,3,45,45,casa,277,SAN,2026-09-19 18:30:00,28,0.000000,0.000000,0.021154,0.105772,0.000000,0.000000,0.115631,0.138757,0.118653,0.094923,0.000000,0.000000,0.000000,0.000000,0.000000,-0.000000,1.067845,1.601767,0.333333,1.666667,0.000000,0.000000,0.000000,0.000000,0.000000,-0.000000,0.000000,-0.000000,0.337015,-0.337015,0.000000,-0.000000,1.000000,-0.300000,0.450000,-0.450000,0.000000,-0.000000,2.520870,3.049466,2.785168,0.500000,0.500000
102340,Cacá,ZAG,287,VIT,7,95,85,casa,283,CRU,2026-09-20 16:00:00,28,0.000000,0.000000,0.031792,0.158961,0.000000,0.000000,0.207445,0.248934,0.108604,0.086883,0.051241,0.025621,0.000000,0.000000,0.000000,-0.000000,1.018295,1.527443,0.000000,0.000000,0.000000,0.000000,0.000000,0.000000,0.000000,-0.000000,0.000000,-0.000000,0.206765,-0.206765,0.000000,-0.000000,0.333333,-0.100000,0.002072,-0.002072,0.000000,-0.000000,1.739005,3.829108,2.784057,0.500000,0.500000
117330,Robert Renan,ZAG,267,VAS,7,95,85,casa,294,CFC,2026-09-19 20:30:00,28,0.000000,0.000000,0.024265,0.121323,0.000000,0.000000,0.136833,0.164200,0.225356,0.180285,0.000195,0.000097,0.000000,0.000000,0.000000,-0.000000,1.788528,2.682792,0.000000,0.000000,0.000000,0.000000,0.000000,0.000000,0.000000,-0.000000,0.000000,-0.000000,0.178581,-0.178581,0.000000,-0.000000,1.333333,-0.400000,0.000000,-0.000000,0.000000,-0.000000,2.570116,2.982912,2.776514,0.500000,0.500000
145563,João Ananias,ZAG,277,SAN,7,95,85,fora,364,REM,2026-09-19 18:30:00,28,0.000000,0.000000,0.015626,0.078129,0.000000,0.000000,0.023925,0.028711,0.215306,0.172245,0.218481,0.109240,0.000000,0.000000,0.000000,-0.000000,1.003630,1.505444,0.333333,1.666667,0.000000,0.000000,0.000000,0.000000,0.136125,-0.408375,0.000000,-0.000000,0.073638,-0.073638,0.000000,-0.000000,1.000000,-0.300000,0.000000,-0.000000,0.000000,-0.000000,2.778422,2.694836,2.736629,0.500000,0.500000
92440,André Ramalho,ZAG,264,COR,5,45,45,casa,266,FLU,2026-09-20 16:00:00,28,0.000000,0.000000,0.018995,0.094976,0.000000,0.000000,0.031099,0.037319,0.217152,0.173722,1.158888,0.579444,0.000000,0.000000,0.000000,-0.000000,0.917137,1.375705,0.333333,1.666667,0.000000,0.000000,0.000000,0.000000,0.000000,-0.000000,0.000000,-0.000000,0.025546,-0.025546,0.000000,-0.000000,0.333333,-0.100000,0.000000,-0.000000,0.000000,-0.000000,3.802287,1.520840,2.661564,0.500000,0.500000
130048,Noriega,ZAG,284,GRE,7,95,85,casa,275,PAL,2026-09-20 11:00:00,28,0.000000,0.000000,0.029342,0.146709,0.000000,0.000000,0.180189,0.216226,0.124114,0.099291,0.365359,0.182679,0.000000,0.000000,0.000000,-0.000000,1.153303,1.729955,0.000000,0.000000,0.000000,0.000000,0.000000,0.000000,0.000000,-0.000000,0.000000,-0.000000,0.181951,-0.181951,0.000000,-0.000000,3.333333,-1.000000,0.000000,-0.000000,0.000000,-0.000000,1.192910,4.075572,2.634241,0.500000,0.500000
110750,Gustavo Marques,ZAG,280,RBB,7,95,85,fora,262,FLA,2026-09-20 18:30:00,28,0.000000,0.000000,0.010759,0.053795,0.000000,0.000000,0.127134,0.152560,0.264807,0.211846,1.199288,0.599644,0.000000,0.000000,0.000000,-0.000000,1.289630,1.934446,0.000000,0.000000,0.000000,0.000000,0.000000,0.000000,0.000000,-0.000000,0.000000,-0.000000,0.190614,-0.190614,0.000000,-0.000000,1.000000,-0.300000,0.000000,-0.000000,0.000000,-0.000000,2.461677,2.755648,2.608662,0.500000,0.500000
105842,Edu,ZAG,287,VIT,5,45,45,casa,283,CRU,2026-09-20 16:00:00,28,0.000000,0.000000,0.021570,0.107851,0.000000,0.000000,0.057089,0.068507,0.130407,0.104325,0.000000,0.000000,0.000000,0.000000,0.000000,-0.000000,0.977559,1.466339,0.000000,0.000000,0.000000,0.000000,0.000000,0.000000,0.000000,-0.000000,0.000000,-0.000000,0.252339,-0.252339,0.000000,-0.000000,0.000000,-0.000000,0.000000,-0.000000,0.000000,-0.000000,1.494683,3.718246,2.606465,0.500000,0.500000
87342,Kannemann,ZAG,284,GRE,6,45,45,casa,275,PAL,2026-09-20 11:00:00,28,0.000000,0.000000,0.023897,0.119487,0.000000,0.000000,0.000000,0.000000,0.172042,0.137633,0.000000,0.000000,0.000000,0.000000,0.000000,-0.000000,1.109259,1.663889,0.000000,0.000000,0.000000,0.000000,0.000000,0.000000,0.000000,-0.000000,0.000000,-0.000000,0.057619,-0.057619,0.000000,-0.000000,0.333333,-0.100000,0.166375,-0.166375,0.000000,-0.000000,1.597015,3.607217,2.602116,0.500000,0.500000
92182,Juninho,ZAG,285,INT,6,45,45,fora,276,SAO,2026-09-19 21:00:00,28,0.000000,0.000000,0.016025,0.080124,0.000000,0.000000,0.041555,0.049865,0.154365,0.123492,0.000000,0.000000,0.000000,0.000000,0.000000,-0.000000,0.953713,1.430569,0.333333,1.666667,0.000000,0.000000,0.000000,0.000000,0.000000,-0.000000,0.000000,-0.000000,0.179138,-0.179138,0.000000,-0.000000,0.000000,-0.000000,0.000000,-0.000000,0.000000,-0.000000,3.171580,1.935346,2.553463,0.500000,0.500000
100342,Léo Andrade,ZAG,364,REM,6,45,45,casa,277,SAN,2026-09-19 18:30:00,28,0.000000,0.000000,0.018980,0.094901,0.000000,0.000000,0.047527,0.057033,0.225939,0.180751,0.136125,0.068063,0.000000,0.000000,0.000000,-0.000000,1.222046,1.833069,0.000000,0.000000,0.000000,0.000000,0.000000,0.000000,0.000000,-0.000000,0.000000,-0.000000,0.188422,-0.188422,0.000000,-0.000000,1.000000,-0.300000,0.000000,-0.000000,0.000000,-0.000000,1.745395,3.257026,2.501210,0.500000,0.500000
104994,Wagner Leonardo,ZAG,284,GRE,6,45,45,casa,275,PAL,2026-09-20 11:00:00,28,0.000000,0.000000,0.024905,0.124525,0.000000,0.000000,0.018863,0.022636,0.132256,0.105805,0.254351,0.127175,0.000000,0.000000,0.000000,-0.000000,0.926645,1.389967,0.000000,0.000000,0.000000,0.000000,0.000000,0.000000,0.000000,-0.000000,0.000000,-0.000000,0.099663,-0.099663,0.000000,-0.000000,1.000000,-0.300000,0.000000,-0.000000,0.000000,-0.000000,1.370446,3.602660,2.486553,0.500000,0.500000
124219,Millán,ZAG,266,FLU,7,95,85,fora,264,COR,2026-09-20 16:00:00,28,0.000000,0.000000,0.015244,0.076218,0.000000,0.000000,0.150296,0.180355,0.079255,0.063404,0.000000,0.000000,0.000000,0.000000,0.000000,-0.000000,0.826595,1.239892,0.333333,1.666667,0.000000,0.000000,0.000000,0.000000,0.000000,-0.000000,0.000000,-0.000000,0.123125,-0.123125,0.000000,-0.000000,0.000000,-0.000000,0.000000,-0.000000,0.000000,-0.000000,3.103411,1.827314,2.465363,0.500000,0.500000
72605,Vitor Hugo,ZAG,282,CAM,2,45,45,casa,315,CHA,2026-09-19 16:00:00,28,0.000000,0.000000,0.017472,0.087360,0.000000,0.000000,0.150581,0.180698,0.116110,0.092888,0.003046,0.001523,0.000000,0.000000,0.000000,-0.000000,0.867331,1.300997,0.000000,0.000000,0.000000,0.000000,0.000000,0.000000,0.000000,-0.000000,0.000000,-0.000000,0.184397,-0.184397,0.000000,-0.000000,0.333333,-0.100000,0.000000,-0.000000,0.000000,-0.000000,1.379069,3.536086,2.457577,0.500000,0.500000
142257,Luis Eduardo,ZAG,284,GRE,6,45,45,casa,275,PAL,2026-09-20 11:00:00,28,0.000000,0.000000,0.027943,0.139717,0.000000,0.000000,0.129924,0.155909,0.215837,0.172670,0.000000,0.000000,0.000000,0.000000,0.000000,-0.000000,0.819898,1.229847,0.000000,0.000000,0.000000,0.000000,0.000000,0.000000,0.000000,-0.000000,0.000000,-0.000000,0.051577,-0.051577,0.000000,-0.000000,1.000000,-0.300000,0.000000,-0.000000,0.000000,-0.000000,1.346565,3.520531,2.433548,0.500000,0.500000
98617,Maripán,ZAG,285,INT,7,95,85,fora,276,SAO,2026-09-19 21:00:00,28,0.000000,0.000000,0.016123,0.080616,0.000000,0.000000,0.211222,0.253467,0.172419,0.137935,0.238674,0.119337,0.000000,0.000000,0.000000,-0.000000,0.937487,1.406230,0.333333,1.666667,0.000000,0.000000,0.000000,0.000000,0.000000,-0.000000,0.000000,-0.000000,0.226339,-0.226339,0.000000,-0.000000,1.666667,-0.500000,0.000000,-0.000000,0.000000,-0.000000,2.937913,1.877925,2.407919,0.500000,0.500000
91866,Zé Ivaldo,ZAG,364,REM,6,45,45,casa,277,SAN,2026-09-19 18:30:00,28,0.000000,0.000000,0.019690,0.098449,0.000000,0.000000,0.028949,0.034738,0.294144,0.235316,0.271098,0.135549,0.000000,0.000000,0.000000,-0.000000,1.042354,1.563532,0.000000,0.000000,0.000000,0.000000,0.000000,0.000000,0.012456,-0.037369,0.000000,-0.000000,0.170873,-0.170873,0.000000,-0.000000,0.333333,-0.100000,0.008373,-0.008373,0.000000,-0.000000,1.750968,2.991004,2.370986,0.500000,0.500000
97642,Félix Torres,ZAG,285,INT,6,45,45,fora,276,SAO,2026-09-19 21:00:00,28,0.000000,0.000000,0.014083,0.070416,0.000000,0.000000,0.016484,0.019781,0.257327,0.205862,0.081297,0.040648,0.000000,0.000000,0.000000,-0.000000,1.505099,2.257648,0.000000,0.000000,0.000000,0.000000,0.000000,0.000000,0.000000,-0.000000,0.000000,-0.000000,0.108733,-0.108733,0.000000,-0.000000,1.000000,-0.300000,0.000000,-0.000000,0.000000,-0.000000,2.185621,2.533900,2.359761,0.500000,0.500000
37715,Thiago Silva,ZAG,266,FLU,7,95,85,fora,264,COR,2026-09-20 16:00:00,28,0.000000,0.000000,0.010844,0.054218,0.000000,0.000000,0.033569,0.040283,0.182763,0.146210,0.302500,0.151250,0.000000,0.000000,0.000000,-0.000000,0.899953,1.349930,0.333333,1.666667,0.000000,0.000000,0.000000,0.000000,0.000000,-0.000000,0.000000,-0.000000,0.263152,-0.263152,0.000000,-0.000000,0.666667,-0.200000,0.000000,-0.000000,0.000000,-0.000000,2.945405,1.690668,2.318037,0.500000,0.500000
70666,Marllon,ZAG,364,REM,7,95,85,casa,277,SAN,2026-09-19 18:30:00,28,0.000000,0.000000,0.037597,0.187985,0.000000,0.000000,0.048642,0.058371,0.326852,0.261482,0.174531,0.087265,0.000000,0.000000,0.000000,-0.000000,1.159027,1.738540,0.000000,0.000000,0.000000,0.000000,0.000000,0.000000,0.041178,-0.123533,0.000000,-0.000000,0.414289,-0.414289,0.000000,-0.000000,0.666667,-0.200000,0.000000,-0.000000,0.000000,-0.000000,1.595820,3.022330,2.309075,0.500000,0.500000
130843,Arthur Dias,ZAG,293,CAP,7,95,85,casa,265,BAH,2026-09-20 19:30:00,28,0.000000,0.000000,0.026746,0.133730,0.000000,0.000000,0.000000,0.000000,0.419044,0.335235,0.748948,0.374474,0.000000,0.000000,0.000000,-0.000000,1.369710,2.054565,0.000000,0.000000,0.000000,0.000000,0.000000,0.000000,0.000000,-0.000000,0.000000,-0.000000,0.283437,-0.283437,0.000000,-0.000000,1.666667,-0.500000,0.000000,-0.000000,0.000000,-0.000000,2.114566,2.455627,2.285097,0.500000,0.500000
97460,João Victor,ZAG,2305,MIR,7,95,85,casa,263,BOT,2026-09-19 17:00:00,28,0.000000,0.000000,0.024202,0.121010,0.000000,0.000000,0.042157,0.050589,0.265751,0.212601,0.269262,0.134631,0.000000,0.000000,0.000000,-0.000000,1.356997,2.035496,0.000000,0.000000,0.000000,0.000000,0.000000,0.000000,0.001140,-0.003419,0.000000,-0.000000,0.317292,-0.317292,0.000000,-0.000000,0.000000,-0.000000,0.000000,-0.000000,0.000000,-0.000000,2.233616,2.161455,2.197536,0.500000,0.500000
146430,Justino,ZAG,263,BOT,6,45,45,fora,2305,MIR,2026-09-19 17:00:00,28,0.000000,0.000000,0.009261,0.046305,0.333333,1.000000,0.071235,0.085482,0.214273,0.171418,1.444454,0.722227,0.000000,0.000000,0.000000,-0.000000,0.925626,1.388439,0.000000,0.000000,0.000000,0.000000,0.000000,0.000000,0.000000,-0.000000,0.000000,-0.000000,0.172778,-0.172778,0.000000,-0.000000,1.333333,-0.400000,0.000000,-0.000000,0.000000,-0.000000,2.841094,1.466885,2.153990,0.500000,0.500000
78855,Thiago Santos,ZAG,294,CFC,7,95,85,fora,267,VAS,2026-09-19 20:30:00,28,0.000000,0.000000,0.022293,0.111463,0.000000,0.000000,0.146934,0.176320,0.434942,0.347954,1.000400,0.500200,0.000000,0.000000,0.000000,-0.000000,1.371760,2.057641,0.000000,0.000000,0.000000,0.000000,0.000000,0.000000,0.000000,-0.000000,0.000000,-0.000000,0.176012,-0.176012,0.000000,-0.000000,1.333333,-0.400000,0.000000,-0.000000,0.000000,-0.000000,2.617565,1.670973,2.144269,0.500000,0.500000
69783,Danilo,ZAG,262,FLA,6,45,45,casa,280,RBB,2026-09-20 18:30:00,28,0.000000,0.000000,0.023721,0.118604,0.000000,0.000000,0.000131,0.000157,0.135322,0.108258,0.022648,0.011324,0.000000,0.000000,0.000000,-0.000000,1.022861,1.534291,0.000000,0.000000,0.000000,0.000000,0.000000,0.000000,0.000000,-0.000000,0.000000,-0.000000,0.114073,-0.114073,0.000000,-0.000000,0.333333,-0.100000,0.000000,-0.000000,0.000000,-0.000000,1.558561,2.689931,2.124246,0.500000,0.500000
124483,Lucas Monzón,ZAG,263,BOT,7,95,85,fora,2305,MIR,2026-09-19 17:00:00,28,0.000000,0.000000,0.018850,0.094252,0.000000,0.000000,0.217428,0.260914,0.137728,0.110183,0.586125,0.293063,0.000000,0.000000,0.000000,-0.000000,0.939925,1.409887,0.333333,1.666667,0.000000,0.000000,0.000000,0.000000,0.450000,-1.350000,0.000000,-0.000000,0.071883,-0.071883,0.000000,-0.000000,0.666667,-0.200000,0.000000,-0.000000,0.000000,-0.000000,2.213082,2.034941,2.124011,0.500000,0.500000
122897,Guzmán Rodríguez,ZAG,280,RBB,6,45,45,fora,262,FLA,2026-09-20 18:30:00,28,0.000000,0.000000,0.010087,0.050433,0.000000,0.000000,0.039136,0.046963,0.173577,0.138862,0.000000,0.000000,0.000000,0.000000,0.000000,-0.000000,1.103678,1.655516,0.000000,0.000000,0.000000,0.000000,0.000000,0.000000,0.000000,-0.000000,0.000000,-0.000000,0.138169,-0.138169,0.000000,-0.000000,0.000000,-0.000000,0.000000,-0.000000,0.000000,-0.000000,1.753605,2.331873,2.042739,0.500000,0.500000
91772,David Duarte,ZAG,265,BAH,7,95,85,fora,293,CAP,2026-09-20 19:30:00,28,0.000000,0.000000,0.019627,0.098133,0.000000,0.000000,0.157153,0.188583,0.396172,0.316937,0.334617,0.167309,0.000000,0.000000,0.000000,-0.000000,1.017070,1.525605,0.000000,0.000000,0.000000,0.000000,0.000000,0.000000,0.000104,-0.000313,0.000000,-0.000000,0.171978,-0.171978,0.000000,-0.000000,1.333333,-0.400000,0.000000,-0.000000,0.000000,-0.000000,1.724277,2.301688,2.012982,0.500000,0.500000
105047,João Marcelo,ZAG,283,CRU,7,95,85,fora,287,VIT,2026-09-20 16:00:00,28,0.000000,0.000000,0.022029,0.110145,0.000000,0.000000,0.149076,0.178891,0.156496,0.125197,1.303319,0.651660,0.000000,0.000000,0.000000,-0.000000,1.051431,1.577147,0.000000,0.000000,0.000000,0.000000,0.000000,0.000000,0.000000,-0.000000,0.000000,-0.000000,0.104674,-0.104674,0.000000,-0.000000,1.000000,-0.300000,0.000000,-0.000000,0.000000,-0.000000,2.238366,1.787152,2.012759,0.500000,0.500000
78248,Gustavo Henrique,ZAG,264,COR,7,95,85,casa,266,FLU,2026-09-20 16:00:00,28,0.000000,0.000000,0.025623,0.128116,0.000000,0.000000,0.167015,0.200418,0.184657,0.147726,0.136888,0.068444,0.000000,0.000000,0.000000,-0.000000,1.039833,1.559749,0.000000,0.000000,0.000000,0.000000,0.000000,0.000000,0.000000,-0.000000,0.000000,-0.000000,0.060635,-0.060635,0.000000,-0.000000,0.333333,-0.100000,0.000005,-0.000005,0.000000,-0.000000,1.943812,1.960923,1.952368,0.500000,0.500000
106593,Villalba,ZAG,283,CRU,6,45,45,fora,287,VIT,2026-09-20 16:00:00,28,0.000000,0.000000,0.029089,0.145443,0.000000,0.000000,0.142350,0.170820,0.186222,0.148977,0.028695,0.014348,0.000000,0.000000,0.000000,-0.000000,1.113030,1.669545,0.000000,0.000000,0.000000,0.000000,0.000000,0.000000,0.000000,-0.000000,0.000000,-0.000000,0.024426,-0.024426,0.000000,-0.000000,1.000000,-0.300000,0.006851,-0.006851,0.000000,-0.000000,1.817856,2.080773,1.949314,0.500000,0.500000
97432,Victor Caetano,ZAG,315,CHA,6,45,45,fora,282,CAM,2026-09-19 16:00:00,28,0.000000,0.000000,0.023296,0.116481,0.000000,0.000000,0.083888,0.100666,0.196208,0.156967,0.012456,0.006228,0.000000,0.000000,0.333333,-0.033333,0.953470,1.430204,0.000000,0.000000,0.000000,0.000000,0.000000,0.000000,0.000000,-0.000000,0.000000,-0.000000,0.168580,-0.168580,0.000000,-0.000000,0.666667,-0.200000,0.000000,-0.000000,0.000000,-0.000000,1.408633,2.438298,1.923465,0.500000,0.500000
123445,Dantas,ZAG,293,CAP,7,95,85,casa,265,BAH,2026-09-20 19:30:00,28,0.000000,0.000000,0.038232,0.191159,0.000000,0.000000,0.019632,0.023559,0.191299,0.153039,0.247500,0.123750,0.000000,0.000000,0.000000,-0.000000,1.097954,1.646931,0.000000,0.000000,0.000000,0.000000,0.000000,0.000000,0.000000,-0.000000,0.000000,-0.000000,0.221585,-0.221585,0.000000,-0.000000,2.000000,-0.600000,0.000000,-0.000000,0.000000,-0.000000,1.316853,2.506992,1.911922,0.500000,0.500000
97878,Jacy,ZAG,294,CFC,7,95,85,fora,267,VAS,2026-09-19 20:30:00,28,0.000000,0.000000,0.019193,0.095965,0.000000,0.000000,0.011837,0.014205,0.253903,0.203123,0.865075,0.432538,0.000000,0.000000,0.000000,-0.000000,1.264349,1.896523,0.000000,0.000000,0.000000,0.000000,0.000000,0.000000,0.000000,-0.000000,0.000000,-0.000000,0.290526,-0.290526,0.000000,-0.000000,0.666667,-0.200000,0.000000,-0.000000,0.000000,-0.000000,2.151828,1.622943,1.887385,0.500000,0.500000
124912,Jonathan Jesus,ZAG,283,CRU,5,45,45,fora,287,VIT,2026-09-20 16:00:00,28,0.000000,0.000000,0.014971,0.074854,0.000000,0.000000,0.036176,0.043411,0.156663,0.125330,0.500395,0.250198,0.000000,0.000000,0.000000,-0.000000,1.305995,1.958993,0.000000,0.000000,0.000000,0.000000,0.000000,0.000000,0.000000,-0.000000,0.000000,-0.000000,0.277450,-0.277450,0.000000,-0.000000,1.000000,-0.300000,0.000000,-0.000000,0.000000,-0.000000,1.875335,1.816931,1.846133,0.500000,0.500000
130806,Kauan,ZAG,315,CHA,7,95,85,fora,282,CAM,2026-09-19 16:00:00,28,0.000000,0.000000,0.016340,0.081700,0.000000,0.000000,0.000000,0.000000,0.109802,0.087842,0.450000,0.225000,0.000000,0.000000,0.000000,-0.000000,0.957881,1.436821,0.000000,0.000000,0.000000,0.000000,0.000000,0.000000,0.041178,-0.123533,0.000000,-0.000000,0.166611,-0.166611,0.000000,-0.000000,0.333333,-0.100000,0.000000,-0.000000,0.000000,-0.000000,1.441219,2.202746,1.821982,0.500000,0.500000
97095,Carlos Cuesta,ZAG,267,VAS,7,95,85,casa,294,CFC,2026-09-19 20:30:00,28,0.000000,0.000000,0.033503,0.167516,0.000000,0.000000,0.103697,0.124437,0.044359,0.035487,0.067897,0.033948,0.000000,0.000000,0.000000,-0.000000,0.989280,1.483920,0.000000,0.000000,0.000000,0.000000,0.000000,0.000000,0.000232,-0.000695,0.000000,-0.000000,0.158935,-0.158935,0.000000,-0.000000,2.000000,-0.600000,0.074869,-0.074869,0.000000,-0.000000,1.010809,2.521407,1.766108,0.500000,0.500000
101393,Eduardo Doma,ZAG,315,CHA,7,95,85,fora,282,CAM,2026-09-19 16:00:00,28,0.000000,0.000000,0.024656,0.123278,0.000000,0.000000,0.026506,0.031807,0.055180,0.044144,0.007043,0.003522,0.000000,0.000000,0.000000,-0.000000,0.999804,1.499705,0.000000,0.000000,0.000000,0.000000,0.000000,0.000000,0.000000,-0.000000,0.000000,-0.000000,0.290111,-0.290111,0.000000,-0.000000,1.000000,-0.300000,0.000627,-0.000627,0.000000,-0.000000,1.111718,2.349365,1.730541,0.500000,0.500000
123869,Aguirre,ZAG,293,CAP,7,95,85,casa,265,BAH,2026-09-20 19:30:00,28,0.000000,0.000000,0.029323,0.146617,0.000000,0.000000,0.022081,0.026497,0.080508,0.064406,0.000522,0.000261,0.000000,0.000000,0.000000,-0.000000,1.191038,1.786556,0.000000,0.000000,0.000000,0.000000,0.000000,0.000000,0.000000,-0.000000,0.000000,-0.000000,0.343721,-0.343721,0.000000,-0.000000,1.666667,-0.500000,0.000000,-0.000000,0.000000,-0.000000,1.180616,2.238122,1.709369,0.500000,0.500000
71227,Maicon,ZAG,294,CFC,6,45,45,fora,267,VAS,2026-09-19 20:30:00,28,0.000000,0.000000,0.023675,0.118376,0.000000,0.000000,0.018001,0.021601,0.081345,0.065076,0.160144,0.080072,0.000000,0.000000,0.333333,-0.033333,0.898029,1.347043,0.000000,0.000000,0.000000,0.000000,0.000000,0.000000,0.000000,-0.000000,0.000000,-0.000000,0.094673,-0.094673,0.000000,-0.000000,0.333333,-0.100000,0.136125,-0.136125,0.000000,-0.000000,1.268037,2.102454,1.685245,0.500000,0.500000
94514,Lucas Oliveira,ZAG,2305,MIR,6,45,45,casa,263,BOT,2026-09-19 17:00:00,28,0.000000,0.000000,0.023586,0.117929,0.000000,0.000000,0.006287,0.007544,0.183296,0.146637,0.456851,0.228425,0.000000,0.000000,0.000000,-0.000000,0.982072,1.473109,0.000000,0.000000,0.000000,0.000000,0.000000,0.000000,0.000000,-0.000000,0.000000,-0.000000,0.240442,-0.240442,0.000000,-0.000000,0.666667,-0.200000,0.000000,-0.000000,0.000000,-0.000000,1.533202,1.804505,1.668854,0.500000,0.500000
69208,Gabriel Paulista,ZAG,264,COR,7,95,85,casa,266,FLU,2026-09-20 16:00:00,28,0.000000,0.000000,0.029074,0.145371,0.000000,0.000000,0.000000,0.000000,0.043090,0.034472,0.102304,0.051152,0.000000,0.000000,0.333333,-0.033333,1.182468,1.773702,0.000000,0.000000,0.000000,0.000000,0.000000,0.000000,0.000000,-0.000000,0.000000,-0.000000,0.173902,-0.173902,0.000000,-0.000000,0.333333,-0.100000,0.000000,-0.000000,0.000000,-0.000000,1.697462,1.606746,1.652104,0.500000,0.500000
98484,Kanu,ZAG,265,BAH,6,45,45,fora,293,CAP,2026-09-20 19:30:00,28,0.000000,0.000000,0.017224,0.086121,0.000000,0.000000,0.109051,0.130861,0.193873,0.155099,0.247500,0.123750,0.000000,0.000000,0.666667,-0.066667,0.779566,1.169348,0.000000,0.000000,0.000000,0.000000,0.000000,0.000000,0.000000,-0.000000,0.000000,-0.000000,0.092766,-0.092766,0.000000,-0.000000,1.000000,-0.300000,0.000000,-0.000000,0.000000,-0.000000,1.205746,2.083124,1.644435,0.500000,0.500000
132553,Jemmes,ZAG,266,FLU,5,45,45,fora,264,COR,2026-09-20 16:00:00,28,0.000000,0.000000,0.022129,0.110646,0.000000,0.000000,0.071156,0.085387,0.056463,0.045171,0.217773,0.108887,0.000000,0.000000,0.000000,-0.000000,1.075693,1.613539,0.000000,0.000000,0.000000,0.000000,0.000000,0.000000,0.000000,-0.000000,0.000000,-0.000000,0.150417,-0.150417,0.000000,-0.000000,0.666667,-0.200000,0.000000,-0.000000,0.000000,-0.000000,1.613212,1.674989,1.644101,0.500000,0.500000
101908,Willian Machado,ZAG,2305,MIR,7,95,85,casa,263,BOT,2026-09-19 17:00:00,28,0.000000,0.000000,0.029555,0.147774,0.000000,0.000000,0.211057,0.253268,0.132273,0.105818,0.151160,0.075580,0.000000,0.000000,0.000000,-0.000000,1.182175,1.773263,0.000000,0.000000,0.000000,0.000000,0.000000,0.000000,0.000000,-0.000000,0.000000,-0.000000,0.373786,-0.373786,0.000000,-0.000000,2.333333,-0.700000,0.000000,-0.000000,0.000000,-0.000000,1.281917,1.998532,1.640225,0.500000,0.500000
117061,Gabriel Knesowitsch,ZAG,2305,MIR,6,45,45,casa,263,BOT,2026-09-19 17:00:00,28,0.000000,0.000000,0.030591,0.152956,0.000000,0.000000,0.000000,0.000000,0.212153,0.169722,0.000000,0.000000,0.000000,0.000000,0.000000,-0.000000,0.859110,1.288664,0.000000,0.000000,0.000000,0.000000,0.000000,0.000000,0.000000,-0.000000,0.000000,-0.000000,0.069572,-0.069572,0.000000,-0.000000,1.000000,-0.300000,0.000000,-0.000000,0.000000,-0.000000,1.241771,1.872567,1.557169,0.500000,0.500000
125488,João Pedro,ZAG,264,COR,6,45,45,casa,266,FLU,2026-09-20 16:00:00,28,0.000000,0.000000,0.013558,0.067789,0.000000,0.000000,0.033432,0.040119,0.140957,0.112766,0.569869,0.284934,0.000000,0.000000,0.000000,-0.000000,0.914462,1.371693,0.000000,0.000000,0.000000,0.000000,0.000000,0.000000,0.000000,-0.000000,0.000000,-0.000000,0.172188,-0.172188,0.000000,-0.000000,0.000000,-0.000000,0.000000,-0.000000,0.000000,-0.000000,1.705113,1.397997,1.551555,0.500000,0.500000
150197,Osorio,ZAG,276,SAO,3,45,45,casa,285,INT,2026-09-19 21:00:00,28,0.000000,0.000000,0.042133,0.210664,0.000000,0.000000,0.139766,0.167720,0.267173,0.213738,0.210994,0.105497,0.000000,0.000000,0.000000,-0.000000,0.923846,1.385769,0.000000,0.000000,0.000000,0.000000,0.000000,0.000000,0.000000,-0.000000,0.333333,-1.000000,0.060796,-0.060796,0.000000,-0.000000,2.000000,-0.600000,0.000000,-0.000000,0.000000,-0.000000,0.422592,2.637472,1.530032,0.500000,0.500000
148124,Vinicius,ZAG,315,CHA,5,45,45,fora,282,CAM,2026-09-19 16:00:00,28,0.000000,0.000000,0.020235,0.101175,0.000000,0.000000,0.115897,0.139077,0.090453,0.072362,0.000000,0.000000,0.000000,0.000000,0.000000,-0.000000,0.839215,1.258822,0.000000,0.000000,0.000000,0.000000,0.000000,0.000000,0.000000,-0.000000,0.000000,-0.000000,0.143963,-0.143963,0.000000,-0.000000,0.500000,-0.150000,0.000000,-0.000000,0.000000,-0.000000,1.277473,1.757820,1.517647,0.500000,0.500000
111466,Victor Gabriel,ZAG,285,INT,3,45,45,fora,276,SAO,2026-09-19 21:00:00,28,0.000000,0.000000,0.020874,0.104370,0.000000,0.000000,0.235545,0.282654,0.183765,0.147012,0.190404,0.095202,0.000000,0.000000,0.000000,-0.000000,0.995103,1.492654,0.000000,0.000000,0.000000,0.000000,0.000000,0.000000,0.000000,-0.000000,0.333333,-1.000000,0.083085,-0.083085,0.000000,-0.000000,1.000000,-0.300000,0.247500,-0.247500,0.000000,-0.000000,0.491308,2.487324,1.489316,0.500000,0.500000
63354,Rodrigo Moledo,ZAG,294,CFC,6,45,45,fora,267,VAS,2026-09-19 20:30:00,28,0.000000,0.000000,0.005181,0.025905,0.000000,0.000000,0.066145,0.079374,0.116962,0.093569,0.397238,0.198619,0.000000,0.000000,0.000000,-0.000000,0.872720,1.309080,0.000000,0.000000,0.000000,0.000000,0.000000,0.000000,0.000000,-0.000000,0.000000,-0.000000,0.148656,-0.148656,0.000000,-0.000000,0.333333,-0.100000,0.000000,-0.000000,0.000000,-0.000000,1.457891,1.501386,1.479638,0.500000,0.500000
90768,Fabrício Bruno,ZAG,283,CRU,7,95,85,fora,287,VIT,2026-09-20 16:00:00,28,0.000000,0.000000,0.027473,0.137367,0.000000,0.000000,0.174710,0.209652,0.129935,0.103948,0.248219,0.124110,0.000000,0.000000,0.000000,-0.000000,1.096178,1.644267,0.000000,0.000000,0.000000,0.000000,0.000000,0.000000,0.450000,-1.350000,0.000000,-0.000000,0.250724,-0.250724,0.000000,-0.000000,1.666667,-0.500000,0.002072,-0.002072,0.000000,-0.000000,0.116546,2.426806,1.271676,0.500000,0.500000
149993,Iago Machado,ZAG,264,COR,6,45,45,casa,266,FLU,2026-09-20 16:00:00,28,0.000000,0.000000,0.026412,0.132061,0.000000,0.000000,0.017819,0.021383,0.090844,0.072675,0.000000,0.000000,0.000000,0.000000,0.000000,-0.000000,0.812772,1.219158,0.000000,0.000000,0.000000,0.000000,0.000000,0.000000,0.000000,-0.000000,0.000000,-0.000000,0.200691,-0.200691,0.000000,-0.000000,0.000000,-0.000000,0.000000,-0.000000,0.000000,-0.000000,1.244586,0.994395,1.119490,0.500000,0.500000
83048,Rafael Thyere,ZAG,315,CHA,6,45,45,fora,282,CAM,2026-09-19 16:00:00,28,0.000000,0.000000,0.021204,0.106020,0.000000,0.000000,0.017603,0.021124,0.085022,0.068017,0.000000,0.000000,0.000000,0.000000,0.000000,-0.000000,0.892072,1.338108,0.000000,0.000000,0.000000,0.000000,0.000000,0.000000,0.450000,-1.350000,0.000000,-0.000000,0.057034,-0.057034,0.000000,-0.000000,0.333333,-0.100000,0.000000,-0.000000,0.000000,-0.000000,0.026236,1.824768,0.925502,0.500000,0.500000
