atleta_id,apelido,posicao,clube_id,sigla_clube,status_id,titularidade_pre_rodada,minutos_esperados_pre_rodada,mando,adversario_id,sigla_adversario,data_partida,rodada,scout_esperado_G,contrib_pontos_G,scout_esperado_A,contrib_pontos_A,scout_esperado_FT,contrib_pontos_FT,scout_esperado_FD,contrib_pontos_FD,scout_esperado_FF,contrib_pontos_FF,scout_esperado_FS,contrib_pontos_FS,scout_esperado_PS,contrib_pontos_PS,scout_esperado_I,contrib_pontos_I,scout_esperado_DS,contrib_pontos_DS,scout_esperado_SG,contrib_pontos_SG,scout_esperado_DP,contrib_pontos_DP,scout_esperado_DE,contrib_pontos_DE,scout_esperado_GC,contrib_pontos_GC,scout_esperado_CV,contrib_pontos_CV,scout_esperado_CA,contrib_pontos_CA,scout_esperado_GS,contrib_pontos_GS,scout_esperado_FC,contrib_pontos_FC,scout_esperado_PC,contrib_pontos_PC,scout_esperado_PP,contrib_pontos_PP,v3s_expected_scouts,direta_rf_lab,v3h_hibrido,alpha_v3s,alpha_rf_direto
39148,Hulk,ATA,266,FLU,7,95,85,casa,294,CFC,2026-10-08 21:30:00,29,1.159040,9.272319,0.333333,1.666667,0.000000,0.000000,1.333333,1.600000,0.557036,0.445629,3.715990,1.857995,0.000000,0.000000,0.486428,-0.048643,0.599458,0.899186,0.000000,0.000000,0.000000,0.000000,0.000000,0.000000,0.000000,-0.000000,0.000000,-0.000000,0.222725,-0.222725,0.000000,-0.000000,0.612876,-0.183863,0.000000,-0.000000,0.000000,-0.000000,15.286564,7.066763,11.176663,0.500000,0.500000
98873,Samuel Lino,ATA,262,FLA,7,95,85,fora,277,SAN,2026-10-08 19:30:00,29,0.577533,4.620267,0.000000,0.000000,0.333333,1.000000,1.000000,1.200000,2.047152,1.637722,2.010940,1.005470,0.000000,0.000000,0.177410,-0.017741,2.589907,3.884860,0.000000,0.000000,0.000000,0.000000,0.000000,0.000000,0.000000,-0.000000,0.000000,-0.000000,0.069221,-0.069221,0.000000,-0.000000,1.468637,-0.440591,0.000000,-0.000000,0.000000,-0.000000,12.820765,7.376342,10.098554,0.500000,0.500000
132264,Arroyo,ATA,283,CRU,7,95,85,casa,276,SAO,2026-10-07 21:30:00,29,0.527568,4.220545,0.666667,3.333333,0.000000,0.000000,0.666667,0.800000,1.112544,0.890035,0.630829,0.315415,0.000000,0.000000,0.000658,-0.000066,1.354063,2.031095,0.000000,0.000000,0.000000,0.000000,0.000000,0.000000,0.000000,-0.000000,0.000000,-0.000000,0.144165,-0.144165,0.000000,-0.000000,1.013078,-0.303923,0.000000,-0.000000,0.000000,-0.000000,11.142268,6.879042,9.010655,0.500000,0.500000
130209,Renê,ATA,287,VIT,7,95,85,casa,315,CHA,2026-10-07 20:00:00,29,1.084976,8.679808,0.000000,0.000000,0.000000,0.000000,1.000000,1.200000,0.534540,0.427632,1.782712,0.891356,0.000000,0.000000,0.833682,-0.083368,0.680836,1.021254,0.000000,0.000000,0.000000,0.000000,0.000000,0.000000,0.000000,-0.000000,0.000000,-0.000000,0.281300,-0.281300,0.000000,-0.000000,1.530420,-0.459126,0.000000,-0.000000,0.000000,-0.000000,11.396255,6.357009,8.876632,0.500000,0.500000
83257,Gabriel,ATA,277,SAN,7,95,85,casa,262,FLA,2026-10-08 19:30:00,29,1.000941,8.007529,0.333333,1.666667,0.000000,0.000000,0.333333,0.400000,0.940688,0.752550,0.258579,0.129290,0.333333,0.333333,1.557542,-0.155754,0.019528,0.029293,0.000000,0.000000,0.000000,0.000000,0.000000,0.000000,0.000000,-0.000000,0.000000,-0.000000,0.114867,-0.114867,0.000000,-0.000000,0.019218,-0.005765,0.000000,-0.000000,0.000000,-0.000000,11.042276,6.431746,8.737011,0.500000,0.500000
98909,Cuello,ATA,282,CAM,7,95,85,fora,293,CAP,2026-10-08 20:00:00,29,0.397351,3.178811,0.333333,1.666667,0.000000,0.000000,0.666667,0.800000,2.522855,2.018284,1.004310,0.502155,0.000000,0.000000,0.769709,-0.076971,1.079137,1.618706,0.000000,0.000000,0.000000,0.000000,0.000000,0.000000,0.000000,-0.000000,0.003571,-0.010714,0.226823,-0.226823,0.000000,-0.000000,1.364435,-0.409330,0.000000,-0.000000,0.000000,-0.000000,9.060783,7.304677,8.182730,0.500000,0.500000
114802,Vitor Roque,ATA,275,PAL,7,95,85,casa,265,BAH,2026-10-08 21:30:00,29,0.289340,2.314718,0.000000,0.000000,0.666667,2.000000,1.000000,1.200000,0.449426,0.359541,3.111549,1.555774,0.000000,0.000000,0.249781,-0.024978,1.167630,1.751446,0.000000,0.000000,0.000000,0.000000,0.000000,0.000000,0.000000,-0.000000,0.002778,-0.008333,0.116456,-0.116456,0.000000,-0.000000,0.979713,-0.293914,0.000000,-0.000000,0.000000,-0.000000,8.737798,7.413500,8.075649,0.500000,0.500000
132071,Serna,ATA,266,FLU,7,95,85,casa,294,CFC,2026-10-08 21:30:00,29,0.514453,4.115620,0.333333,1.666667,0.000000,0.000000,1.000000,1.200000,0.452920,0.362336,0.086647,0.043323,0.000000,0.000000,0.048980,-0.004898,1.663502,2.495252,0.000000,0.000000,0.000000,0.000000,0.000000,0.000000,0.000000,-0.000000,0.000000,-0.000000,0.223990,-0.223990,0.000000,-0.000000,0.805568,-0.241670,0.000000,-0.000000,0.000000,-0.000000,9.412640,6.491195,7.951918,0.500000,0.500000
138941,Bruno Duarte,ATA,267,VAS,7,95,85,fora,263,BOT,2026-10-07 20:30:00,29,0.450000,3.600000,0.333333,1.666667,0.333333,1.000000,0.000000,0.000000,0.000000,0.000000,0.450000,0.225000,0.000000,0.000000,0.000000,-0.000000,2.202500,3.303750,0.000000,0.000000,0.000000,0.000000,0.000000,0.000000,0.000000,-0.000000,0.000000,-0.000000,0.201353,-0.201353,0.000000,-0.000000,0.697500,-0.209250,0.000000,-0.000000,0.000000,-0.000000,9.384814,5.626295,7.505554,0.500000,0.500000
114323,Colidio,ATA,267,VAS,7,95,85,fora,263,BOT,2026-10-07 20:30:00,29,0.738678,5.909422,0.000000,0.000000,0.000000,0.000000,1.333333,1.600000,1.361388,1.089111,2.038104,1.019052,0.000000,0.000000,0.247500,-0.024750,0.458494,0.687741,0.000000,0.000000,0.000000,0.000000,0.000000,0.000000,0.000000,-0.000000,0.000000,-0.000000,0.226661,-0.226661,0.000000,-0.000000,1.656322,-0.496897,0.000000,-0.000000,0.000000,-0.000000,9.557018,5.163260,7.360139,0.500000,0.500000
80287,Luciano,ATA,276,SAO,7,95,85,fora,283,CRU,2026-10-07 21:30:00,29,0.390450,3.123602,0.000000,0.000000,0.000000,0.000000,0.333333,0.400000,1.090867,0.872694,0.987688,0.493844,0.666667,0.666667,0.308687,-0.030869,1.761629,2.642444,0.000000,0.000000,0.000000,0.000000,0.000000,0.000000,0.000000,-0.000000,0.002778,-0.008333,0.201296,-0.201296,0.000000,-0.000000,0.518637,-0.155591,0.000000,-0.000000,0.000000,-0.000000,7.803161,6.765382,7.284272,0.500000,0.500000
91607,R. Rústico,ATA,277,SAN,7,95,85,casa,262,FLA,2026-10-08 19:30:00,29,0.450000,3.600000,0.000000,0.000000,0.000000,0.000000,0.333333,0.400000,0.997744,0.798195,0.552148,0.276074,0.000000,0.000000,0.654649,-0.065465,2.602199,3.903298,0.000000,0.000000,0.000000,0.000000,0.000000,0.000000,0.000000,-0.000000,0.004876,-0.014627,0.056151,-0.056151,0.000000,-0.000000,1.816368,-0.544910,0.000000,-0.000000,0.000000,-0.000000,8.296414,6.051749,7.174082,0.500000,0.500000
116706,Andrés Gómez,ATA,267,VAS,3,45,45,fora,263,BOT,2026-10-07 20:30:00,29,0.466759,3.734070,0.333333,1.666667,0.000000,0.000000,0.333333,0.400000,0.375169,0.300135,0.541376,0.270688,0.000000,0.000000,0.002459,-0.000246,1.857519,2.786278,0.000000,0.000000,0.000000,0.000000,0.000000,0.000000,0.000000,-0.000000,0.000000,-0.000000,0.266383,-0.266383,0.000000,-0.000000,0.424513,-0.127354,0.000000,-0.000000,0.000000,-0.000000,8.763856,5.175910,6.969883,0.500000,0.500000
95332,Marcinho,ATA,315,CHA,7,95,85,fora,287,VIT,2026-10-07 20:00:00,29,0.301806,2.414449,0.333333,1.666667,0.000000,0.000000,0.333333,0.400000,0.443581,0.354865,1.004400,0.502200,0.000000,0.000000,0.022657,-0.002266,1.777002,2.665503,0.000000,0.000000,0.000000,0.000000,0.000000,0.000000,0.000000,-0.000000,0.000000,-0.000000,0.118470,-0.118470,0.000000,-0.000000,1.089322,-0.326797,0.000000,-0.000000,0.000000,-0.000000,7.556152,5.986785,6.771468,0.500000,0.500000
110759,John Kennedy,ATA,266,FLU,5,45,45,casa,294,CFC,2026-10-08 21:30:00,29,0.702340,5.618724,0.000000,0.000000,0.000000,0.000000,0.000000,0.000000,0.577162,0.461730,0.841065,0.420533,0.000000,0.000000,0.000690,-0.000069,0.991613,1.487419,0.000000,0.000000,0.000000,0.000000,0.000000,0.000000,0.000000,-0.000000,0.002747,-0.008242,0.128851,-0.128851,0.000000,-0.000000,0.652103,-0.195631,0.000000,-0.000000,0.000000,-0.000000,7.655613,5.672991,6.664302,0.500000,0.500000
143193,Viveros,ATA,293,CAP,7,95,85,casa,282,CAM,2026-10-08 20:00:00,29,0.623297,4.986377,0.000000,0.000000,0.000000,0.000000,1.666667,2.000000,0.585788,0.468630,2.958427,1.479214,0.333333,0.333333,1.997537,-0.199754,0.012803,0.019205,0.000000,0.000000,0.000000,0.000000,0.000000,0.000000,0.000000,-0.000000,0.000000,-0.000000,0.207371,-0.207371,0.000000,-0.000000,2.376007,-0.712802,0.000000,-0.000000,0.000000,-0.000000,8.166832,5.139767,6.653299,0.500000,0.500000
104204,Edson Carioca,ATA,2305,MIR,7,95,85,fora,280,RBB,2026-10-07 19:30:00,29,0.249572,1.996579,0.000000,0.000000,0.333333,1.000000,0.333333,0.400000,0.255652,0.204521,0.305991,0.152996,0.000000,0.000000,0.012456,-0.001246,2.387020,3.580529,0.000000,0.000000,0.000000,0.000000,0.000000,0.000000,0.000000,-0.000000,0.005249,-0.015747,0.053024,-0.053024,0.000000,-0.000000,1.064361,-0.319308,0.000000,-0.000000,0.000000,-0.000000,6.945301,5.863445,6.404373,0.500000,0.500000
112886,Lucas Barbosa,ATA,280,RBB,7,95,85,casa,2305,MIR,2026-10-07 19:30:00,29,0.138873,1.110986,0.000000,0.000000,0.666667,2.000000,0.666667,0.800000,0.670639,0.536511,1.847670,0.923835,0.000000,0.000000,0.020293,-0.002029,1.384492,2.076738,0.000000,0.000000,0.000000,0.000000,0.000000,0.000000,0.000000,-0.000000,0.012778,-0.038333,0.169971,-0.169971,0.000000,-0.000000,1.057934,-0.317380,0.000000,-0.000000,0.000000,-0.000000,6.920357,5.820842,6.370599,0.500000,0.500000
90302,Pedro Rocha,ATA,294,CFC,7,95,85,fora,266,FLU,2026-10-08 21:30:00,29,0.481594,3.852752,0.000000,0.000000,0.333333,1.000000,1.333333,1.600000,0.525621,0.420497,1.089903,0.544952,0.000000,0.000000,0.714811,-0.071481,0.605281,0.907922,0.000000,0.000000,0.000000,0.000000,0.000000,0.000000,0.000000,-0.000000,0.002778,-0.008333,0.071476,-0.071476,0.000000,-0.000000,0.889112,-0.266734,0.000000,-0.000000,0.000000,-0.000000,7.908098,4.662046,6.285072,0.500000,0.500000
113103,Flaco López,ATA,275,PAL,7,95,85,casa,265,BAH,2026-10-08 21:30:00,29,0.087104,0.696833,0.000000,0.000000,0.000000,0.000000,1.333333,1.600000,1.449570,1.159656,2.611867,1.305933,0.000000,0.000000,0.010438,-0.001044,1.032324,1.548487,0.000000,0.000000,0.000000,0.000000,0.000000,0.000000,0.000000,-0.000000,0.007738,-0.023214,0.019873,-0.019873,0.000000,-0.000000,2.180535,-0.654161,0.000000,-0.000000,0.000000,-0.000000,5.612617,6.643204,6.127910,0.500000,0.500000
94583,Pedro,ATA,262,FLA,7,95,85,fora,277,SAN,2026-10-08 19:30:00,29,0.542367,4.338940,0.000000,0.000000,0.000000,0.000000,1.666667,2.000000,0.399087,0.319270,0.505853,0.252926,0.000000,0.000000,0.586203,-0.058620,0.753623,1.130435,0.000000,0.000000,0.000000,0.000000,0.000000,0.000000,0.000000,-0.000000,0.000000,-0.000000,0.248787,-0.248787,0.000000,-0.000000,0.312992,-0.093897,0.000000,-0.000000,0.000000,-0.000000,7.640266,4.440783,6.040525,0.500000,0.500000
109401,Erick Pulga,ATA,265,BAH,7,95,85,fora,275,PAL,2026-10-08 21:30:00,29,0.600877,4.807019,0.000000,0.000000,0.333333,1.000000,0.333333,0.400000,0.777300,0.621840,0.942617,0.471308,0.000000,0.000000,0.465935,-0.046593,0.684357,1.026536,0.000000,0.000000,0.000000,0.000000,0.000000,0.000000,0.000000,-0.000000,0.009821,-0.029464,0.056650,-0.056650,0.000000,-0.000000,0.776230,-0.232869,0.000000,-0.000000,0.000000,-0.000000,7.961127,3.996107,5.978617,0.500000,0.500000
103967,Bruno Santos,ATA,2305,MIR,7,95,85,fora,280,RBB,2026-10-07 19:30:00,29,0.383625,3.069000,0.000000,0.000000,0.666667,2.000000,0.000000,0.000000,1.075803,0.860642,1.711358,0.855679,0.000000,0.000000,0.484652,-0.048465,0.363547,0.545320,0.000000,0.000000,0.000000,0.000000,0.000000,0.000000,0.000000,-0.000000,0.000000,-0.000000,0.128372,-0.128372,0.000000,-0.000000,0.780181,-0.234054,0.000000,-0.000000,0.000000,-0.000000,6.919750,4.997619,5.958684,0.500000,0.500000
107989,Carbonero,ATA,285,INT,7,95,85,casa,264,COR,2026-10-07 19:30:00,29,0.273581,2.188650,0.333333,1.666667,0.000000,0.000000,0.666667,0.800000,0.207857,0.166286,2.641881,1.320940,0.000000,0.000000,0.490873,-0.049087,0.029928,0.044892,0.000000,0.000000,0.000000,0.000000,0.000000,0.000000,0.000000,-0.000000,0.000000,-0.000000,0.138884,-0.138884,0.000000,-0.000000,0.694002,-0.208201,0.000000,-0.000000,0.000000,-0.000000,5.791263,5.691593,5.741428,0.500000,0.500000
92811,Bruno Rodrigues,ATA,283,CRU,6,45,45,casa,276,SAO,2026-10-07 21:30:00,29,0.450000,3.600000,0.333333,1.666667,0.000000,0.000000,0.333333,0.400000,0.048029,0.038423,0.202251,0.101126,0.000000,0.000000,1.503506,-0.150351,1.000016,1.500025,0.000000,0.000000,0.000000,0.000000,0.000000,0.000000,0.000000,-0.000000,0.025000,-0.075000,0.117955,-0.117955,0.000000,-0.000000,0.609898,-0.182969,0.000000,-0.000000,0.000000,-0.000000,6.779965,4.643650,5.711808,0.500000,0.500000
91908,Pavón,ATA,284,GRE,7,95,85,fora,364,REM,2026-10-07 19:30:00,29,0.158773,1.270182,0.333333,1.666667,0.000000,0.000000,1.000000,1.200000,0.007202,0.005762,0.721473,0.360736,0.000000,0.000000,0.065592,-0.006559,0.541680,0.812520,0.000000,0.000000,0.000000,0.000000,0.000000,0.000000,0.000000,-0.000000,0.000000,-0.000000,0.187684,-0.187684,0.000000,-0.000000,0.505629,-0.151689,0.000000,-0.000000,0.000000,-0.000000,4.969935,6.316271,5.643103,0.500000,0.500000
108131,Garcez,ATA,315,CHA,7,95,85,fora,287,VIT,2026-10-07 20:00:00,29,0.322369,2.578950,0.000000,0.000000,0.000000,0.000000,0.000000,0.000000,1.702329,1.361863,1.344128,0.672064,0.000000,0.000000,0.138197,-0.013820,1.569979,2.354969,0.000000,0.000000,0.000000,0.000000,0.000000,0.000000,0.000000,-0.000000,0.007639,-0.022917,0.232095,-0.232095,0.000000,-0.000000,0.489654,-0.146896,0.000000,-0.000000,0.000000,-0.000000,6.552118,4.518266,5.535192,0.500000,0.500000
109096,Plata,ATA,262,FLA,6,45,45,fora,277,SAN,2026-10-08 19:30:00,29,0.002304,0.018434,0.000000,0.000000,0.000000,0.000000,0.666667,0.800000,0.410834,0.328667,0.141122,0.070561,0.000000,0.000000,0.000000,-0.000000,3.769529,5.654294,0.000000,0.000000,0.000000,0.000000,0.000000,0.000000,0.000000,-0.000000,0.003571,-0.010714,0.242574,-0.242574,0.000000,-0.000000,0.053717,-0.016115,0.000000,-0.000000,0.000000,-0.000000,6.602552,4.428845,5.515699,0.500000,0.500000
103445,Kaio Jorge,ATA,283,CRU,7,95,85,casa,276,SAO,2026-10-07 21:30:00,29,0.164999,1.319993,0.333333,1.666667,0.000000,0.000000,0.333333,0.400000,0.411577,0.329261,1.101362,0.550681,0.333333,0.333333,0.004430,-0.000443,0.211741,0.317611,0.000000,0.000000,0.000000,0.000000,0.000000,0.000000,0.000000,-0.000000,0.000000,-0.000000,0.095315,-0.095315,0.000000,-0.000000,0.249854,-0.074956,0.000000,-0.000000,0.000000,-0.000000,4.746832,5.583118,5.164975,0.500000,0.500000
101960,Vitinho,ATA,285,INT,7,95,85,casa,264,COR,2026-10-07 19:30:00,29,0.081720,0.653758,0.000000,0.000000,0.000000,0.000000,0.000000,0.000000,0.753854,0.603084,1.740173,0.870086,0.333333,0.333333,0.044946,-0.004495,1.800023,2.700035,0.000000,0.000000,0.000000,0.000000,0.000000,0.000000,0.000000,-0.000000,0.000000,-0.000000,0.104873,-0.104873,0.000000,-0.000000,0.969570,-0.290871,0.000000,-0.000000,0.000000,-0.000000,4.760057,5.320709,5.040383,0.500000,0.500000
95799,Artur,ATA,276,SAO,7,95,85,fora,283,CRU,2026-10-07 21:30:00,29,0.007199,0.057594,0.333333,1.666667,0.000000,0.000000,0.000000,0.000000,0.865474,0.692379,1.580504,0.790252,0.000000,0.000000,0.000017,-0.000002,1.049861,1.574791,0.000000,0.000000,0.000000,0.000000,0.000000,0.000000,0.000000,-0.000000,0.000000,-0.000000,0.125386,-0.125386,0.000000,-0.000000,0.239158,-0.071747,0.000000,-0.000000,0.000000,-0.000000,4.584548,5.490608,5.037578,0.500000,0.500000
127871,Vargas,ATA,293,CAP,6,45,45,casa,282,CAM,2026-10-08 20:00:00,29,0.041178,0.329423,0.666667,3.333333,0.000000,0.000000,0.333333,0.400000,0.116047,0.092837,1.227040,0.613520,0.000000,0.000000,0.900000,-0.090000,0.272250,0.408375,0.000000,0.000000,0.000000,0.000000,0.000000,0.000000,0.000000,-0.000000,0.031002,-0.093006,0.149945,-0.149945,0.000000,-0.000000,0.247500,-0.074250,0.000000,-0.000000,0.000000,-0.000000,4.770287,4.983628,4.876958,0.500000,0.500000
117314,Thiago Borbas,ATA,282,CAM,6,45,45,fora,293,CAP,2026-10-08 20:00:00,29,0.450000,3.600000,0.000000,0.000000,0.000000,0.000000,0.000000,0.000000,0.697500,0.558000,1.687500,0.843750,0.000000,0.000000,0.000000,-0.000000,0.247500,0.371250,0.000000,0.000000,0.000000,0.000000,0.000000,0.000000,0.000000,-0.000000,0.000000,-0.000000,0.107396,-0.107396,0.000000,-0.000000,1.045000,-0.313500,0.000000,-0.000000,0.000000,-0.000000,4.952104,4.640725,4.796415,0.500000,0.500000
90031,Mendoza,ATA,293,CAP,7,95,85,casa,282,CAM,2026-10-08 20:00:00,29,0.000664,0.005308,0.333333,1.666667,0.000000,0.000000,0.333333,0.400000,1.234665,0.987732,0.463226,0.231613,0.000000,0.000000,0.050101,-0.005010,1.296327,1.944491,0.000000,0.000000,0.000000,0.000000,0.000000,0.000000,0.000000,-0.000000,0.000000,-0.000000,0.111832,-0.111832,0.000000,-0.000000,0.035684,-0.010705,0.000000,-0.000000,0.000000,-0.000000,5.108264,4.481095,4.794680,0.500000,0.500000
102928,Canobbio,ATA,266,FLU,3,45,45,casa,294,CFC,2026-10-08 21:30:00,29,0.077134,0.617075,0.000000,0.000000,0.000000,0.000000,0.000000,0.000000,0.030300,0.024240,1.895489,0.947744,0.000000,0.000000,0.177320,-0.017732,1.538190,2.307285,0.000000,0.000000,0.000000,0.000000,0.000000,0.000000,0.000000,-0.000000,0.000000,-0.000000,0.108094,-0.108094,0.000000,-0.000000,2.468902,-0.740670,0.000000,-0.000000,0.000000,-0.000000,3.029848,6.490772,4.760310,0.500000,0.500000
87258,Soteldo,ATA,266,FLU,7,95,85,casa,294,CFC,2026-10-08 21:30:00,29,0.000000,0.000000,0.666667,3.333333,0.000000,0.000000,0.000000,0.000000,0.203368,0.162694,1.224365,0.612183,0.000000,0.000000,0.000190,-0.000019,0.370030,0.555045,0.000000,0.000000,0.000000,0.000000,0.000000,0.000000,0.000000,-0.000000,0.002778,-0.008333,0.089795,-0.089795,0.000000,-0.000000,0.150364,-0.045109,0.000000,-0.000000,0.000000,-0.000000,4.520000,4.919669,4.719834,0.500000,0.500000
95131,Gabriel Taliari,ATA,364,REM,7,95,85,casa,284,GRE,2026-10-07 19:30:00,29,0.013805,0.110438,0.000000,0.000000,0.000000,0.000000,0.666667,0.800000,0.835086,0.668069,1.618075,0.809037,0.333333,0.333333,0.117480,-0.011748,1.796914,2.695371,0.000000,0.000000,0.000000,0.000000,0.000000,0.000000,0.000000,-0.000000,0.000000,-0.000000,0.119260,-0.119260,0.000000,-0.000000,0.905807,-0.271742,0.000000,-0.000000,0.000000,-0.000000,5.013498,4.319178,4.666338,0.500000,0.500000
118844,Kaio César,ATA,264,COR,7,95,85,fora,285,INT,2026-10-07 19:30:00,29,0.003212,0.025698,0.333333,1.666667,0.000000,0.000000,0.333333,0.400000,0.675958,0.540767,4.655771,2.327886,0.000000,0.000000,0.000127,-0.000013,1.098754,1.648130,0.000000,0.000000,0.000000,0.000000,0.000000,0.000000,0.000000,-0.000000,0.014393,-0.043179,0.094784,-0.094784,0.000000,-0.000000,0.606602,-0.181981,0.000000,-0.000000,0.000000,-0.000000,6.289191,2.970132,4.629661,0.500000,0.500000
89840,Calleri,ATA,276,SAO,7,95,85,fora,283,CRU,2026-10-07 21:30:00,29,0.472973,3.783785,0.000000,0.000000,0.000000,0.000000,0.000000,0.000000,0.162256,0.129805,1.602504,0.801252,0.000000,0.000000,0.454422,-0.045442,0.787173,1.180760,0.000000,0.000000,0.000000,0.000000,0.000000,0.000000,0.000000,-0.000000,0.000000,-0.000000,0.058708,-0.058708,0.000000,-0.000000,0.982386,-0.294716,0.000000,-0.000000,0.000000,-0.000000,5.496736,3.618297,4.557516,0.500000,0.500000
97810,Erick,ATA,287,VIT,7,95,85,casa,315,CHA,2026-10-07 20:00:00,29,0.075501,0.604007,0.333333,1.666667,0.000000,0.000000,0.333333,0.400000,0.624146,0.499317,1.700021,0.850010,0.000000,0.000000,0.041180,-0.004118,0.904175,1.356263,0.000000,0.000000,0.000000,0.000000,0.000000,0.000000,0.000000,-0.000000,0.000000,-0.000000,0.128540,-0.128540,0.000000,-0.000000,1.588661,-0.476598,0.000000,-0.000000,0.000000,-0.000000,4.767008,4.275445,4.521226,0.500000,0.500000
97321,Alesson,ATA,2305,MIR,7,95,85,fora,280,RBB,2026-10-07 19:30:00,29,0.000000,0.000000,0.000000,0.000000,0.000000,0.000000,0.333333,0.400000,0.852646,0.682117,2.168296,1.084148,0.000000,0.000000,0.089307,-0.008931,1.562567,2.343851,0.000000,0.000000,0.000000,0.000000,0.000000,0.000000,0.000000,-0.000000,0.000000,-0.000000,0.081840,-0.081840,0.000000,-0.000000,1.978257,-0.593477,0.000000,-0.000000,0.000000,-0.000000,3.825868,5.155220,4.490544,0.500000,0.500000
99818,Paulinho,ATA,275,PAL,5,45,45,casa,265,BAH,2026-10-08 21:30:00,29,0.383625,3.069000,0.000000,0.000000,0.000000,0.000000,0.000000,0.000000,0.974869,0.779895,0.797119,0.398559,0.000000,0.000000,0.050328,-0.005033,0.450000,0.675000,0.000000,0.000000,0.000000,0.000000,0.000000,0.000000,0.000000,-0.000000,0.000000,-0.000000,0.107930,-0.107930,0.000000,-0.000000,0.450000,-0.135000,0.000000,-0.000000,0.000000,-0.000000,4.674491,4.283457,4.478974,0.500000,0.500000
147883,João Vitor,ATA,267,VAS,6,45,45,fora,263,BOT,2026-10-07 20:30:00,29,0.000000,0.000000,0.000000,0.000000,0.000000,0.000000,0.000000,0.000000,0.000000,0.000000,0.247500,0.123750,0.000000,0.000000,0.000000,-0.000000,3.397500,5.096250,0.000000,0.000000,0.000000,0.000000,0.000000,0.000000,0.000000,-0.000000,0.003125,-0.009375,0.075921,-0.075921,0.000000,-0.000000,0.000000,-0.000000,0.000000,-0.000000,0.000000,-0.000000,5.134704,3.714674,4.424689,0.500000,0.500000
113397,Cristian Olivera,ATA,265,BAH,7,95,85,fora,275,PAL,2026-10-08 21:30:00,29,0.000010,0.000076,0.333333,1.666667,0.000000,0.000000,1.000000,1.200000,0.177287,0.141829,0.902378,0.451189,0.000000,0.000000,0.076790,-0.007679,1.360172,2.040258,0.000000,0.000000,0.000000,0.000000,0.000000,0.000000,0.000000,-0.000000,0.000000,-0.000000,0.053873,-0.053873,0.000000,-0.000000,0.955434,-0.286630,0.000000,-0.000000,0.000000,-0.000000,5.151838,3.594112,4.372975,0.500000,0.500000
105089,Tetê,ATA,284,GRE,6,45,45,fora,364,REM,2026-10-07 19:30:00,29,0.006861,0.054884,0.000000,0.000000,0.000000,0.000000,0.666667,0.800000,0.831199,0.664959,0.799897,0.399948,0.000000,0.000000,0.022648,-0.002265,1.644209,2.466314,0.000000,0.000000,0.000000,0.000000,0.000000,0.000000,0.000000,-0.000000,0.003125,-0.009375,0.098443,-0.098443,0.000000,-0.000000,0.401597,-0.120479,0.000000,-0.000000,0.000000,-0.000000,4.155544,4.578842,4.367193,0.500000,0.500000
123648,Lucas Ronier,ATA,294,CFC,5,45,45,fora,266,FLU,2026-10-08 21:30:00,29,0.000190,0.001517,0.000000,0.000000,0.000000,0.000000,0.666667,0.800000,0.637960,0.510368,4.776971,2.388486,0.000000,0.000000,0.012456,-0.001246,1.272059,1.908089,0.000000,0.000000,0.000000,0.000000,0.000000,0.000000,0.000000,-0.000000,0.000000,-0.000000,0.142058,-0.142058,0.000000,-0.000000,0.406254,-0.121876,0.000000,-0.000000,0.000000,-0.000000,5.343280,3.383608,4.363444,0.500000,0.500000
100695,Fernando,ATA,280,RBB,7,95,85,casa,2305,MIR,2026-10-07 19:30:00,29,0.109973,0.879783,0.000000,0.000000,0.000000,0.000000,0.000000,0.000000,1.636128,1.308903,1.139868,0.569934,0.000000,0.000000,0.082860,-0.008286,1.452376,2.178565,0.000000,0.000000,0.000000,0.000000,0.000000,0.000000,0.000000,-0.000000,0.000000,-0.000000,0.117755,-0.117755,0.000000,-0.000000,0.641607,-0.192482,0.000000,-0.000000,0.000000,-0.000000,4.618661,4.078265,4.348463,0.500000,0.500000
98384,Negueba,ATA,2305,MIR,5,45,45,fora,280,RBB,2026-10-07 19:30:00,29,0.022648,0.181182,0.000000,0.000000,0.000000,0.000000,0.333333,0.400000,0.616375,0.493100,3.173643,1.586822,0.000000,0.000000,0.000000,-0.000000,1.464088,2.196132,0.000000,0.000000,0.000000,0.000000,0.000000,0.000000,0.000000,-0.000000,0.016132,-0.048396,0.076787,-0.076787,0.000000,-0.000000,1.245017,-0.373505,0.000000,-0.000000,0.000000,-0.000000,4.358548,4.138068,4.248308,0.500000,0.500000
105048,Jajá,ATA,364,REM,5,45,45,casa,284,GRE,2026-10-07 19:30:00,29,0.196244,1.569950,0.000000,0.000000,0.000000,0.000000,0.000000,0.000000,0.047202,0.037761,0.612754,0.306377,0.000000,0.000000,1.156616,-0.115662,1.129671,1.694507,0.000000,0.000000,0.000000,0.000000,0.000000,0.000000,0.000000,-0.000000,0.000000,-0.000000,0.091770,-0.091770,0.000000,-0.000000,0.992325,-0.297697,0.000000,-0.000000,0.000000,-0.000000,3.103466,5.302157,4.202812,0.500000,0.500000
95362,Cassierra,ATA,282,CAM,7,95,85,fora,293,CAP,2026-10-08 20:00:00,29,0.453212,3.625698,0.000000,0.000000,0.000000,0.000000,0.333333,0.400000,0.166894,0.133515,0.535351,0.267676,0.000000,0.000000,0.011681,-0.001168,0.452699,0.679049,0.000000,0.000000,0.000000,0.000000,0.000000,0.000000,0.000000,-0.000000,0.002778,-0.008333,0.138520,-0.138520,0.000000,-0.000000,0.090222,-0.027067,0.000000,-0.000000,0.000000,-0.000000,4.930850,3.408104,4.169477,0.500000,0.500000
93988,Breno Lopes,ATA,294,CFC,6,45,45,fora,266,FLU,2026-10-08 21:30:00,29,0.004894,0.039151,0.000000,0.000000,0.000000,0.000000,0.333333,0.400000,0.548281,0.438625,0.985928,0.492964,0.000000,0.000000,0.668444,-0.066844,1.014168,1.521252,0.000000,0.000000,0.000000,0.000000,0.000000,0.000000,0.000000,-0.000000,0.002778,-0.008333,0.093581,-0.093581,0.000000,-0.000000,0.248249,-0.074475,0.000000,-0.000000,0.000000,-0.000000,2.648758,5.432460,4.040609,0.500000,0.500000
114208,Alejo Véliz,ATA,265,BAH,7,95,85,fora,275,PAL,2026-10-08 21:30:00,29,0.199951,1.599605,0.000000,0.000000,0.000000,0.000000,0.666667,0.800000,1.450219,1.160175,1.560796,0.780398,0.333333,0.333333,0.113483,-0.011348,0.074869,0.112303,0.000000,0.000000,0.000000,0.000000,0.000000,0.000000,0.000000,-0.000000,0.009077,-0.027232,0.111972,-0.111972,0.000000,-0.000000,1.141158,-0.342347,0.000000,-0.000000,0.000000,-0.000000,4.292914,3.771749,4.032332,0.500000,0.500000
94034,Kevin Ramírez,ATA,315,CHA,6,45,45,fora,287,VIT,2026-10-07 20:00:00,29,0.000000,0.000000,0.333333,1.666667,0.000000,0.000000,0.666667,0.800000,0.247500,0.198000,0.908494,0.454247,0.000000,0.000000,0.000000,-0.000000,1.147500,1.721250,0.000000,0.000000,0.000000,0.000000,0.000000,0.000000,0.000000,-0.000000,0.000000,-0.000000,0.091262,-0.091262,0.000000,-0.000000,0.000000,-0.000000,0.000000,-0.000000,0.000000,-0.000000,4.748901,3.310391,4.029646,0.500000,0.500000
93478,Wanderson,ATA,283,CRU,6,45,45,casa,276,SAO,2026-10-07 21:30:00,29,0.247557,1.980459,0.000000,0.000000,0.000000,0.000000,0.333333,0.400000,0.136610,0.109288,0.004144,0.002072,0.000000,0.000000,0.013635,-0.001363,0.855883,1.283824,0.000000,0.000000,0.000000,0.000000,0.000000,0.000000,0.000000,-0.000000,0.000000,-0.000000,0.093586,-0.093586,0.000000,-0.000000,0.145559,-0.043668,0.000000,-0.000000,0.000000,-0.000000,3.637027,4.399079,4.018053,0.500000,0.500000
141382,Gustavo Santana,ATA,276,SAO,6,45,45,fora,283,CRU,2026-10-07 21:30:00,29,0.247500,1.980000,0.000000,0.000000,0.000000,0.000000,0.666667,0.800000,1.036125,0.828900,0.383625,0.191813,0.000000,0.000000,0.000000,-0.000000,0.247500,0.371250,0.000000,0.000000,0.000000,0.000000,0.000000,0.000000,0.000000,-0.000000,0.003571,-0.010714,0.081245,-0.081245,0.000000,-0.000000,0.722250,-0.216675,0.000000,-0.000000,0.000000,-0.000000,3.863328,4.135119,3.999224,0.500000,0.500000
100652,Yuri Alberto,ATA,264,COR,5,45,45,fora,285,INT,2026-10-07 19:30:00,29,0.272440,2.179517,0.000000,0.000000,0.000000,0.000000,0.666667,0.800000,0.511760,0.409408,0.097282,0.048641,0.000000,0.000000,0.624754,-0.062475,0.851569,1.277354,0.000000,0.000000,0.000000,0.000000,0.000000,0.000000,0.000000,-0.000000,0.028884,-0.086653,0.349951,-0.349951,0.000000,-0.000000,1.661717,-0.498515,0.000000,-0.000000,0.000000,-0.000000,3.717326,4.166871,3.942099,0.500000,0.500000
90285,Bruno Henrique,ATA,262,FLA,6,45,45,fora,277,SAN,2026-10-08 19:30:00,29,0.288678,2.309423,0.000000,0.000000,0.000000,0.000000,0.333333,0.400000,0.256286,0.205029,1.342817,0.671409,0.000000,0.000000,0.012505,-0.001251,0.187737,0.281606,0.000000,0.000000,0.000000,0.000000,0.000000,0.000000,0.000000,-0.000000,0.000000,-0.000000,0.068886,-0.068886,0.000000,-0.000000,0.828746,-0.248624,0.000000,-0.000000,0.000000,-0.000000,3.548705,4.179284,3.863995,0.500000,0.500000
112863,Ramón Sosa,ATA,275,PAL,6,45,45,casa,265,BAH,2026-10-08 21:30:00,29,0.128512,1.028099,0.000000,0.000000,0.000000,0.000000,0.333333,0.400000,0.817271,0.653817,1.023643,0.511822,0.000000,0.000000,0.256193,-0.025619,0.024761,0.037142,0.000000,0.000000,0.000000,0.000000,0.000000,0.000000,0.000000,-0.000000,0.000410,-0.001230,0.192314,-0.192314,0.000000,-0.000000,1.428206,-0.428462,0.000000,-0.000000,0.000000,-0.000000,1.983255,5.736630,3.859942,0.500000,0.500000
86757,Everton,ATA,277,SAN,6,45,45,casa,262,FLA,2026-10-08 19:30:00,29,0.000000,0.000000,0.333333,1.666667,0.000000,0.000000,0.666667,0.800000,1.922491,1.537993,1.081448,0.540724,0.000000,0.000000,0.000000,-0.000000,0.154882,0.232323,0.000000,0.000000,0.000000,0.000000,0.000000,0.000000,0.000000,-0.000000,0.000000,-0.000000,0.070546,-0.070546,0.000000,-0.000000,1.007328,-0.302198,0.000000,-0.000000,0.000000,-0.000000,4.404963,3.277049,3.841006,0.500000,0.500000
123738,Herrera,ATA,280,RBB,6,45,45,casa,2305,MIR,2026-10-07 19:30:00,29,0.000017,0.000139,0.000000,0.000000,0.000000,0.000000,1.666667,2.000000,0.234155,0.187324,0.143061,0.071531,0.000000,0.000000,0.000644,-0.000064,1.410038,2.115058,0.000000,0.000000,0.000000,0.000000,0.000000,0.000000,0.000000,-0.000000,0.000000,-0.000000,0.085933,-0.085933,0.000000,-0.000000,0.677706,-0.203312,0.000000,-0.000000,0.000000,-0.000000,4.084742,3.478940,3.781841,0.500000,0.500000
108946,Victor Sá,ATA,276,SAO,6,45,45,fora,283,CRU,2026-10-07 21:30:00,29,0.000000,0.000000,0.333333,1.666667,0.000000,0.000000,0.333333,0.400000,0.000000,0.000000,1.845000,0.922500,0.000000,0.000000,0.000000,-0.000000,1.469869,2.204803,0.000000,0.000000,0.000000,0.000000,0.000000,0.000000,0.000000,-0.000000,0.003125,-0.009375,0.120190,-0.120190,0.000000,-0.000000,0.430513,-0.129154,0.000000,-0.000000,0.000000,-0.000000,4.935251,2.587199,3.761225,0.500000,0.500000
97450,Gustavo Mosquito,ATA,2305,MIR,6,45,45,fora,280,RBB,2026-10-07 19:30:00,29,0.247500,1.980000,0.000000,0.000000,0.000000,0.000000,0.666667,0.800000,0.322369,0.257895,0.970131,0.485066,0.000000,0.000000,0.288678,-0.028868,0.491178,0.736767,0.000000,0.000000,0.000000,0.000000,0.000000,0.000000,0.000000,-0.000000,0.000000,-0.000000,0.085653,-0.085653,0.000000,-0.000000,0.050328,-0.015099,0.000000,-0.000000,0.000000,-0.000000,4.130108,3.362639,3.746373,0.500000,0.500000
123101,Leozinho,ATA,293,CAP,6,45,45,casa,282,CAM,2026-10-08 20:00:00,29,0.150512,1.204096,0.000000,0.000000,0.000000,0.000000,0.666667,0.800000,0.427044,0.341635,1.506836,0.753418,0.000000,0.000000,0.000000,-0.000000,0.398938,0.598407,0.000000,0.000000,0.000000,0.000000,0.000000,0.000000,0.000000,-0.000000,0.000000,-0.000000,0.113069,-0.113069,0.000000,-0.000000,0.860890,-0.258267,0.000000,-0.000000,0.000000,-0.000000,3.326220,4.161303,3.743762,0.500000,0.500000
106199,Gabriel Pec,ATA,283,CRU,5,45,45,casa,276,SAO,2026-10-07 21:30:00,29,0.000000,0.000000,0.000000,0.000000,0.000000,0.000000,1.000000,1.200000,1.000000,0.800000,2.000000,1.000000,0.000000,0.000000,1.000000,-0.100000,1.000000,1.500000,0.000000,0.000000,0.000000,0.000000,0.000000,0.000000,0.000000,-0.000000,0.034380,-0.103140,0.093704,-0.093704,0.000000,-0.000000,1.000000,-0.300000,0.000000,-0.000000,0.000000,-0.000000,3.903156,3.471801,3.687478,0.500000,0.500000
151120,Jorge Rivaldo,ATA,293,CAP,6,45,45,casa,282,CAM,2026-10-08 20:00:00,29,0.450000,3.600000,0.000000,0.000000,0.000000,0.000000,0.333333,0.400000,0.000000,0.000000,0.900000,0.450000,0.000000,0.000000,0.247500,-0.024750,0.450000,0.675000,0.000000,0.000000,0.000000,0.000000,0.000000,0.000000,0.000000,-0.000000,0.007500,-0.022500,0.080109,-0.080109,0.000000,-0.000000,1.763875,-0.529162,0.000000,-0.000000,0.000000,-0.000000,4.468479,2.860697,3.664588,0.500000,0.500000
141339,Paulo Roberto,ATA,294,CFC,6,45,45,fora,266,FLU,2026-10-08 21:30:00,29,0.102549,0.820395,0.333333,1.666667,0.000000,0.000000,0.000000,0.000000,0.000000,0.000000,0.177303,0.088651,0.000000,0.000000,0.000000,-0.000000,0.466096,0.699144,0.000000,0.000000,0.000000,0.000000,0.000000,0.000000,0.000000,-0.000000,0.000000,-0.000000,0.090018,-0.090018,0.000000,-0.000000,0.997517,-0.299255,0.000000,-0.000000,0.000000,-0.000000,2.885584,4.433354,3.659469,0.500000,0.500000
110598,Marino Hinestroza,ATA,267,VAS,7,95,85,fora,263,BOT,2026-10-07 20:30:00,29,0.000000,0.000000,0.000000,0.000000,0.000000,0.000000,0.000000,0.000000,1.603685,1.282948,0.838884,0.419442,0.000000,0.000000,0.000000,-0.000000,0.913740,1.370610,0.000000,0.000000,0.000000,0.000000,0.000000,0.000000,0.000000,-0.000000,0.000000,-0.000000,0.096569,-0.096569,0.000000,-0.000000,0.092692,-0.027808,0.000000,-0.000000,0.000000,-0.000000,2.948624,4.365305,3.656964,0.500000,0.500000
114405,Sinisterra,ATA,283,CRU,5,45,45,casa,276,SAO,2026-10-07 21:30:00,29,0.074869,0.598950,0.000000,0.000000,0.000000,0.000000,0.333333,0.400000,0.430286,0.344229,0.012456,0.006228,0.000000,0.000000,0.000000,-0.000000,1.703020,2.554530,0.000000,0.000000,0.000000,0.000000,0.000000,0.000000,0.000000,-0.000000,0.000000,-0.000000,0.075330,-0.075330,0.000000,-0.000000,1.512774,-0.453832,0.000000,-0.000000,0.000000,-0.000000,3.374775,3.829663,3.602219,0.500000,0.500000
140906,Davi Gomes,ATA,280,RBB,5,45,45,casa,2305,MIR,2026-10-07 19:30:00,29,0.000000,0.000000,0.000000,0.000000,0.500000,1.500000,1.000000,1.200000,1.000000,0.800000,0.000000,0.000000,0.000000,0.000000,0.000000,-0.000000,0.450000,0.675000,0.000000,0.000000,0.000000,0.000000,0.000000,0.000000,0.000000,-0.000000,0.094461,-0.283382,0.102777,-0.102777,0.000000,-0.000000,0.000000,-0.000000,0.000000,-0.000000,0.000000,-0.000000,3.788841,3.393580,3.591210,0.500000,0.500000
143153,Tarzia,ATA,287,VIT,7,95,85,casa,315,CHA,2026-10-07 20:00:00,29,0.001329,0.010636,0.000000,0.000000,0.000000,0.000000,0.000000,0.000000,0.614702,0.491761,3.437606,1.718803,0.000000,0.000000,0.453768,-0.045377,1.654077,2.481115,0.000000,0.000000,0.000000,0.000000,0.000000,0.000000,0.000000,-0.000000,0.000000,-0.000000,0.099996,-0.099996,0.000000,-0.000000,2.060979,-0.618294,0.000000,-0.000000,0.000000,-0.000000,3.938649,3.199469,3.569059,0.500000,0.500000
82627,Luiz Araújo,ATA,262,FLA,6,45,45,fora,277,SAN,2026-10-08 19:30:00,29,0.075214,0.601708,0.000000,0.000000,0.000000,0.000000,0.000000,0.000000,0.117460,0.093968,0.676612,0.338306,0.000000,0.000000,0.000345,-0.000034,1.149366,1.724050,0.000000,0.000000,0.000000,0.000000,0.000000,0.000000,0.000000,-0.000000,0.000000,-0.000000,0.244417,-0.244417,0.000000,-0.000000,0.245711,-0.073713,0.000000,-0.000000,0.000000,-0.000000,2.439867,4.631980,3.535923,0.500000,0.500000
101290,Ferreira,ATA,276,SAO,6,45,45,fora,283,CRU,2026-10-07 21:30:00,29,0.000362,0.002894,0.000000,0.000000,0.000000,0.000000,0.000000,0.000000,0.031037,0.024830,2.016497,1.008249,0.000000,0.000000,0.000000,-0.000000,1.413495,2.120243,0.000000,0.000000,0.000000,0.000000,0.000000,0.000000,0.000000,-0.000000,0.000000,-0.000000,0.121274,-0.121274,0.000000,-0.000000,0.019044,-0.005713,0.000000,-0.000000,0.000000,-0.000000,3.029228,3.864270,3.446749,0.500000,0.500000
122121,Túlio Eduardo,ATA,315,CHA,7,95,85,fora,287,VIT,2026-10-07 20:00:00,29,0.500328,4.002628,0.000000,0.000000,0.000000,0.000000,0.333333,0.400000,0.709774,0.567819,0.096539,0.048270,0.000000,0.000000,0.545328,-0.054533,0.074869,0.112303,0.000000,0.000000,0.000000,0.000000,0.000000,0.000000,0.000000,-0.000000,0.034227,-0.102681,0.087148,-0.087148,0.000000,-0.000000,2.262546,-0.678764,0.000000,-0.000000,0.000000,-0.000000,4.207893,2.587878,3.397885,0.500000,0.500000
101729,Fabinho,ATA,294,CFC,7,95,85,fora,266,FLU,2026-10-08 21:30:00,29,0.136125,1.089000,0.333333,1.666667,0.000000,0.000000,0.000000,0.000000,0.259956,0.207965,0.322369,0.161184,0.000000,0.000000,0.000000,-0.000000,0.247500,0.371250,0.000000,0.000000,0.000000,0.000000,0.000000,0.000000,0.000000,-0.000000,0.000000,-0.000000,0.098208,-0.098208,0.000000,-0.000000,0.345821,-0.103746,0.000000,-0.000000,0.000000,-0.000000,3.294111,3.399852,3.346982,0.500000,0.500000
117930,Lavega,ATA,294,CFC,7,95,85,fora,266,FLU,2026-10-08 21:30:00,29,0.002767,0.022134,0.000000,0.000000,0.000000,0.000000,0.000000,0.000000,0.608582,0.486865,0.882113,0.441056,0.000000,0.000000,0.000117,-0.000012,1.272105,1.908157,0.000000,0.000000,0.000000,0.000000,0.000000,0.000000,0.000000,-0.000000,0.000000,-0.000000,0.162267,-0.162267,0.000000,-0.000000,0.451937,-0.135581,0.000000,-0.000000,0.000000,-0.000000,2.560353,3.968235,3.264294,0.500000,0.500000
124424,Rodrigo Castillo,ATA,266,FLU,6,45,45,casa,294,CFC,2026-10-08 21:30:00,29,0.256118,2.048942,0.000000,0.000000,0.000000,0.000000,0.000000,0.000000,0.036448,0.029159,0.842516,0.421258,0.000000,0.000000,0.077173,-0.007717,1.030463,1.545694,0.000000,0.000000,0.000000,0.000000,0.000000,0.000000,0.000000,-0.000000,0.000000,-0.000000,0.087851,-0.087851,0.000000,-0.000000,1.674371,-0.502311,0.000000,-0.000000,0.000000,-0.000000,3.447173,3.076284,3.261728,0.500000,0.500000
92171,Arthur Cabral,ATA,263,BOT,7,95,85,casa,267,VAS,2026-10-07 20:30:00,29,0.013633,0.109064,0.000000,0.000000,0.000000,0.000000,1.000000,1.200000,1.086107,0.868886,0.661557,0.330779,0.000000,0.000000,0.014329,-0.001433,0.695399,1.043098,0.000000,0.000000,0.000000,0.000000,0.000000,0.000000,0.000000,-0.000000,0.000000,-0.000000,0.106019,-0.106019,0.000000,-0.000000,0.661890,-0.198567,0.000000,-0.000000,0.000000,-0.000000,3.245807,3.216158,3.230983,0.500000,0.500000
79631,Cano,ATA,266,FLU,5,45,45,casa,294,CFC,2026-10-08 21:30:00,29,0.247500,1.980000,0.000000,0.000000,0.333333,1.000000,0.333333,0.400000,0.483406,0.386725,0.000000,0.000000,0.000000,0.000000,0.000000,-0.000000,0.000000,0.000000,0.000000,0.000000,0.000000,0.000000,0.000000,0.000000,0.000000,-0.000000,0.000000,-0.000000,0.082472,-0.082472,0.000000,-0.000000,0.247500,-0.074250,0.000000,-0.000000,0.000000,-0.000000,3.610003,2.840457,3.225230,0.500000,0.500000
122573,Wallace Yan,ATA,280,RBB,7,95,85,casa,2305,MIR,2026-10-07 19:30:00,29,0.000000,0.000000,0.333333,1.666667,0.000000,0.000000,1.000000,1.200000,0.247500,0.198000,0.584984,0.292492,0.000000,0.000000,0.142976,-0.014298,0.945000,1.417500,0.000000,0.000000,0.000000,0.000000,0.000000,0.000000,0.000000,-0.000000,0.000000,-0.000000,0.254047,-0.254047,0.000000,-0.000000,1.865830,-0.559749,0.000000,-0.000000,0.000000,-0.000000,3.946565,2.445433,3.195999,0.500000,0.500000
142004,Amuzu,ATA,284,GRE,7,95,85,fora,364,REM,2026-10-07 19:30:00,29,0.000032,0.000252,0.000000,0.000000,0.000000,0.000000,0.000000,0.000000,0.089049,0.071239,1.564478,0.782239,0.000000,0.000000,0.450000,-0.045000,0.593735,0.890602,0.000000,0.000000,0.000000,0.000000,0.000000,0.000000,0.000000,-0.000000,0.000000,-0.000000,0.041490,-0.041490,0.000000,-0.000000,0.456892,-0.137068,0.000000,-0.000000,0.000000,-0.000000,1.520776,4.690126,3.105451,0.500000,0.500000
108713,Galeano,ATA,364,REM,7,95,85,casa,284,GRE,2026-10-07 19:30:00,29,0.000000,0.000000,0.000000,0.000000,0.000000,0.000000,0.333333,0.400000,0.511096,0.408877,1.591093,0.795546,0.000000,0.000000,0.075058,-0.007506,1.002801,1.504202,0.000000,0.000000,0.000000,0.000000,0.000000,0.000000,0.000000,-0.000000,0.000000,-0.000000,0.113317,-0.113317,0.000000,-0.000000,0.927043,-0.278113,0.000000,-0.000000,0.000000,-0.000000,2.709689,3.478349,3.094019,0.500000,0.500000
133543,Gui Negão,ATA,264,COR,6,45,45,fora,285,INT,2026-10-07 19:30:00,29,0.247500,1.980000,0.000000,0.000000,0.000000,0.000000,0.333333,0.400000,0.608773,0.487018,0.495000,0.247500,0.000000,0.000000,0.000000,-0.000000,0.308762,0.463143,0.000000,0.000000,0.000000,0.000000,0.000000,0.000000,0.000000,-0.000000,0.001923,-0.005769,0.084326,-0.084326,0.000000,-0.000000,0.533133,-0.159940,0.000000,-0.000000,0.000000,-0.000000,3.327626,2.820423,3.074025,0.500000,0.500000
90309,David,ATA,267,VAS,6,45,45,fora,263,BOT,2026-10-07 20:30:00,29,0.247747,1.981976,0.000000,0.000000,0.000000,0.000000,0.000000,0.000000,0.046684,0.037347,0.193098,0.096549,0.000000,0.000000,0.380273,-0.038027,0.015213,0.022819,0.000000,0.000000,0.000000,0.000000,0.000000,0.000000,0.000000,-0.000000,0.000000,-0.000000,0.083204,-0.083204,0.000000,-0.000000,0.727934,-0.218380,0.000000,-0.000000,0.000000,-0.000000,1.799080,4.307078,3.053079,0.500000,0.500000
85048,Memphis Depay,ATA,264,COR,7,95,85,fora,285,INT,2026-10-07 19:30:00,29,0.012456,0.099650,0.000000,0.000000,0.000000,0.000000,1.000000,1.200000,0.646114,0.516891,2.298387,1.149193,0.000000,0.000000,0.005840,-0.000584,0.077402,0.116103,0.000000,0.000000,0.000000,0.000000,0.000000,0.000000,0.000000,-0.000000,0.000000,-0.000000,0.096671,-0.096671,0.000000,-0.000000,0.488883,-0.146665,0.000000,-0.000000,0.000000,-0.000000,2.837918,3.169188,3.003553,0.500000,0.500000
106104,Enamorado,ATA,284,GRE,6,45,45,fora,364,REM,2026-10-07 19:30:00,29,0.000000,0.000000,0.000000,0.000000,0.000000,0.000000,0.000000,0.000000,0.145270,0.116216,2.495389,1.247695,0.000000,0.000000,0.000449,-0.000045,0.509938,0.764907,0.000000,0.000000,0.000000,0.000000,0.000000,0.000000,0.000000,-0.000000,0.000000,-0.000000,0.291502,-0.291502,0.000000,-0.000000,0.330145,-0.099044,0.000000,-0.000000,0.000000,-0.000000,1.738227,4.219456,2.978841,0.500000,0.500000
124239,Henry Mosquera,ATA,280,RBB,6,45,45,casa,2305,MIR,2026-10-07 19:30:00,29,0.000000,0.000000,0.333333,1.666667,0.000000,0.000000,0.666667,0.800000,0.060769,0.048615,0.545275,0.272638,0.000000,0.000000,0.044439,-0.004444,0.168599,0.252898,0.000000,0.000000,0.000000,0.000000,0.000000,0.000000,0.000000,-0.000000,0.000000,-0.000000,0.114917,-0.114917,0.000000,-0.000000,0.851036,-0.255311,0.000000,-0.000000,0.000000,-0.000000,2.666146,2.952044,2.809095,0.500000,0.500000
114801,Danilo Pereira,ATA,263,BOT,7,95,85,casa,267,VAS,2026-10-07 20:30:00,29,0.000000,0.000000,0.000000,0.000000,0.000000,0.000000,1.000000,1.200000,0.635797,0.508637,0.588694,0.294347,0.000000,0.000000,0.116047,-0.011605,0.181421,0.272131,0.000000,0.000000,0.000000,0.000000,0.000000,0.000000,0.000000,-0.000000,0.000000,-0.000000,0.077002,-0.077002,0.000000,-0.000000,0.499672,-0.149901,0.000000,-0.000000,0.000000,-0.000000,2.036608,3.486059,2.761333,0.500000,0.500000
131967,Villarreal,ATA,283,CRU,6,45,45,casa,276,SAO,2026-10-07 21:30:00,29,0.004740,0.037918,0.000000,0.000000,0.000000,0.000000,0.000000,0.000000,0.280176,0.224141,0.763907,0.381953,0.000000,0.000000,0.136125,-0.013613,0.817126,1.225689,0.000000,0.000000,0.000000,0.000000,0.000000,0.000000,0.000000,-0.000000,0.000000,-0.000000,0.109876,-0.109876,0.000000,-0.000000,0.053255,-0.015977,0.000000,-0.000000,0.000000,-0.000000,1.730236,3.746687,2.738461,0.500000,0.500000
114040,Minda,ATA,282,CAM,6,45,45,fora,293,CAP,2026-10-08 20:00:00,29,0.004908,0.039263,0.000000,0.000000,0.000000,0.000000,0.333333,0.400000,0.737512,0.590010,0.838532,0.419266,0.000000,0.000000,0.139893,-0.013989,0.596488,0.894732,0.000000,0.000000,0.000000,0.000000,0.000000,0.000000,0.000000,-0.000000,0.004167,-0.012500,0.127834,-0.127834,0.000000,-0.000000,0.004908,-0.001472,0.000000,-0.000000,0.000000,-0.000000,2.187475,3.216497,2.701986,0.500000,0.500000
99789,Brenner,ATA,267,VAS,6,45,45,fora,263,BOT,2026-10-07 20:30:00,29,0.001140,0.009119,0.000000,0.000000,0.000000,0.000000,0.333333,0.400000,0.288042,0.230433,0.793382,0.396691,0.000000,0.000000,0.941178,-0.094118,0.643106,0.964659,0.000000,0.000000,0.000000,0.000000,0.000000,0.000000,0.000000,-0.000000,0.000000,-0.000000,0.074162,-0.074162,0.000000,-0.000000,0.086895,-0.026068,0.000000,-0.000000,0.000000,-0.000000,1.806554,3.572980,2.689767,0.500000,0.500000
146375,Kadir,ATA,263,BOT,6,45,45,casa,267,VAS,2026-10-07 20:30:00,29,0.000000,0.000000,0.000000,0.000000,0.000000,0.000000,0.666667,0.800000,1.189585,0.951668,0.713864,0.356932,0.000000,0.000000,0.012456,-0.001246,0.372930,0.559396,0.000000,0.000000,0.000000,0.000000,0.000000,0.000000,0.000000,-0.000000,0.000000,-0.000000,0.122450,-0.122450,0.000000,-0.000000,1.349860,-0.404958,0.000000,-0.000000,0.000000,-0.000000,2.139341,3.153704,2.646523,0.500000,0.500000
105563,Carlos Vinícius,ATA,284,GRE,7,95,85,fora,364,REM,2026-10-07 19:30:00,29,0.004199,0.033589,0.000000,0.000000,0.000000,0.000000,1.000000,1.200000,0.112342,0.089874,0.540248,0.270124,0.000000,0.000000,0.185564,-0.018556,0.008394,0.012591,0.000000,0.000000,0.000000,0.000000,0.000000,0.000000,0.000000,-0.000000,0.000000,-0.000000,0.132813,-0.132813,0.000000,-0.000000,0.741720,-0.222516,0.000000,-0.000000,0.000000,-0.000000,1.232293,3.974391,2.603342,0.500000,0.500000
78435,Vitinho,ATA,264,COR,6,45,45,fora,285,INT,2026-10-07 19:30:00,29,0.000000,0.000000,0.000000,0.000000,0.000000,0.000000,0.000000,0.000000,1.306273,1.045018,0.415977,0.207989,0.000000,0.000000,0.000000,-0.000000,1.138674,1.708012,0.000000,0.000000,0.000000,0.000000,0.000000,0.000000,0.000000,-0.000000,0.000000,-0.000000,0.140986,-0.140986,0.000000,-0.000000,0.597845,-0.179353,0.000000,-0.000000,0.000000,-0.000000,2.640678,2.559194,2.599936,0.500000,0.500000
110144,Spinelli,ATA,267,VAS,6,45,45,fora,263,BOT,2026-10-07 20:30:00,29,0.000345,0.002758,0.000000,0.000000,0.000000,0.000000,0.333333,0.400000,0.299676,0.239741,0.301228,0.150614,0.000000,0.000000,0.000000,-0.000000,0.834775,1.252162,0.000000,0.000000,0.000000,0.000000,0.000000,0.000000,0.000000,-0.000000,0.000000,-0.000000,0.125911,-0.125911,0.000000,-0.000000,0.815868,-0.244760,0.000000,-0.000000,0.000000,-0.000000,1.674604,3.396091,2.535348,0.500000,0.500000
145379,Kauê Furquim,ATA,265,BAH,6,45,45,fora,275,PAL,2026-10-08 21:30:00,29,0.000000,0.000000,0.000000,0.000000,0.000000,0.000000,0.000000,0.000000,0.000000,0.000000,1.077027,0.538514,0.000000,0.000000,0.000000,-0.000000,1.283625,1.925438,0.000000,0.000000,0.000000,0.000000,0.000000,0.000000,0.000000,-0.000000,0.000000,-0.000000,0.070013,-0.070013,0.000000,-0.000000,0.833625,-0.250088,0.000000,-0.000000,0.000000,-0.000000,2.143851,2.874025,2.508938,0.500000,0.500000
150251,Joaquín Freitas,ATA,262,FLA,6,45,45,fora,277,SAN,2026-10-08 19:30:00,29,0.000000,0.000000,0.333333,1.666667,0.000000,0.000000,0.000000,0.000000,0.000000,0.000000,0.852500,0.426250,0.000000,0.000000,0.000000,-0.000000,0.450000,0.675000,0.000000,0.000000,0.000000,0.000000,0.000000,0.000000,0.000000,-0.000000,0.000000,-0.000000,0.181859,-0.181859,0.000000,-0.000000,0.302500,-0.090750,0.000000,-0.000000,0.000000,-0.000000,2.495308,2.387461,2.441384,0.500000,0.500000
117403,Renato Marques,ATA,294,CFC,6,45,45,fora,266,FLU,2026-10-08 21:30:00,29,0.000000,0.000000,0.000000,0.000000,0.333333,1.000000,0.000000,0.000000,0.500328,0.400263,0.655099,0.327549,0.000000,0.000000,0.000000,-0.000000,0.000000,0.000000,0.000000,0.000000,0.000000,0.000000,0.000000,0.000000,0.000000,-0.000000,0.000000,-0.000000,0.082658,-0.082658,0.000000,-0.000000,0.083042,-0.024913,0.000000,-0.000000,0.000000,-0.000000,1.620241,3.253915,2.437078,0.500000,0.500000
142086,Kauan Toledo,ATA,263,BOT,6,45,45,casa,267,VAS,2026-10-07 20:30:00,29,0.000000,0.000000,0.000000,0.000000,0.000000,0.000000,0.666667,0.800000,0.158773,0.127018,0.560844,0.280422,0.000000,0.000000,0.136125,-0.013613,0.835644,1.253466,0.000000,0.000000,0.000000,0.000000,0.000000,0.000000,0.000000,-0.000000,0.000000,-0.000000,0.145939,-0.145939,0.000000,-0.000000,0.839825,-0.251948,0.000000,-0.000000,0.000000,-0.000000,2.049407,2.714329,2.381868,0.500000,0.500000
117909,Wesley,ATA,283,CRU,6,45,45,casa,276,SAO,2026-10-07 21:30:00,29,0.050328,0.402628,0.000000,0.000000,0.000000,0.000000,0.000000,0.000000,0.091506,0.073205,1.828953,0.914477,0.000000,0.000000,0.000000,-0.000000,0.500328,0.750493,0.000000,0.000000,0.000000,0.000000,0.000000,0.000000,0.000000,-0.000000,0.000000,-0.000000,0.206436,-0.206436,0.000000,-0.000000,0.091506,-0.027452,0.000000,-0.000000,0.000000,-0.000000,1.906914,2.824124,2.365519,0.500000,0.500000
130121,João Costa,ATA,283,CRU,6,45,45,casa,276,SAO,2026-10-07 21:30:00,29,0.000000,0.000000,0.000000,0.000000,0.000000,0.000000,0.666667,0.800000,0.524869,0.419895,0.136125,0.068063,0.000000,0.000000,0.074869,-0.007487,1.036125,1.554187,0.000000,0.000000,0.000000,0.000000,0.000000,0.000000,0.000000,-0.000000,0.000000,-0.000000,0.099041,-0.099041,0.000000,-0.000000,1.272250,-0.381675,0.000000,-0.000000,0.000000,-0.000000,2.353942,2.368949,2.361446,0.500000,0.500000
109097,Jovane Cabral,ATA,284,GRE,6,45,45,fora,364,REM,2026-10-07 19:30:00,29,0.000000,0.000000,0.000000,0.000000,0.000000,0.000000,0.000000,0.000000,0.091506,0.073205,1.155994,0.577997,0.000000,0.000000,0.000000,-0.000000,0.705994,1.058991,0.000000,0.000000,0.000000,0.000000,0.000000,0.000000,0.000000,-0.000000,0.000000,-0.000000,0.152819,-0.152819,0.000000,-0.000000,0.660994,-0.198298,0.000000,-0.000000,0.000000,-0.000000,1.359075,3.326587,2.342831,0.500000,0.500000
142764,Franco Rossi,ATA,315,CHA,6,45,45,fora,287,VIT,2026-10-07 20:00:00,29,0.000000,0.000000,0.000000,0.000000,0.000000,0.000000,1.000000,1.200000,0.752500,0.602000,1.302500,0.651250,0.000000,0.000000,0.000000,-0.000000,0.136125,0.204188,0.000000,0.000000,0.000000,0.000000,0.000000,0.000000,0.000000,-0.000000,0.000000,-0.000000,0.141121,-0.141121,0.000000,-0.000000,0.782750,-0.234825,0.000000,-0.000000,0.000000,-0.000000,2.281491,2.386530,2.334011,0.500000,0.500000
68952,Marinho,ATA,287,VIT,6,45,45,casa,315,CHA,2026-10-07 20:00:00,29,0.000000,0.000000,0.000000,0.000000,0.000000,0.000000,0.333333,0.400000,0.254958,0.203966,1.962174,0.981087,0.000000,0.000000,0.002786,-0.000279,0.893005,1.339508,0.000000,0.000000,0.000000,0.000000,0.000000,0.000000,0.000000,-0.000000,0.000000,-0.000000,0.096286,-0.096286,0.000000,-0.000000,1.179386,-0.353816,0.000000,-0.000000,0.000000,-0.000000,2.474180,2.183766,2.328973,0.500000,0.500000
101254,Alef Manga,ATA,364,REM,6,45,45,casa,284,GRE,2026-10-07 19:30:00,29,0.004062,0.032498,0.000000,0.000000,0.000000,0.000000,0.000000,0.000000,0.274752,0.219801,1.014704,0.507352,0.000000,0.000000,0.351416,-0.035142,0.493902,0.740853,0.000000,0.000000,0.000000,0.000000,0.000000,0.000000,0.000000,-0.000000,0.006086,-0.018257,0.032326,-0.032326,0.000000,-0.000000,0.278634,-0.083590,0.000000,-0.000000,0.000000,-0.000000,1.331190,3.309685,2.320437,0.500000,0.500000
137542,Kaique Kenji,ATA,283,CRU,6,45,45,casa,276,SAO,2026-10-07 21:30:00,29,0.006851,0.054808,0.000000,0.000000,0.000000,0.000000,0.333333,0.400000,0.025181,0.020145,0.600654,0.300327,0.000000,0.000000,0.000000,-0.000000,0.586125,0.879188,0.000000,0.000000,0.000000,0.000000,0.000000,0.000000,0.000000,-0.000000,0.000000,-0.000000,0.141884,-0.141884,0.000000,-0.000000,0.652484,-0.195745,0.000000,-0.000000,0.000000,-0.000000,1.316837,3.311178,2.314008,0.500000,0.500000
111831,Matheus Martins,ATA,263,BOT,6,45,45,casa,267,VAS,2026-10-07 20:30:00,29,0.008714,0.069716,0.000000,0.000000,0.000000,0.000000,0.666667,0.800000,0.354667,0.283733,1.221587,0.610793,0.000000,0.000000,0.000000,-0.000000,0.040999,0.061499,0.000000,0.000000,0.000000,0.000000,0.000000,0.000000,0.000000,-0.000000,0.000000,-0.000000,0.083722,-0.083722,0.000000,-0.000000,0.306686,-0.092006,0.000000,-0.000000,0.000000,-0.000000,1.650014,2.916715,2.283364,0.500000,0.500000
136955,Sanabria,ATA,265,BAH,6,45,45,fora,275,PAL,2026-10-08 21:30:00,29,0.024720,0.197762,0.000000,0.000000,0.000000,0.000000,0.000000,0.000000,0.796846,0.637477,0.451965,0.225983,0.000000,0.000000,0.247921,-0.024792,0.512128,0.768192,0.000000,0.000000,0.000000,0.000000,0.000000,0.000000,0.000000,-0.000000,0.000000,-0.000000,0.091741,-0.091741,0.000000,-0.000000,0.623536,-0.187061,0.000000,-0.000000,0.000000,-0.000000,1.525819,2.973695,2.249757,0.500000,0.500000
131617,André Silva,ATA,276,SAO,6,45,45,fora,283,CRU,2026-10-07 21:30:00,29,0.000000,0.000000,0.000000,0.000000,0.000000,0.000000,0.333333,0.400000,0.390476,0.312381,0.769138,0.384569,0.000000,0.000000,0.000000,-0.000000,0.254351,0.381526,0.000000,0.000000,0.000000,0.000000,0.000000,0.000000,0.000000,-0.000000,0.000000,-0.000000,0.169625,-0.169625,0.000000,-0.000000,0.665702,-0.199711,0.000000,-0.000000,0.000000,-0.000000,1.109140,3.339406,2.224273,0.500000,0.500000
133690,Bruno Lopes,ATA,267,VAS,6,45,45,fora,263,BOT,2026-10-07 20:30:00,29,0.000000,0.000000,0.000000,0.000000,0.000000,0.000000,1.000000,1.200000,1.000000,0.800000,0.000000,0.000000,0.000000,0.000000,0.000000,-0.000000,0.000000,0.000000,0.000000,0.000000,0.000000,0.000000,0.000000,0.000000,0.000000,-0.000000,0.000000,-0.000000,0.071624,-0.071624,0.000000,-0.000000,1.000000,-0.300000,0.000000,-0.000000,0.000000,-0.000000,1.628376,2.728457,2.178416,0.500000,0.500000
141406,Andrey Fernandes,ATA,267,VAS,6,45,45,fora,263,BOT,2026-10-07 20:30:00,29,0.000000,0.000000,0.000000,0.000000,0.000000,0.000000,1.000000,1.200000,0.000000,0.000000,1.000000,0.500000,0.000000,0.000000,0.000000,-0.000000,0.000000,0.000000,0.000000,0.000000,0.000000,0.000000,0.000000,0.000000,0.000000,-0.000000,0.000000,-0.000000,0.071624,-0.071624,0.000000,-0.000000,0.000000,-0.000000,0.000000,-0.000000,0.000000,-0.000000,1.628376,2.728457,2.178416,0.500000,0.500000
123795,Lucho Rodríguez,ATA,283,CRU,6,45,45,casa,276,SAO,2026-10-07 21:30:00,29,0.000000,0.000000,0.333333,1.666667,0.000000,0.000000,0.333333,0.400000,0.000000,0.000000,0.136125,0.068063,0.000000,0.000000,0.000000,-0.000000,0.000000,0.000000,0.000000,0.000000,0.000000,0.000000,0.000000,0.000000,0.000000,-0.000000,0.000000,-0.000000,0.090106,-0.090106,0.000000,-0.000000,0.586125,-0.175838,0.000000,-0.000000,0.000000,-0.000000,1.868786,2.482892,2.175839,0.500000,0.500000
107700,Eduardo Melo,ATA,364,REM,6,45,45,casa,284,GRE,2026-10-07 19:30:00,29,0.000000,0.000000,0.000000,0.000000,0.000000,0.000000,0.000000,0.000000,0.000000,0.000000,0.000000,0.000000,0.000000,0.000000,1.000000,-0.100000,1.000000,1.500000,0.000000,0.000000,0.000000,0.000000,0.000000,0.000000,0.000000,-0.000000,0.011795,-0.035384,0.049912,-0.049912,0.000000,-0.000000,0.000000,-0.000000,0.000000,-0.000000,0.000000,-0.000000,1.314704,3.017008,2.165856,0.500000,0.500000
101314,Ademir,ATA,265,BAH,6,45,45,fora,275,PAL,2026-10-08 21:30:00,29,0.006851,0.054808,0.000000,0.000000,0.000000,0.000000,0.000000,0.000000,0.147619,0.118095,0.886539,0.443269,0.000000,0.000000,0.779223,-0.077922,0.599239,0.898858,0.000000,0.000000,0.000000,0.000000,0.000000,0.000000,0.000000,-0.000000,0.000000,-0.000000,0.121586,-0.121586,0.000000,-0.000000,0.970603,-0.291181,0.000000,-0.000000,0.000000,-0.000000,1.024341,3.284447,2.154394,0.500000,0.500000
103626,Ocampo,ATA,294,CFC,5,45,45,fora,266,FLU,2026-10-08 21:30:00,29,0.000000,0.000000,0.000000,0.000000,0.000000,0.000000,0.000000,0.000000,0.605000,0.484000,0.247500,0.123750,0.000000,0.000000,0.000000,-0.000000,0.302500,0.453750,0.000000,0.000000,0.000000,0.000000,0.000000,0.000000,0.000000,-0.000000,0.000000,-0.000000,0.088773,-0.088773,0.000000,-0.000000,0.247500,-0.074250,0.000000,-0.000000,0.000000,-0.000000,0.898477,3.368052,2.133265,0.500000,0.500000
121824,Kayke,ATA,264,COR,5,45,45,fora,285,INT,2026-10-07 19:30:00,29,0.000000,0.000000,0.000000,0.000000,0.000000,0.000000,0.333333,0.400000,0.000000,0.000000,0.329856,0.164928,0.000000,0.000000,0.000000,-0.000000,1.036506,1.554759,0.000000,0.000000,0.000000,0.000000,0.000000,0.000000,0.000000,-0.000000,0.000000,-0.000000,0.132269,-0.132269,0.000000,-0.000000,0.247500,-0.074250,0.000000,-0.000000,0.000000,-0.000000,1.913168,2.309474,2.111321,0.500000,0.500000
104134,Fabri,ATA,287,VIT,6,45,45,casa,315,CHA,2026-10-07 20:00:00,29,0.000000,0.000000,0.000000,0.000000,0.000000,0.000000,0.000000,0.000000,0.598581,0.478865,0.066090,0.033045,0.000000,0.000000,0.000000,-0.000000,1.092527,1.638791,0.000000,0.000000,0.000000,0.000000,0.000000,0.000000,0.000000,-0.000000,0.000000,-0.000000,0.098906,-0.098906,0.000000,-0.000000,0.095698,-0.028710,0.000000,-0.000000,0.000000,-0.000000,2.023085,2.122685,2.072885,0.500000,0.500000
86292,Bolasie,ATA,315,CHA,6,45,45,fora,287,VIT,2026-10-07 20:00:00,29,0.003768,0.030144,0.333333,1.666667,0.000000,0.000000,0.000000,0.000000,0.130049,0.104039,0.318433,0.159216,0.000000,0.000000,0.001956,-0.000196,0.274841,0.412261,0.000000,0.000000,0.000000,0.000000,0.000000,0.000000,0.000000,-0.000000,0.000000,-0.000000,0.088828,-0.088828,0.000000,-0.000000,1.376976,-0.413093,0.000000,-0.000000,0.000000,-0.000000,1.870211,2.139937,2.005074,0.500000,0.500000
68920,Dudu,ATA,282,CAM,6,45,45,fora,293,CAP,2026-10-08 20:00:00,29,0.002177,0.017414,0.000000,0.000000,0.000000,0.000000,0.333333,0.400000,0.171404,0.137123,0.803565,0.401782,0.000000,0.000000,0.000000,-0.000000,0.247674,0.371512,0.000000,0.000000,0.000000,0.000000,0.000000,0.000000,0.000000,-0.000000,0.015976,-0.047928,0.159073,-0.159073,0.000000,-0.000000,0.139963,-0.041989,0.000000,-0.000000,0.000000,-0.000000,1.078840,2.849225,1.964032,0.500000,0.500000
140484,Riquelme Felipe,ATA,266,FLU,6,45,45,casa,294,CFC,2026-10-08 21:30:00,29,0.000000,0.000000,0.333333,1.666667,0.000000,0.000000,0.000000,0.000000,0.247500,0.198000,0.822697,0.411349,0.000000,0.000000,0.000000,-0.000000,0.091506,0.137259,0.000000,0.000000,0.000000,0.000000,0.000000,0.000000,0.000000,-0.000000,0.000676,-0.002027,0.211112,-0.211112,0.000000,-0.000000,0.616375,-0.184913,0.000000,-0.000000,0.000000,-0.000000,2.015223,1.904696,1.959959,0.500000,0.500000
142265,Dell,ATA,265,BAH,6,45,45,fora,275,PAL,2026-10-08 21:30:00,29,0.000000,0.000000,0.000000,0.000000,0.000000,0.000000,0.333333,0.400000,0.136125,0.108900,0.580250,0.290125,0.000000,0.000000,0.000000,-0.000000,0.413875,0.620813,0.000000,0.000000,0.000000,0.000000,0.000000,0.000000,0.000000,-0.000000,0.000000,-0.000000,0.042756,-0.042756,0.000000,-0.000000,0.945000,-0.283500,0.000000,-0.000000,0.000000,-0.000000,1.093582,2.559702,1.826642,0.500000,0.500000
151404,Lucas Emanuel,ATA,263,BOT,6,45,45,casa,267,VAS,2026-10-07 20:30:00,29,0.000000,0.000000,0.000000,0.000000,0.000000,0.000000,1.000000,1.200000,0.000000,0.000000,1.000000,0.500000,0.000000,0.000000,0.000000,-0.000000,0.000000,0.000000,0.000000,0.000000,0.000000,0.000000,0.000000,0.000000,0.000000,-0.000000,0.011795,-0.035384,0.049912,-0.049912,0.000000,-0.000000,1.000000,-0.300000,0.000000,-0.000000,0.000000,-0.000000,1.314704,2.264055,1.789380,0.500000,0.500000
132580,Vinicinho,ATA,280,RBB,6,45,45,casa,2305,MIR,2026-10-07 19:30:00,29,0.000000,0.000000,0.000000,0.000000,0.000000,0.000000,0.000000,0.000000,0.285863,0.228690,1.004896,0.502448,0.000000,0.000000,0.006851,-0.000685,0.351067,0.526601,0.000000,0.000000,0.000000,0.000000,0.000000,0.000000,0.000000,-0.000000,0.006250,-0.018750,0.071527,-0.071527,0.000000,-0.000000,0.404088,-0.121227,0.000000,-0.000000,0.000000,-0.000000,1.045549,2.439544,1.742547,0.500000,0.500000
68996,Willian José,ATA,265,BAH,6,45,45,fora,275,PAL,2026-10-08 21:30:00,29,0.001178,0.009422,0.000000,0.000000,0.000000,0.000000,0.000000,0.000000,0.032831,0.026265,0.293440,0.146720,0.000000,0.000000,0.000000,-0.000000,0.012520,0.018780,0.000000,0.000000,0.000000,0.000000,0.000000,0.000000,0.000000,-0.000000,0.000000,-0.000000,0.048703,-0.048703,0.000000,-0.000000,0.028456,-0.008537,0.000000,-0.000000,0.000000,-0.000000,0.143947,3.286553,1.715250,0.500000,0.500000
80076,Zé Roberto,ATA,2305,MIR,6,45,45,fora,280,RBB,2026-10-07 19:30:00,29,0.000000,0.000000,0.000000,0.000000,0.000000,0.000000,1.000000,1.200000,0.000000,0.000000,1.000000,0.500000,0.000000,0.000000,0.000000,-0.000000,0.000000,0.000000,0.000000,0.000000,0.000000,0.000000,0.000000,0.000000,0.000000,-0.000000,0.000000,-0.000000,0.049912,-0.049912,0.000000,-0.000000,1.000000,-0.300000,0.000000,-0.000000,0.000000,-0.000000,1.350088,2.038685,1.694387,0.500000,0.500000
109114,Matheus Nascimento,ATA,284,GRE,6,45,45,fora,364,REM,2026-10-07 19:30:00,29,0.000000,0.000000,0.000000,0.000000,0.000000,0.000000,1.000000,1.200000,0.000000,0.000000,0.000000,0.000000,0.000000,0.000000,0.000000,-0.000000,0.000000,0.000000,0.000000,0.000000,0.000000,0.000000,0.000000,0.000000,0.000000,-0.000000,0.000000,-0.000000,0.057926,-0.057926,0.000000,-0.000000,0.000000,-0.000000,0.000000,-0.000000,0.000000,-0.000000,1.142074,2.229165,1.685619,0.500000,0.500000
147268,Anderson Pato,ATA,287,VIT,5,45,45,casa,315,CHA,2026-10-07 20:00:00,29,0.000000,0.000000,0.000000,0.000000,0.000000,0.000000,0.000000,0.000000,0.450000,0.360000,0.000000,0.000000,0.000000,0.000000,0.000000,-0.000000,1.000000,1.500000,0.000000,0.000000,0.000000,0.000000,0.000000,0.000000,0.000000,-0.000000,0.002948,-0.008845,0.063893,-0.063893,0.000000,-0.000000,0.450000,-0.135000,0.000000,-0.000000,0.000000,-0.000000,1.652262,1.708749,1.680505,0.500000,0.500000
84042,Tiquinho Soares,ATA,263,BOT,6,45,45,casa,267,VAS,2026-10-07 20:30:00,29,0.000000,0.000000,0.000000,0.000000,0.000000,0.000000,0.333333,0.400000,0.315997,0.252798,0.204785,0.102392,0.000000,0.000000,0.922648,-0.092265,0.112741,0.169111,0.000000,0.000000,0.000000,0.000000,0.000000,0.000000,0.000000,-0.000000,0.000000,-0.000000,0.236302,-0.236302,0.000000,-0.000000,0.287339,-0.086202,0.000000,-0.000000,0.000000,-0.000000,0.509533,2.832281,1.670907,0.500000,0.500000
102877,Gabriel Poveda,ATA,364,REM,3,45,45,casa,284,GRE,2026-10-07 19:30:00,29,0.000000,0.000000,0.000000,0.000000,0.000000,0.000000,0.000000,0.000000,0.001140,0.000912,0.622559,0.311279,0.000000,0.000000,0.000000,-0.000000,0.282794,0.424191,0.000000,0.000000,0.000000,0.000000,0.000000,0.000000,0.000000,-0.000000,0.000000,-0.000000,0.057545,-0.057545,0.000000,-0.000000,0.454466,-0.136340,0.000000,-0.000000,0.000000,-0.000000,0.542497,2.791524,1.667010,0.500000,0.500000
146624,Heittor,ATA,275,PAL,6,45,45,casa,265,BAH,2026-10-08 21:30:00,29,0.000000,0.000000,0.000000,0.000000,0.000000,0.000000,0.000000,0.000000,0.000000,0.000000,0.450000,0.225000,0.000000,0.000000,0.302500,-0.030250,0.302500,0.453750,0.000000,0.000000,0.000000,0.000000,0.000000,0.000000,0.000000,-0.000000,0.000000,-0.000000,0.108755,-0.108755,0.000000,-0.000000,0.302500,-0.090750,0.000000,-0.000000,0.000000,-0.000000,0.448995,2.833563,1.641279,0.500000,0.500000
108602,Valencia,ATA,262,FLA,6,45,45,fora,277,SAN,2026-10-08 19:30:00,29,0.000000,0.000000,0.000000,0.000000,0.000000,0.000000,0.000000,0.000000,0.000000,0.000000,0.000000,0.000000,0.000000,0.000000,0.000000,-0.000000,1.000000,1.500000,0.000000,0.000000,0.000000,0.000000,0.000000,0.000000,0.000000,-0.000000,0.000000,-0.000000,0.071624,-0.071624,0.000000,-0.000000,0.000000,-0.000000,0.000000,-0.000000,0.000000,-0.000000,1.428376,1.833742,1.631059,0.500000,0.500000
142877,Villalba,ATA,263,BOT,6,45,45,casa,267,VAS,2026-10-07 20:30:00,29,0.001140,0.009119,0.000000,0.000000,0.000000,0.000000,0.000000,0.000000,0.177303,0.141842,0.048029,0.024014,0.000000,0.000000,0.000000,-0.000000,0.530761,0.796142,0.000000,0.000000,0.000000,0.000000,0.000000,0.000000,0.000000,-0.000000,0.015606,-0.046819,0.086479,-0.086479,0.000000,-0.000000,0.072051,-0.021615,0.000000,-0.000000,0.000000,-0.000000,0.816204,2.390717,1.603460,0.500000,0.500000
86485,Keno,ATA,294,CFC,5,45,45,fora,266,FLU,2026-10-08 21:30:00,29,0.000000,0.000000,0.000000,0.000000,0.000000,0.000000,0.000000,0.000000,0.074869,0.059895,1.024540,0.512270,0.000000,0.000000,0.450000,-0.045000,0.000000,0.000000,0.000000,0.000000,0.000000,0.000000,0.000000,0.000000,0.000000,-0.000000,0.000000,-0.000000,0.057870,-0.057870,0.000000,-0.000000,0.055361,-0.016608,0.000000,-0.000000,0.000000,-0.000000,0.452687,2.732402,1.592545,0.500000,0.500000
90917,Carlos Eduardo,ATA,2305,MIR,6,45,45,fora,280,RBB,2026-10-07 19:30:00,29,0.002072,0.016579,0.000000,0.000000,0.000000,0.000000,0.333333,0.400000,0.085014,0.068011,0.819563,0.409782,0.000000,0.000000,0.005048,-0.000505,0.120547,0.180821,0.000000,0.000000,0.000000,0.000000,0.000000,0.000000,0.000000,-0.000000,0.000000,-0.000000,0.045678,-0.045678,0.000000,-0.000000,0.021133,-0.006340,0.000000,-0.000000,0.000000,-0.000000,1.022671,2.120464,1.571568,0.500000,0.500000
101715,Alerrandro,ATA,285,INT,6,45,45,casa,264,COR,2026-10-07 19:30:00,29,0.016414,0.131312,0.000000,0.000000,0.000000,0.000000,0.000000,0.000000,0.513629,0.410903,0.690600,0.345300,0.000000,0.000000,0.024772,-0.002477,0.470222,0.705333,0.000000,0.000000,0.000000,0.000000,0.000000,0.000000,0.000000,-0.000000,0.008453,-0.025360,0.213343,-0.213343,0.000000,-0.000000,2.022815,-0.606845,0.000000,-0.000000,0.000000,-0.000000,0.744822,2.393243,1.569033,0.500000,0.500000
97911,Lucas Silva,ATA,287,VIT,6,45,45,casa,315,CHA,2026-10-07 20:00:00,29,0.000000,0.000000,0.000000,0.000000,0.000000,0.000000,0.000000,0.000000,0.000000,0.000000,1.147500,0.573750,0.000000,0.000000,0.000000,-0.000000,0.450000,0.675000,0.000000,0.000000,0.000000,0.000000,0.000000,0.000000,0.000000,-0.000000,0.002273,-0.006818,0.056974,-0.056974,0.000000,-0.000000,0.000000,-0.000000,0.000000,-0.000000,0.000000,-0.000000,1.184958,1.921777,1.553367,0.500000,0.500000
101002,Júnior Santos,ATA,263,BOT,6,45,45,casa,267,VAS,2026-10-07 20:30:00,29,0.001140,0.009119,0.000000,0.000000,0.000000,0.000000,0.000000,0.000000,0.872884,0.698308,0.260881,0.130441,0.000000,0.000000,0.589176,-0.058918,0.004566,0.006849,0.000000,0.000000,0.000000,0.000000,0.000000,0.000000,0.000000,-0.000000,0.020208,-0.060625,0.113503,-0.113503,0.000000,-0.000000,1.499829,-0.449949,0.000000,-0.000000,0.000000,-0.000000,0.161722,2.939418,1.550570,0.500000,0.500000
98225,Pedro Raul,ATA,264,COR,6,45,45,fora,285,INT,2026-10-07 19:30:00,29,0.022648,0.181182,0.000000,0.000000,0.000000,0.000000,0.666667,0.800000,0.247845,0.198276,0.078781,0.039391,0.000000,0.000000,0.479844,-0.047984,0.086473,0.129710,0.000000,0.000000,0.000000,0.000000,0.000000,0.000000,0.000000,-0.000000,0.000000,-0.000000,0.078736,-0.078736,0.000000,-0.000000,0.566278,-0.169883,0.000000,-0.000000,0.000000,-0.000000,1.051955,2.015461,1.533708,0.500000,0.500000
151412,Kássio,ATA,315,CHA,6,45,45,fora,287,VIT,2026-10-07 20:00:00,29,0.000000,0.000000,0.000000,0.000000,0.000000,0.000000,0.000000,0.000000,0.000000,0.000000,0.000000,0.000000,0.000000,0.000000,0.000000,-0.000000,1.000000,1.500000,0.000000,0.000000,0.000000,0.000000,0.000000,0.000000,0.000000,-0.000000,0.000000,-0.000000,0.071624,-0.071624,0.000000,-0.000000,0.000000,-0.000000,0.000000,-0.000000,0.000000,-0.000000,1.428376,1.610045,1.519210,0.500000,0.500000
89368,Braithwaite,ATA,284,GRE,6,45,45,fora,364,REM,2026-10-07 19:30:00,29,0.000000,0.000000,0.000000,0.000000,0.000000,0.000000,0.000000,0.000000,0.136470,0.109176,0.696583,0.348291,0.000000,0.000000,0.083999,-0.008400,0.322473,0.483710,0.000000,0.000000,0.000000,0.000000,0.000000,0.000000,0.000000,-0.000000,0.014053,-0.042159,0.100390,-0.100390,0.000000,-0.000000,0.926732,-0.278020,0.000000,-0.000000,0.000000,-0.000000,0.512208,2.500108,1.506158,0.500000,0.500000
108133,Isidro Pitta,ATA,280,RBB,7,95,85,casa,2305,MIR,2026-10-07 19:30:00,29,0.004236,0.033890,0.000000,0.000000,0.000000,0.000000,0.333333,0.400000,0.318633,0.254907,0.265831,0.132915,0.000000,0.000000,0.430429,-0.043043,0.002073,0.003110,0.000000,0.000000,0.000000,0.000000,0.000000,0.000000,0.000000,-0.000000,0.001086,-0.003257,0.057332,-0.057332,0.000000,-0.000000,1.196646,-0.358994,0.000000,-0.000000,0.000000,-0.000000,0.362196,2.473294,1.417745,0.500000,0.500000
70360,Eduardo Sasha,ATA,280,RBB,6,45,45,casa,2305,MIR,2026-10-07 19:30:00,29,0.000000,0.000000,0.000000,0.000000,0.000000,0.000000,0.000000,0.000000,0.548352,0.438682,0.312257,0.156128,0.000000,0.000000,0.001311,-0.000131,0.273230,0.409846,0.000000,0.000000,0.000000,0.000000,0.000000,0.000000,0.000000,-0.000000,0.000000,-0.000000,0.074022,-0.074022,0.000000,-0.000000,0.136470,-0.040941,0.000000,-0.000000,0.000000,-0.000000,0.889561,1.889883,1.389722,0.500000,0.500000
92696,Renato Kayzer,ATA,287,VIT,6,45,45,casa,315,CHA,2026-10-07 20:00:00,29,0.003942,0.031540,0.000000,0.000000,0.000000,0.000000,0.333333,0.400000,0.082960,0.066368,0.274112,0.137056,0.000000,0.000000,0.059144,-0.005914,0.143071,0.214606,0.000000,0.000000,0.000000,0.000000,0.000000,0.000000,0.000000,-0.000000,0.005556,-0.016667,0.071050,-0.071050,0.000000,-0.000000,0.586139,-0.175842,0.000000,-0.000000,0.000000,-0.000000,0.580096,2.143895,1.361996,0.500000,0.500000
81720,Lingard,ATA,264,COR,6,45,45,fora,285,INT,2026-10-07 19:30:00,29,0.000000,0.000000,0.000000,0.000000,0.000000,0.000000,0.000000,0.000000,0.334198,0.267358,0.625450,0.312725,0.000000,0.000000,0.003768,-0.000377,0.470884,0.706326,0.000000,0.000000,0.000000,0.000000,0.000000,0.000000,0.000000,-0.000000,0.014053,-0.042159,0.095725,-0.095725,0.000000,-0.000000,1.262939,-0.378882,0.000000,-0.000000,0.000000,-0.000000,0.769267,1.935671,1.352469,0.500000,0.500000
147202,João Bezerra,ATA,285,INT,6,45,45,casa,264,COR,2026-10-07 19:30:00,29,0.000000,0.000000,0.000000,0.000000,0.000000,0.000000,0.500000,0.600000,0.000000,0.000000,0.000000,0.000000,0.000000,0.000000,0.000000,-0.000000,0.000000,0.000000,0.000000,0.000000,0.000000,0.000000,0.000000,0.000000,0.000000,-0.000000,0.000641,-0.001923,0.031731,-0.031731,0.000000,-0.000000,0.000000,-0.000000,0.000000,-0.000000,0.000000,-0.000000,0.566346,2.100874,1.333610,0.500000,0.500000
118775,Lautaro Díaz,ATA,277,SAN,6,45,45,casa,262,FLA,2026-10-08 19:30:00,29,0.041178,0.329423,0.000000,0.000000,0.000000,0.000000,0.333333,0.400000,0.112804,0.090243,0.012456,0.006228,0.000000,0.000000,0.000000,-0.000000,0.090093,0.135140,0.000000,0.000000,0.000000,0.000000,0.000000,0.000000,0.000000,-0.000000,0.000410,-0.001230,0.035548,-0.035548,0.000000,-0.000000,0.262724,-0.078817,0.000000,-0.000000,0.000000,-0.000000,0.845439,1.821002,1.333221,0.500000,0.500000
149994,Jhuan Nunes,ATA,280,RBB,6,45,45,casa,2305,MIR,2026-10-07 19:30:00,29,0.000000,0.000000,0.000000,0.000000,0.000000,0.000000,0.000000,0.000000,0.550000,0.440000,0.000000,0.000000,0.000000,0.000000,0.000000,-0.000000,0.550000,0.825000,0.000000,0.000000,0.000000,0.000000,0.000000,0.000000,0.000000,-0.000000,0.007046,-0.021138,0.040023,-0.040023,0.000000,-0.000000,0.000000,-0.000000,0.000000,-0.000000,0.000000,-0.000000,1.203840,1.410416,1.307128,0.500000,0.500000
133673,Mateus Xavier,ATA,277,SAN,6,45,45,casa,262,FLA,2026-10-08 19:30:00,29,0.000000,0.000000,0.000000,0.000000,0.000000,0.000000,0.000000,0.000000,0.000000,0.000000,0.000000,0.000000,0.000000,0.000000,0.000000,-0.000000,1.000000,1.500000,0.000000,0.000000,0.000000,0.000000,0.000000,0.000000,0.000000,-0.000000,0.000676,-0.002027,0.057926,-0.057926,0.000000,-0.000000,1.000000,-0.300000,0.000000,-0.000000,0.000000,-0.000000,1.140047,1.413647,1.276847,0.500000,0.500000
111829,Kayky,ATA,285,INT,5,45,45,casa,264,COR,2026-10-07 19:30:00,29,0.000000,0.000000,0.000000,0.000000,0.000000,0.000000,0.333333,0.400000,0.000000,0.000000,0.116047,0.058023,0.000000,0.000000,0.000000,-0.000000,0.116047,0.174070,0.000000,0.000000,0.000000,0.000000,0.000000,0.000000,0.000000,-0.000000,0.001086,-0.003257,0.050931,-0.050931,0.000000,-0.000000,0.000000,-0.000000,0.000000,-0.000000,0.000000,-0.000000,0.577905,1.932364,1.255134,0.500000,0.500000
141991,Tico,ATA,364,REM,6,45,45,casa,284,GRE,2026-10-07 19:30:00,29,0.000000,0.000000,0.000000,0.000000,0.000000,0.000000,0.000000,0.000000,0.000000,0.000000,0.550000,0.275000,0.000000,0.000000,0.000000,-0.000000,0.000000,0.000000,0.000000,0.000000,0.000000,0.000000,0.000000,0.000000,0.000000,-0.000000,0.000641,-0.001923,0.036609,-0.036609,0.000000,-0.000000,0.000000,-0.000000,0.000000,-0.000000,0.000000,-0.000000,0.236468,2.271789,1.254128,0.500000,0.500000
78117,Everaldo,ATA,265,BAH,6,45,45,fora,275,PAL,2026-10-08 21:30:00,29,0.042057,0.336456,0.000000,0.000000,0.000000,0.000000,0.333333,0.400000,0.088958,0.071167,0.032839,0.016420,0.000000,0.000000,0.000039,-0.000004,0.089188,0.133782,0.000000,0.000000,0.000000,0.000000,0.000000,0.000000,0.000000,-0.000000,0.000000,-0.000000,0.106170,-0.106170,0.000000,-0.000000,0.029068,-0.008720,0.000000,-0.000000,0.333333,-1.333333,-0.490403,2.987241,1.248419,0.500000,0.500000
107300,Alex Bruno,ATA,287,VIT,6,45,45,casa,315,CHA,2026-10-07 20:00:00,29,0.000000,0.000000,0.000000,0.000000,0.000000,0.000000,0.000000,0.000000,0.550000,0.440000,0.550000,0.275000,0.000000,0.000000,0.000000,-0.000000,0.000000,0.000000,0.000000,0.000000,0.000000,0.000000,0.000000,0.000000,0.000000,-0.000000,0.000641,-0.001923,0.057282,-0.057282,0.000000,-0.000000,0.000000,-0.000000,0.000000,-0.000000,0.000000,-0.000000,0.655795,1.806108,1.230952,0.500000,0.500000
129663,Ruan Pablo,ATA,265,BAH,6,45,45,fora,275,PAL,2026-10-08 21:30:00,29,0.000000,0.000000,0.000000,0.000000,0.000000,0.000000,0.000000,0.000000,0.247500,0.198000,0.000000,0.000000,0.000000,0.000000,0.000000,-0.000000,0.000000,0.000000,0.000000,0.000000,0.000000,0.000000,0.000000,0.000000,0.000000,-0.000000,0.000000,-0.000000,0.067073,-0.067073,0.000000,-0.000000,0.450000,-0.135000,0.000000,-0.000000,0.000000,-0.000000,-0.004073,2.458038,1.226983,0.500000,0.500000
104666,Moisés,ATA,277,SAN,6,45,45,casa,262,FLA,2026-10-08 19:30:00,29,0.016224,0.129795,0.000000,0.000000,0.000000,0.000000,0.000000,0.000000,0.000000,0.000000,0.039136,0.019568,0.000000,0.000000,0.000000,-0.000000,0.249572,0.374359,0.000000,0.000000,0.000000,0.000000,0.000000,0.000000,0.000000,-0.000000,0.055128,-0.165385,0.057870,-0.057870,0.000000,-0.000000,0.034521,-0.010356,0.000000,-0.000000,0.000000,-0.000000,0.290110,2.153051,1.221580,0.500000,0.500000
143488,Raykkonen,ATA,285,INT,6,45,45,casa,264,COR,2026-10-07 19:30:00,29,0.000000,0.000000,0.000000,0.000000,0.000000,0.000000,0.000000,0.000000,0.000000,0.000000,1.000000,0.500000,0.000000,0.000000,0.000000,-0.000000,0.000000,0.000000,0.000000,0.000000,0.000000,0.000000,0.000000,0.000000,0.000000,-0.000000,0.000000,-0.000000,0.064168,-0.064168,0.000000,-0.000000,0.000000,-0.000000,0.000000,-0.000000,0.000000,-0.000000,0.435832,1.964207,1.200019,0.500000,0.500000
147089,Cauã Soares,ATA,282,CAM,6,45,45,fora,293,CAP,2026-10-08 20:00:00,29,0.000000,0.000000,0.000000,0.000000,0.000000,0.000000,0.333333,0.400000,0.000000,0.000000,0.050328,0.025164,0.000000,0.000000,0.000000,-0.000000,0.074869,0.112303,0.000000,0.000000,0.000000,0.000000,0.000000,0.000000,0.000000,-0.000000,0.000000,-0.000000,0.099535,-0.099535,0.000000,-0.000000,0.000000,-0.000000,0.000000,-0.000000,0.000000,-0.000000,0.437933,1.956303,1.197118,0.500000,0.500000
142638,João Victor,ATA,285,INT,6,45,45,casa,264,COR,2026-10-07 19:30:00,29,0.000000,0.000000,0.000000,0.000000,0.000000,0.000000,0.000000,0.000000,0.000000,0.000000,1.000000,0.500000,0.000000,0.000000,0.000000,-0.000000,0.000000,0.000000,0.000000,0.000000,0.000000,0.000000,0.000000,0.000000,0.000000,-0.000000,0.000000,-0.000000,0.025569,-0.025569,0.000000,-0.000000,1.000000,-0.300000,0.000000,-0.000000,0.000000,-0.000000,0.174431,2.034475,1.104453,0.500000,0.500000
81005,André Luis,ATA,2305,MIR,6,45,45,fora,280,RBB,2026-10-07 19:30:00,29,0.006851,0.054808,0.000000,0.000000,0.000000,0.000000,0.000000,0.000000,0.014529,0.011623,0.657861,0.328930,0.000000,0.000000,0.136125,-0.013613,0.450000,0.675000,0.000000,0.000000,0.000000,0.000000,0.000000,0.000000,0.000000,-0.000000,0.000000,-0.000000,0.156487,-0.156487,0.000000,-0.000000,0.043628,-0.013088,0.000000,-0.000000,0.000000,-0.000000,0.887173,1.279395,1.083284,0.500000,0.500000
91130,Fernandinho,ATA,2305,MIR,6,45,45,fora,280,RBB,2026-10-07 19:30:00,29,0.000000,0.000000,0.000000,0.000000,0.000000,0.000000,0.000000,0.000000,0.041178,0.032942,0.381487,0.190743,0.000000,0.000000,0.041178,-0.004118,0.666703,1.000055,0.000000,0.000000,0.000000,0.000000,0.000000,0.000000,0.000000,-0.000000,0.000000,-0.000000,0.044582,-0.044582,0.000000,-0.000000,1.504121,-0.451236,0.000000,-0.000000,0.000000,-0.000000,0.723805,1.380470,1.052137,0.500000,0.500000
105518,Renan Peixoto,ATA,293,CAP,6,45,45,casa,282,CAM,2026-10-08 20:00:00,29,0.000000,0.000000,0.000000,0.000000,0.000000,0.000000,0.333333,0.400000,0.006851,0.005481,0.111854,0.055927,0.000000,0.000000,0.136125,-0.013613,0.012456,0.018684,0.000000,0.000000,0.000000,0.000000,0.000000,0.000000,0.000000,-0.000000,0.000000,-0.000000,0.042621,-0.042621,0.000000,-0.000000,0.431654,-0.129496,0.000000,-0.000000,0.000000,-0.000000,0.294363,1.800213,1.047288,0.500000,0.500000
149991,David,ATA,294,CFC,6,45,45,fora,266,FLU,2026-10-08 21:30:00,29,0.000000,0.000000,0.000000,0.000000,0.000000,0.000000,0.000000,0.000000,0.000000,0.000000,0.000000,0.000000,0.000000,0.000000,0.000000,-0.000000,0.000000,0.000000,0.000000,0.000000,0.000000,0.000000,0.000000,0.000000,0.000000,-0.000000,0.000000,-0.000000,0.055326,-0.055326,0.000000,-0.000000,0.000000,-0.000000,0.000000,-0.000000,0.000000,-0.000000,-0.055326,2.071073,1.007874,0.500000,0.500000
101237,Eliasson,ATA,285,INT,6,45,45,casa,264,COR,2026-10-07 19:30:00,29,0.000000,0.000000,0.000000,0.000000,0.000000,0.000000,0.000000,0.000000,0.000000,0.000000,0.074869,0.037434,0.000000,0.000000,0.000000,-0.000000,0.000000,0.000000,0.000000,0.000000,0.000000,0.000000,0.000000,0.000000,0.000000,-0.000000,0.000000,-0.000000,0.061473,-0.061473,0.000000,-0.000000,0.000000,-0.000000,0.000000,-0.000000,0.000000,-0.000000,-0.024038,2.037885,1.006923,0.500000,0.500000
113158,Marquinhos,ATA,283,CRU,6,45,45,casa,276,SAO,2026-10-07 21:30:00,29,0.000000,0.000000,0.000000,0.000000,0.000000,0.000000,0.000000,0.000000,0.000000,0.000000,1.650000,0.825000,0.000000,0.000000,0.000000,-0.000000,0.000000,0.000000,0.000000,0.000000,0.000000,0.000000,0.000000,0.000000,0.000000,-0.000000,0.000641,-0.001923,0.075767,-0.075767,0.000000,-0.000000,0.900000,-0.270000,0.000000,-0.000000,0.000000,-0.000000,0.477310,1.490945,0.984127,0.500000,0.500000
85035,Sanabria,ATA,285,INT,6,45,45,casa,264,COR,2026-10-07 19:30:00,29,0.000000,0.000000,0.000000,0.000000,0.000000,0.000000,0.000000,0.000000,0.000000,0.000000,0.000000,0.000000,0.000000,0.000000,0.247500,-0.024750,0.000000,0.000000,0.000000,0.000000,0.000000,0.000000,0.000000,0.000000,0.000000,-0.000000,0.000000,-0.000000,0.042409,-0.042409,0.000000,-0.000000,0.302500,-0.090750,0.000000,-0.000000,0.000000,-0.000000,-0.157909,2.064412,0.953251,0.500000,0.500000
122781,Caballero,ATA,277,SAN,6,45,45,casa,262,FLA,2026-10-08 19:30:00,29,0.000000,0.000000,0.000000,0.000000,0.000000,0.000000,0.000000,0.000000,0.082356,0.065885,0.241244,0.120622,0.000000,0.000000,0.247500,-0.024750,0.297828,0.446743,0.000000,0.000000,0.000000,0.000000,0.000000,0.000000,0.000000,-0.000000,0.001086,-0.003257,0.035683,-0.035683,0.000000,-0.000000,0.858547,-0.257564,0.000000,-0.000000,0.000000,-0.000000,0.311996,1.570712,0.941354,0.500000,0.500000
116066,Rubens,ATA,315,CHA,6,45,45,fora,287,VIT,2026-10-07 20:00:00,29,0.003768,0.030144,0.000000,0.000000,0.000000,0.000000,0.000000,0.000000,0.022648,0.018118,0.289455,0.144728,0.000000,0.000000,0.000000,-0.000000,0.396081,0.594122,0.000000,0.000000,0.000000,0.000000,0.000000,0.000000,0.000000,-0.000000,0.000000,-0.000000,0.152759,-0.152759,0.000000,-0.000000,1.151038,-0.345311,0.000000,-0.000000,0.000000,-0.000000,0.289042,1.570546,0.929794,0.500000,0.500000
145036,Fernando Pradella,ATA,277,SAN,6,45,45,casa,262,FLA,2026-10-08 19:30:00,29,0.000000,0.000000,0.000000,0.000000,0.000000,0.000000,0.000000,0.000000,0.000000,0.000000,0.000000,0.000000,0.000000,0.000000,0.000000,-0.000000,0.000000,0.000000,0.000000,0.000000,0.000000,0.000000,0.000000,0.000000,0.000000,-0.000000,0.000000,-0.000000,0.055326,-0.055326,0.000000,-0.000000,0.000000,-0.000000,0.000000,-0.000000,0.000000,-0.000000,-0.055326,1.712376,0.828525,0.500000,0.500000
143463,Wesley Natã,ATA,266,FLU,6,45,45,casa,294,CFC,2026-10-08 21:30:00,29,0.000000,0.000000,0.000000,0.000000,0.000000,0.000000,0.000000,0.000000,0.000000,0.000000,0.000000,0.000000,0.000000,0.000000,0.000000,-0.000000,0.000000,0.000000,0.000000,0.000000,0.000000,0.000000,0.000000,0.000000,0.000000,-0.000000,0.000000,-0.000000,0.036262,-0.036262,0.000000,-0.000000,1.000000,-0.300000,0.000000,-0.000000,0.000000,-0.000000,-0.336262,1.954351,0.809045,0.500000,0.500000
42222,Osvaldo,ATA,287,VIT,6,45,45,casa,315,CHA,2026-10-07 20:00:00,29,0.000000,0.000000,0.000000,0.000000,0.000000,0.000000,0.000000,0.000000,0.550000,0.440000,0.000000,0.000000,0.000000,0.000000,0.000000,-0.000000,0.000000,0.000000,0.000000,0.000000,0.000000,0.000000,0.000000,0.000000,0.000000,-0.000000,0.000641,-0.001923,0.139941,-0.139941,0.000000,-0.000000,0.000000,-0.000000,0.000000,-0.000000,0.000000,-0.000000,0.298136,1.262416,0.780276,0.500000,0.500000
141609,Lucca,ATA,276,SAO,6,45,45,fora,283,CRU,2026-10-07 21:30:00,29,0.000000,0.000000,0.000000,0.000000,0.000000,0.000000,0.000000,0.000000,0.000000,0.000000,0.000000,0.000000,0.000000,0.000000,0.000000,-0.000000,0.136125,0.204188,0.000000,0.000000,0.000000,0.000000,0.000000,0.000000,0.000000,-0.000000,0.000000,-0.000000,0.042756,-0.042756,0.000000,-0.000000,0.383625,-0.115088,0.000000,-0.000000,0.000000,-0.000000,0.046344,1.253440,0.649892,0.500000,0.500000
93371,Rodrigo Rodrigues,ATA,294,CFC,6,45,45,fora,266,FLU,2026-10-08 21:30:00,29,0.000000,0.000000,0.000000,0.000000,0.000000,0.000000,0.000000,0.000000,0.000000,0.000000,0.000000,0.000000,0.000000,0.000000,0.000000,-0.000000,0.000000,0.000000,0.000000,0.000000,0.000000,0.000000,0.000000,0.000000,0.000000,-0.000000,0.000000,-0.000000,0.036262,-0.036262,0.000000,-0.000000,3.000000,-0.900000,0.000000,-0.000000,0.000000,-0.000000,-0.936262,2.086262,0.575000,0.500000,0.500000
148717,Tetê,ATA,276,SAO,6,45,45,fora,283,CRU,2026-10-07 21:30:00,29,0.000000,0.000000,0.000000,0.000000,0.000000,0.000000,0.000000,0.000000,0.000000,0.000000,0.000000,0.000000,0.000000,0.000000,0.000000,-0.000000,0.000000,0.000000,0.000000,0.000000,0.000000,0.000000,0.000000,0.000000,0.000000,-0.000000,0.000000,-0.000000,0.050411,-0.050411,0.000000,-0.000000,0.210994,-0.063298,0.000000,-0.000000,0.000000,-0.000000,-0.113709,1.171867,0.529079,0.500000,0.500000
140542,Ryan Francisco,ATA,276,SAO,6,45,45,fora,283,CRU,2026-10-07 21:30:00,29,0.000000,0.000000,0.000000,0.000000,0.000000,0.000000,0.000000,0.000000,0.000000,0.000000,0.000000,0.000000,0.000000,0.000000,0.000000,-0.000000,0.000000,0.000000,0.000000,0.000000,0.000000,0.000000,0.000000,0.000000,0.000000,-0.000000,0.000000,-0.000000,0.036262,-0.036262,0.000000,-0.000000,1.000000,-0.300000,0.000000,-0.000000,0.000000,-0.000000,-0.336262,1.151001,0.407370,0.500000,0.500000
71631,Weverton,GOL,284,GRE,7,95,85,fora,364,REM,2026-10-07 19:30:00,29,0.000000,0.000000,0.121368,0.606838,0.000000,0.000000,0.000000,0.000000,0.000000,0.000000,0.081755,0.040877,0.000000,0.000000,0.000000,-0.000000,0.011549,0.017324,0.452078,2.260390,0.000106,0.000741,7.583744,9.858868,0.000000,-0.000000,0.000000,-0.000000,0.000000,-0.000000,1.904050,-1.904050,0.004221,-0.001266,0.000000,-0.000000,0.000000,-0.000000,10.879722,4.289833,7.584778,0.500000,0.500000
104084,Carlos Miguel,GOL,275,PAL,7,95,85,casa,265,BAH,2026-10-08 21:30:00,29,0.000000,0.000000,0.051558,0.257788,0.000000,0.000000,0.000000,0.000000,0.000000,0.000000,0.279246,0.139623,0.000000,0.000000,0.000000,-0.000000,0.011376,0.017063,0.854272,4.271361,0.000000,0.000000,3.401460,4.421898,0.000000,-0.000000,0.000000,-0.000000,0.000000,-0.000000,1.217685,-1.217685,0.004244,-0.001273,0.000000,-0.000000,0.000000,-0.000000,7.888774,3.529405,5.709089,0.500000,0.500000
88136,Ivan,GOL,364,REM,6,45,45,casa,284,GRE,2026-10-07 19:30:00,29,0.000000,0.000000,0.000000,0.000000,0.000000,0.000000,0.000000,0.000000,0.000000,0.000000,0.054022,0.027011,0.000000,0.000000,0.000000,-0.000000,0.010764,0.016146,1.000000,5.000000,0.000000,0.000000,4.000000,5.200000,0.000000,-0.000000,0.000000,-0.000000,0.002273,-0.002273,1.197133,-1.197133,0.003975,-0.001192,0.013851,-0.013851,0.000000,-0.000000,9.028708,1.935128,5.481918,0.500000,0.500000
37656,Fábio,GOL,266,FLU,7,95,85,casa,294,CFC,2026-10-08 21:30:00,29,0.000000,0.000000,0.013194,0.065972,0.000000,0.000000,0.000000,0.000000,0.000000,0.000000,0.532645,0.266323,0.000000,0.000000,0.000000,-0.000000,0.011634,0.017451,0.142982,0.714912,0.000000,0.000000,5.243508,6.816560,0.000000,-0.000000,0.000000,-0.000000,0.006071,-0.006071,1.225238,-1.225238,0.004198,-0.001260,0.000000,-0.000000,0.000000,-0.000000,6.648648,4.273657,5.461153,0.500000,0.500000
98333,Gabriel Batista,GOL,263,BOT,7,95,85,casa,267,VAS,2026-10-07 20:30:00,29,0.000000,0.000000,0.000000,0.000000,0.000000,0.000000,0.000000,0.000000,0.000000,0.000000,0.111962,0.055981,0.000000,0.000000,0.000000,-0.000000,0.011335,0.017002,0.136125,0.680625,0.000000,0.000000,5.162250,6.710925,0.000000,-0.000000,0.000000,-0.000000,0.056229,-0.056229,1.174724,-1.174724,0.003937,-0.001181,0.015945,-0.015945,0.000000,-0.000000,6.216454,4.486422,5.351438,0.500000,0.500000
68872,Marcelo Lomba,GOL,275,PAL,6,45,45,casa,265,BAH,2026-10-08 21:30:00,29,0.000000,0.000000,0.009167,0.045833,0.000000,0.000000,0.000000,0.000000,0.000000,0.000000,0.054022,0.027011,0.000000,0.000000,0.000000,-0.000000,0.010902,0.016352,1.000000,5.000000,0.000000,0.000000,3.000000,3.900000,0.000000,-0.000000,0.000000,-0.000000,0.018939,-0.018939,1.132848,-1.132848,0.003950,-0.001185,0.013970,-0.013970,0.000000,-0.000000,7.822254,2.798315,5.310284,0.500000,0.500000
125803,Pedro Morisco,GOL,294,CFC,7,95,85,fora,266,FLU,2026-10-08 21:30:00,29,0.000000,0.000000,0.000000,0.000000,0.000000,0.000000,0.000000,0.000000,0.000000,0.000000,0.293991,0.146995,0.000000,0.000000,0.000000,-0.000000,0.011962,0.017943,0.000000,0.000000,0.136125,0.952875,4.712476,6.126219,0.000000,-0.000000,0.000221,-0.000664,0.062837,-0.062837,1.569875,-1.569875,0.003986,-0.001196,0.022500,-0.022500,0.000000,-0.000000,5.586960,4.656446,5.121703,0.500000,0.500000
117404,Otávio,GOL,283,CRU,7,95,85,casa,276,SAO,2026-10-07 21:30:00,29,0.000000,0.000000,0.017500,0.087500,0.000000,0.000000,0.000000,0.000000,0.000000,0.000000,0.083683,0.041842,0.000000,0.000000,0.000000,-0.000000,0.012723,0.019084,0.006851,0.034255,0.000000,0.000000,6.348986,8.253682,0.000000,-0.000000,0.000000,-0.000000,0.000000,-0.000000,1.265432,-1.265432,0.004079,-0.001224,0.000000,-0.000000,0.000000,-0.000000,7.169706,2.961268,5.065487,0.500000,0.500000
51413,Walter,GOL,2305,MIR,7,95,85,fora,280,RBB,2026-10-07 19:30:00,29,0.000000,0.000000,0.027837,0.139187,0.000000,0.000000,0.000000,0.000000,0.000000,0.000000,0.309365,0.154683,0.000000,0.000000,0.000000,-0.000000,0.012066,0.018098,0.462456,2.312281,0.000000,0.000000,3.425934,4.453714,0.000000,-0.000000,0.000000,-0.000000,0.011071,-0.011071,1.537963,-1.537963,0.004101,-0.001230,0.008732,-0.008732,0.000000,-0.000000,5.518966,4.459674,4.989320,0.500000,0.500000
72294,Everson,GOL,282,CAM,5,45,45,fora,293,CAP,2026-10-08 20:00:00,29,0.000000,0.000000,0.006071,0.030357,0.000000,0.000000,0.000000,0.000000,0.000000,0.000000,0.000000,0.000000,0.000000,0.000000,0.000000,-0.000000,0.011966,0.017949,0.720293,3.601466,0.000000,0.000000,2.592514,3.370268,0.000000,-0.000000,0.000000,-0.000000,0.008381,-0.008381,1.501231,-1.501231,0.004015,-0.001205,0.002031,-0.002031,0.000000,-0.000000,5.507192,4.170575,4.838884,0.500000,0.500000
91101,Ronaldo,GOL,265,BAH,7,95,85,fora,275,PAL,2026-10-08 21:30:00,29,0.000000,0.000000,0.002500,0.012500,0.000000,0.000000,0.000000,0.000000,0.000000,0.000000,0.033659,0.016829,0.000000,0.000000,0.000000,-0.000000,0.013899,0.020849,0.061077,0.305384,0.000000,0.000000,4.694172,6.102423,0.000000,-0.000000,0.000221,-0.000664,0.009215,-0.009215,1.463018,-1.463018,0.004082,-0.001225,0.012762,-0.012762,0.000000,-0.000000,4.971103,4.661976,4.816540,0.500000,0.500000
110708,Pedro Rangel,GOL,294,CFC,6,45,45,fora,266,FLU,2026-10-08 21:30:00,29,0.000000,0.000000,0.000000,0.000000,0.000000,0.000000,0.000000,0.000000,0.000000,0.000000,0.092243,0.046122,0.000000,0.000000,0.000000,-0.000000,0.013211,0.019817,0.495297,2.476486,0.000000,0.000000,3.164262,4.113541,0.000000,-0.000000,0.000221,-0.000664,0.015625,-0.015625,1.470874,-1.470874,0.004059,-0.001218,0.011636,-0.011636,0.000000,-0.000000,5.155948,4.465412,4.810680,0.500000,0.500000
102906,Anderson,GOL,315,CHA,7,95,85,fora,287,VIT,2026-10-07 20:00:00,29,0.000000,0.000000,0.000000,0.000000,0.000000,0.000000,0.000000,0.000000,0.000000,0.000000,0.167129,0.083564,0.000000,0.000000,0.000000,-0.000000,0.011851,0.017776,0.041178,0.205889,0.000000,0.000000,5.238689,6.810296,0.000000,-0.000000,0.000221,-0.000664,0.017421,-0.017421,1.545117,-1.545117,0.004023,-0.001207,0.015113,-0.015113,0.000000,-0.000000,5.538004,4.056377,4.797191,0.500000,0.500000
110698,Mycael,GOL,293,CAP,7,95,85,casa,282,CAM,2026-10-08 20:00:00,29,0.000000,0.000000,0.000000,0.000000,0.000000,0.000000,0.000000,0.000000,0.000000,0.000000,0.274967,0.137483,0.000000,0.000000,0.000000,-0.000000,0.011155,0.016732,0.302500,1.512500,0.697500,4.882500,1.550000,2.015000,0.000000,-0.000000,0.000000,-0.000000,0.094574,-0.094574,1.166325,-1.166325,0.003932,-0.001180,0.000483,-0.000483,0.000000,-0.000000,7.301654,2.062834,4.682244,0.500000,0.500000
91204,Warleson,GOL,263,BOT,6,45,45,casa,267,VAS,2026-10-07 20:30:00,29,0.000000,0.000000,0.000000,0.000000,0.000000,0.000000,0.000000,0.000000,0.000000,0.000000,0.039713,0.019857,0.000000,0.000000,0.000000,-0.000000,0.011298,0.016947,0.302500,1.512500,0.000000,0.000000,3.155000,4.101500,0.000000,-0.000000,0.000000,-0.000000,0.072837,-0.072837,1.010286,-1.010286,0.003912,-0.001174,0.013127,-0.013127,0.000000,-0.000000,4.553379,4.610675,4.582027,0.500000,0.500000
82730,Marcelo Rangel,GOL,364,REM,7,95,85,casa,284,GRE,2026-10-07 19:30:00,29,0.000000,0.000000,0.000000,0.000000,0.000000,0.000000,0.000000,0.000000,0.000000,0.000000,0.394219,0.197110,0.000000,0.000000,0.000000,-0.000000,0.011808,0.017711,0.003785,0.018927,0.000005,0.000037,3.824069,4.971290,0.000000,-0.000000,0.000000,-0.000000,0.085698,-0.085698,1.080295,-1.080295,0.004175,-0.001253,0.000000,-0.000000,0.000000,-0.000000,4.037829,5.108295,4.573062,0.500000,0.500000
87008,Léo Jardim,GOL,267,VAS,7,95,85,fora,263,BOT,2026-10-07 20:30:00,29,0.000000,0.000000,0.000000,0.000000,0.000000,0.000000,0.000000,0.000000,0.000000,0.000000,0.466543,0.233272,0.000000,0.000000,0.000000,-0.000000,0.012198,0.018297,0.463083,2.315416,0.000000,0.000000,2.593404,3.371426,0.000000,-0.000000,0.000000,-0.000000,0.006715,-0.006715,1.464674,-1.464674,0.004154,-0.001246,0.001717,-0.001717,0.000000,-0.000000,4.464058,4.654292,4.559175,0.500000,0.500000
113690,Diógenes,GOL,277,SAN,7,95,85,casa,262,FLA,2026-10-08 19:30:00,29,0.000000,0.000000,0.000000,0.000000,0.000000,0.000000,0.000000,0.000000,0.000000,0.000000,0.000000,0.000000,0.000000,0.000000,0.000000,-0.000000,0.011360,0.017039,0.247500,1.237500,0.000000,0.000000,3.697500,4.806750,0.000000,-0.000000,0.000000,-0.000000,0.068730,-0.068730,1.023313,-1.023313,0.003901,-0.001170,0.013138,-0.013138,0.000000,-0.000000,4.954938,3.727904,4.341421,0.500000,0.500000
72018,Tiago Volpi,GOL,280,RBB,2,45,45,casa,2305,MIR,2026-10-07 19:30:00,29,0.000000,0.000000,0.000000,0.000000,0.000000,0.000000,0.000000,0.000000,0.000000,0.000000,0.037683,0.018842,0.000000,0.000000,0.000000,-0.000000,0.011620,0.017430,0.051290,0.256450,0.000000,0.000000,4.294424,5.582751,0.000000,-0.000000,0.000000,-0.000000,0.071123,-0.071123,1.101351,-1.101351,0.004082,-0.001225,0.000000,-0.000000,0.000000,-0.000000,4.701773,3.899625,4.300699,0.500000,0.500000
79066,Alex Muralha,GOL,2305,MIR,6,45,45,fora,280,RBB,2026-10-07 19:30:00,29,0.000000,0.000000,0.000000,0.000000,0.000000,0.000000,0.000000,0.000000,0.000000,0.000000,0.060633,0.030317,0.000000,0.000000,0.000000,-0.000000,0.011823,0.017734,0.000000,0.000000,0.000000,0.000000,4.550000,5.915000,0.000000,-0.000000,0.000000,-0.000000,0.074868,-0.074868,1.424676,-1.424676,0.003875,-0.001162,0.028289,-0.028289,0.000000,-0.000000,4.434056,3.421008,3.927532,0.500000,0.500000
101574,Hugo Souza,GOL,264,COR,7,95,85,fora,285,INT,2026-10-07 19:30:00,29,0.000000,0.000000,0.000000,0.000000,0.000000,0.000000,0.000000,0.000000,0.000000,0.000000,0.248305,0.124152,0.000000,0.000000,0.000000,-0.000000,0.012211,0.018316,0.073062,0.365309,0.000002,0.000011,3.917657,5.092954,0.000000,-0.000000,0.000000,-0.000000,0.038274,-0.038274,1.459803,-1.459803,0.004119,-0.001236,0.005075,-0.005075,0.000000,-0.000000,4.096355,3.725947,3.911151,0.500000,0.500000
106028,Coronel,GOL,276,SAO,6,45,45,fora,283,CRU,2026-10-07 21:30:00,29,0.000000,0.000000,0.000000,0.000000,0.000000,0.000000,0.000000,0.000000,0.000000,0.000000,0.123136,0.061568,0.000000,0.000000,0.000000,-0.000000,0.011798,0.017696,0.000000,0.000000,0.000000,0.000000,5.000000,6.500000,0.000000,-0.000000,0.000000,-0.000000,0.060861,-0.060861,1.480922,-1.480922,0.003866,-0.001160,0.029707,-0.029707,0.000000,-0.000000,5.006615,2.813799,3.910207,0.500000,0.500000
68822,Rafael Santos,GOL,315,CHA,6,45,45,fora,287,VIT,2026-10-07 20:00:00,29,0.000000,0.000000,0.003571,0.017857,0.000000,0.000000,0.000000,0.000000,0.000000,0.000000,0.040855,0.020428,0.000000,0.000000,0.000000,-0.000000,0.011967,0.017951,0.000000,0.000000,0.000000,0.000000,4.655875,6.052638,0.000000,-0.000000,0.000000,-0.000000,0.096252,-0.096252,1.532059,-1.532059,0.003888,-0.001166,0.030740,-0.030740,0.000000,-0.000000,4.448656,3.335056,3.891856,0.500000,0.500000
104118,Lucas Arcanjo,GOL,287,VIT,7,95,85,casa,315,CHA,2026-10-07 20:00:00,29,0.000000,0.000000,0.003125,0.015625,0.000000,0.000000,0.000000,0.000000,0.000000,0.000000,0.313126,0.156563,0.000000,0.000000,0.000000,-0.000000,0.011560,0.017340,0.161019,0.805097,0.001143,0.008003,3.388403,4.404924,0.000000,-0.000000,0.000000,-0.000000,0.044345,-0.044345,1.120385,-1.120385,0.004152,-0.001245,0.000000,-0.000000,0.000000,-0.000000,4.241576,3.502082,3.871829,0.500000,0.500000
116067,Thiago Beltrame,GOL,284,GRE,6,45,45,fora,364,REM,2026-10-07 19:30:00,29,0.000000,0.000000,0.000000,0.000000,0.000000,0.000000,0.000000,0.000000,0.000000,0.000000,0.084759,0.042379,0.000000,0.000000,0.000000,-0.000000,0.012243,0.018365,0.000000,0.000000,0.000000,0.000000,5.000000,6.500000,0.000000,-0.000000,0.000391,-0.001172,0.122939,-0.122939,1.397745,-1.397745,0.003442,-0.001032,0.030053,-0.030053,0.000000,-0.000000,5.007803,2.528982,3.768393,0.500000,0.500000
69012,Santos,GOL,293,CAP,6,45,45,casa,282,CAM,2026-10-08 20:00:00,29,0.000000,0.000000,0.005000,0.025000,0.000000,0.000000,0.000000,0.000000,0.000000,0.000000,0.000000,0.000000,0.000000,0.000000,0.000000,-0.000000,0.011552,0.017329,0.129867,0.649337,0.000000,0.000000,3.952844,5.138697,0.000000,-0.000000,0.000000,-0.000000,0.040724,-0.040724,1.099576,-1.099576,0.004146,-0.001244,0.000000,-0.000000,0.000000,-0.000000,4.688819,2.840733,3.764776,0.500000,0.500000
121823,Kauê,GOL,264,COR,6,45,45,fora,285,INT,2026-10-07 19:30:00,29,0.000000,0.000000,0.000000,0.000000,0.000000,0.000000,0.000000,0.000000,0.000000,0.000000,0.056122,0.028061,0.000000,0.000000,0.000000,-0.000000,0.011820,0.017731,0.136125,0.680625,0.000000,0.000000,3.998625,5.198213,0.000000,-0.000000,0.000000,-0.000000,0.133972,-0.133972,1.426763,-1.426763,0.003913,-0.001174,0.030057,-0.030057,0.000000,-0.000000,4.332664,3.111182,3.721923,0.500000,0.500000
99552,Rossi,GOL,262,FLA,7,95,85,fora,277,SAN,2026-10-08 19:30:00,29,0.000000,0.000000,0.000000,0.000000,0.000000,0.000000,0.000000,0.000000,0.000000,0.000000,0.136248,0.068124,0.000000,0.000000,0.000000,-0.000000,0.012181,0.018272,0.226944,1.134719,0.000000,0.000000,2.543981,3.307175,0.000000,-0.000000,0.000000,-0.000000,0.137649,-0.137649,1.355782,-1.355782,0.004164,-0.001249,0.000154,-0.000154,0.000000,-0.000000,3.033456,4.408349,3.720902,0.500000,0.500000
68928,Rafael,GOL,276,SAO,7,95,85,fora,283,CRU,2026-10-07 21:30:00,29,0.000000,0.000000,0.000000,0.000000,0.000000,0.000000,0.000000,0.000000,0.000000,0.000000,0.547427,0.273713,0.000000,0.000000,0.000000,-0.000000,0.012205,0.018308,0.697693,3.488463,0.000000,0.000000,1.173080,1.525005,0.000000,-0.000000,0.000000,-0.000000,0.007917,-0.007917,1.423096,-1.423096,0.004151,-0.001245,0.000462,-0.000462,0.000000,-0.000000,3.872768,3.498731,3.685749,0.500000,0.500000
103056,Gabriel Brazão,GOL,277,SAN,5,45,45,casa,262,FLA,2026-10-08 19:30:00,29,0.000000,0.000000,0.000000,0.000000,0.000000,0.000000,0.000000,0.000000,0.000000,0.000000,0.000000,0.000000,0.000000,0.000000,0.000000,-0.000000,0.011770,0.017655,0.177809,0.889046,0.000000,0.000000,2.329083,3.027808,0.000000,-0.000000,0.000000,-0.000000,0.053968,-0.053968,0.910025,-0.910025,0.004111,-0.001233,0.000000,-0.000000,0.000000,-0.000000,2.969284,4.195642,3.582463,0.500000,0.500000
97905,Matheus Aurélio,GOL,315,CHA,6,45,45,fora,287,VIT,2026-10-07 20:00:00,29,0.000000,0.000000,0.038056,0.190278,0.000000,0.000000,0.000000,0.000000,0.000000,0.000000,0.224254,0.112127,0.000000,0.000000,0.000000,-0.000000,0.012148,0.018222,0.000000,0.000000,0.000000,0.000000,3.900000,5.070000,0.000000,-0.000000,0.000391,-0.001172,0.049831,-0.049831,1.450433,-1.450433,0.003825,-0.001148,0.029303,-0.029303,0.000000,-0.000000,3.858740,3.135444,3.497092,0.500000,0.500000
105949,Rochet,GOL,285,INT,5,45,45,casa,264,COR,2026-10-07 19:30:00,29,0.000000,0.000000,0.000000,0.000000,0.000000,0.000000,0.000000,0.000000,0.000000,0.000000,0.266665,0.133332,0.000000,0.000000,0.000000,-0.000000,0.013114,0.019671,0.458494,2.292469,0.000000,0.000000,1.139213,1.480977,0.000000,-0.000000,0.000000,-0.000000,0.060615,-0.060615,0.941078,-0.941078,0.003976,-0.001193,0.007434,-0.007434,0.000000,-0.000000,2.916130,3.602464,3.259297,0.500000,0.500000
71043,Léo Vieira,GOL,265,BAH,5,45,45,fora,275,PAL,2026-10-08 21:30:00,29,0.000000,0.000000,0.000000,0.000000,0.000000,0.000000,0.000000,0.000000,0.000000,0.000000,0.236431,0.118215,0.000000,0.000000,0.000000,-0.000000,0.012190,0.018285,0.003768,0.018840,0.000000,0.000000,2.217785,2.883120,0.000000,-0.000000,0.023689,-0.071067,0.122963,-0.122963,1.233956,-1.233956,0.004017,-0.001205,0.012530,-0.012530,0.000000,-0.000000,1.596739,4.803041,3.199890,0.500000,0.500000
85425,João Paulo,GOL,277,SAN,6,45,45,casa,262,FLA,2026-10-08 19:30:00,29,0.000000,0.000000,0.000000,0.000000,0.000000,0.000000,0.000000,0.000000,0.000000,0.000000,0.000000,0.000000,0.000000,0.000000,0.000000,-0.000000,0.011824,0.017736,0.000000,0.000000,0.000000,0.000000,3.100000,4.030000,0.000000,-0.000000,0.000000,-0.000000,0.030119,-0.030119,1.113060,-1.113060,0.003808,-0.001142,0.013316,-0.013316,0.000000,-0.000000,2.890099,3.332285,3.111192,0.500000,0.500000
42234,Cássio,GOL,283,CRU,6,45,45,casa,276,SAO,2026-10-07 21:30:00,29,0.000000,0.000000,0.104158,0.520788,0.000000,0.000000,0.000000,0.000000,0.000000,0.000000,0.430499,0.215249,0.000000,0.000000,0.000000,-0.000000,0.011777,0.017665,0.000000,0.000000,0.000000,0.000000,2.328006,3.026408,0.000000,-0.000000,0.000000,-0.000000,0.092107,-0.092107,0.918932,-0.918932,0.003863,-0.001159,0.015607,-0.015607,0.000000,-0.000000,2.752307,3.067191,2.909749,0.500000,0.500000
111683,Anthoni,GOL,285,INT,6,45,45,casa,264,COR,2026-10-07 19:30:00,29,0.000000,0.000000,0.006944,0.034722,0.000000,0.000000,0.000000,0.000000,0.000000,0.000000,0.206874,0.103437,0.000000,0.000000,0.000000,-0.000000,0.011880,0.017820,0.254351,1.271755,0.000000,0.000000,0.622193,0.808851,0.000000,-0.000000,0.000000,-0.000000,0.175530,-0.175530,0.862480,-0.862480,0.003926,-0.001178,0.003542,-0.003542,0.000000,-0.000000,1.193854,4.453025,2.823439,0.500000,0.500000
115674,Gabriel Delfim,GOL,282,CAM,7,95,85,fora,293,CAP,2026-10-08 20:00:00,29,0.000000,0.000000,0.011458,0.057292,0.000000,0.000000,0.000000,0.000000,0.000000,0.000000,0.505130,0.252565,0.000000,0.000000,0.000000,-0.000000,0.012263,0.018395,0.000000,0.000000,0.000000,0.000000,1.236125,1.606963,0.000000,-0.000000,0.000391,-0.001172,0.048865,-0.048865,1.157003,-1.157003,0.003837,-0.001151,0.027820,-0.027820,0.000000,-0.000000,0.699203,4.623481,2.661342,0.500000,0.500000
111690,Matheus Cunha,GOL,285,INT,7,95,85,casa,264,COR,2026-10-07 19:30:00,29,0.000000,0.000000,0.000000,0.000000,0.000000,0.000000,0.000000,0.000000,0.000000,0.000000,0.000000,0.000000,0.000000,0.000000,0.000000,-0.000000,0.011897,0.017846,0.109107,0.545536,0.000000,0.000000,1.478031,1.921441,0.000000,-0.000000,0.000000,-0.000000,0.147825,-0.147825,0.858985,-0.858985,0.003994,-0.001198,0.000000,-0.000000,0.000000,-0.000000,1.476814,3.757864,2.617339,0.500000,0.500000
93882,Cleiton,GOL,280,RBB,2,45,45,casa,2305,MIR,2026-10-07 19:30:00,29,0.000000,0.000000,0.003571,0.017857,0.000000,0.000000,0.000000,0.000000,0.000000,0.000000,0.341501,0.170750,0.000000,0.000000,0.000000,-0.000000,0.011946,0.017919,0.027681,0.138403,0.000000,0.000000,0.595113,0.773647,0.000000,-0.000000,0.000000,-0.000000,0.167866,-0.167866,0.767574,-0.767574,0.003871,-0.001161,0.004469,-0.004469,0.000000,-0.000000,0.177507,3.073985,1.625746,0.500000,0.500000
112616,Gabriel Grando,GOL,284,GRE,6,45,45,fora,364,REM,2026-10-07 19:30:00,29,0.000000,0.000000,0.000000,0.000000,0.000000,0.000000,0.000000,0.000000,0.000000,0.000000,0.348694,0.174347,0.000000,0.000000,0.000000,-0.000000,0.012291,0.018437,0.000000,0.000000,0.000000,0.000000,1.000000,1.300000,0.000000,-0.000000,0.000391,-0.001172,0.135588,-0.135588,1.168502,-1.168502,0.003788,-0.001137,0.030089,-0.030089,0.000000,-0.000000,0.156297,2.440491,1.298394,0.500000,0.500000
72279,Thomazella,GOL,2305,MIR,6,45,45,fora,280,RBB,2026-10-07 19:30:00,29,0.000000,0.000000,0.000000,0.000000,0.000000,0.000000,0.000000,0.000000,0.000000,0.000000,0.348694,0.174347,0.000000,0.000000,0.000000,-0.000000,0.012497,0.018745,0.000000,0.000000,0.000000,0.000000,0.550000,0.715000,0.000000,-0.000000,0.000391,-0.001172,0.278663,-0.278663,1.190548,-1.190548,0.003770,-0.001131,0.028677,-0.028677,0.000000,-0.000000,-0.592099,2.800780,1.104341,0.500000,0.500000
147544,Gabriel Menegon,GOL,284,GRE,6,45,45,fora,364,REM,2026-10-07 19:30:00,29,0.000000,0.000000,0.000000,0.000000,0.000000,0.000000,0.000000,0.000000,0.000000,0.000000,0.348694,0.174347,0.000000,0.000000,0.000000,-0.000000,0.012327,0.018491,0.000000,0.000000,0.000000,0.000000,0.000000,0.000000,0.000000,-0.000000,0.000391,-0.001172,0.227999,-0.227999,1.048935,-1.048935,0.003783,-0.001135,0.030117,-0.030117,0.000000,-0.000000,-1.116519,2.424382,0.653932,0.500000,0.500000
106708,Igor Formiga,LAT,2305,MIR,7,95,85,fora,280,RBB,2026-10-07 19:30:00,29,0.000000,0.000000,0.797119,3.985594,0.000000,0.000000,1.000000,1.200000,1.000000,0.800000,0.333333,0.166667,0.000000,0.000000,0.000000,-0.000000,2.221481,3.332222,0.450000,2.250000,0.000000,0.000000,0.000000,0.000000,0.000000,-0.000000,0.000000,-0.000000,0.000000,-0.000000,0.000000,-0.000000,1.620257,-0.486077,0.000000,-0.000000,0.000000,-0.000000,11.248405,4.898984,8.073695,0.500000,0.500000
107093,Luciano Juba,LAT,265,BAH,7,95,85,fora,275,PAL,2026-10-08 21:30:00,29,0.666667,5.333333,0.000032,0.000158,0.000000,0.000000,0.333333,0.400000,0.000000,0.000000,0.333333,0.166667,0.000000,0.000000,0.000000,-0.000000,1.602613,2.403920,0.060533,0.302665,0.000000,0.000000,0.000000,0.000000,0.000000,-0.000000,0.000000,-0.000000,0.333333,-0.333333,0.000000,-0.000000,0.621238,-0.186371,0.000000,-0.000000,0.000000,-0.000000,8.087038,6.799115,7.443076,0.500000,0.500000
113113,Benavídez,LAT,293,CAP,5,45,45,casa,282,CAM,2026-10-08 20:00:00,29,0.333333,2.666667,0.005129,0.025645,0.000000,0.000000,0.333333,0.400000,0.000000,0.000000,1.000000,0.500000,0.000000,0.000000,0.074890,-0.007489,2.345657,3.518486,0.153434,0.767170,0.000000,0.000000,0.000000,0.000000,0.000000,-0.000000,0.000000,-0.000000,0.333333,-0.333333,0.000000,-0.000000,0.789368,-0.236810,0.000000,-0.000000,0.000000,-0.000000,7.300334,5.883191,6.591763,0.500000,0.500000
130525,Pedro Lima,LAT,276,SAO,6,45,45,fora,283,CRU,2026-10-07 21:30:00,29,0.000000,0.000000,0.000000,0.000000,0.000000,0.000000,0.000000,0.000000,0.000000,0.000000,2.000000,1.000000,0.000000,0.000000,0.000000,-0.000000,1.873171,2.809756,1.000000,5.000000,0.000000,0.000000,0.000000,0.000000,0.000000,-0.000000,0.000000,-0.000000,0.000000,-0.000000,0.000000,-0.000000,1.641195,-0.492358,0.000000,-0.000000,0.000000,-0.000000,8.317398,4.269648,6.293523,0.500000,0.500000
97868,Iago,LAT,276,SAO,7,95,85,fora,283,CRU,2026-10-07 21:30:00,29,0.333333,2.666667,0.000000,0.000000,0.000000,0.000000,0.000000,0.000000,0.333333,0.266667,2.000000,1.000000,0.000000,0.000000,0.000000,-0.000000,1.384866,2.077299,0.590730,2.953652,0.000000,0.000000,0.000000,0.000000,0.000000,-0.000000,0.000000,-0.000000,0.000000,-0.000000,0.000000,-0.000000,1.146189,-0.343857,0.000000,-0.000000,0.000000,-0.000000,8.620428,3.794821,6.207624,0.500000,0.500000
110668,Esquivel,LAT,293,CAP,7,95,85,casa,282,CAM,2026-10-08 20:00:00,29,0.333333,2.666667,0.075186,0.375929,0.000000,0.000000,0.000000,0.000000,0.000000,0.000000,1.333333,0.666667,0.000000,0.000000,0.000000,-0.000000,1.663000,2.494501,0.192458,0.962292,0.000000,0.000000,0.000000,0.000000,0.000000,-0.000000,0.000000,-0.000000,0.000000,-0.000000,0.000000,-0.000000,0.827537,-0.248261,0.000000,-0.000000,0.000000,-0.000000,6.917794,5.375258,6.146526,0.500000,0.500000
105175,Khellven,LAT,275,PAL,6,45,45,casa,265,BAH,2026-10-08 21:30:00,29,0.000000,0.000000,0.247500,1.237500,0.000000,0.000000,0.000000,0.000000,0.000000,0.000000,0.333333,0.166667,0.000000,0.000000,0.247500,-0.024750,1.283781,1.925672,0.864095,4.320477,0.000000,0.000000,0.000000,0.000000,0.000000,-0.000000,0.000000,-0.000000,0.000000,-0.000000,0.000000,-0.000000,1.258602,-0.377581,0.000000,-0.000000,0.000000,-0.000000,7.247985,4.856598,6.052291,0.500000,0.500000
110510,Aguirre,LAT,285,INT,6,45,45,casa,264,COR,2026-10-07 19:30:00,29,0.333333,2.666667,0.000627,0.003135,0.000000,0.000000,0.333333,0.400000,0.666667,0.533333,0.333333,0.166667,0.000000,0.000000,0.158773,-0.015877,1.465555,2.198332,0.120954,0.604772,0.000000,0.000000,0.000000,0.000000,0.000000,-0.000000,0.000000,-0.000000,0.333333,-0.333333,0.000000,-0.000000,1.248035,-0.374410,0.000000,-0.000000,0.000000,-0.000000,5.849284,6.034751,5.942018,0.500000,0.500000
78445,Renê,LAT,266,FLU,7,95,85,casa,294,CFC,2026-10-08 21:30:00,29,0.000000,0.000000,0.000079,0.000393,0.000000,0.000000,0.000000,0.000000,0.000000,0.000000,1.333333,0.666667,0.000000,0.000000,0.000000,-0.000000,2.260797,3.391195,0.260045,1.300226,0.000000,0.000000,0.000000,0.000000,0.000000,-0.000000,0.000000,-0.000000,0.000000,-0.000000,0.000000,-0.000000,1.400745,-0.420224,0.000000,-0.000000,0.000000,-0.000000,4.938257,6.898905,5.918581,0.500000,0.500000
101319,Guga,LAT,266,FLU,7,95,85,casa,294,CFC,2026-10-08 21:30:00,29,0.000000,0.000000,0.007536,0.037680,0.000000,0.000000,0.000000,0.000000,0.000000,0.000000,1.000000,0.500000,0.000000,0.000000,0.000000,-0.000000,1.606520,2.409779,0.450859,2.254293,0.000000,0.000000,0.000000,0.000000,0.000000,-0.000000,0.000000,-0.000000,0.333333,-0.333333,0.000000,-0.000000,0.834950,-0.250485,0.000000,-0.000000,0.000000,-0.000000,4.617935,6.852106,5.735021,0.500000,0.500000
124526,Giay,LAT,275,PAL,7,95,85,casa,265,BAH,2026-10-08 21:30:00,29,0.000000,0.000000,0.000000,0.000000,0.000000,0.000000,0.000000,0.000000,0.333333,0.266667,1.333333,0.666667,0.000000,0.000000,0.000104,-0.000010,1.538844,2.308267,0.851052,4.255259,0.000000,0.000000,0.000000,0.000000,0.000000,-0.000000,0.000000,-0.000000,0.666667,-0.666667,0.000000,-0.000000,1.113024,-0.333907,0.000000,-0.000000,0.000000,-0.000000,6.496275,4.877515,5.686895,0.500000,0.500000
100898,Vitinho,LAT,263,BOT,7,95,85,casa,267,VAS,2026-10-07 20:30:00,29,0.333333,2.666667,0.000534,0.002672,0.000000,0.000000,0.000000,0.000000,0.000000,0.000000,0.666667,0.333333,0.000000,0.000000,0.453768,-0.045377,1.510307,2.265461,0.142979,0.714897,0.000000,0.000000,0.000000,0.000000,0.000000,-0.000000,0.000000,-0.000000,0.000000,-0.000000,0.000000,-0.000000,1.177878,-0.353363,0.000000,-0.000000,0.000000,-0.000000,5.584291,5.758942,5.671616,0.500000,0.500000
73318,Daniel Borges,LAT,2305,MIR,6,45,45,fora,280,RBB,2026-10-07 19:30:00,29,0.000000,0.000000,0.000000,0.000000,0.333333,1.000000,0.333333,0.400000,0.000000,0.000000,1.000000,0.500000,0.000000,0.000000,0.000000,-0.000000,1.292507,1.938761,0.586125,2.930625,0.000000,0.000000,0.000000,0.000000,0.000000,-0.000000,0.000000,-0.000000,0.000000,-0.000000,0.000000,-0.000000,1.075556,-0.322667,0.000000,-0.000000,0.000000,-0.000000,6.446719,4.878240,5.662480,0.500000,0.500000
78850,Reinaldo,LAT,2305,MIR,7,95,85,fora,280,RBB,2026-10-07 19:30:00,29,0.000000,0.000000,0.033894,0.169468,0.333333,1.000000,0.333333,0.400000,0.666667,0.533333,0.666667,0.333333,0.000000,0.000000,0.000000,-0.000000,1.504005,2.256007,0.451140,2.255699,0.000000,0.000000,0.000000,0.000000,0.000000,-0.000000,0.000000,-0.000000,0.000000,-0.000000,0.000000,-0.000000,0.537080,-0.161124,0.000000,-0.000000,0.000000,-0.000000,6.786717,4.404595,5.595656,0.500000,0.500000
116065,Cuiabano,LAT,267,VAS,7,95,85,fora,263,BOT,2026-10-07 20:30:00,29,0.000000,0.000000,0.001788,0.008941,0.000000,0.000000,0.333333,0.400000,1.333333,1.066667,0.333333,0.166667,0.000000,0.000000,0.000000,-0.000000,2.192864,3.289296,0.524869,2.624344,0.000000,0.000000,0.000000,0.000000,0.000000,-0.000000,0.000000,-0.000000,0.333333,-0.333333,0.000000,-0.000000,1.290012,-0.387004,0.000000,-0.000000,0.000000,-0.000000,6.835577,3.923575,5.379576,0.500000,0.500000
147192,Claudinho,LAT,293,CAP,5,45,45,casa,282,CAM,2026-10-08 20:00:00,29,0.000000,0.000000,0.041178,0.205889,0.000000,0.000000,0.000000,0.000000,0.000000,0.000000,0.666667,0.333333,0.000000,0.000000,0.000000,-0.000000,1.681267,2.521901,0.772369,3.861844,0.000000,0.000000,0.000000,0.000000,0.000000,-0.000000,0.000000,-0.000000,0.000000,-0.000000,0.000000,-0.000000,1.300461,-0.390138,0.000000,-0.000000,0.000000,-0.000000,6.532828,4.148764,5.340796,0.500000,0.500000
102130,Piquerez,LAT,275,PAL,2,45,45,casa,265,BAH,2026-10-08 21:30:00,29,0.000000,0.000000,0.104712,0.523562,0.000000,0.000000,0.000000,0.000000,0.000000,0.000000,0.333333,0.166667,0.000000,0.000000,0.022648,-0.002265,1.279325,1.918988,0.903291,4.516455,0.000000,0.000000,0.000000,0.000000,0.000000,-0.000000,0.000000,-0.000000,0.333333,-0.333333,0.000000,-0.000000,0.985652,-0.295696,0.000000,-0.000000,0.000000,-0.000000,6.494377,4.143815,5.319096,0.500000,0.500000
82775,Lucas Ramon,LAT,276,SAO,7,95,85,fora,283,CRU,2026-10-07 21:30:00,29,0.000000,0.000000,0.247517,1.237587,0.000000,0.000000,0.333333,0.400000,0.000000,0.000000,0.333333,0.166667,0.000000,0.000000,0.495032,-0.049503,1.304571,1.956857,0.697866,3.489330,0.000000,0.000000,0.000000,0.000000,0.000000,-0.000000,0.000000,-0.000000,0.000000,-0.000000,0.000000,-0.000000,1.539521,-0.461856,0.000000,-0.000000,0.000000,-0.000000,6.739081,3.819734,5.279408,0.500000,0.500000
97133,Dudu,LAT,315,CHA,7,95,85,fora,287,VIT,2026-10-07 20:00:00,29,0.000000,0.000000,1.000000,5.000000,0.000000,0.000000,0.000000,0.000000,0.000000,0.000000,0.000000,0.000000,0.000000,0.000000,0.000000,-0.000000,1.235490,1.853235,0.000000,0.000000,0.000000,0.000000,0.000000,0.000000,0.000000,-0.000000,0.000000,-0.000000,0.000000,-0.000000,0.000000,-0.000000,1.077493,-0.323248,0.000000,-0.000000,0.000000,-0.000000,6.529988,4.018614,5.274301,0.500000,0.500000
97795,Marcelinho,LAT,364,REM,7,95,85,casa,284,GRE,2026-10-07 19:30:00,29,0.000000,0.000000,0.076941,0.384706,0.000000,0.000000,0.333333,0.400000,1.666667,1.333333,2.000000,1.000000,0.000000,0.000000,0.048029,-0.004803,1.509889,2.264834,0.016256,0.081279,0.000000,0.000000,0.000000,0.000000,0.000000,-0.000000,0.000000,-0.000000,0.333333,-0.333333,0.000000,-0.000000,0.365641,-0.109692,0.000000,-0.000000,0.000000,-0.000000,5.016324,5.467358,5.241841,0.500000,0.500000
113157,Nathan Mendes,LAT,287,VIT,5,45,45,casa,315,CHA,2026-10-07 20:00:00,29,0.000000,0.000000,0.041178,0.205889,0.000000,0.000000,0.000000,0.000000,0.333333,0.266667,0.666667,0.333333,0.000000,0.000000,0.000000,-0.000000,1.631528,2.447292,0.574970,2.874850,0.000000,0.000000,0.000000,0.000000,0.000000,-0.000000,0.000000,-0.000000,0.000000,-0.000000,0.000000,-0.000000,0.694737,-0.208421,0.000000,-0.000000,0.000000,-0.000000,5.919610,4.527133,5.223371,0.500000,0.500000
95466,Igor Vinícius,LAT,277,SAN,6,45,45,casa,262,FLA,2026-10-08 19:30:00,29,0.000000,0.000000,0.000039,0.000193,0.000000,0.000000,0.000000,0.000000,0.000000,0.000000,0.666667,0.333333,0.000000,0.000000,0.000000,-0.000000,2.114756,3.172135,0.182232,0.911161,0.000000,0.000000,0.000000,0.000000,0.000000,-0.000000,0.000000,-0.000000,0.000000,-0.000000,0.000000,-0.000000,1.020134,-0.306040,0.000000,-0.000000,0.000000,-0.000000,4.110781,6.286594,5.198688,0.500000,0.500000
145404,Arthur,LAT,275,PAL,2,45,45,casa,265,BAH,2026-10-08 21:30:00,29,0.000000,0.000000,0.000000,0.000000,0.000000,0.000000,0.333333,0.400000,0.333333,0.266667,0.333333,0.166667,0.000000,0.000000,0.000000,-0.000000,1.614816,2.422223,0.718950,3.594752,0.000000,0.000000,0.000000,0.000000,0.000000,-0.000000,0.333333,-1.000000,0.000000,-0.000000,0.000000,-0.000000,1.329288,-0.398786,0.000000,-0.000000,0.000000,-0.000000,5.451522,4.929536,5.190529,0.500000,0.500000
116461,Jamerson,LAT,287,VIT,7,95,85,casa,315,CHA,2026-10-07 20:00:00,29,0.000000,0.000000,0.000000,0.000000,0.000000,0.000000,0.666667,0.800000,0.666667,0.533333,0.666667,0.333333,0.000000,0.000000,0.000000,-0.000000,1.944701,2.917051,0.180424,0.902118,0.000000,0.000000,0.000000,0.000000,0.000000,-0.000000,0.000000,-0.000000,0.000000,-0.000000,0.000000,-0.000000,0.758641,-0.227592,0.000000,-0.000000,0.000000,-0.000000,5.258243,5.041492,5.149868,0.500000,0.500000
96870,Emerson Royal,LAT,262,FLA,7,95,85,fora,277,SAN,2026-10-08 19:30:00,29,0.000000,0.000000,0.006851,0.034255,0.000000,0.000000,0.000000,0.000000,0.000000,0.000000,0.666667,0.333333,0.000000,0.000000,0.249572,-0.024957,1.544629,2.316944,0.771389,3.856944,0.000000,0.000000,0.000000,0.000000,0.000000,-0.000000,0.000000,-0.000000,0.000000,-0.000000,0.000000,-0.000000,0.793998,-0.238199,0.000000,-0.000000,0.000000,-0.000000,6.278319,3.927443,5.102881,0.500000,0.500000
104649,Heitor,LAT,315,CHA,5,45,45,fora,287,VIT,2026-10-07 20:00:00,29,0.000000,0.000000,0.450000,2.250000,0.000000,0.000000,0.000000,0.000000,0.666667,0.533333,0.333333,0.166667,0.000000,0.000000,0.000000,-0.000000,1.818743,2.728115,0.136125,0.680625,0.000000,0.000000,0.000000,0.000000,0.000000,-0.000000,0.000000,-0.000000,0.000000,-0.000000,0.000000,-0.000000,1.066833,-0.320050,0.000000,-0.000000,0.000000,-0.000000,6.038690,4.158493,5.098591,0.500000,0.500000
97468,Marçal,LAT,263,BOT,6,45,45,casa,267,VAS,2026-10-07 20:30:00,29,0.000000,0.000000,0.000000,0.000000,0.000000,0.000000,0.333333,0.400000,0.333333,0.266667,0.666667,0.333333,0.000000,0.000000,0.000000,-0.000000,1.392334,2.088501,0.613806,3.069028,0.000000,0.000000,0.000000,0.000000,0.000000,-0.000000,0.000000,-0.000000,0.666667,-0.666667,0.000000,-0.000000,1.074184,-0.322255,0.000000,-0.000000,0.000000,-0.000000,5.168607,4.824366,4.996487,0.500000,0.500000
102975,Escobar,LAT,277,SAN,7,95,85,casa,262,FLA,2026-10-08 19:30:00,29,0.000000,0.000000,0.000057,0.000287,0.000000,0.000000,0.000000,0.000000,0.000000,0.000000,0.333333,0.166667,0.000000,0.000000,0.000017,-0.000002,2.359224,3.538836,0.178721,0.893606,0.000000,0.000000,0.000000,0.000000,0.000000,-0.000000,0.000000,-0.000000,0.666667,-0.666667,0.000000,-0.000000,0.775509,-0.232653,0.000000,-0.000000,0.000000,-0.000000,3.700074,6.269692,4.984883,0.500000,0.500000
105531,Matheus Bidu,LAT,264,COR,7,95,85,fora,285,INT,2026-10-07 19:30:00,29,0.333333,2.666667,0.000032,0.000158,0.000000,0.000000,0.000000,0.000000,0.333333,0.266667,2.333333,1.166667,0.000000,0.000000,0.296519,-0.029652,1.561801,2.342702,0.039516,0.197581,0.000000,0.000000,0.000000,0.000000,0.000000,-0.000000,0.000000,-0.000000,0.000000,-0.000000,0.000000,-0.000000,0.524164,-0.157249,0.000000,-0.000000,0.000000,-0.000000,6.453539,3.420381,4.936960,0.500000,0.500000
111832,Jefté,LAT,275,PAL,5,45,45,casa,265,BAH,2026-10-08 21:30:00,29,0.000000,0.000000,0.247500,1.237500,0.000000,0.000000,0.000000,0.000000,0.000000,0.000000,0.000000,0.000000,0.000000,0.000000,0.288678,-0.028868,1.205461,1.808192,0.697500,3.487500,0.000000,0.000000,0.000000,0.000000,0.000000,-0.000000,0.000000,-0.000000,0.000000,-0.000000,0.000000,-0.000000,0.658747,-0.197624,0.000000,-0.000000,0.000000,-0.000000,6.306700,3.511663,4.909182,0.500000,0.500000
145659,Nicolas,LAT,276,SAO,5,45,45,fora,283,CRU,2026-10-07 21:30:00,29,0.000000,0.000000,0.000000,0.000000,0.000000,0.000000,0.000000,0.000000,0.000000,0.000000,0.000000,0.000000,0.000000,0.000000,0.000000,-0.000000,1.008183,1.512274,1.000000,5.000000,0.000000,0.000000,0.000000,0.000000,0.000000,-0.000000,0.000000,-0.000000,0.000000,-0.000000,0.000000,-0.000000,0.837828,-0.251348,0.000000,-0.000000,0.000000,-0.000000,6.260926,3.358145,4.809535,0.500000,0.500000
143600,Kauã Moraes,LAT,283,CRU,6,45,45,casa,276,SAO,2026-10-07 21:30:00,29,0.333333,2.666667,0.004605,0.023027,0.000000,0.000000,0.333333,0.400000,0.000000,0.000000,1.333333,0.666667,0.000000,0.000000,0.000000,-0.000000,1.409620,2.114430,0.048029,0.240144,0.000000,0.000000,0.000000,0.000000,0.000000,-0.000000,0.000000,-0.000000,0.333333,-0.333333,0.000000,-0.000000,0.956298,-0.286889,0.000000,-0.000000,0.000000,-0.000000,5.490711,4.060028,4.775370,0.500000,0.500000
107554,Natanael,LAT,282,CAM,7,95,85,fora,293,CAP,2026-10-08 20:00:00,29,0.000000,0.000000,0.000089,0.000445,0.000000,0.000000,0.666667,0.800000,0.666667,0.533333,1.333333,0.666667,0.000000,0.000000,0.019554,-0.001955,2.240344,3.360516,0.048060,0.240302,0.000000,0.000000,0.000000,0.000000,0.000000,-0.000000,0.000000,-0.000000,0.000000,-0.000000,0.000000,-0.000000,0.639524,-0.191857,0.000000,-0.000000,0.000000,-0.000000,5.407450,4.063091,4.735270,0.500000,0.500000
84816,Varela,LAT,262,FLA,6,45,45,fora,277,SAN,2026-10-08 19:30:00,29,0.333333,2.666667,0.001171,0.005857,0.000000,0.000000,0.000000,0.000000,0.333333,0.266667,1.333333,0.666667,0.000000,0.000000,0.000032,-0.000003,1.200245,1.800368,0.046819,0.234094,0.000000,0.000000,0.000000,0.000000,0.000000,-0.000000,0.000000,-0.000000,0.333333,-0.333333,0.000000,-0.000000,0.747735,-0.224321,0.000000,-0.000000,0.000000,-0.000000,5.082662,4.301703,4.692182,0.500000,0.500000
72493,Alex Telles,LAT,263,BOT,7,95,85,casa,267,VAS,2026-10-07 20:30:00,29,0.000000,0.000000,0.261441,1.307205,0.000000,0.000000,0.000000,0.000000,0.333333,0.266667,0.666667,0.333333,0.000000,0.000000,0.000000,-0.000000,1.359075,2.038613,0.012463,0.062314,0.000000,0.000000,0.000000,0.000000,0.000000,-0.000000,0.000000,-0.000000,0.000000,-0.000000,0.000000,-0.000000,1.052195,-0.315659,0.000000,-0.000000,0.000000,-0.000000,3.692473,5.606390,4.649431,0.500000,0.500000
94968,Juninho Capixaba,LAT,280,RBB,7,95,85,casa,2305,MIR,2026-10-07 19:30:00,29,0.000000,0.000000,0.000067,0.000335,0.000000,0.000000,0.666667,0.800000,0.333333,0.266667,1.333333,0.666667,0.000000,0.000000,0.001485,-0.000148,2.098525,3.147787,0.093331,0.466653,0.000000,0.000000,0.000000,0.000000,0.000000,-0.000000,0.000000,-0.000000,0.666667,-0.666667,0.000000,-0.000000,0.862031,-0.258609,0.333333,-0.333333,0.000000,-0.000000,4.089351,5.124332,4.606841,0.500000,0.500000
93716,Paulo Henrique,LAT,267,VAS,7,95,85,fora,263,BOT,2026-10-07 20:30:00,29,0.000000,0.000000,0.000376,0.001882,0.000000,0.000000,0.333333,0.400000,0.000000,0.000000,0.333333,0.166667,0.000000,0.000000,0.136125,-0.013613,1.448889,2.173333,0.462456,2.312281,0.000000,0.000000,0.000000,0.000000,0.000000,-0.000000,0.000000,-0.000000,0.333333,-0.333333,0.000000,-0.000000,0.744217,-0.223265,0.000000,-0.000000,0.000000,-0.000000,4.483952,4.392212,4.438082,0.500000,0.500000
80313,Gilberto,LAT,293,CAP,7,95,85,casa,282,CAM,2026-10-08 20:00:00,29,0.000000,0.000000,0.000421,0.002107,0.000000,0.000000,1.000000,1.200000,0.333333,0.266667,0.000000,0.000000,0.000000,0.000000,0.041178,-0.004118,1.358071,2.037106,0.138694,0.693472,0.000000,0.000000,0.000000,0.000000,0.000000,-0.000000,0.000000,-0.000000,0.000000,-0.000000,0.000000,-0.000000,0.840043,-0.252013,0.000000,-0.000000,0.000000,-0.000000,3.943221,4.927873,4.435547,0.500000,0.500000
122670,Diego Caito,LAT,284,GRE,7,95,85,fora,364,REM,2026-10-07 19:30:00,29,0.000000,0.000000,0.000000,0.000000,0.000000,0.000000,1.333333,1.600000,0.666667,0.533333,1.666667,0.833333,0.000000,0.000000,0.000000,-0.000000,1.366176,2.049263,0.000000,0.000000,0.000000,0.000000,0.000000,0.000000,0.000000,-0.000000,0.000000,-0.000000,0.333333,-0.333333,0.000000,-0.000000,0.536535,-0.160960,0.000000,-0.000000,0.000000,-0.000000,4.521636,4.265024,4.393330,0.500000,0.500000
42500,Fagner,LAT,283,CRU,7,95,85,casa,276,SAO,2026-10-07 21:30:00,29,0.000000,0.000000,0.036539,0.182697,0.000000,0.000000,0.000000,0.000000,0.000000,0.000000,0.333333,0.166667,0.000000,0.000000,0.000000,-0.000000,1.619779,2.429669,0.000449,0.002245,0.000000,0.000000,0.000000,0.000000,0.000000,-0.000000,0.000000,-0.000000,0.000000,-0.000000,0.000000,-0.000000,1.215838,-0.364751,0.000000,-0.000000,0.000000,-0.000000,2.416526,6.321220,4.368873,0.500000,0.500000
101597,Ramon,LAT,287,VIT,5,45,45,casa,315,CHA,2026-10-07 20:00:00,29,0.000000,0.000000,0.000000,0.000000,0.000000,0.000000,0.333333,0.400000,0.000000,0.000000,0.333333,0.166667,0.000000,0.000000,0.000000,-0.000000,1.519521,2.279281,0.259006,1.295028,0.000000,0.000000,0.000000,0.000000,0.000000,-0.000000,0.000000,-0.000000,0.666667,-0.666667,0.000000,-0.000000,0.817341,-0.245202,0.000000,-0.000000,0.000000,-0.000000,3.229107,5.451784,4.340446,0.500000,0.500000
124481,Mateo Ponte,LAT,263,BOT,6,45,45,casa,267,VAS,2026-10-07 20:30:00,29,0.000000,0.000000,0.022648,0.113239,0.000000,0.000000,0.000000,0.000000,0.000000,0.000000,0.000000,0.000000,0.000000,0.000000,0.136125,-0.013613,1.407856,2.111784,0.252105,1.260527,0.000000,0.000000,0.000000,0.000000,0.000000,-0.000000,0.000000,-0.000000,0.000000,-0.000000,0.000000,-0.000000,0.467229,-0.140169,0.000000,-0.000000,0.000000,-0.000000,3.331768,5.237022,4.284395,0.500000,0.500000
98720,Angileri,LAT,264,COR,6,45,45,fora,285,INT,2026-10-07 19:30:00,29,0.333333,2.666667,0.000000,0.000000,0.000000,0.000000,0.000000,0.000000,0.666667,0.533333,0.666667,0.333333,0.000000,0.000000,0.000000,-0.000000,1.410802,2.116202,0.122898,0.614488,0.000000,0.000000,0.000000,0.000000,0.000000,-0.000000,0.000000,-0.000000,0.333333,-0.333333,0.000000,-0.000000,0.659077,-0.197723,0.000000,-0.000000,0.000000,-0.000000,5.732967,2.790131,4.261549,0.500000,0.500000
111879,Mateus Silva,LAT,287,VIT,7,95,85,casa,315,CHA,2026-10-07 20:00:00,29,0.000000,0.000000,0.136125,0.680625,0.000000,0.000000,0.333333,0.400000,0.000000,0.000000,0.333333,0.166667,0.000000,0.000000,0.450000,-0.045000,1.474243,2.211364,0.163806,0.819028,0.000000,0.000000,0.000000,0.000000,0.000000,-0.000000,0.000000,-0.000000,0.333333,-0.333333,0.000000,-0.000000,0.442582,-0.132774,0.000000,-0.000000,0.000000,-0.000000,3.766576,4.737166,4.251871,0.500000,0.500000
90061,Bruno Pacheco,LAT,315,CHA,7,95,85,fora,287,VIT,2026-10-07 20:00:00,29,0.000000,0.000000,0.003557,0.017785,0.000000,0.000000,0.000000,0.000000,0.000000,0.000000,2.000000,1.000000,0.000000,0.000000,0.000627,-0.000063,2.246518,3.369777,0.074869,0.374344,0.000000,0.000000,0.000000,0.000000,0.000000,-0.000000,0.000000,-0.000000,0.333333,-0.333333,0.000000,-0.000000,0.933808,-0.280142,0.000000,-0.000000,0.000000,-0.000000,4.148368,4.353558,4.250963,0.500000,0.500000
89275,William,LAT,283,CRU,6,45,45,casa,276,SAO,2026-10-07 21:30:00,29,0.000000,0.000000,0.000000,0.000000,0.000000,0.000000,0.333333,0.400000,0.333333,0.266667,0.666667,0.333333,0.000000,0.000000,0.006851,-0.000685,1.685113,2.527669,0.155432,0.777161,0.000000,0.000000,0.000000,0.000000,0.000000,-0.000000,0.000000,-0.000000,0.000000,-0.000000,0.000000,-0.000000,1.450665,-0.435199,0.000000,-0.000000,0.000000,-0.000000,3.868946,4.550578,4.209762,0.500000,0.500000
101820,Mayk,LAT,364,REM,5,45,45,casa,284,GRE,2026-10-07 19:30:00,29,0.000000,0.000000,0.136125,0.680625,0.000000,0.000000,0.000000,0.000000,0.333333,0.266667,0.333333,0.166667,0.000000,0.000000,0.000000,-0.000000,1.140199,1.710299,0.177648,0.888238,0.000000,0.000000,0.000000,0.000000,0.000000,-0.000000,0.000000,-0.000000,0.000000,-0.000000,0.000000,-0.000000,0.578208,-0.173462,0.000000,-0.000000,0.000000,-0.000000,3.539033,4.785798,4.162416,0.500000,0.500000
80570,Wendell,LAT,276,SAO,6,45,45,fora,283,CRU,2026-10-07 21:30:00,29,0.000000,0.000000,0.003317,0.016583,0.000000,0.000000,0.333333,0.400000,0.000000,0.000000,1.333333,0.666667,0.000000,0.000000,0.097517,-0.009752,1.637465,2.456198,0.248710,1.243550,0.000000,0.000000,0.000000,0.000000,0.000000,-0.000000,0.000000,-0.000000,0.000000,-0.000000,0.000000,-0.000000,1.141104,-0.342331,0.000000,-0.000000,0.000000,-0.000000,4.430914,3.707004,4.068959,0.500000,0.500000
87228,Guilherme Arana,LAT,266,FLU,6,45,45,casa,294,CFC,2026-10-08 21:30:00,29,0.000000,0.000000,0.000000,0.000000,0.000000,0.000000,0.333333,0.400000,0.333333,0.266667,0.000000,0.000000,0.000000,0.000000,0.003768,-0.000377,1.316292,1.974438,0.248231,1.241156,0.000000,0.000000,0.000000,0.000000,0.000000,-0.000000,0.000000,-0.000000,0.000000,-0.000000,0.000000,-0.000000,0.578810,-0.173643,0.000000,-0.000000,0.000000,-0.000000,3.708241,4.370394,4.039318,0.500000,0.500000
120433,Léo Derik,LAT,293,CAP,6,45,45,casa,282,CAM,2026-10-08 20:00:00,29,0.000000,0.000000,0.000000,0.000000,0.000000,0.000000,0.000000,0.000000,0.000000,0.000000,0.000000,0.000000,0.000000,0.000000,0.000000,-0.000000,1.400629,2.100943,0.533242,2.666211,0.000000,0.000000,0.000000,0.000000,0.000000,-0.000000,0.000000,-0.000000,0.000000,-0.000000,0.000000,-0.000000,0.439226,-0.131768,0.000000,-0.000000,0.000000,-0.000000,4.635386,3.394371,4.014878,0.500000,0.500000
106302,Preciado,LAT,282,CAM,6,45,45,fora,293,CAP,2026-10-08 20:00:00,29,0.000000,0.000000,0.136125,0.680625,0.000000,0.000000,0.333333,0.400000,0.333333,0.266667,1.666667,0.833333,0.000000,0.000000,0.000000,-0.000000,1.464193,2.196290,0.263724,1.318622,0.000000,0.000000,0.000000,0.000000,0.000000,-0.000000,0.000000,-0.000000,0.666667,-0.666667,0.000000,-0.000000,1.568744,-0.470623,0.000000,-0.000000,0.000000,-0.000000,4.558246,3.393109,3.975678,0.500000,0.500000
88393,Ayrton Lucas,LAT,262,FLA,5,45,45,fora,277,SAN,2026-10-08 19:30:00,29,0.000000,0.000000,0.026416,0.132079,0.000000,0.000000,0.333333,0.400000,0.333333,0.266667,1.000000,0.500000,0.000000,0.000000,0.000000,-0.000000,1.262344,1.893517,0.235963,1.179816,0.000000,0.000000,0.000000,0.000000,0.000000,-0.000000,0.000000,-0.000000,0.000000,-0.000000,0.000000,-0.000000,1.098824,-0.329647,0.000000,-0.000000,0.000000,-0.000000,4.042432,3.672360,3.857396,0.500000,0.500000
131516,JP Chermont,LAT,294,CFC,5,45,45,fora,266,FLU,2026-10-08 21:30:00,29,0.000000,0.000000,0.272440,1.362198,0.000000,0.000000,0.666667,0.800000,0.333333,0.266667,0.333333,0.166667,0.000000,0.000000,0.000000,-0.000000,1.470063,2.205095,0.000639,0.003194,0.000000,0.000000,0.000000,0.000000,0.000000,-0.000000,0.000000,-0.000000,0.333333,-0.333333,0.000000,-0.000000,0.652808,-0.195842,0.333333,-0.333333,0.000000,-0.000000,3.941311,3.685118,3.813214,0.500000,0.500000
86864,Marlon,LAT,364,REM,7,95,85,casa,284,GRE,2026-10-07 19:30:00,29,0.000000,0.000000,0.000000,0.000000,0.000000,0.000000,0.000000,0.000000,0.666667,0.533333,1.000000,0.500000,0.000000,0.000000,0.000000,-0.000000,1.651654,2.477481,0.000000,0.000000,0.000000,0.000000,0.000000,0.000000,0.000000,-0.000000,0.000000,-0.000000,0.000000,-0.000000,0.000000,-0.000000,1.127371,-0.338211,0.000000,-0.000000,0.000000,-0.000000,3.172603,4.365871,3.769237,0.500000,0.500000
101727,Matheuzinho,LAT,264,COR,7,95,85,fora,285,INT,2026-10-07 19:30:00,29,0.000000,0.000000,0.023788,0.118938,0.000000,0.000000,0.000000,0.000000,1.000000,0.800000,0.666667,0.333333,0.000000,0.000000,0.003835,-0.000383,1.986808,2.980212,0.040222,0.201109,0.000000,0.000000,0.000000,0.000000,0.000000,-0.000000,0.000000,-0.000000,0.333333,-0.333333,0.000000,-0.000000,1.568794,-0.470638,0.000000,-0.000000,0.000000,-0.000000,3.629237,3.821428,3.725333,0.500000,0.500000
123717,Zé Guilherme,LAT,265,BAH,6,45,45,fora,275,PAL,2026-10-08 21:30:00,29,0.000000,0.000000,0.000000,0.000000,0.000000,0.000000,0.000000,0.000000,0.333333,0.266667,1.000000,0.500000,0.000000,0.000000,0.000000,-0.000000,1.207299,1.810949,0.247500,1.237500,0.000000,0.000000,0.000000,0.000000,0.000000,-0.000000,0.000000,-0.000000,0.333333,-0.333333,0.000000,-0.000000,0.698994,-0.209698,0.000000,-0.000000,0.000000,-0.000000,3.272084,4.113718,3.692901,0.500000,0.500000
150959,Davizinho,LAT,277,SAN,6,45,45,casa,262,FLA,2026-10-08 19:30:00,29,0.000000,0.000000,0.000000,0.000000,0.000000,0.000000,0.000000,0.000000,0.000000,0.000000,0.000000,0.000000,0.000000,0.000000,0.000000,-0.000000,1.045633,1.568449,0.450000,2.250000,0.000000,0.000000,0.000000,0.000000,0.000000,-0.000000,0.000000,-0.000000,0.000000,-0.000000,0.000000,-0.000000,0.749881,-0.224964,0.000000,-0.000000,0.000000,-0.000000,3.593485,3.775739,3.684612,0.500000,0.500000
110426,Bernabei,LAT,285,INT,7,95,85,casa,264,COR,2026-10-07 19:30:00,29,0.000000,0.000000,0.001140,0.005699,0.000000,0.000000,0.000000,0.000000,0.333333,0.266667,0.666667,0.333333,0.000000,0.000000,1.040469,-0.104047,1.473257,2.209886,0.098040,0.490202,0.000000,0.000000,0.000000,0.000000,0.000000,-0.000000,0.000000,-0.000000,0.333333,-0.333333,0.000000,-0.000000,1.241114,-0.372334,0.000000,-0.000000,0.000000,-0.000000,2.496072,4.669853,3.582963,0.500000,0.500000
132412,Román Gómez,LAT,265,BAH,6,45,45,fora,275,PAL,2026-10-08 21:30:00,29,0.000000,0.000000,0.000000,0.000000,0.000000,0.000000,0.000000,0.000000,0.000000,0.000000,0.666667,0.333333,0.000000,0.000000,0.000000,-0.000000,1.277246,1.915868,0.111366,0.556830,0.000000,0.000000,0.000000,0.000000,0.000000,-0.000000,0.000000,-0.000000,0.333333,-0.333333,0.000000,-0.000000,1.023788,-0.307136,0.000000,-0.000000,0.000000,-0.000000,2.165562,4.940444,3.553003,0.500000,0.500000
86410,Victor Luis,LAT,2305,MIR,6,45,45,fora,280,RBB,2026-10-07 19:30:00,29,0.000000,0.000000,0.000000,0.000000,0.000000,0.000000,0.000000,0.000000,0.000000,0.000000,0.000000,0.000000,0.000000,0.000000,0.247500,-0.024750,1.047971,1.571957,0.450000,2.250000,0.000000,0.000000,0.000000,0.000000,0.000000,-0.000000,0.000000,-0.000000,0.000000,-0.000000,0.000000,-0.000000,1.274426,-0.382328,0.000000,-0.000000,0.000000,-0.000000,3.414879,3.648928,3.531904,0.500000,0.500000
127932,Júlio Fidelis,LAT,266,FLU,6,45,45,casa,294,CFC,2026-10-08 21:30:00,29,0.000000,0.000000,0.000000,0.000000,0.000000,0.000000,0.000000,0.000000,0.000000,0.000000,1.000000,0.500000,0.000000,0.000000,0.000000,-0.000000,1.496256,2.244383,0.136125,0.680625,0.000000,0.000000,0.000000,0.000000,0.000000,-0.000000,0.000000,-0.000000,0.333333,-0.333333,0.000000,-0.000000,1.186071,-0.355821,0.000000,-0.000000,0.000000,-0.000000,2.735854,4.312753,3.524303,0.500000,0.500000
141594,Pedro Gabriel,LAT,284,GRE,7,95,85,fora,364,REM,2026-10-07 19:30:00,29,0.000000,0.000000,0.006851,0.034255,0.000000,0.000000,0.000000,0.000000,0.333333,0.266667,0.333333,0.166667,0.000000,0.000000,0.000000,-0.000000,1.565572,2.348359,0.453747,2.268733,0.000000,0.000000,0.000000,0.000000,0.000000,-0.000000,0.000000,-0.000000,1.000000,-1.000000,0.000000,-0.000000,0.678356,-0.203507,0.000000,-0.000000,0.000000,-0.000000,3.881173,3.139532,3.510353,0.500000,0.500000
96591,Renan Lodi,LAT,282,CAM,7,95,85,fora,293,CAP,2026-10-08 20:00:00,29,0.000000,0.000000,0.076011,0.380053,0.000000,0.000000,0.000000,0.000000,0.000000,0.000000,1.666667,0.833333,0.000000,0.000000,0.003778,-0.000378,1.234957,1.852436,0.223595,1.117977,0.000000,0.000000,0.000000,0.000000,0.000000,-0.000000,0.000000,-0.000000,0.000000,-0.000000,0.000000,-0.000000,1.282264,-0.384679,0.000000,-0.000000,0.000000,-0.000000,3.798742,3.212771,3.505757,0.500000,0.500000
110715,Andrés Hurtado,LAT,280,RBB,6,45,45,casa,2305,MIR,2026-10-07 19:30:00,29,0.000000,0.000000,0.000000,0.000000,0.000000,0.000000,0.333333,0.400000,0.000000,0.000000,0.333333,0.166667,0.000000,0.000000,0.000000,-0.000000,1.268403,1.902604,0.078869,0.394343,0.000000,0.000000,0.000000,0.000000,0.000000,-0.000000,0.000000,-0.000000,0.000000,-0.000000,0.000000,-0.000000,0.740907,-0.222272,0.000000,-0.000000,0.000000,-0.000000,2.641341,4.286912,3.464127,0.500000,0.500000
63013,Marcos Rocha,LAT,284,GRE,6,45,45,fora,364,REM,2026-10-07 19:30:00,29,0.000000,0.000000,0.000000,0.000000,0.000000,0.000000,0.000000,0.000000,0.000000,0.000000,0.000000,0.000000,0.000000,0.000000,0.000000,-0.000000,1.125175,1.687763,0.450000,2.250000,0.000000,0.000000,0.000000,0.000000,0.000000,-0.000000,0.000000,-0.000000,0.000000,-0.000000,0.000000,-0.000000,0.635800,-0.190740,0.000000,-0.000000,0.000000,-0.000000,3.747023,2.976292,3.361657,0.500000,0.500000
97101,Gabriel Rojas,LAT,283,CRU,7,95,85,casa,276,SAO,2026-10-07 21:30:00,29,0.000000,0.000000,0.000000,0.000000,0.000000,0.000000,0.333333,0.400000,0.333333,0.266667,1.000000,0.500000,0.000000,0.000000,0.450000,-0.045000,1.212537,1.818806,0.022648,0.113239,0.000000,0.000000,0.000000,0.000000,0.000000,-0.000000,0.000000,-0.000000,0.333333,-0.333333,0.000000,-0.000000,0.823111,-0.246933,0.000000,-0.000000,0.000000,-0.000000,2.473445,4.238905,3.356175,0.500000,0.500000
105213,Sant'Anna,LAT,280,RBB,7,95,85,casa,2305,MIR,2026-10-07 19:30:00,29,0.000000,0.000000,0.042318,0.211588,0.000000,0.000000,0.333333,0.400000,0.333333,0.266667,0.666667,0.333333,0.000000,0.000000,0.082860,-0.008286,1.489041,2.233561,0.098781,0.493907,0.000000,0.000000,0.000000,0.000000,0.000000,-0.000000,0.000000,-0.000000,0.666667,-0.666667,0.000000,-0.000000,0.988167,-0.296450,0.000000,-0.000000,0.000000,-0.000000,2.967653,3.701070,3.334362,0.500000,0.500000
145400,Cauê,LAT,280,RBB,6,45,45,casa,2305,MIR,2026-10-07 19:30:00,29,0.000000,0.000000,0.000000,0.000000,0.000000,0.000000,0.000000,0.000000,0.666667,0.533333,0.000000,0.000000,0.000000,0.000000,0.000000,-0.000000,1.252269,1.878404,0.247500,1.237500,0.000000,0.000000,0.000000,0.000000,0.000000,-0.000000,0.000000,-0.000000,0.333333,-0.333333,0.000000,-0.000000,1.230517,-0.369155,0.000000,-0.000000,0.000000,-0.000000,2.946749,3.593078,3.269913,0.500000,0.500000
105584,Lucas Piton,LAT,267,VAS,6,45,45,fora,263,BOT,2026-10-07 20:30:00,29,0.000000,0.000000,0.136125,0.680625,0.000000,0.000000,0.333333,0.400000,0.666667,0.533333,0.333333,0.166667,0.000000,0.000000,0.003768,-0.000377,1.196610,1.794916,0.006851,0.034255,0.000000,0.000000,0.000000,0.000000,0.000000,-0.000000,0.000000,-0.000000,0.000000,-0.000000,0.000000,-0.000000,1.132073,-0.339622,0.000000,-0.000000,0.000000,-0.000000,3.269796,3.238590,3.254193,0.500000,0.500000
141405,Avellar,LAT,267,VAS,6,45,45,fora,263,BOT,2026-10-07 20:30:00,29,0.000000,0.000000,0.000000,0.000000,0.000000,0.000000,0.500000,0.600000,0.000000,0.000000,0.000000,0.000000,0.000000,0.000000,0.000000,-0.000000,1.349235,2.023852,0.000000,0.000000,0.000000,0.000000,0.000000,0.000000,0.000000,-0.000000,0.000000,-0.000000,0.000000,-0.000000,0.000000,-0.000000,0.757635,-0.227291,0.000000,-0.000000,0.000000,-0.000000,2.396562,4.070175,3.233368,0.500000,0.500000
100848,Luan Cândido,LAT,287,VIT,7,95,85,casa,315,CHA,2026-10-07 20:00:00,29,0.000000,0.000000,0.002699,0.013497,0.000000,0.000000,0.333333,0.400000,0.000000,0.000000,0.333333,0.166667,0.000000,0.000000,0.743330,-0.074333,1.341872,2.012807,0.161139,0.805696,0.000000,0.000000,0.000000,0.000000,0.000000,-0.000000,0.000000,-0.000000,0.000000,-0.000000,0.000000,-0.000000,1.050846,-0.315254,0.000000,-0.000000,0.000000,-0.000000,3.009080,3.446652,3.227866,0.500000,0.500000
97899,Matheus Bahia,LAT,285,INT,6,45,45,casa,264,COR,2026-10-07 19:30:00,29,0.000000,0.000000,0.081720,0.408599,0.000000,0.000000,0.000000,0.000000,0.000000,0.000000,1.000000,0.500000,0.000000,0.000000,0.527148,-0.052715,1.554777,2.332166,0.041684,0.208421,0.000000,0.000000,0.000000,0.000000,0.000000,-0.000000,0.333333,-1.000000,0.333333,-0.333333,0.000000,-0.000000,0.709456,-0.212837,0.333333,-0.333333,0.000000,-0.000000,1.516968,4.829092,3.173030,0.500000,0.500000
73384,Samuel Xavier,LAT,266,FLU,6,45,45,casa,294,CFC,2026-10-08 21:30:00,29,0.000000,0.000000,0.000000,0.000000,0.000000,0.000000,0.000000,0.000000,0.000000,0.000000,1.333333,0.666667,0.000000,0.000000,0.247845,-0.024784,1.293288,1.939932,0.075403,0.377016,0.000000,0.000000,0.000000,0.000000,0.000000,-0.000000,0.000000,-0.000000,0.666667,-0.666667,0.000000,-0.000000,0.904942,-0.271483,0.000000,-0.000000,0.000000,-0.000000,2.020681,4.271996,3.146338,0.500000,0.500000
82628,Tinga,LAT,294,CFC,5,45,45,fora,266,FLU,2026-10-08 21:30:00,29,0.000000,0.000000,0.035104,0.175520,0.000000,0.000000,0.000000,0.000000,0.333333,0.266667,1.333333,0.666667,0.000000,0.000000,0.000000,-0.000000,1.281458,1.922187,0.078637,0.393184,0.000000,0.000000,0.000000,0.000000,0.000000,-0.000000,0.000000,-0.000000,0.000000,-0.000000,0.000000,-0.000000,0.714356,-0.214307,0.000000,-0.000000,0.000000,-0.000000,3.209918,3.058437,3.134178,0.500000,0.500000
148125,Ryan Augusto,LAT,280,RBB,6,45,45,casa,2305,MIR,2026-10-07 19:30:00,29,0.000000,0.000000,0.000000,0.000000,0.000000,0.000000,0.000000,0.000000,0.333333,0.266667,0.333333,0.166667,0.000000,0.000000,0.247500,-0.024750,1.166483,1.749725,0.074869,0.374344,0.000000,0.000000,0.000000,0.000000,0.000000,-0.000000,0.000000,-0.000000,0.000000,-0.000000,0.000000,-0.000000,0.331387,-0.099416,0.000000,-0.000000,0.000000,-0.000000,2.433236,3.815208,3.124222,0.500000,0.500000
73992,Rodinei,LAT,277,SAN,7,95,85,casa,262,FLA,2026-10-08 19:30:00,29,0.000000,0.000000,0.000000,0.000000,0.000000,0.000000,0.000000,0.000000,0.000000,0.000000,2.000000,1.000000,0.000000,0.000000,0.000000,-0.000000,1.039717,1.559575,0.000000,0.000000,0.000000,0.000000,0.000000,0.000000,0.000000,-0.000000,0.000000,-0.000000,0.000000,-0.000000,0.000000,-0.000000,0.821428,-0.246428,0.000000,-0.000000,0.000000,-0.000000,2.313147,3.869094,3.091120,0.500000,0.500000
118806,Buta,LAT,276,SAO,5,45,45,fora,283,CRU,2026-10-07 21:30:00,29,0.000000,0.000000,0.000000,0.000000,0.000000,0.000000,0.000000,0.000000,0.000000,0.000000,2.000000,1.000000,0.000000,0.000000,0.000000,-0.000000,1.376445,2.064668,0.000000,0.000000,0.000000,0.000000,0.000000,0.000000,0.000000,-0.000000,0.000000,-0.000000,0.000000,-0.000000,0.000000,-0.000000,0.436177,-0.130853,0.000000,-0.000000,0.000000,-0.000000,2.933815,3.233034,3.083425,0.500000,0.500000
104758,Enzo Díaz,LAT,276,SAO,6,45,45,fora,283,CRU,2026-10-07 21:30:00,29,0.000000,0.000000,0.000766,0.003831,0.000000,0.000000,0.666667,0.800000,0.333333,0.266667,1.666667,0.833333,0.000000,0.000000,0.142976,-0.014298,1.571422,2.357134,0.001140,0.005699,0.000000,0.000000,0.000000,0.000000,0.000000,-0.000000,0.000000,-0.000000,1.000000,-1.000000,0.000000,-0.000000,0.736614,-0.220984,0.000000,-0.000000,0.000000,-0.000000,3.031382,3.028606,3.029994,0.500000,0.500000
89273,João Pedro,LAT,284,GRE,6,45,45,fora,364,REM,2026-10-07 19:30:00,29,0.000000,0.000000,0.000000,0.000000,0.000000,0.000000,0.000000,0.000000,0.000000,0.000000,0.000000,0.000000,0.000000,0.000000,0.027681,-0.002768,1.028073,1.542109,0.450000,2.250000,0.000000,0.000000,0.000000,0.000000,0.000000,-0.000000,0.000000,-0.000000,0.333333,-0.333333,0.000000,-0.000000,1.548641,-0.464592,0.000000,-0.000000,0.000000,-0.000000,2.991415,2.986398,2.988907,0.500000,0.500000
104257,João Lucas,LAT,364,REM,5,45,45,casa,284,GRE,2026-10-07 19:30:00,29,0.000000,0.000000,0.000000,0.000000,0.000000,0.000000,0.000000,0.000000,0.333333,0.266667,1.000000,0.500000,0.000000,0.000000,0.000000,-0.000000,1.383595,2.075392,0.000000,0.000000,0.000000,0.000000,0.000000,0.000000,0.000000,-0.000000,0.000000,-0.000000,0.666667,-0.666667,0.000000,-0.000000,0.805659,-0.241698,0.000000,-0.000000,0.000000,-0.000000,1.933694,3.888187,2.910941,0.500000,0.500000
104470,Everton,LAT,315,CHA,5,45,45,fora,287,VIT,2026-10-07 20:00:00,29,0.000000,0.000000,0.000017,0.000087,0.000000,0.000000,0.000000,0.000000,0.666667,0.533333,0.666667,0.333333,0.000000,0.000000,0.000000,-0.000000,1.153078,1.729617,0.136229,0.681147,0.000000,0.000000,0.000000,0.000000,0.000000,-0.000000,0.000000,-0.000000,0.000000,-0.000000,0.000000,-0.000000,0.383851,-0.115155,0.000000,-0.000000,0.000000,-0.000000,3.162362,2.587908,2.875135,0.500000,0.500000
147090,Kauã Pascini,LAT,282,CAM,6,45,45,fora,293,CAP,2026-10-08 20:00:00,29,0.000000,0.000000,0.000000,0.000000,0.000000,0.000000,0.333333,0.400000,0.333333,0.266667,0.000000,0.000000,0.000000,0.000000,0.000000,-0.000000,1.279965,1.919948,0.105890,0.529450,0.000000,0.000000,0.000000,0.000000,0.000000,-0.000000,0.000000,-0.000000,0.000000,-0.000000,0.000000,-0.000000,1.335088,-0.400526,0.000000,-0.000000,0.000000,-0.000000,2.715538,2.874883,2.795210,0.500000,0.500000
91706,Marlon,LAT,284,GRE,5,45,45,fora,364,REM,2026-10-07 19:30:00,29,0.000000,0.000000,0.012456,0.062281,0.000000,0.000000,0.000000,0.000000,0.000000,0.000000,0.000000,0.000000,0.000000,0.000000,0.004605,-0.000461,1.314839,1.972258,0.041178,0.205889,0.000000,0.000000,0.000000,0.000000,0.000000,-0.000000,0.000000,-0.000000,0.666667,-0.666667,0.000000,-0.000000,0.524325,-0.157298,0.000000,-0.000000,0.000000,-0.000000,1.416003,4.138957,2.777480,0.500000,0.500000
146374,Gilberto Junior,LAT,293,CAP,6,45,45,casa,282,CAM,2026-10-08 20:00:00,29,0.000000,0.000000,0.000000,0.000000,0.000000,0.000000,0.333333,0.400000,0.000000,0.000000,0.333333,0.166667,0.000000,0.000000,0.136125,-0.013613,1.189115,1.783673,0.050328,0.251642,0.000000,0.000000,0.000000,0.000000,0.000000,-0.000000,0.000000,-0.000000,0.000000,-0.000000,0.000000,-0.000000,0.718376,-0.215513,0.000000,-0.000000,0.000000,-0.000000,2.372856,3.148608,2.760732,0.500000,0.500000
149715,Rafael Gonzaga,LAT,277,SAN,6,45,45,casa,262,FLA,2026-10-08 19:30:00,29,0.000000,0.000000,0.000000,0.000000,0.000000,0.000000,0.000000,0.000000,0.000000,0.000000,0.000000,0.000000,0.000000,0.000000,0.000000,-0.000000,1.364836,2.047255,0.000000,0.000000,0.000000,0.000000,0.000000,0.000000,0.000000,-0.000000,0.000000,-0.000000,0.000000,-0.000000,0.000000,-0.000000,0.613521,-0.184056,0.000000,-0.000000,0.000000,-0.000000,1.863198,3.572465,2.717832,0.500000,0.500000
99034,Elias,LAT,2305,MIR,6,45,45,fora,280,RBB,2026-10-07 19:30:00,29,0.000000,0.000000,0.000000,0.000000,0.000000,0.000000,0.000000,0.000000,0.000000,0.000000,2.000000,1.000000,0.000000,0.000000,0.000000,-0.000000,1.306170,1.959256,0.000000,0.000000,0.000000,0.000000,0.000000,0.000000,0.000000,-0.000000,0.000000,-0.000000,1.000000,-1.000000,0.000000,-0.000000,0.791120,-0.237336,0.000000,-0.000000,0.000000,-0.000000,1.721920,3.623486,2.672703,0.500000,0.500000
103347,Matheus Alexandre,LAT,364,REM,6,45,45,casa,284,GRE,2026-10-07 19:30:00,29,0.000000,0.000000,0.000000,0.000000,0.000000,0.000000,0.000000,0.000000,0.000000,0.000000,0.000000,0.000000,0.000000,0.000000,0.000000,-0.000000,1.166245,1.749368,0.179836,0.899179,0.000000,0.000000,0.000000,0.000000,0.000000,-0.000000,0.000000,-0.000000,0.333333,-0.333333,0.000000,-0.000000,0.730859,-0.219258,0.000000,-0.000000,0.000000,-0.000000,2.095955,3.149968,2.622962,0.500000,0.500000
141868,Vini Lira,LAT,277,SAN,5,45,45,casa,262,FLA,2026-10-08 19:30:00,29,0.000000,0.000000,0.000000,0.000000,0.000000,0.000000,0.000000,0.000000,0.000000,0.000000,0.000000,0.000000,0.000000,0.000000,0.000000,-0.000000,1.316443,1.974664,0.000000,0.000000,0.000000,0.000000,0.000000,0.000000,0.000000,-0.000000,0.000000,-0.000000,0.333333,-0.333333,0.000000,-0.000000,0.707232,-0.212170,0.000000,-0.000000,0.000000,-0.000000,1.429161,3.809808,2.619485,0.500000,0.500000
123689,Milans,LAT,264,COR,6,45,45,fora,285,INT,2026-10-07 19:30:00,29,0.000000,0.000000,0.000000,0.000000,0.000000,0.000000,0.000000,0.000000,0.000000,0.000000,0.666667,0.333333,0.000000,0.000000,0.074869,-0.007487,1.159297,1.738946,0.199951,0.999753,0.000000,0.000000,0.000000,0.000000,0.000000,-0.000000,0.000000,-0.000000,0.000000,-0.000000,0.000000,-0.000000,0.998603,-0.299581,0.000000,-0.000000,0.000000,-0.000000,2.764965,2.372659,2.568812,0.500000,0.500000
61987,Alex Sandro,LAT,262,FLA,7,95,85,fora,277,SAN,2026-10-08 19:30:00,29,0.000000,0.000000,0.000000,0.000000,0.000000,0.000000,0.000000,0.000000,0.000000,0.000000,0.333333,0.166667,0.000000,0.000000,0.450000,-0.045000,1.164397,1.746596,0.047657,0.238285,0.000000,0.000000,0.000000,0.000000,0.000000,-0.000000,0.000000,-0.000000,0.333333,-0.333333,0.000000,-0.000000,1.659077,-0.497723,0.000000,-0.000000,0.000000,-0.000000,1.275491,3.823747,2.549619,0.500000,0.500000
102318,Caio Paulista,LAT,284,GRE,6,45,45,fora,364,REM,2026-10-07 19:30:00,29,0.000000,0.000000,0.000000,0.000000,0.000000,0.000000,0.000000,0.000000,0.000000,0.000000,0.333333,0.166667,0.000000,0.000000,0.000000,-0.000000,1.256085,1.884127,0.053634,0.268171,0.000000,0.000000,0.000000,0.000000,0.000000,-0.000000,0.000000,-0.000000,0.333333,-0.333333,0.000000,-0.000000,0.377391,-0.113217,0.000000,-0.000000,0.000000,-0.000000,1.872414,2.862807,2.367610,0.500000,0.500000
107236,Vanderlan,LAT,280,RBB,6,45,45,casa,2305,MIR,2026-10-07 19:30:00,29,0.000000,0.000000,0.000000,0.000000,0.000000,0.000000,0.000000,0.000000,0.000000,0.000000,0.000000,0.000000,0.000000,0.000000,0.000000,-0.000000,1.017382,1.526073,0.000000,0.000000,0.000000,0.000000,0.000000,0.000000,0.000000,-0.000000,0.000000,-0.000000,0.000000,-0.000000,0.000000,-0.000000,0.461131,-0.138339,0.000000,-0.000000,0.000000,-0.000000,1.387733,3.304385,2.346059,0.500000,0.500000
141337,Lucas Taverna,LAT,294,CFC,6,45,45,fora,266,FLU,2026-10-08 21:30:00,29,0.000000,0.000000,0.000000,0.000000,0.000000,0.000000,0.000000,0.000000,0.000000,0.000000,0.000000,0.000000,0.000000,0.000000,0.000000,-0.000000,1.087115,1.630672,0.166375,0.831875,0.000000,0.000000,0.000000,0.000000,0.000000,-0.000000,0.000000,-0.000000,0.000000,-0.000000,0.000000,-0.000000,0.681324,-0.204397,0.000000,-0.000000,0.000000,-0.000000,2.258150,2.426320,2.342235,0.500000,0.500000
77656,Cédric Soares,LAT,276,SAO,6,45,45,fora,283,CRU,2026-10-07 21:30:00,29,0.000000,0.000000,0.000000,0.000000,0.000000,0.000000,0.000000,0.000000,0.000000,0.000000,0.000000,0.000000,0.000000,0.000000,0.000000,-0.000000,1.046148,1.569222,0.000000,0.000000,0.000000,0.000000,0.000000,0.000000,0.000000,-0.000000,0.000000,-0.000000,0.000000,-0.000000,0.000000,-0.000000,0.477477,-0.143243,0.000000,-0.000000,0.000000,-0.000000,1.425978,3.209820,2.317899,0.500000,0.500000
106950,Fernando,LAT,315,CHA,6,45,45,fora,287,VIT,2026-10-07 20:00:00,29,0.000000,0.000000,0.000000,0.000000,0.000000,0.000000,0.000000,0.000000,0.000000,0.000000,0.666667,0.333333,0.000000,0.000000,0.000000,-0.000000,0.950491,1.425736,0.041178,0.205889,0.000000,0.000000,0.000000,0.000000,0.000000,-0.000000,0.000000,-0.000000,0.666667,-0.666667,0.000000,-0.000000,1.450056,-0.435017,0.000000,-0.000000,0.000000,-0.000000,0.863275,3.462545,2.162910,0.500000,0.500000
91626,Paulinho,LAT,263,BOT,6,45,45,casa,267,VAS,2026-10-07 20:30:00,29,0.000000,0.000000,0.000000,0.000000,0.000000,0.000000,0.000000,0.000000,0.000000,0.000000,0.000000,0.000000,0.000000,0.000000,0.000000,-0.000000,0.925035,1.387553,0.000000,0.000000,0.000000,0.000000,0.000000,0.000000,0.000000,-0.000000,0.000000,-0.000000,0.000000,-0.000000,0.000000,-0.000000,0.246181,-0.073854,0.000000,-0.000000,0.000000,-0.000000,1.313699,3.006423,2.160061,0.500000,0.500000
99213,Puma Rodríguez,LAT,267,VAS,6,45,45,fora,263,BOT,2026-10-07 20:30:00,29,0.000000,0.000000,0.008251,0.041253,0.000000,0.000000,0.000000,0.000000,0.000000,0.000000,0.000000,0.000000,0.000000,0.000000,0.000070,-0.000007,1.077426,1.616138,0.006851,0.034255,0.000000,0.000000,0.000000,0.000000,0.000000,-0.000000,0.000000,-0.000000,0.000000,-0.000000,0.000000,-0.000000,0.420377,-0.126113,0.000000,-0.000000,0.000000,-0.000000,1.565526,2.538522,2.052024,0.500000,0.500000
131964,Jhoan Hernández,LAT,263,BOT,6,45,45,casa,267,VAS,2026-10-07 20:30:00,29,0.000000,0.000000,0.000000,0.000000,0.000000,0.000000,0.000000,0.000000,0.000000,0.000000,0.000000,0.000000,0.000000,0.000000,0.000000,-0.000000,0.921908,1.382862,0.000000,0.000000,0.000000,0.000000,0.000000,0.000000,0.000000,-0.000000,0.000000,-0.000000,0.000000,-0.000000,0.000000,-0.000000,0.544917,-0.163475,0.000000,-0.000000,0.000000,-0.000000,1.219387,2.786544,2.002965,0.500000,0.500000
96678,Bustos,LAT,294,CFC,6,45,45,fora,266,FLU,2026-10-08 21:30:00,29,0.000000,0.000000,0.000000,0.000000,0.000000,0.000000,0.000000,0.000000,0.000000,0.000000,0.000000,0.000000,0.000000,0.000000,0.000000,-0.000000,0.888608,1.332913,0.000000,0.000000,0.000000,0.000000,0.000000,0.000000,0.000000,-0.000000,0.000000,-0.000000,0.000000,-0.000000,0.000000,-0.000000,1.049862,-0.314959,0.000000,-0.000000,0.000000,-0.000000,1.017954,2.925498,1.971726,0.500000,0.500000
142868,Johnny,LAT,262,FLA,6,45,45,fora,277,SAN,2026-10-08 19:30:00,29,0.000000,0.000000,0.000000,0.000000,0.000000,0.000000,0.000000,0.000000,0.000000,0.000000,0.000000,0.000000,0.000000,0.000000,0.000000,-0.000000,0.894981,1.342472,0.000000,0.000000,0.000000,0.000000,0.000000,0.000000,0.000000,-0.000000,0.000000,-0.000000,0.000000,-0.000000,0.000000,-0.000000,0.742050,-0.222615,0.000000,-0.000000,0.000000,-0.000000,1.119857,2.811604,1.965731,0.500000,0.500000
93637,Bruno Tubarão,LAT,315,CHA,5,45,45,fora,287,VIT,2026-10-07 20:00:00,29,0.000000,0.000000,0.000000,0.000000,0.000000,0.000000,1.000000,1.200000,0.000000,0.000000,0.000000,0.000000,0.000000,0.000000,0.000000,-0.000000,1.086365,1.629548,0.000000,0.000000,0.000000,0.000000,0.000000,0.000000,0.000000,-0.000000,0.000000,-0.000000,1.000000,-1.000000,0.000000,-0.000000,0.529037,-0.158711,0.000000,-0.000000,0.000000,-0.000000,1.670837,2.239185,1.955011,0.500000,0.500000
84339,Bruno Melo,LAT,294,CFC,7,95,85,fora,266,FLU,2026-10-08 21:30:00,29,0.000000,0.000000,0.000000,0.000002,0.000000,0.000000,0.000000,0.000000,0.000000,0.000000,0.333333,0.166667,0.000000,0.000000,0.074870,-0.007487,1.159106,1.738658,0.007592,0.037959,0.000000,0.000000,0.000000,0.000000,0.000000,-0.000000,0.000000,-0.000000,0.000000,-0.000000,0.000000,-0.000000,0.529335,-0.158801,0.000000,-0.000000,0.000000,-0.000000,1.776999,2.100469,1.938734,0.500000,0.500000
101708,Felipe Jonatan,LAT,294,CFC,5,45,45,fora,266,FLU,2026-10-08 21:30:00,29,0.000000,0.000000,0.000000,0.000000,0.000000,0.000000,0.000000,0.000000,0.000000,0.000000,0.000000,0.000000,0.000000,0.000000,0.000190,-0.000019,1.023480,1.535220,0.042375,0.211875,0.000000,0.000000,0.000000,0.000000,0.000000,-0.000000,0.000000,-0.000000,0.000000,-0.000000,0.000000,-0.000000,0.231359,-0.069408,0.000000,-0.000000,0.000000,-0.000000,1.677668,2.027934,1.852801,0.500000,0.500000
145660,Luiz Felipe,LAT,285,INT,6,45,45,casa,264,COR,2026-10-07 19:30:00,29,0.000000,0.000000,0.000000,0.000000,0.000000,0.000000,0.000000,0.000000,0.000000,0.000000,0.000000,0.000000,0.000000,0.000000,0.450000,-0.045000,1.122228,1.683342,0.000000,0.000000,0.000000,0.000000,0.000000,0.000000,0.000000,-0.000000,0.000000,-0.000000,0.000000,-0.000000,0.000000,-0.000000,0.394221,-0.118266,0.000000,-0.000000,0.000000,-0.000000,1.520076,2.178877,1.849476,0.500000,0.500000
141763,Fabiano Souza,LAT,287,VIT,6,45,45,casa,315,CHA,2026-10-07 20:00:00,29,0.000000,0.000000,0.000000,0.000000,0.000000,0.000000,0.000000,0.000000,0.333333,0.266667,1.000000,0.500000,0.000000,0.000000,0.000000,-0.000000,1.048806,1.573209,0.000000,0.000000,0.000000,0.000000,0.000000,0.000000,0.333333,-1.000000,0.000000,-0.000000,0.333333,-0.333333,0.000000,-0.000000,0.510409,-0.153123,0.000000,-0.000000,0.000000,-0.000000,0.853420,2.463891,1.658655,0.500000,0.500000
122390,Rodrigo Gelado,LAT,294,CFC,6,45,45,fora,266,FLU,2026-10-08 21:30:00,29,0.000000,0.000000,0.000000,0.000000,0.000000,0.000000,0.000000,0.000000,0.000000,0.000000,0.000000,0.000000,0.000000,0.000000,0.000000,-0.000000,0.894981,1.342472,0.000000,0.000000,0.000000,0.000000,0.000000,0.000000,0.000000,-0.000000,0.000000,-0.000000,0.000000,-0.000000,0.000000,-0.000000,0.742050,-0.222615,0.000000,-0.000000,0.000000,-0.000000,1.119857,2.069298,1.594577,0.500000,0.500000
148092,Vitor Ramon,LAT,284,GRE,6,45,45,fora,364,REM,2026-10-07 19:30:00,29,0.000000,0.000000,0.000000,0.000000,0.000000,0.000000,0.000000,0.000000,0.000000,0.000000,0.000000,0.000000,0.000000,0.000000,0.000000,-0.000000,1.063323,1.594985,0.000000,0.000000,0.000000,0.000000,0.000000,0.000000,0.000000,-0.000000,0.000000,-0.000000,1.000000,-1.000000,0.000000,-0.000000,1.105517,-0.331655,0.000000,-0.000000,0.000000,-0.000000,0.263330,2.438053,1.350692,0.500000,0.500000
96610,Matheus Pereira,MEI,283,CRU,7,95,85,casa,276,SAO,2026-10-07 21:30:00,29,0.887496,7.099970,0.211115,1.055577,0.247500,0.742500,0.220153,0.264184,0.666667,0.533333,2.288571,1.144285,0.333333,0.333333,0.454526,-0.045453,0.760017,1.140026,0.000000,0.000000,0.000000,0.000000,0.000000,0.000000,0.000378,-0.001133,0.000000,-0.000000,0.000000,-0.000000,0.000000,-0.000000,1.665147,-0.499544,0.002148,-0.002148,0.000778,-0.003113,11.761819,6.095090,8.928454,0.500000,0.500000
68708,Eduardo,MEI,2305,MIR,7,95,85,fora,280,RBB,2026-10-07 19:30:00,29,1.016403,8.131224,0.000000,0.000000,0.022648,0.067943,0.022683,0.027219,1.333333,1.066667,0.423627,0.211813,0.000000,0.000000,0.000000,-0.000000,0.690860,1.036290,0.000000,0.000000,0.000000,0.000000,0.000000,0.000000,0.000375,-0.001125,0.000057,-0.000172,0.000000,-0.000000,0.000000,-0.000000,0.007167,-0.002150,0.012955,-0.012955,0.000769,-0.003077,10.521678,3.487581,7.004629,0.500000,0.500000
63007,Neymar,MEI,277,SAN,5,45,45,casa,262,FLA,2026-10-08 19:30:00,29,0.177244,1.417952,0.251268,1.256340,0.450000,1.350000,1.307980,1.569576,2.333333,1.866667,3.215743,1.607871,0.000000,0.000000,0.555178,-0.055518,0.810680,1.216020,0.000000,0.000000,0.000000,0.000000,0.000000,0.000000,0.000374,-0.001123,0.000000,-0.000000,0.333333,-0.333333,0.000000,-0.000000,1.510561,-0.453168,0.002770,-0.002770,0.000768,-0.003071,9.435442,4.301523,6.868483,0.500000,0.500000
105068,Reinier,MEI,282,CAM,5,45,45,fora,293,CAP,2026-10-08 20:00:00,29,0.661621,5.292965,0.136752,0.683760,0.000032,0.000095,0.506502,0.607802,0.666667,0.533333,0.656249,0.328124,0.000000,0.000000,0.000000,-0.000000,0.829131,1.243696,0.000000,0.000000,0.000000,0.000000,0.000000,0.000000,0.000375,-0.001124,0.000000,-0.000000,0.000000,-0.000000,0.000000,-0.000000,0.336923,-0.101077,0.011727,-0.011727,0.000769,-0.003078,8.572770,5.017149,6.794959,0.500000,0.500000
105436,Carrascal,MEI,262,FLA,7,95,85,fora,277,SAN,2026-10-08 19:30:00,29,0.098674,0.789390,0.582965,2.914827,0.003212,0.009637,1.392603,1.671124,0.666667,0.533333,0.860072,0.430036,0.000000,0.000000,0.900000,-0.090000,0.825083,1.237624,0.000000,0.000000,0.000000,0.000000,0.000000,0.000000,0.000375,-0.001125,0.004395,-0.013185,0.333333,-0.333333,0.000000,-0.000000,0.696032,-0.208810,0.012969,-0.012969,0.000761,-0.003046,6.923503,6.013797,6.468650,0.500000,0.500000
124552,Lescano,MEI,267,VAS,7,95,85,fora,263,BOT,2026-10-07 20:30:00,29,0.450000,3.600000,0.000000,0.000000,0.000000,0.000000,0.000000,0.000000,0.500000,0.400000,0.000000,0.000000,0.500000,0.500000,0.000000,-0.000000,1.563145,2.344718,0.000000,0.000000,0.000000,0.000000,0.000000,0.000000,0.000370,-0.001111,0.000000,-0.000000,0.000000,-0.000000,0.000000,-0.000000,0.450000,-0.135000,0.004580,-0.004580,0.000750,-0.003000,6.701028,5.553266,6.127147,0.500000,0.500000
102256,Rollheiser,MEI,277,SAN,7,95,85,casa,262,FLA,2026-10-08 19:30:00,29,0.452394,3.619149,0.288678,1.443389,0.000000,0.000000,0.002396,0.002875,0.666667,0.533333,1.274634,0.637317,0.000000,0.000000,0.002072,-0.000207,1.024372,1.536558,0.000000,0.000000,0.000000,0.000000,0.000000,0.000000,0.000376,-0.001129,0.000000,-0.000000,0.333333,-0.333333,0.000000,-0.000000,0.299338,-0.089802,0.015302,-0.015302,0.000774,-0.003094,7.329754,4.834876,6.082315,0.500000,0.500000
128431,João Cruz,MEI,293,CAP,7,95,85,casa,282,CAM,2026-10-08 20:00:00,29,0.586125,4.689000,0.045108,0.225538,0.000000,0.000000,0.239521,0.287425,1.000000,0.800000,0.546729,0.273364,0.000000,0.000000,0.075214,-0.007521,0.860736,1.291105,0.000000,0.000000,0.000000,0.000000,0.000000,0.000000,0.000376,-0.001128,0.000000,-0.000000,0.000000,-0.000000,0.000000,-0.000000,0.748500,-0.224550,0.001834,-0.001834,0.000771,-0.003084,7.328315,4.440303,5.884309,0.500000,0.500000
109573,Martinelli,MEI,266,FLU,7,95,85,casa,294,CFC,2026-10-08 21:30:00,29,0.000000,0.000000,0.492318,2.461588,0.000000,0.000000,0.150192,0.180231,0.000000,0.000000,1.131803,0.565902,0.000000,0.000000,0.000000,-0.000000,2.195406,3.293108,0.000000,0.000000,0.000000,0.000000,0.000000,0.000000,0.000376,-0.001128,0.000000,-0.000000,0.333333,-0.333333,0.000000,-0.000000,1.252453,-0.375736,0.010074,-0.010074,0.000767,-0.003067,5.777491,5.658475,5.717983,0.500000,0.500000
150180,Ramon Rique,MEI,267,VAS,6,45,45,fora,263,BOT,2026-10-07 20:30:00,29,0.450000,3.600000,0.148581,0.742906,0.000000,0.000000,0.022648,0.027177,0.000000,0.000000,0.000000,0.000000,0.000000,0.000000,0.000000,-0.000000,0.850799,1.276198,0.000000,0.000000,0.000000,0.000000,0.000000,0.000000,0.000372,-0.001115,0.000000,-0.000000,0.000000,-0.000000,0.000000,-0.000000,0.609644,-0.182893,0.013410,-0.013410,0.000745,-0.002978,5.445885,5.564373,5.505129,0.500000,0.500000
87552,Vitor Bueno,MEI,364,REM,7,95,85,casa,284,GRE,2026-10-07 19:30:00,29,0.270257,2.162059,0.012905,0.064527,0.000104,0.000313,0.799052,0.958862,0.333333,0.266667,1.720707,0.860354,0.000000,0.000000,0.000000,-0.000000,0.821987,1.232981,0.000000,0.000000,0.000000,0.000000,0.000000,0.000000,0.000376,-0.001129,0.000000,-0.000000,0.000000,-0.000000,0.000000,-0.000000,0.029459,-0.008838,0.007516,-0.007516,0.000765,-0.003059,5.525219,5.392993,5.459106,0.500000,0.500000
94930,Lucas Paquetá,MEI,262,FLA,2,45,45,fora,277,SAN,2026-10-08 19:30:00,29,0.455253,3.642021,0.000000,0.000000,0.000000,0.000000,0.602524,0.723028,1.000000,0.800000,1.270310,0.635155,0.000000,0.000000,0.137097,-0.013710,1.304675,1.957013,0.000000,0.000000,0.000000,0.000000,0.000000,0.000000,0.000374,-0.001122,0.000000,-0.000000,0.333333,-0.333333,0.000000,-0.000000,2.199311,-0.659793,0.014349,-0.014349,0.000765,-0.003059,6.731851,3.905052,5.318452,0.500000,0.500000
105647,Maurício,MEI,275,PAL,6,45,45,casa,265,BAH,2026-10-08 21:30:00,29,0.272165,2.177318,0.000005,0.000026,0.000000,0.000000,0.990065,1.188078,0.333333,0.266667,0.643488,0.321744,0.000000,0.000000,0.000011,-0.000001,0.867870,1.301805,0.000000,0.000000,0.000000,0.000000,0.000000,0.000000,0.000377,-0.001132,0.000000,-0.000000,0.000000,-0.000000,0.000000,-0.000000,0.297435,-0.089230,0.000127,-0.000127,0.000772,-0.003087,5.162061,5.445520,5.303791,0.500000,0.500000
90703,Matheuzinho,MEI,287,VIT,6,45,45,casa,315,CHA,2026-10-07 20:00:00,29,0.041235,0.329881,0.450345,2.251724,0.000000,0.000000,0.732896,0.879475,1.000000,0.800000,2.151145,1.075573,0.000000,0.000000,0.082356,-0.008236,0.792627,1.188941,0.000000,0.000000,0.000000,0.000000,0.000000,0.000000,0.000377,-0.001131,0.000000,-0.000000,0.000000,-0.000000,0.000000,-0.000000,0.318978,-0.095693,0.010301,-0.010301,0.000767,-0.003070,6.407164,3.924133,5.165648,0.500000,0.500000
89837,Lucho Acosta,MEI,266,FLU,6,45,45,casa,294,CFC,2026-10-08 21:30:00,29,0.136143,1.089147,0.451272,2.256360,0.000000,0.000000,0.012619,0.015143,0.666667,0.533333,0.264339,0.132169,0.000000,0.000000,0.000000,-0.000000,1.139277,1.708915,0.000000,0.000000,0.000000,0.000000,0.000000,0.000000,0.000377,-0.001130,0.000000,-0.000000,0.000000,-0.000000,0.000000,-0.000000,0.577721,-0.173316,0.007159,-0.007159,0.000766,-0.003063,5.550399,4.639192,5.094796,0.500000,0.500000
126471,Barreal,MEI,277,SAN,5,45,45,casa,262,FLA,2026-10-08 19:30:00,29,0.272241,2.177931,0.041178,0.205889,0.000000,0.000000,0.704490,0.845388,0.333333,0.266667,0.503422,0.251711,0.000000,0.000000,0.007253,-0.000725,1.504846,2.257269,0.000000,0.000000,0.000000,0.000000,0.000000,0.000000,0.000376,-0.001128,0.012456,-0.037369,0.333333,-0.333333,0.000000,-0.000000,1.213045,-0.363914,0.002230,-0.002230,0.000769,-0.003077,5.263079,4.814963,5.039021,0.500000,0.500000
71123,Thiago Mendes,MEI,267,VAS,7,95,85,fora,263,BOT,2026-10-07 20:30:00,29,0.249631,1.997047,0.000190,0.000948,0.000000,0.000000,0.064285,0.077142,1.000000,0.800000,0.978705,0.489352,0.000000,0.000000,0.000057,-0.000006,0.979595,1.469392,0.000000,0.000000,0.000000,0.000000,0.000000,0.000000,0.000376,-0.001127,0.000000,-0.000000,0.000000,-0.000000,0.000000,-0.000000,0.200333,-0.060100,0.005954,-0.005954,0.000761,-0.003044,4.763650,5.281891,5.022771,0.500000,0.500000
87863,Arrascaeta,MEI,262,FLA,7,95,85,fora,277,SAN,2026-10-08 19:30:00,29,0.001784,0.014273,0.200008,1.000040,0.450763,1.352288,0.093236,0.111883,2.333333,1.866667,0.985867,0.492933,0.000000,0.000000,0.697500,-0.069750,0.901788,1.352682,0.000000,0.000000,0.000000,0.000000,0.000000,0.000000,0.000375,-0.001124,0.000000,-0.000000,0.333333,-0.333333,0.000000,-0.000000,0.982356,-0.294707,0.006063,-0.006063,0.000759,-0.003038,5.482752,4.431368,4.957060,0.500000,0.500000
68938,Giovanni Augusto,MEI,315,CHA,7,95,85,fora,287,VIT,2026-10-07 20:00:00,29,0.041178,0.329423,0.305806,1.529028,0.000000,0.000000,0.261202,0.313442,1.000000,0.800000,0.787705,0.393853,0.000000,0.000000,0.012456,-0.001246,1.677566,2.516348,0.000000,0.000000,0.000000,0.000000,0.000000,0.000000,0.000374,-0.001123,0.000000,-0.000000,0.333333,-0.333333,0.000000,-0.000000,1.086308,-0.325892,0.000000,-0.000000,0.000760,-0.003038,5.217462,4.646432,4.931947,0.500000,0.500000
89274,Andreas Pereira,MEI,275,PAL,7,95,85,casa,265,BAH,2026-10-08 21:30:00,29,0.000000,0.000002,0.041384,0.206918,0.000000,0.000000,1.176085,1.411302,0.333333,0.266667,1.826891,0.913445,0.000000,0.000000,0.763428,-0.076343,1.531693,2.297540,0.000000,0.000000,0.000000,0.000000,0.000000,0.000000,0.000378,-0.001134,0.000000,-0.000000,0.000000,-0.000000,0.000000,-0.000000,0.402061,-0.120618,0.004417,-0.004417,0.000770,-0.003081,4.890282,4.896469,4.893376,0.500000,0.500000
115025,Miguelito,MEI,277,SAN,6,45,45,casa,262,FLA,2026-10-08 19:30:00,29,0.136125,1.089000,0.210994,1.054969,0.000000,0.000000,0.136125,0.163350,0.000000,0.000000,0.987968,0.493984,0.000000,0.000000,0.000000,-0.000000,1.516611,2.274916,0.000000,0.000000,0.000000,0.000000,0.000000,0.000000,0.000374,-0.001121,0.000000,-0.000000,0.000000,-0.000000,0.000000,-0.000000,0.477902,-0.143371,0.000000,-0.000000,0.000755,-0.003021,4.928706,4.838699,4.883703,0.500000,0.500000
89256,Gerson,MEI,283,CRU,7,95,85,casa,276,SAO,2026-10-07 21:30:00,29,0.000000,0.000000,0.158962,0.794812,0.000000,0.000000,0.002174,0.002609,0.666667,0.533333,1.836547,0.918274,0.000000,0.000000,0.396083,-0.039608,2.069462,3.104193,0.000000,0.000000,0.000000,0.000000,0.000000,0.000000,0.000377,-0.001132,0.000000,-0.000000,0.333333,-0.333333,0.000000,-0.000000,1.539765,-0.461929,0.001985,-0.001985,0.000772,-0.003088,4.512145,4.896223,4.704184,0.500000,0.500000
80196,Yago Pikachu,MEI,364,REM,7,95,85,casa,284,GRE,2026-10-07 19:30:00,29,0.075214,0.601710,0.450190,2.250948,0.000000,0.000000,0.074918,0.089902,0.000000,0.000000,1.179167,0.589583,0.000000,0.000000,0.001140,-0.000114,1.047471,1.571207,0.000000,0.000000,0.000000,0.000000,0.000000,0.000000,0.000378,-0.001134,0.000017,-0.000052,0.000000,-0.000000,0.000000,-0.000000,0.313932,-0.094180,0.007301,-0.007301,0.000764,-0.003056,4.997514,4.363403,4.680459,0.500000,0.500000
106822,Rodrigo Nestor,MEI,265,BAH,7,95,85,fora,275,PAL,2026-10-08 21:30:00,29,0.000000,0.000000,0.278090,1.390452,0.000000,0.000000,1.060823,1.272987,0.666667,0.533333,0.426063,0.213032,0.000000,0.000000,0.006851,-0.000685,1.668150,2.502226,0.000000,0.000000,0.000000,0.000000,0.000000,0.000000,0.000375,-0.001124,0.000000,-0.000000,0.333333,-0.333333,0.000000,-0.000000,2.214378,-0.664313,0.005000,-0.005000,0.000760,-0.003038,4.904537,4.450872,4.677704,0.500000,0.500000
84558,Lucas Romero,MEI,283,CRU,7,95,85,casa,276,SAO,2026-10-07 21:30:00,29,0.247690,1.981517,0.001189,0.005944,0.000000,0.000000,0.020849,0.025019,0.666667,0.533333,0.661333,0.330667,0.000000,0.000000,0.000000,-0.000000,1.031778,1.547666,0.000000,0.000000,0.000000,0.000000,0.000000,0.000000,0.000376,-0.001128,0.000000,-0.000000,0.000000,-0.000000,0.000000,-0.000000,0.747662,-0.224298,0.000000,-0.000000,0.000766,-0.003065,4.195655,5.025658,4.610657,0.500000,0.500000
98022,Erick,MEI,265,BAH,6,45,45,fora,275,PAL,2026-10-08 21:30:00,29,0.385802,3.086414,0.000000,0.000000,0.000063,0.000189,0.012561,0.015073,0.666667,0.533333,0.663807,0.331904,0.000000,0.000000,0.012456,-0.001246,0.944388,1.416582,0.000000,0.000000,0.000000,0.000000,0.000000,0.000000,0.000375,-0.001124,0.000000,-0.000000,0.333333,-0.333333,0.000000,-0.000000,0.609894,-0.182968,0.003070,-0.003070,0.000764,-0.003058,4.858695,4.358461,4.608578,0.500000,0.500000
98517,Jean Lucas,MEI,265,BAH,7,95,85,fora,275,PAL,2026-10-08 21:30:00,29,0.322376,2.579008,0.041253,0.206263,0.075214,0.225641,0.000196,0.000236,0.000000,0.000000,0.558708,0.279354,0.000000,0.000000,0.000003,-0.000000,1.031385,1.547077,0.000000,0.000000,0.000000,0.000000,0.000000,0.000000,0.000376,-0.001127,0.000000,-0.000000,0.000000,-0.000000,0.000000,-0.000000,0.725654,-0.217696,0.000991,-0.000991,0.000761,-0.003046,4.614718,4.341415,4.478066,0.500000,0.500000
101807,Oliva,MEI,277,SAN,7,95,85,casa,262,FLA,2026-10-08 19:30:00,29,0.210994,1.687950,0.007041,0.035203,0.000000,0.000000,0.450627,0.540752,0.333333,0.266667,0.945211,0.472605,0.000000,0.000000,0.000000,-0.000000,0.847454,1.271182,0.000000,0.000000,0.000000,0.000000,0.000000,0.000000,0.000376,-0.001127,0.000000,-0.000000,0.000000,-0.000000,0.000000,-0.000000,0.914080,-0.274224,0.000989,-0.000989,0.000760,-0.003040,3.994979,4.892737,4.443858,0.500000,0.500000
117632,Garro,MEI,264,COR,7,95,85,fora,285,INT,2026-10-07 19:30:00,29,0.023788,0.190301,0.001445,0.007227,0.491183,1.473549,0.190942,0.229131,0.333333,0.266667,2.587982,1.293991,0.000000,0.000000,0.022651,-0.002265,1.408000,2.112000,0.000000,0.000000,0.000000,0.000000,0.000000,0.000000,0.000376,-0.001128,0.000000,-0.000000,0.333333,-0.333333,0.000000,-0.000000,1.361985,-0.408596,0.010561,-0.010561,0.000762,-0.003047,4.813935,3.952943,4.383439,0.500000,0.500000
86686,Tchê Tchê,MEI,267,VAS,6,45,45,fora,263,BOT,2026-10-07 20:30:00,29,0.136315,1.090517,0.000000,0.000000,0.000000,0.000000,1.170179,1.404215,0.000000,0.000000,0.986447,0.493223,0.000000,0.000000,0.000057,-0.000006,1.045703,1.568555,0.000000,0.000000,0.000000,0.000000,0.000000,0.000000,0.000375,-0.001124,0.000000,-0.000000,0.333333,-0.333333,0.000000,-0.000000,1.339392,-0.401818,0.003547,-0.003547,0.000759,-0.003037,3.813646,4.873254,4.343450,0.500000,0.500000
103767,Gabriel Menino,MEI,277,SAN,6,45,45,casa,262,FLA,2026-10-08 19:30:00,29,0.004605,0.036843,0.000000,0.000000,0.000000,0.000000,0.743917,0.892700,0.000000,0.000000,0.626998,0.313499,0.000000,0.000000,0.004605,-0.000461,2.129351,3.194027,0.000000,0.000000,0.000000,0.000000,0.000000,0.000000,0.000374,-0.001121,0.000000,-0.000000,0.000000,-0.000000,0.000000,-0.000000,0.483694,-0.145108,0.004053,-0.004053,0.000752,-0.003007,4.283320,4.294993,4.289156,0.500000,0.500000
107256,Zé Vitor,MEI,287,VIT,7,95,85,casa,315,CHA,2026-10-07 20:00:00,29,0.000627,0.005015,0.000000,0.000000,0.000000,0.000000,0.833815,1.000578,0.666667,0.533333,1.598614,0.799307,0.000000,0.000000,0.000000,-0.000000,2.072675,3.109012,0.000000,0.000000,0.000000,0.000000,0.000000,0.000000,0.000375,-0.001126,0.000000,-0.000000,0.000000,-0.000000,0.000000,-0.000000,2.451977,-0.735593,0.003506,-0.003506,0.000765,-0.003061,4.703960,3.806843,4.255401,0.500000,0.500000
70592,Felipe Anderson,MEI,275,PAL,6,45,45,casa,265,BAH,2026-10-08 21:30:00,29,0.007991,0.063926,0.003768,0.018840,0.041178,0.123533,0.450010,0.540011,0.000000,0.000000,0.746653,0.373326,0.000000,0.000000,0.000000,-0.000000,1.934734,2.902101,0.000000,0.000000,0.000000,0.000000,0.000000,0.000000,0.000376,-0.001129,0.000000,-0.000000,0.000000,-0.000000,0.000000,-0.000000,0.665182,-0.199555,0.003845,-0.003845,0.000762,-0.003050,3.814160,4.590332,4.202246,0.500000,0.500000
99440,Baralhas,MEI,287,VIT,5,45,45,casa,315,CHA,2026-10-07 20:00:00,29,0.002304,0.018434,0.007478,0.037389,0.000000,0.000000,0.247500,0.297000,0.666667,0.533333,1.626127,0.813064,0.000000,0.000000,0.000000,-0.000000,1.695255,2.542883,0.000000,0.000000,0.000000,0.000000,0.000000,0.000000,0.000375,-0.001125,0.000000,-0.000000,0.000000,-0.000000,0.000000,-0.000000,1.289715,-0.386915,0.008287,-0.008287,0.000756,-0.003023,3.842754,4.506239,4.174496,0.500000,0.500000
132274,Ignacio Sosa,MEI,280,RBB,6,45,45,casa,2305,MIR,2026-10-07 19:30:00,29,0.450000,3.600000,0.000000,0.000000,0.000000,0.000000,0.002072,0.002487,0.000000,0.000000,0.502562,0.251281,0.000000,0.000000,0.000000,-0.000000,1.178804,1.768206,0.000000,0.000000,0.000000,0.000000,0.000000,0.000000,0.000375,-0.001126,0.000000,-0.000000,0.333333,-0.333333,0.000000,-0.000000,0.677935,-0.203381,0.009900,-0.009900,0.000757,-0.003029,5.071206,3.204202,4.137704,0.500000,0.500000
62977,Ganso,MEI,266,FLU,7,95,85,casa,294,CFC,2026-10-08 21:30:00,29,0.000000,0.000000,0.450000,2.250000,0.000190,0.000569,0.041805,0.050166,0.000000,0.000000,0.320325,0.160163,0.000000,0.000000,0.041178,-0.004118,1.424588,2.136882,0.000000,0.000000,0.000000,0.000000,0.000000,0.000000,0.000376,-0.001128,0.000000,-0.000000,0.000000,-0.000000,0.000000,-0.000000,0.854312,-0.256294,0.008604,-0.008604,0.000758,-0.003034,4.324602,3.918463,4.121532,0.500000,0.500000
89637,Thiago Maia,MEI,285,INT,6,45,45,casa,264,COR,2026-10-07 19:30:00,29,0.000000,0.000000,0.383625,1.918125,0.000000,0.000000,0.022648,0.027177,0.333333,0.266667,0.007991,0.003995,0.000000,0.000000,0.003768,-0.000377,1.691733,2.537600,0.000000,0.000000,0.000000,0.000000,0.000000,0.000000,0.000374,-0.001123,0.000000,-0.000000,0.000000,-0.000000,0.000000,-0.000000,0.746268,-0.223880,0.004643,-0.004643,0.000756,-0.003023,4.520518,3.721089,4.120804,0.500000,0.500000
84735,Jorginho,MEI,262,FLA,7,95,85,fora,277,SAN,2026-10-08 19:30:00,29,0.000449,0.003593,0.528637,2.643184,0.000000,0.000000,0.000000,0.000000,0.333333,0.266667,0.269415,0.134708,0.000000,0.000000,0.000000,-0.000000,1.200859,1.801288,0.000000,0.000000,0.000000,0.000000,0.000000,0.000000,0.000375,-0.001125,0.000006,-0.000019,0.333333,-0.333333,0.000000,-0.000000,0.437403,-0.131221,0.008339,-0.008339,0.000757,-0.003028,4.372373,3.804036,4.088204,0.500000,0.500000
95556,Raniele,MEI,264,COR,7,95,85,fora,285,INT,2026-10-07 19:30:00,29,0.076009,0.608069,0.000000,0.000000,0.002072,0.006217,0.450345,0.540414,1.000000,0.800000,0.748947,0.374474,0.000000,0.000000,0.000003,-0.000000,1.804261,2.706391,0.000000,0.000000,0.000000,0.000000,0.000000,0.000000,0.000375,-0.001126,0.000000,-0.000000,0.333333,-0.333333,0.000000,-0.000000,1.183555,-0.355067,0.009321,-0.009321,0.000762,-0.003049,4.333669,3.832731,4.083200,0.500000,0.500000
141776,Gustavo Henrique,MEI,277,SAN,7,95,85,casa,262,FLA,2026-10-08 19:30:00,29,0.000000,0.000000,0.000000,0.000000,0.000000,0.000000,0.288678,0.346413,0.333333,0.266667,1.833369,0.916685,0.000000,0.000000,0.000000,-0.000000,1.807031,2.710546,0.000000,0.000000,0.000000,0.000000,0.000000,0.000000,0.000375,-0.001124,0.012456,-0.037369,0.333333,-0.333333,0.000000,-0.000000,1.787961,-0.536388,0.000000,-0.000000,0.000758,-0.003030,3.329066,4.805935,4.067500,0.500000,0.500000
99815,Arias,MEI,275,PAL,7,95,85,casa,265,BAH,2026-10-08 21:30:00,29,0.012541,0.100324,0.094176,0.470880,0.003768,0.011304,0.267641,0.321170,0.333333,0.266667,2.085466,1.042733,0.000000,0.000000,0.001608,-0.000161,0.909207,1.363811,0.000000,0.000000,0.000000,0.000000,0.000000,0.000000,0.000377,-0.001130,0.000000,-0.000000,0.000000,-0.000000,0.000000,-0.000000,0.463353,-0.139006,0.008321,-0.008321,0.000763,-0.003050,3.425220,4.530475,3.977848,0.500000,0.500000
70944,Bruno Henrique,MEI,285,INT,7,95,85,casa,264,COR,2026-10-07 19:30:00,29,0.383625,3.069000,0.001140,0.005699,0.000000,0.000000,0.022914,0.027497,0.000000,0.000000,0.721427,0.360714,0.000000,0.000000,0.000002,-0.000000,0.811617,1.217425,0.000000,0.000000,0.000000,0.000000,0.000000,0.000000,0.000377,-0.001132,0.000000,-0.000000,0.333333,-0.333333,0.000000,-0.000000,1.206969,-0.362091,0.001957,-0.001957,0.000767,-0.003068,3.978753,3.954196,3.966474,0.500000,0.500000
106294,Marcos Antônio,MEI,276,SAO,7,95,85,fora,283,CRU,2026-10-07 21:30:00,29,0.000000,0.000000,0.001197,0.005986,0.000000,0.000000,0.160903,0.193083,1.333333,1.066667,1.104230,0.552115,0.000000,0.000000,0.012514,-0.001251,2.079687,3.119530,0.000000,0.000000,0.000000,0.000000,0.000000,0.000000,0.000375,-0.001124,0.000000,-0.000000,0.000000,-0.000000,0.000000,-0.000000,1.188682,-0.356605,0.003711,-0.003711,0.000756,-0.003023,4.571667,3.269490,3.920578,0.500000,0.500000
104330,Dudu,MEI,287,VIT,5,45,45,casa,315,CHA,2026-10-07 20:00:00,29,0.450000,3.600000,0.000000,0.000000,0.000000,0.000000,0.000000,0.000000,0.000000,0.000000,0.450000,0.225000,0.000000,0.000000,0.000000,-0.000000,0.627892,0.941838,0.000000,0.000000,0.000000,0.000000,0.000000,0.000000,0.000372,-0.001115,0.000000,-0.000000,0.000000,-0.000000,0.000000,-0.000000,1.000000,-0.300000,0.005348,-0.005348,0.000743,-0.002972,4.457402,3.298532,3.877967,0.500000,0.500000
106202,Bruno Gomes,MEI,285,INT,7,95,85,casa,264,COR,2026-10-07 19:30:00,29,0.000000,0.000000,0.000000,0.000000,0.000000,0.000001,0.247557,0.297069,0.666667,0.533333,1.697777,0.848888,0.000000,0.000000,0.000000,-0.000000,2.048927,3.073390,0.000000,0.000000,0.000000,0.000000,0.000000,0.000000,0.000378,-0.001134,0.000000,-0.000000,0.333333,-0.333333,0.000000,-0.000000,1.283457,-0.385037,0.002248,-0.002248,0.000770,-0.003081,4.027848,3.716297,3.872073,0.500000,0.500000
80129,Jadson,MEI,293,CAP,7,95,85,casa,282,CAM,2026-10-08 20:00:00,29,0.000000,0.000000,0.001140,0.005699,0.000000,0.000000,0.116047,0.139256,0.000000,0.000000,1.177470,0.588735,0.000000,0.000000,0.000000,-0.000000,1.836778,2.755167,0.000000,0.000000,0.000000,0.000000,0.000000,0.000000,0.000376,-0.001129,0.000000,-0.000000,0.000000,-0.000000,0.000000,-0.000000,0.421969,-0.126591,0.000000,-0.000000,0.000760,-0.003040,3.358097,4.381790,3.869944,0.500000,0.500000
109987,Medina,MEI,263,BOT,7,95,85,casa,267,VAS,2026-10-07 20:30:00,29,0.000627,0.005015,0.000000,0.000000,0.000000,0.000000,0.704351,0.845221,0.333333,0.266667,1.544291,0.772145,0.000000,0.000000,0.000000,-0.000000,1.645730,2.468594,0.000000,0.000000,0.000000,0.000000,0.000000,0.000000,0.000375,-0.001126,0.000057,-0.000172,0.000000,-0.000000,0.000000,-0.000000,0.350670,-0.105201,0.011475,-0.011475,0.000758,-0.003032,4.236637,3.454858,3.845747,0.500000,0.500000
151292,Felipe Morais,MEI,283,CRU,6,45,45,casa,276,SAO,2026-10-07 21:30:00,29,0.247500,1.980000,0.000000,0.000000,0.000000,0.000000,0.000000,0.000000,0.333333,0.266667,1.136125,0.568063,0.000000,0.000000,0.000000,-0.000000,1.191618,1.787426,0.000000,0.000000,0.000000,0.000000,0.000000,0.000000,0.000372,-0.001116,0.000000,-0.000000,0.666667,-0.666667,0.000000,-0.000000,1.807500,-0.542250,0.007759,-0.007759,0.000748,-0.002993,3.381370,4.201097,3.791234,0.500000,0.500000
72460,Bernard,MEI,282,CAM,7,95,85,fora,293,CAP,2026-10-08 20:00:00,29,0.022665,0.181321,0.461759,2.308794,0.000000,0.000000,0.450017,0.540021,0.333333,0.266667,0.743431,0.371716,0.000000,0.000000,0.003326,-0.000333,0.909207,1.363811,0.000000,0.000000,0.000000,0.000000,0.000000,0.000000,0.000376,-0.001127,0.000000,-0.000000,0.000000,-0.000000,0.000000,-0.000000,0.737750,-0.221325,0.013504,-0.013504,0.000759,-0.003035,4.793005,2.781647,3.787326,0.500000,0.500000
93790,Marlon Freitas,MEI,275,PAL,7,95,85,casa,265,BAH,2026-10-08 21:30:00,29,0.000035,0.000278,0.000002,0.000008,0.450000,1.350000,0.450003,0.540003,1.333333,1.066667,0.010619,0.005309,0.000000,0.000000,0.000000,-0.000000,0.903134,1.354701,0.000000,0.000000,0.000000,0.000000,0.000000,0.000000,0.000378,-0.001133,0.000000,-0.000000,0.333333,-0.333333,0.000000,-0.000000,0.554621,-0.166386,0.011099,-0.011099,0.000766,-0.003064,3.801951,3.746612,3.774282,0.500000,0.500000
102911,Zé Ricardo,MEI,364,REM,7,95,85,casa,284,GRE,2026-10-07 19:30:00,29,0.074869,0.598950,0.003768,0.018840,0.000000,0.000000,0.016618,0.019942,0.000000,0.000000,1.037862,0.518931,0.000000,0.000000,0.031764,-0.003176,1.557345,2.336017,0.000000,0.000000,0.000000,0.000000,0.000000,0.000000,0.000378,-0.001133,0.000345,-0.001034,0.000000,-0.000000,0.000000,-0.000000,0.728851,-0.218655,0.004213,-0.004213,0.000766,-0.003065,3.261403,4.137732,3.699568,0.500000,0.500000
142484,Barrera,MEI,263,BOT,5,45,45,casa,267,VAS,2026-10-07 20:30:00,29,0.247500,1.980000,0.000000,0.000000,0.002072,0.006217,0.796430,0.955716,0.333333,0.266667,0.542018,0.271009,0.000000,0.000000,0.000000,-0.000000,0.753208,1.129813,0.000000,0.000000,0.000000,0.000000,0.000000,0.000000,0.000374,-0.001122,0.000000,-0.000000,0.000000,-0.000000,0.000000,-0.000000,0.687651,-0.206295,0.006963,-0.006963,0.000752,-0.003007,4.392034,2.869432,3.630733,0.500000,0.500000
118563,Rodriguinho,MEI,280,RBB,7,95,85,casa,2305,MIR,2026-10-07 19:30:00,29,0.012688,0.101505,0.000000,0.000000,0.012456,0.037369,0.569869,0.683843,1.000000,0.800000,0.224293,0.112146,0.000000,0.000000,0.000232,-0.000023,1.643810,2.465715,0.000000,0.000000,0.000000,0.000000,0.000000,0.000000,0.000375,-0.001125,0.000000,-0.000000,0.000000,-0.000000,0.000000,-0.000000,0.867518,-0.260255,0.007139,-0.007139,0.000756,-0.003025,3.929010,3.262564,3.595787,0.500000,0.500000
113125,Picco,MEI,364,REM,7,95,85,casa,284,GRE,2026-10-07 19:30:00,29,0.006852,0.054815,0.000000,0.000000,0.000000,0.000000,0.000001,0.000001,0.333333,0.266667,0.258136,0.129068,0.000000,0.000000,0.000000,-0.000000,1.684340,2.526510,0.000000,0.000000,0.000000,0.000000,0.000000,0.000000,0.000377,-0.001132,0.000000,-0.000000,0.000000,-0.000000,0.000000,-0.000000,1.649367,-0.494810,0.004546,-0.004546,0.000765,-0.003059,2.473513,4.697786,3.585649,0.500000,0.500000
68685,Alan Patrick,MEI,285,INT,7,95,85,casa,264,COR,2026-10-07 19:30:00,29,0.075095,0.600762,0.074869,0.374344,0.000000,0.000000,0.002074,0.002489,0.333333,0.266667,2.491428,1.245714,0.000000,0.000000,0.247500,-0.024750,1.028780,1.543170,0.000000,0.000000,0.000000,0.000000,0.000000,0.000000,0.000377,-0.001131,0.000000,-0.000000,0.000000,-0.000000,0.000000,-0.000000,0.770344,-0.231103,0.006236,-0.006236,0.000764,-0.003054,3.766871,3.359410,3.563140,0.500000,0.500000
98672,Savarino,MEI,266,FLU,6,45,45,casa,294,CFC,2026-10-08 21:30:00,29,0.006980,0.055842,0.000115,0.000574,0.456926,1.370777,0.060546,0.072656,0.333333,0.266667,0.103486,0.051743,0.000000,0.000000,0.013847,-0.001385,0.766117,1.149175,0.000000,0.000000,0.000000,0.000000,0.000000,0.000000,0.000376,-0.001128,0.000000,-0.000000,0.000000,-0.000000,0.000000,-0.000000,0.041597,-0.012479,0.009326,-0.009326,0.000758,-0.003031,2.940085,3.986896,3.463491,0.500000,0.500000
97145,Villasanti,MEI,284,GRE,7,95,85,fora,364,REM,2026-10-07 19:30:00,29,0.247500,1.980000,0.000000,0.000000,0.000000,0.000000,0.050328,0.060394,0.000000,0.000000,0.633990,0.316995,0.000000,0.000000,0.000000,-0.000000,1.261896,1.892843,0.000000,0.000000,0.000000,0.000000,0.000000,0.000000,0.000371,-0.001114,0.000000,-0.000000,0.000000,-0.000000,0.000000,-0.000000,2.126039,-0.637812,0.011050,-0.011050,0.000750,-0.002999,3.597257,3.204937,3.401097,0.500000,0.500000
141754,Gabriel Bontempo,MEI,277,SAN,7,95,85,casa,262,FLA,2026-10-08 19:30:00,29,0.000000,0.000000,0.004908,0.024539,0.000000,0.000000,0.495017,0.594021,1.333333,1.066667,1.381573,0.690787,0.000000,0.000000,0.450000,-0.045000,1.178804,1.768206,0.000000,0.000000,0.000000,0.000000,0.000000,0.000000,0.000377,-0.001130,0.000000,-0.000000,0.333333,-0.333333,0.000000,-0.000000,0.804258,-0.241278,0.003440,-0.003440,0.000761,-0.003046,3.516993,3.278298,3.397645,0.500000,0.500000
78478,Willian Arão,MEI,277,SAN,7,95,85,casa,262,FLA,2026-10-08 19:30:00,29,0.041178,0.329423,0.000000,0.000000,0.003768,0.011304,0.074869,0.089843,0.333333,0.266667,0.136543,0.068271,0.000000,0.000000,0.472648,-0.047265,1.467672,2.201509,0.000000,0.000000,0.000000,0.000000,0.000000,0.000000,0.000376,-0.001128,0.000000,-0.000000,0.333333,-0.333333,0.000000,-0.000000,1.113058,-0.333918,0.005855,-0.005855,0.000762,-0.003047,2.242471,4.551127,3.396799,0.500000,0.500000
104783,Acevedo,MEI,265,BAH,7,95,85,fora,275,PAL,2026-10-08 21:30:00,29,0.022648,0.181182,0.074869,0.374344,0.000190,0.000570,0.002983,0.003579,0.000000,0.000000,1.223795,0.611898,0.000000,0.000000,0.000000,-0.000000,1.766208,2.649312,0.000000,0.000000,0.000000,0.000000,0.000000,0.000000,0.000376,-0.001128,0.000000,-0.000000,0.666667,-0.666667,0.000000,-0.000000,1.845027,-0.553508,0.006736,-0.006736,0.000764,-0.003054,2.589792,4.136220,3.363006,0.500000,0.500000
71536,Luiz Gustavo,MEI,293,CAP,7,95,85,casa,282,CAM,2026-10-08 20:00:00,29,0.002104,0.016832,0.000000,0.000000,0.003768,0.011304,0.511836,0.614203,0.000000,0.000000,0.297034,0.148517,0.000000,0.000000,0.000000,-0.000000,2.100339,3.150508,0.000000,0.000000,0.000000,0.000000,0.000000,0.000000,0.000376,-0.001128,0.000000,-0.000000,0.000000,-0.000000,0.000000,-0.000000,0.388882,-0.116665,0.000089,-0.000089,0.000758,-0.003033,3.820450,2.883247,3.351849,0.500000,0.500000
96652,Allan,MEI,264,COR,7,95,85,fora,285,INT,2026-10-07 19:30:00,29,0.000000,0.000000,0.136125,0.680625,0.000000,0.000000,0.081824,0.098189,0.333333,0.266667,0.463965,0.231983,0.000000,0.000000,0.000000,-0.000000,1.385355,2.078032,0.000000,0.000000,0.000000,0.000000,0.000000,0.000000,0.000375,-0.001124,0.000104,-0.000313,0.000000,-0.000000,0.000000,-0.000000,1.241829,-0.372549,0.000203,-0.000203,0.000756,-0.003024,2.978283,3.699135,3.338709,0.500000,0.500000
118774,Alexsander,MEI,282,CAM,6,45,45,fora,293,CAP,2026-10-08 20:00:00,29,0.000000,0.000000,0.000000,0.000000,0.450000,1.350000,0.408375,0.490050,0.000000,0.000000,0.470476,0.235238,0.000000,0.000000,0.450000,-0.045000,1.656899,2.485349,0.000000,0.000000,0.000000,0.000000,0.000000,0.000000,0.000372,-0.001115,0.000000,-0.000000,0.000000,-0.000000,0.000000,-0.000000,0.576152,-0.172846,0.006337,-0.006337,0.000744,-0.002977,4.332362,2.336087,3.334225,0.500000,0.500000
104811,Sebastián Gómez,MEI,294,CFC,7,95,85,fora,266,FLU,2026-10-08 21:30:00,29,0.000000,0.000000,0.136125,0.680625,0.000000,0.000000,0.001208,0.001449,0.000000,0.000000,0.178730,0.089365,0.000000,0.000000,0.000000,-0.000000,1.642637,2.463955,0.000000,0.000000,0.000000,0.000000,0.000000,0.000000,0.000376,-0.001127,0.000000,-0.000000,0.000000,-0.000000,0.000000,-0.000000,1.039212,-0.311763,0.003899,-0.003899,0.000759,-0.003036,2.915569,3.717038,3.316304,0.500000,0.500000
77777,João Schmidt,MEI,277,SAN,6,45,45,casa,262,FLA,2026-10-08 19:30:00,29,0.000000,0.000000,0.000000,0.000000,0.000000,0.000000,0.450000,0.540000,1.000000,0.800000,0.036771,0.018386,0.000000,0.000000,0.000000,-0.000000,1.448475,2.172712,0.000000,0.000000,0.000000,0.000000,0.000000,0.000000,0.000375,-0.001124,0.000000,-0.000000,0.333333,-0.333333,0.000000,-0.000000,1.882890,-0.564867,0.009631,-0.009631,0.000754,-0.003014,2.619128,3.925825,3.272477,0.500000,0.500000
145744,André,MEI,264,COR,6,45,45,fora,285,INT,2026-10-07 19:30:00,29,0.083495,0.667964,0.210994,1.054969,0.000000,0.000000,0.000345,0.000414,0.333333,0.266667,0.014490,0.007245,0.000000,0.000000,0.000000,-0.000000,1.057374,1.586062,0.000000,0.000000,0.000000,0.000000,0.000000,0.000000,0.000374,-0.001122,0.010619,-0.031857,0.333333,-0.333333,0.000000,-0.000000,0.714779,-0.214434,0.000000,-0.000000,0.000752,-0.003007,2.999566,3.540647,3.270107,0.500000,0.500000
83433,Patrick,MEI,364,REM,6,45,45,casa,284,GRE,2026-10-07 19:30:00,29,0.000000,0.000000,0.000000,0.000000,0.016569,0.049707,0.000972,0.001166,0.333333,0.266667,0.835770,0.417885,0.000000,0.000000,0.000017,-0.000002,1.462102,2.193154,0.000000,0.000000,0.000000,0.000000,0.000000,0.000000,0.000377,-0.001131,0.000000,-0.000000,0.000000,-0.000000,0.000000,-0.000000,1.227439,-0.368232,0.008008,-0.008008,0.000761,-0.003046,2.548161,3.825682,3.186921,0.500000,0.500000
103388,Emmanuel Martínez,MEI,287,VIT,7,95,85,casa,315,CHA,2026-10-07 20:00:00,29,0.000000,0.000000,0.000000,0.000000,0.000000,0.000000,0.048029,0.057635,0.333333,0.266667,0.817054,0.408527,0.000000,0.000000,0.012456,-0.001246,1.363241,2.044861,0.000000,0.000000,0.000000,0.000000,0.000000,0.000000,0.000376,-0.001128,0.000000,-0.000000,0.000000,-0.000000,0.000000,-0.000000,0.542576,-0.162773,0.005163,-0.005163,0.000760,-0.003038,2.604342,3.561541,3.082942,0.500000,0.500000
84626,Josué,MEI,294,CFC,7,95,85,fora,266,FLU,2026-10-08 21:30:00,29,0.002072,0.016579,0.094473,0.472364,0.022648,0.067943,0.214779,0.257735,0.666667,0.533333,1.282858,0.641429,0.000000,0.000000,0.000000,-0.000000,0.869150,1.303725,0.000000,0.000000,0.000000,0.000000,0.000000,0.000000,0.000376,-0.001127,0.000001,-0.000003,0.000000,-0.000000,0.000000,-0.000000,0.678369,-0.203511,0.006343,-0.006343,0.000757,-0.003028,3.079095,3.065373,3.072234,0.500000,0.500000
102255,Santiago Sosa,MEI,267,VAS,7,95,85,fora,263,BOT,2026-10-07 20:30:00,29,0.000000,0.000000,0.000000,0.000000,0.000000,0.000000,0.136125,0.163350,0.333333,0.266667,0.000000,0.000000,0.000000,0.000000,0.074869,-0.007487,1.341601,2.012402,0.000000,0.000000,0.000000,0.000000,0.000000,0.000000,0.000371,-0.001114,0.000000,-0.000000,0.000000,-0.000000,0.000000,-0.000000,1.985940,-0.595782,0.006151,-0.006151,0.000743,-0.002972,1.828913,4.298677,3.063795,0.500000,0.500000
116034,Victor Hugo,MEI,282,CAM,5,45,45,fora,293,CAP,2026-10-08 20:00:00,29,0.076052,0.608414,0.000017,0.000087,0.000000,0.000000,0.013398,0.016078,0.666667,0.533333,1.113249,0.556624,0.000000,0.000000,0.000000,-0.000000,0.951514,1.427271,0.000000,0.000000,0.000000,0.000000,0.000000,0.000000,0.000375,-0.001124,0.000000,-0.000000,0.333333,-0.333333,0.000000,-0.000000,0.408690,-0.122607,0.006763,-0.006763,0.000752,-0.003008,2.674972,3.422434,3.048703,0.500000,0.500000
90588,Caíque,MEI,287,VIT,7,95,85,casa,315,CHA,2026-10-07 20:00:00,29,0.000000,0.000000,0.000000,0.000000,0.000000,0.000000,0.000104,0.000125,0.333333,0.266667,0.612763,0.306382,0.000000,0.000000,0.000000,-0.000000,1.978090,2.967135,0.000000,0.000000,0.000000,0.000000,0.000000,0.000000,0.000376,-0.001129,0.000000,-0.000000,0.666667,-0.666667,0.000000,-0.000000,0.660010,-0.198003,0.006589,-0.006589,0.000760,-0.003041,2.664880,3.420086,3.042483,0.500000,0.500000
111682,Adson,MEI,267,VAS,6,45,45,fora,263,BOT,2026-10-07 20:30:00,29,0.000000,0.000000,0.000000,0.000000,0.000000,0.000000,0.302861,0.363434,1.000000,0.800000,0.675873,0.337937,0.000000,0.000000,0.000000,-0.000000,1.132315,1.698473,0.000000,0.000000,0.000000,0.000000,0.000000,0.000000,0.000373,-0.001120,0.000000,-0.000000,0.333333,-0.333333,0.000000,-0.000000,0.373622,-0.112087,0.006761,-0.006761,0.000748,-0.002990,2.743553,3.334358,3.038955,0.500000,0.500000
107231,Danilo,MEI,263,BOT,7,95,85,casa,267,VAS,2026-10-07 20:30:00,29,0.002881,0.023046,0.001329,0.006647,0.000032,0.000095,0.087349,0.104819,0.333333,0.266667,0.414994,0.207497,0.000000,0.000000,0.000000,-0.000000,1.323857,1.985786,0.000000,0.000000,0.000000,0.000000,0.000000,0.000000,0.000376,-0.001128,0.000000,-0.000000,0.000000,-0.000000,0.000000,-0.000000,0.512318,-0.153695,0.004053,-0.004053,0.000758,-0.003031,2.432649,3.618952,3.025800,0.500000,0.500000
123360,Cauly,MEI,276,SAO,6,45,45,fora,283,CRU,2026-10-07 21:30:00,29,0.000232,0.001854,0.000000,0.000000,0.000000,0.000000,0.720380,0.864455,1.000000,0.800000,0.850340,0.425170,0.000000,0.000000,0.000000,-0.000000,1.134000,1.701000,0.000000,0.000000,0.000000,0.000000,0.000000,0.000000,0.000374,-0.001121,0.000000,-0.000000,0.000000,-0.000000,0.000000,-0.000000,0.487141,-0.146142,0.009662,-0.009662,0.000749,-0.002998,3.632557,2.343998,2.988278,0.500000,0.500000
100084,Igor Gomes,MEI,282,CAM,6,45,45,fora,293,CAP,2026-10-08 20:00:00,29,0.074869,0.598950,0.247500,1.237500,0.000000,0.000000,0.450000,0.540000,0.000000,0.000000,0.415389,0.207694,0.000000,0.000000,0.450000,-0.045000,0.742240,1.113361,0.000000,0.000000,0.000000,0.000000,0.000000,0.000000,0.000372,-0.001116,0.000000,-0.000000,0.000000,-0.000000,0.000000,-0.000000,0.482555,-0.144766,0.005742,-0.005742,0.000743,-0.002970,3.497910,2.473992,2.985951,0.500000,0.500000
101405,Wallisson,MEI,2305,MIR,6,45,45,fora,280,RBB,2026-10-07 19:30:00,29,0.000000,0.000000,0.000000,0.000000,0.000000,0.000000,0.000000,0.000000,0.333333,0.266667,1.549004,0.774502,0.000000,0.000000,0.000057,-0.000006,1.286440,1.929661,0.000000,0.000000,0.000000,0.000000,0.000000,0.000000,0.000374,-0.001123,0.074869,-0.224606,0.333333,-0.333333,0.000000,-0.000000,0.699831,-0.209949,0.005046,-0.005046,0.000755,-0.003022,2.193744,3.763717,2.978730,0.500000,0.500000
100742,Matheus Henrique,MEI,283,CRU,7,95,85,casa,276,SAO,2026-10-07 21:30:00,29,0.000000,0.000000,0.041178,0.205889,0.000000,0.000000,0.136125,0.163350,0.333333,0.266667,0.333228,0.166614,0.000000,0.000000,0.000000,-0.000000,1.278705,1.918057,0.000000,0.000000,0.000000,0.000000,0.000000,0.000000,0.000377,-0.001132,0.000000,-0.000000,0.000000,-0.000000,0.000000,-0.000000,0.545557,-0.163667,0.001847,-0.001847,0.000763,-0.003051,2.550880,3.351458,2.951169,0.500000,0.500000
77510,Fred,MEI,282,CAM,7,95,85,fora,293,CAP,2026-10-08 20:00:00,29,0.000000,0.000000,0.000000,0.000000,0.000000,0.000000,0.450000,0.540000,1.000000,0.800000,3.105875,1.552938,0.000000,0.000000,0.000000,-0.000000,0.807764,1.211645,0.000000,0.000000,0.000000,0.000000,0.000000,0.000000,0.000371,-0.001112,0.000000,-0.000000,0.000000,-0.000000,0.000000,-0.000000,2.232750,-0.669825,0.008487,-0.008487,0.000739,-0.002956,3.422204,2.424103,2.923153,0.500000,0.500000
84674,Lucas Evangelista,MEI,275,PAL,6,45,45,casa,265,BAH,2026-10-08 21:30:00,29,0.000000,0.000000,0.000002,0.000010,0.000000,0.000000,0.136125,0.163350,1.000000,0.800000,2.042766,1.021383,0.000000,0.000000,0.247500,-0.024750,0.878237,1.317356,0.000000,0.000000,0.000000,0.000000,0.000000,0.000000,0.000377,-0.001131,0.000000,-0.000000,0.333333,-0.333333,0.000000,-0.000000,1.542655,-0.462797,0.007541,-0.007541,0.000761,-0.003045,2.469503,3.330153,2.899828,0.500000,0.500000
122485,Barros,MEI,267,VAS,6,45,45,fora,263,BOT,2026-10-07 20:30:00,29,0.000794,0.006351,0.000000,0.000000,0.000000,0.000000,0.000000,0.000000,0.000000,0.000000,0.920498,0.460249,0.000000,0.000000,0.000000,-0.000000,1.369138,2.053707,0.000000,0.000000,0.000000,0.000000,0.000000,0.000000,0.000374,-0.001123,0.000345,-0.001034,0.333333,-0.333333,0.000000,-0.000000,1.362002,-0.408601,0.002226,-0.002226,0.000752,-0.003007,1.770983,4.021382,2.896183,0.500000,0.500000
105157,Villagra,MEI,285,INT,7,95,85,casa,264,COR,2026-10-07 19:30:00,29,0.000000,0.000000,0.000000,0.000000,0.000000,0.000000,0.000035,0.000042,0.000000,0.000000,1.562788,0.781394,0.000000,0.000000,0.000000,-0.000000,1.939474,2.909211,0.000000,0.000000,0.000000,0.000000,0.000000,0.000000,0.000376,-0.001128,0.000000,-0.000000,0.666667,-0.666667,0.000000,-0.000000,1.087115,-0.326134,0.007684,-0.007684,0.000757,-0.003028,2.686006,3.100213,2.893109,0.500000,0.500000
86859,José Welison,MEI,364,REM,3,45,45,casa,284,GRE,2026-10-07 19:30:00,29,0.000000,0.000000,0.000000,0.000000,0.000000,0.000000,0.041178,0.049413,0.333333,0.266667,0.127662,0.063831,0.000000,0.000000,0.000000,-0.000000,2.003384,3.005076,0.000000,0.000000,0.000000,0.000000,0.000000,0.000000,0.000375,-0.001126,0.000000,-0.000000,0.666667,-0.666667,0.000000,-0.000000,2.202769,-0.660831,0.007499,-0.007499,0.000762,-0.003048,2.045817,3.725813,2.885815,0.500000,0.500000
141400,Huguinho,MEI,263,BOT,7,95,85,casa,267,VAS,2026-10-07 20:30:00,29,0.006851,0.054808,0.000000,0.000000,0.000000,0.000000,0.000000,0.000000,1.000000,0.800000,1.099676,0.549838,0.000000,0.000000,0.000000,-0.000000,0.990212,1.485318,0.000000,0.000000,0.000000,0.000000,0.000000,0.000000,0.000374,-0.001121,0.000000,-0.000000,0.333333,-0.333333,0.000000,-0.000000,0.925726,-0.277718,0.005180,-0.005180,0.000746,-0.002985,2.269626,3.498188,2.883907,0.500000,0.500000
94067,Matheus Fernandes,MEI,280,RBB,6,45,45,casa,2305,MIR,2026-10-07 19:30:00,29,0.000000,0.000000,0.041178,0.205889,0.000000,0.000000,0.022648,0.027177,0.333333,0.266667,0.053459,0.026729,0.000000,0.000000,0.003768,-0.000377,1.699394,2.549090,0.000000,0.000000,0.000000,0.000000,0.000000,0.000000,0.000375,-0.001124,0.000000,-0.000000,0.000000,-0.000000,0.000000,-0.000000,0.488248,-0.146475,0.005883,-0.005883,0.000754,-0.003016,2.918678,2.848908,2.883793,0.500000,0.500000
104519,Camilo,MEI,315,CHA,7,95,85,fora,287,VIT,2026-10-07 20:00:00,29,0.000000,0.000000,0.000000,0.000000,0.000000,0.000000,0.002090,0.002508,0.000000,0.000000,0.028843,0.014421,0.000000,0.000000,0.000000,-0.000000,2.049122,3.073682,0.000000,0.000000,0.000000,0.000000,0.000000,0.000000,0.000375,-0.001126,0.000000,-0.000000,0.333333,-0.333333,0.000000,-0.000000,1.976957,-0.593087,0.003996,-0.003996,0.000753,-0.003013,2.156057,3.572293,2.864175,0.500000,0.500000
109336,Rafael Carvalheira,MEI,315,CHA,5,45,45,fora,287,VIT,2026-10-07 20:00:00,29,0.136546,1.092371,0.000000,0.000000,0.000000,0.000000,0.210994,0.253193,0.666667,0.533333,0.052482,0.026241,0.000000,0.000000,0.136125,-0.013613,1.008625,1.512938,0.000000,0.000000,0.000000,0.000000,0.000000,0.000000,0.000373,-0.001120,0.000000,-0.000000,0.333333,-0.333333,0.000000,-0.000000,1.329577,-0.398873,0.001724,-0.001724,0.000750,-0.003002,2.666412,3.053062,2.859737,0.500000,0.500000
87747,Yago Felipe,MEI,315,CHA,7,95,85,fora,287,VIT,2026-10-07 20:00:00,29,0.000000,0.000000,0.050328,0.251642,0.000000,0.000000,0.293349,0.352019,0.000000,0.000000,2.072631,1.036316,0.000000,0.000000,0.000000,-0.000000,1.414904,2.122356,0.000000,0.000000,0.000000,0.000000,0.000000,0.000000,0.000371,-0.001114,0.000000,-0.000000,0.333333,-0.333333,0.000000,-0.000000,1.712553,-0.513766,0.007995,-0.007995,0.000743,-0.002971,2.903153,2.802436,2.852794,0.500000,0.500000
108683,Emiliano Martínez,MEI,275,PAL,6,45,45,casa,265,BAH,2026-10-08 21:30:00,29,0.000000,0.000000,0.000000,0.000000,0.000000,0.000000,0.023275,0.027930,0.000000,0.000000,0.076635,0.038318,0.000000,0.000000,0.000000,-0.000000,1.380626,2.070940,0.000000,0.000000,0.000000,0.000000,0.000000,0.000000,0.000374,-0.001123,0.000000,-0.000000,0.000000,-0.000000,0.000000,-0.000000,0.728016,-0.218405,0.005634,-0.005634,0.000748,-0.002994,1.909032,3.777897,2.843464,0.500000,0.500000
117910,Breno Bidon,MEI,264,COR,7,95,85,fora,285,INT,2026-10-07 19:30:00,29,0.000345,0.002763,0.003768,0.018840,0.000001,0.000002,0.139893,0.167872,0.666667,0.533333,2.340939,1.170470,0.000000,0.000000,0.004908,-0.000491,1.110525,1.665788,0.000000,0.000000,0.000000,0.000000,0.000000,0.000000,0.000376,-0.001128,0.000000,-0.000000,0.333333,-0.333333,0.000000,-0.000000,1.612602,-0.483781,0.005513,-0.005513,0.000759,-0.003035,2.731787,2.902832,2.817309,0.500000,0.500000
77485,Carrillo,MEI,264,COR,6,45,45,fora,285,INT,2026-10-07 19:30:00,29,0.000000,0.000000,0.001140,0.005699,0.000000,0.000000,0.000000,0.000000,1.000000,0.800000,0.741461,0.370731,0.000000,0.000000,0.709956,-0.070996,1.149050,1.723575,0.000000,0.000000,0.000000,0.000000,0.000000,0.000000,0.000375,-0.001124,0.000000,-0.000000,0.000000,-0.000000,0.000000,-0.000000,0.659361,-0.197808,0.007776,-0.007776,0.000752,-0.003008,2.619293,2.959433,2.789363,0.500000,0.500000
142890,Montoro,MEI,263,BOT,7,95,85,casa,267,VAS,2026-10-07 20:30:00,29,0.000000,0.000000,0.000064,0.000319,0.041195,0.123585,0.902049,1.082458,0.333333,0.266667,0.240197,0.120098,0.000000,0.000000,0.000000,-0.000000,0.937448,1.406172,0.000000,0.000000,0.000000,0.000000,0.000000,0.000000,0.000377,-0.001130,0.000000,-0.000000,0.333333,-0.333333,0.000000,-0.000000,0.473703,-0.142111,0.005493,-0.005493,0.000761,-0.003044,2.514189,3.051497,2.782843,0.500000,0.500000
82463,Otávio,MEI,266,FLU,6,45,45,casa,294,CFC,2026-10-08 21:30:00,29,0.000000,0.000000,0.000000,0.000000,0.000000,0.000000,0.027681,0.033217,0.333333,0.266667,0.275181,0.137590,0.000000,0.000000,0.000000,-0.000000,1.963236,2.944854,0.000000,0.000000,0.000000,0.000000,0.000000,0.000000,0.000373,-0.001119,0.000000,-0.000000,0.666667,-0.666667,0.000000,-0.000000,1.819803,-0.545941,0.012811,-0.012811,0.000744,-0.002977,2.152814,3.397215,2.775014,0.500000,0.500000
100987,Nonato,MEI,266,FLU,3,45,45,casa,294,CFC,2026-10-08 21:30:00,29,0.000232,0.001854,0.000190,0.000948,0.000000,0.000000,0.012456,0.014948,0.000000,0.000000,1.423718,0.711859,0.000000,0.000000,0.000000,-0.000000,1.284196,1.926294,0.000000,0.000000,0.000000,0.000000,0.000000,0.000000,0.000375,-0.001125,0.000000,-0.000000,0.333333,-0.333333,0.000000,-0.000000,2.106724,-0.632017,0.004556,-0.004556,0.000754,-0.003017,1.681855,3.861383,2.771619,0.500000,0.500000
128433,Johan Rojas,MEI,267,VAS,6,45,45,fora,263,BOT,2026-10-07 20:30:00,29,0.000000,0.000000,0.000627,0.003135,0.003768,0.011304,0.189941,0.227929,1.000000,0.800000,0.009550,0.004775,0.000000,0.000000,0.211183,-0.021118,0.755114,1.132671,0.000000,0.000000,0.000000,0.000000,0.000000,0.000000,0.000374,-0.001122,0.000000,-0.000000,0.000000,-0.000000,0.000000,-0.000000,0.349858,-0.104957,0.009580,-0.009580,0.000749,-0.002995,2.040041,3.405506,2.722773,0.500000,0.500000
107873,Bobadilla,MEI,276,SAO,5,45,45,fora,283,CRU,2026-10-07 21:30:00,29,0.000000,0.000000,0.075496,0.377478,0.000627,0.001881,0.589056,0.706867,0.000000,0.000000,0.259502,0.129751,0.000000,0.000000,0.000127,-0.000013,1.169663,1.754495,0.000000,0.000000,0.000000,0.000000,0.000000,0.000000,0.000374,-0.001121,0.000000,-0.000000,0.333333,-0.333333,0.000000,-0.000000,0.804880,-0.241464,0.002574,-0.002574,0.000751,-0.003003,2.388965,2.995690,2.692327,0.500000,0.500000
131832,Portilla,MEI,293,CAP,6,45,45,casa,282,CAM,2026-10-08 20:00:00,29,0.000000,0.000000,0.000000,0.000000,0.000000,0.000000,0.002072,0.002487,0.666667,0.533333,0.920213,0.460106,0.000000,0.000000,0.000000,-0.000000,1.215573,1.823359,0.000000,0.000000,0.000000,0.000000,0.000000,0.000000,0.000375,-0.001126,0.000000,-0.000000,0.333333,-0.333333,0.000000,-0.000000,0.257497,-0.077249,0.010836,-0.010836,0.000755,-0.003020,2.393722,2.973713,2.683718,0.500000,0.500000
87999,Gustavo Scarpa,MEI,282,CAM,5,45,45,fora,293,CAP,2026-10-08 20:00:00,29,0.041178,0.329423,0.001140,0.005699,0.022648,0.067943,0.594116,0.712939,0.000000,0.000000,0.115647,0.057823,0.000000,0.000000,0.136125,-0.013613,0.868072,1.302108,0.000000,0.000000,0.000000,0.000000,0.000000,0.000000,0.000373,-0.001119,0.000000,-0.000000,0.000000,-0.000000,0.000000,-0.000000,0.213066,-0.063920,0.005520,-0.005520,0.000747,-0.002986,2.388778,2.977054,2.682916,0.500000,0.500000
97520,Shaylon,MEI,2305,MIR,6,45,45,fora,280,RBB,2026-10-07 19:30:00,29,0.000104,0.000834,0.247500,1.237500,0.000000,0.000000,0.012646,0.015175,0.000000,0.000000,0.592517,0.296258,0.000000,0.000000,0.000000,-0.000000,0.906947,1.360421,0.000000,0.000000,0.000000,0.000000,0.000000,0.000000,0.000374,-0.001123,0.000000,-0.000000,0.333333,-0.333333,0.000000,-0.000000,0.323454,-0.097036,0.009632,-0.009632,0.000751,-0.003004,2.466061,2.762907,2.614484,0.500000,0.500000
69140,Allan,MEI,263,BOT,6,45,45,casa,267,VAS,2026-10-07 20:30:00,29,0.000000,0.000000,0.000000,0.000000,0.000000,0.000000,0.000000,0.000000,0.333333,0.266667,0.258406,0.129203,0.000000,0.000000,0.000000,-0.000000,1.336305,2.004457,0.000000,0.000000,0.000000,0.000000,0.000000,0.000000,0.000374,-0.001122,0.000000,-0.000000,0.000000,-0.000000,0.000000,-0.000000,0.298658,-0.089597,0.005503,-0.005503,0.000748,-0.002993,2.301112,2.883182,2.592147,0.500000,0.500000
112017,Felipinho,MEI,293,CAP,6,45,45,casa,282,CAM,2026-10-08 20:00:00,29,0.000000,0.000000,0.000000,0.000000,0.074869,0.224606,0.000000,0.000000,0.000000,0.000000,0.450000,0.225000,0.000000,0.000000,0.000000,-0.000000,1.695887,2.543831,0.000000,0.000000,0.000000,0.000000,0.000000,0.000000,0.000373,-0.001119,0.000000,-0.000000,0.333333,-0.333333,0.000000,-0.000000,1.053408,-0.316022,0.008598,-0.008598,0.000747,-0.002986,2.331378,2.841491,2.586434,0.500000,0.500000
82407,Chico Kim,MEI,2305,MIR,7,95,85,fora,280,RBB,2026-10-07 19:30:00,29,0.000000,0.000000,0.000000,0.000000,0.000000,0.000000,0.247500,0.297000,1.000000,0.800000,1.436178,0.718089,0.000000,0.000000,0.000000,-0.000000,1.068099,1.602148,0.000000,0.000000,0.000000,0.000000,0.000000,0.000000,0.000371,-0.001114,0.000000,-0.000000,0.000000,-0.000000,0.000000,-0.000000,1.417648,-0.425294,0.012139,-0.012139,0.000742,-0.002968,2.975721,2.169684,2.572702,0.500000,0.500000
90532,Arthur Melo,MEI,277,SAN,6,45,45,casa,262,FLA,2026-10-08 19:30:00,29,0.000000,0.000000,0.000000,0.000000,0.000000,0.000000,0.000000,0.000000,0.000000,0.000000,2.272599,1.136300,0.000000,0.000000,0.000000,-0.000000,1.027193,1.540789,0.000000,0.000000,0.000000,0.000000,0.000000,0.000000,0.000374,-0.001123,0.000000,-0.000000,0.000000,-0.000000,0.000000,-0.000000,0.879782,-0.263935,0.005181,-0.005181,0.000750,-0.003001,2.403849,2.688864,2.546356,0.500000,0.500000
104036,Labyad,MEI,264,COR,5,45,45,fora,285,INT,2026-10-07 19:30:00,29,0.041178,0.329423,0.148581,0.742906,0.000000,0.000000,0.000000,0.000000,0.000000,0.000000,0.611306,0.305653,0.000000,0.000000,0.000000,-0.000000,0.880618,1.320927,0.000000,0.000000,0.000000,0.000000,0.000000,0.000000,0.000372,-0.001117,0.000000,-0.000000,0.000000,-0.000000,0.000000,-0.000000,1.444812,-0.433444,0.003666,-0.003666,0.000743,-0.002971,2.257711,2.766323,2.512017,0.500000,0.500000
112576,Vini Paulista,MEI,294,CFC,6,45,45,fora,266,FLU,2026-10-08 21:30:00,29,0.000000,0.000000,0.000000,0.000000,0.074869,0.224606,0.000190,0.000228,0.333333,0.266667,0.504905,0.252452,0.000000,0.000000,0.006851,-0.000685,1.219346,1.829019,0.000000,0.000000,0.000000,0.000000,0.000000,0.000000,0.000376,-0.001127,0.000000,-0.000000,0.000000,-0.000000,0.000000,-0.000000,0.173806,-0.052142,0.006690,-0.006690,0.000755,-0.003021,2.509306,2.418051,2.463678,0.500000,0.500000
91473,Erick Pulgar,MEI,262,FLA,7,95,85,fora,277,SAN,2026-10-08 19:30:00,29,0.022648,0.181182,0.000000,0.000000,0.006851,0.020553,0.000190,0.000228,0.000000,0.000000,0.614825,0.307412,0.000000,0.000000,0.000000,-0.000000,1.312236,1.968354,0.000000,0.000000,0.000000,0.000000,0.000000,0.000000,0.000374,-0.001121,0.001140,-0.003419,0.333333,-0.333333,0.000000,-0.000000,1.682509,-0.504753,0.006161,-0.006161,0.000750,-0.003002,1.625940,3.300111,2.463025,0.500000,0.500000
130414,Robert,MEI,315,CHA,5,45,45,fora,287,VIT,2026-10-07 20:00:00,29,0.000000,0.000000,0.000000,0.000000,0.000000,0.000000,0.000000,0.000000,0.000000,0.000000,0.000000,0.000000,0.000000,0.000000,0.000000,-0.000000,1.400097,2.100145,0.000000,0.000000,0.000000,0.000000,0.000000,0.000000,0.000370,-0.001110,0.000000,-0.000000,0.000000,-0.000000,0.000000,-0.000000,0.000000,-0.000000,0.007933,-0.007933,0.000735,-0.002939,2.088163,2.735381,2.411772,0.500000,0.500000
111760,Fabinho,MEI,280,RBB,7,95,85,casa,2305,MIR,2026-10-07 19:30:00,29,0.000000,0.000000,0.000000,0.000000,0.000000,0.000000,0.000000,0.000000,0.000000,0.000000,0.848282,0.424141,0.000000,0.000000,0.000000,-0.000000,1.336281,2.004421,0.000000,0.000000,0.000000,0.000000,0.000000,0.000000,0.000374,-0.001122,0.003768,-0.011304,0.000000,-0.000000,0.000000,-0.000000,1.637626,-0.491288,0.007788,-0.007788,0.000751,-0.003005,1.914056,2.908861,2.411459,0.500000,0.500000
126182,Paulinho,MEI,285,INT,7,95,85,casa,264,COR,2026-10-07 19:30:00,29,0.000000,0.000000,0.000000,0.000000,0.000000,0.000000,0.088574,0.106289,0.000000,0.000000,1.021224,0.510612,0.000000,0.000000,0.000005,-0.000001,1.191061,1.786592,0.000000,0.000000,0.000000,0.000000,0.000000,0.000000,0.000376,-0.001129,0.000000,-0.000000,0.333333,-0.333333,0.000000,-0.000000,0.824311,-0.247293,0.005915,-0.005915,0.000758,-0.003031,1.812791,2.957935,2.385363,0.500000,0.500000
116447,Hércules,MEI,266,FLU,7,95,85,casa,294,CFC,2026-10-08 21:30:00,29,0.000046,0.000371,0.000000,0.000000,0.000000,0.000000,0.256848,0.308218,0.333333,0.266667,0.836540,0.418270,0.000000,0.000000,0.136135,-0.013613,0.883756,1.325635,0.000000,0.000000,0.000000,0.000000,0.000000,0.000000,0.000377,-0.001131,0.000000,-0.000000,0.333333,-0.333333,0.000000,-0.000000,1.089915,-0.326974,0.006926,-0.006926,0.000758,-0.003032,1.634149,3.107409,2.370779,0.500000,0.500000
108162,Nardoni,MEI,284,GRE,6,45,45,fora,364,REM,2026-10-07 19:30:00,29,0.000190,0.001517,0.000000,0.000000,0.000000,0.000000,0.041178,0.049413,0.000000,0.000000,1.767657,0.883828,0.000000,0.000000,0.002072,-0.000207,0.813340,1.220010,0.000000,0.000000,0.000000,0.000000,0.000000,0.000000,0.000374,-0.001121,0.000000,-0.000000,0.000000,-0.000000,0.000000,-0.000000,0.615615,-0.184684,0.008274,-0.008274,0.000746,-0.002985,1.957498,2.775970,2.366734,0.500000,0.500000
130279,Lukas Zuccarello,MEI,267,VAS,6,45,45,fora,263,BOT,2026-10-07 20:30:00,29,0.000000,0.000000,0.000000,0.000000,0.000000,0.000000,0.000000,0.000000,1.000000,0.800000,1.000000,0.500000,0.000000,0.000000,0.000000,-0.000000,0.653979,0.980968,0.000000,0.000000,0.000000,0.000000,0.000000,0.000000,0.000370,-0.001110,0.000000,-0.000000,0.000000,-0.000000,0.000000,-0.000000,0.000000,-0.000000,0.008161,-0.008161,0.000731,-0.002923,2.268775,2.418765,2.343770,0.500000,0.500000
99267,Pochettino,MEI,287,VIT,6,45,45,casa,315,CHA,2026-10-07 20:00:00,29,0.000000,0.000000,0.000000,0.000000,0.074869,0.224606,0.102549,0.123059,0.333333,0.266667,0.158773,0.079386,0.000000,0.000000,0.000000,-0.000000,1.152899,1.729349,0.000000,0.000000,0.000000,0.000000,0.000000,0.000000,0.000373,-0.001119,0.000000,-0.000000,0.000000,-0.000000,0.000000,-0.000000,0.322369,-0.096711,0.005918,-0.005918,0.000746,-0.002985,2.316335,2.271565,2.293950,0.500000,0.500000
81091,Jair,MEI,267,VAS,6,45,45,fora,263,BOT,2026-10-07 20:30:00,29,0.000000,0.000000,0.000000,0.000000,0.000000,0.000000,0.000000,0.000000,0.000000,0.000000,0.847238,0.423619,0.000000,0.000000,0.000000,-0.000000,0.778307,1.167461,0.000000,0.000000,0.000000,0.000000,0.000000,0.000000,0.000371,-0.001113,0.000000,-0.000000,0.000000,-0.000000,0.000000,-0.000000,0.149738,-0.044921,0.006600,-0.006600,0.000735,-0.002938,1.535507,3.034592,2.285049,0.500000,0.500000
122660,Japa,MEI,2305,MIR,6,45,45,fora,280,RBB,2026-10-07 19:30:00,29,0.012456,0.099650,0.000000,0.000000,0.000000,0.000000,0.157224,0.188669,0.666667,0.533333,0.221926,0.110963,0.000000,0.000000,0.000000,-0.000000,0.886214,1.329322,0.000000,0.000000,0.000000,0.000000,0.000000,0.000000,0.000372,-0.001115,0.000000,-0.000000,0.000000,-0.000000,0.000000,-0.000000,0.213563,-0.064069,0.005915,-0.005915,0.000739,-0.002957,2.187881,2.378528,2.283205,0.500000,0.500000
87742,Neto Moura,MEI,2305,MIR,6,45,45,fora,280,RBB,2026-10-07 19:30:00,29,0.000000,0.000000,0.000000,0.000000,0.000000,0.000000,0.023275,0.027930,0.333333,0.266667,0.008310,0.004155,0.000000,0.000000,0.000000,-0.000000,1.652470,2.478705,0.000000,0.000000,0.000000,0.000000,0.000000,0.000000,0.000373,-0.001120,0.000000,-0.000000,0.666667,-0.666667,0.000000,-0.000000,0.533228,-0.159969,0.009177,-0.009177,0.000748,-0.002993,1.937531,2.612346,2.274938,0.500000,0.500000
106323,Caio Alexandre,MEI,265,BAH,6,45,45,fora,275,PAL,2026-10-08 21:30:00,29,0.000000,0.000000,0.000000,0.000000,0.000000,0.000000,0.000000,0.000000,0.000000,0.000000,0.491617,0.245809,0.000000,0.000000,0.000000,-0.000000,0.974516,1.461774,0.000000,0.000000,0.000000,0.000000,0.000000,0.000000,0.000374,-0.001122,0.000000,-0.000000,0.000000,-0.000000,0.000000,-0.000000,0.112100,-0.033630,0.008332,-0.008332,0.000746,-0.002983,1.661516,2.885765,2.273640,0.500000,0.500000
126189,Tomás Pérez,MEI,282,CAM,6,45,45,fora,293,CAP,2026-10-08 20:00:00,29,0.000000,0.000000,0.000000,0.000000,0.000000,0.000000,0.041805,0.050166,0.000000,0.000000,0.256118,0.128059,0.000000,0.000000,0.000000,-0.000000,1.396852,2.095278,0.000000,0.000000,0.000000,0.000000,0.000000,0.000000,0.000373,-0.001120,0.000000,-0.000000,0.000000,-0.000000,0.000000,-0.000000,0.590052,-0.177016,0.007578,-0.007578,0.000747,-0.002989,2.084800,2.430929,2.257864,0.500000,0.500000
78605,Gabriel,MEI,280,RBB,6,45,45,casa,2305,MIR,2026-10-07 19:30:00,29,0.013083,0.104666,0.000000,0.000000,0.000000,0.000000,0.047107,0.056529,0.333333,0.266667,0.008276,0.004138,0.000000,0.000000,0.000000,-0.000000,1.346561,2.019842,0.000000,0.000000,0.000000,0.000000,0.000000,0.000000,0.000376,-0.001127,0.000000,-0.000000,0.000000,-0.000000,0.000000,-0.000000,0.798789,-0.239637,0.007517,-0.007517,0.000756,-0.003024,2.200536,2.260614,2.230575,0.500000,0.500000
51772,Everton Ribeiro,MEI,265,BAH,6,45,45,fora,275,PAL,2026-10-08 21:30:00,29,0.000000,0.000000,0.014776,0.073879,0.000000,0.000000,0.007443,0.008931,0.333333,0.266667,0.319844,0.159922,0.000000,0.000000,0.000000,-0.000000,0.703396,1.055094,0.000000,0.000000,0.000000,0.000000,0.000000,0.000000,0.000374,-0.001123,0.000000,-0.000000,0.000000,-0.000000,0.000000,-0.000000,0.239898,-0.071969,0.000391,-0.000391,0.000746,-0.002986,1.488025,2.914055,2.201040,0.500000,0.500000
88479,Walace,MEI,287,VIT,5,45,45,casa,315,CHA,2026-10-07 20:00:00,29,0.000000,0.000000,0.000000,0.000000,0.000000,0.000000,0.450000,0.540000,0.666667,0.533333,0.247500,0.123750,0.000000,0.000000,0.000000,-0.000000,0.779751,1.169626,0.000000,0.000000,0.000000,0.000000,0.000000,0.000000,0.000373,-0.001118,0.000000,-0.000000,0.000000,-0.000000,0.000000,-0.000000,0.594619,-0.178386,0.007935,-0.007935,0.000742,-0.002968,2.176304,2.087353,2.131828,0.500000,0.500000
142279,Nuno Moreira,MEI,267,VAS,6,45,45,fora,263,BOT,2026-10-07 20:30:00,29,0.000627,0.005015,0.012456,0.062281,0.000000,0.000000,0.491314,0.589576,0.000000,0.000000,0.102276,0.051138,0.000000,0.000000,0.002072,-0.000207,0.789157,1.183735,0.000000,0.000000,0.000000,0.000000,0.000000,0.000000,0.000374,-0.001123,0.000000,-0.000000,0.333333,-0.333333,0.000000,-0.000000,0.750608,-0.225183,0.010830,-0.010830,0.000748,-0.002992,1.318078,2.932767,2.125423,0.500000,0.500000
100596,Krovinovic,MEI,284,GRE,7,95,85,fora,364,REM,2026-10-07 19:30:00,29,0.000000,0.000000,0.000000,0.000000,0.000000,0.000000,0.136125,0.163350,1.000000,0.800000,0.450000,0.225000,0.000000,0.000000,0.000000,-0.000000,0.972629,1.458943,0.000000,0.000000,0.000000,0.000000,0.000000,0.000000,0.000371,-0.001113,0.000000,-0.000000,0.000000,-0.000000,0.000000,-0.000000,0.632981,-0.189894,0.008538,-0.008538,0.000736,-0.002945,2.444803,1.745952,2.095377,0.500000,0.500000
95541,Gustavo Cazonatti,MEI,2305,MIR,5,45,45,fora,280,RBB,2026-10-07 19:30:00,29,0.000000,0.000000,0.000000,0.000000,0.000000,0.000000,0.041178,0.049413,0.000000,0.000000,0.470652,0.235326,0.000000,0.000000,0.000000,-0.000000,1.321191,1.981786,0.000000,0.000000,0.000000,0.000000,0.000000,0.000000,0.000371,-0.001114,0.000000,-0.000000,0.000000,-0.000000,0.000000,-0.000000,0.465981,-0.139794,0.003471,-0.003471,0.000738,-0.002952,2.119195,2.056637,2.087916,0.500000,0.500000
80061,Saúl,MEI,262,FLA,6,45,45,fora,277,SAN,2026-10-08 19:30:00,29,0.000000,0.000000,0.015224,0.076122,0.000000,0.000000,0.000000,0.000000,0.000000,0.000000,0.450000,0.225000,0.000000,0.000000,0.000000,-0.000000,1.053439,1.580159,0.000000,0.000000,0.000000,0.000000,0.000000,0.000000,0.000372,-0.001115,0.000000,-0.000000,0.000000,-0.000000,0.000000,-0.000000,0.526282,-0.157885,0.009648,-0.009648,0.000740,-0.002960,1.709672,2.413613,2.061643,0.500000,0.500000
147088,Cissé,MEI,282,CAM,6,45,45,fora,293,CAP,2026-10-08 20:00:00,29,0.002072,0.016579,0.000000,0.000000,0.000000,0.000000,0.002072,0.002487,0.000000,0.000000,1.835112,0.917556,0.000000,0.000000,0.006851,-0.000685,1.143865,1.715798,0.000000,0.000000,0.000000,0.000000,0.000000,0.000000,0.000373,-0.001120,0.000000,-0.000000,0.333333,-0.333333,0.000000,-0.000000,1.941009,-0.582303,0.006383,-0.006383,0.000747,-0.002989,1.725606,2.389562,2.057584,0.500000,0.500000
130906,Riquelme,MEI,293,CAP,6,45,45,casa,282,CAM,2026-10-08 20:00:00,29,0.000000,0.000000,0.000000,0.000000,0.000000,0.000000,0.136125,0.163350,0.000000,0.000000,0.000000,0.000000,0.000000,0.000000,0.000000,-0.000000,1.287066,1.930600,0.000000,0.000000,0.000000,0.000000,0.000000,0.000000,0.000372,-0.001117,0.000000,-0.000000,0.333333,-0.333333,0.000000,-0.000000,0.302500,-0.090750,0.008440,-0.008440,0.000741,-0.002963,1.657346,2.411008,2.034177,0.500000,0.500000
141995,Dieguinho,MEI,264,COR,6,45,45,fora,285,INT,2026-10-07 19:30:00,29,0.001140,0.009119,0.000000,0.000000,0.000000,0.000000,0.136125,0.163350,0.000000,0.000000,0.171651,0.085825,0.000000,0.000000,0.000232,-0.000023,0.696706,1.045059,0.000000,0.000000,0.000000,0.000000,0.000000,0.000000,0.000373,-0.001120,0.000000,-0.000000,0.000000,-0.000000,0.000000,-0.000000,0.075101,-0.022530,0.006783,-0.006783,0.000746,-0.002984,1.269912,2.783980,2.026946,0.500000,0.500000
96342,Charles,MEI,264,COR,6,45,45,fora,285,INT,2026-10-07 19:30:00,29,0.000000,0.000000,0.000000,0.000000,0.000000,0.000000,0.000000,0.000000,0.000000,0.000000,1.516375,0.758188,0.000000,0.000000,0.166375,-0.016638,1.090632,1.635948,0.000000,0.000000,0.000000,0.000000,0.000000,0.000000,0.000371,-0.001112,0.000000,-0.000000,0.333333,-0.333333,0.000000,-0.000000,1.147500,-0.344250,0.011087,-0.011087,0.000737,-0.002947,1.684768,2.339892,2.012330,0.500000,0.500000
126120,Marcelinho,MEI,280,RBB,6,45,45,casa,2305,MIR,2026-10-07 19:30:00,29,0.000000,0.000000,0.091506,0.457531,0.000000,0.000000,0.074869,0.089843,0.000000,0.000000,0.772369,0.386184,0.000000,0.000000,0.383625,-0.038363,0.820355,1.230533,0.000000,0.000000,0.000000,0.000000,0.000000,0.000000,0.000372,-0.001117,0.000000,-0.000000,0.000000,-0.000000,0.000000,-0.000000,0.611256,-0.183377,0.007559,-0.007559,0.000741,-0.002963,1.930713,2.088783,2.009748,0.500000,0.500000
141160,Zé Lucas,MEI,283,CRU,6,45,45,casa,276,SAO,2026-10-07 21:30:00,29,0.000000,0.000000,0.000000,0.000000,0.000000,0.000000,0.450000,0.540000,0.333333,0.266667,0.980608,0.490304,0.000000,0.000000,0.000000,-0.000000,0.726164,1.089246,0.000000,0.000000,0.000000,0.000000,0.000000,0.000000,0.000373,-0.001119,0.000000,-0.000000,0.000000,-0.000000,0.000000,-0.000000,1.675509,-0.502653,0.006461,-0.006461,0.000742,-0.002970,1.873014,2.096833,1.984924,0.500000,0.500000
141344,Vitor Tissi,MEI,294,CFC,6,45,45,fora,266,FLU,2026-10-08 21:30:00,29,0.000000,0.000000,0.000000,0.000000,0.000000,0.000000,0.000000,0.000000,0.000000,0.000000,0.920098,0.460049,0.000000,0.000000,0.000000,-0.000000,1.039413,1.559119,0.000000,0.000000,0.000000,0.000000,0.000000,0.000000,0.000371,-0.001114,0.000000,-0.000000,0.000000,-0.000000,0.000000,-0.000000,0.063826,-0.019148,0.008899,-0.008899,0.000738,-0.002953,1.987055,1.947930,1.967493,0.500000,0.500000
85403,Danielzinho,MEI,276,SAO,7,95,85,fora,283,CRU,2026-10-07 21:30:00,29,0.000001,0.000009,0.000005,0.000026,0.000000,0.000000,0.001140,0.001368,0.000000,0.000000,0.445574,0.222787,0.000000,0.000000,0.000000,-0.000000,1.426875,2.140313,0.000000,0.000000,0.000000,0.000000,0.000000,0.000000,0.000376,-0.001127,0.000000,-0.000000,0.000000,-0.000000,0.000000,-0.000000,1.438700,-0.431610,0.005269,-0.005269,0.000753,-0.003014,1.923482,2.011098,1.967290,0.500000,0.500000
113359,Pablo Maia,MEI,276,SAO,6,45,45,fora,283,CRU,2026-10-07 21:30:00,29,0.041178,0.329423,0.000000,0.000000,0.000000,0.000000,0.006851,0.008221,0.666667,0.533333,0.299786,0.149893,0.000000,0.000000,0.000000,-0.000000,1.068852,1.603278,0.000000,0.000000,0.000000,0.000000,0.000000,0.000000,0.000374,-0.001123,0.000000,-0.000000,0.333333,-0.333333,0.000000,-0.000000,2.316920,-0.695076,0.006858,-0.006858,0.000750,-0.003001,1.584757,2.343426,1.964091,0.500000,0.500000
125926,Zapelli,MEI,293,CAP,6,45,45,casa,282,CAM,2026-10-08 20:00:00,29,0.000000,0.000000,0.000190,0.000948,0.000000,0.000000,0.158773,0.190527,0.000000,0.000000,0.015458,0.007729,0.000000,0.000000,0.000000,-0.000000,0.941958,1.412937,0.000000,0.000000,0.000000,0.000000,0.000000,0.000000,0.000375,-0.001126,0.000190,-0.000569,0.000000,-0.000000,0.000000,-0.000000,0.046948,-0.014085,0.007112,-0.007112,0.000752,-0.003009,1.586241,2.338164,1.962202,0.500000,0.500000
99520,Ziyech,MEI,263,BOT,6,45,45,casa,267,VAS,2026-10-07 20:30:00,29,0.000000,0.000000,0.000000,0.000000,0.000000,0.000000,1.000000,1.200000,0.000000,0.000000,0.000000,0.000000,0.000000,0.000000,0.000000,-0.000000,0.653979,0.980968,0.000000,0.000000,0.000000,0.000000,0.000000,0.000000,0.000371,-0.001114,0.000000,-0.000000,0.000000,-0.000000,0.000000,-0.000000,0.000000,-0.000000,0.007443,-0.007443,0.000736,-0.002944,2.169467,1.702405,1.935936,0.500000,0.500000
107173,Michel Araújo,MEI,265,BAH,6,45,45,fora,275,PAL,2026-10-08 21:30:00,29,0.000000,0.000000,0.136125,0.680625,0.000000,0.000000,0.139893,0.167872,0.000000,0.000000,0.088903,0.044452,0.000000,0.000000,0.003317,-0.000332,0.754072,1.131108,0.000000,0.000000,0.000000,0.000000,0.000000,0.000000,0.000374,-0.001123,0.000039,-0.000116,0.333333,-0.333333,0.000000,-0.000000,1.814234,-0.544270,0.003503,-0.003503,0.000747,-0.002987,1.138392,2.721239,1.929816,0.500000,0.500000
85465,Alex Santana,MEI,264,COR,6,45,45,fora,285,INT,2026-10-07 19:30:00,29,0.000000,0.000000,0.000000,0.000000,0.000000,0.000000,0.000000,0.000000,1.000000,0.800000,0.000000,0.000000,0.000000,0.000000,0.000000,-0.000000,0.667758,1.001637,0.000000,0.000000,0.000000,0.000000,0.000000,0.000000,0.000370,-0.001110,0.000000,-0.000000,0.000000,-0.000000,0.000000,-0.000000,0.000000,-0.000000,0.008227,-0.008227,0.000730,-0.002919,1.789382,2.012228,1.900805,0.500000,0.500000
123016,David Braga,MEI,364,REM,6,45,45,casa,284,GRE,2026-10-07 19:30:00,29,0.000000,0.000000,0.000000,0.000000,0.000000,0.000000,0.450000,0.540000,0.333333,0.266667,0.162057,0.081028,0.000000,0.000000,0.000000,-0.000000,0.648990,0.973485,0.000000,0.000000,0.000000,0.000000,0.000000,0.000000,0.000374,-0.001121,0.000000,-0.000000,0.000000,-0.000000,0.000000,-0.000000,0.724753,-0.217426,0.008226,-0.008226,0.000745,-0.002978,1.631429,2.114778,1.873103,0.500000,0.500000
63289,Edenílson,MEI,263,BOT,6,45,45,casa,267,VAS,2026-10-07 20:30:00,29,0.004176,0.033411,0.001485,0.007423,0.074869,0.224606,0.001767,0.002120,0.000000,0.000000,0.572669,0.286335,0.000000,0.000000,0.002072,-0.000207,0.565638,0.848457,0.000000,0.000000,0.000000,0.000000,0.000000,0.000000,0.000376,-0.001127,0.000000,-0.000000,0.000000,-0.000000,0.000000,-0.000000,0.037611,-0.011283,0.006349,-0.006349,0.000752,-0.003007,1.380379,2.364008,1.872193,0.500000,0.500000
81845,Alisson,MEI,266,FLU,6,45,45,casa,294,CFC,2026-10-08 21:30:00,29,0.000000,0.000000,0.136125,0.680625,0.000000,0.000000,0.450000,0.540000,0.000000,0.000000,0.893849,0.446925,0.000000,0.000000,0.000000,-0.000000,0.536324,0.804487,0.000000,0.000000,0.000000,0.000000,0.000000,0.000000,0.000373,-0.001119,0.000000,-0.000000,0.666667,-0.666667,0.000000,-0.000000,0.859694,-0.257908,0.000000,-0.000000,0.000742,-0.002970,1.543372,2.188768,1.866070,0.500000,0.500000
105903,Aldo Filho,MEI,2305,MIR,5,45,45,fora,280,RBB,2026-10-07 19:30:00,29,0.000000,0.000000,0.000190,0.000948,0.000000,0.000000,0.249917,0.299901,0.000000,0.000000,0.244255,0.122128,0.000000,0.000000,0.001140,-0.000114,0.867466,1.301200,0.000000,0.000000,0.000000,0.000000,0.000000,0.000000,0.000373,-0.001120,0.000000,-0.000000,0.000000,-0.000000,0.000000,-0.000000,1.174708,-0.352413,0.004336,-0.004336,0.000746,-0.002983,1.363209,2.367077,1.865143,0.500000,0.500000
122394,Gustavinho,MEI,280,RBB,6,45,45,casa,2305,MIR,2026-10-07 19:30:00,29,0.000032,0.000252,0.142976,0.714880,0.000000,0.000000,0.000147,0.000177,0.000000,0.000000,0.248879,0.124439,0.000000,0.000000,0.000000,-0.000000,0.523019,0.784528,0.000000,0.000000,0.000000,0.000000,0.000000,0.000000,0.000376,-0.001127,0.000000,-0.000000,0.000000,-0.000000,0.000000,-0.000000,0.017958,-0.005388,0.004724,-0.004724,0.000753,-0.003012,1.610025,2.120020,1.865023,0.500000,0.500000
125746,Dudu,MEI,293,CAP,6,45,45,casa,282,CAM,2026-10-08 20:00:00,29,0.000345,0.002758,0.000000,0.000000,0.000000,0.000000,0.000345,0.000414,0.333333,0.266667,0.001846,0.000923,0.000000,0.000000,0.000000,-0.000000,0.775377,1.163066,0.000000,0.000000,0.000000,0.000000,0.000000,0.000000,0.000375,-0.001126,0.000000,-0.000000,0.000000,-0.000000,0.000000,-0.000000,0.036038,-0.010811,0.008413,-0.008413,0.000752,-0.003009,1.410468,2.307501,1.858984,0.500000,0.500000
109461,Calebe,MEI,285,INT,5,45,45,casa,264,COR,2026-10-07 19:30:00,29,0.000000,0.000000,0.000000,0.000000,0.000000,0.000000,0.000000,0.000000,0.333333,0.266667,1.247500,0.623750,0.000000,0.000000,0.000000,-0.000000,0.667758,1.001637,0.000000,0.000000,0.000000,0.000000,0.000000,0.000000,0.000372,-0.001115,0.000000,-0.000000,0.000000,-0.000000,0.000000,-0.000000,0.450000,-0.135000,0.006819,-0.006819,0.000737,-0.002948,1.746171,1.958923,1.852547,0.500000,0.500000
101352,Bruno Matias,MEI,315,CHA,6,45,45,fora,287,VIT,2026-10-07 20:00:00,29,0.000000,0.000000,0.000000,0.000000,0.000000,0.000000,0.000000,0.000000,0.000000,0.000000,0.081720,0.040860,0.000000,0.000000,0.000000,-0.000000,0.801521,1.202282,0.000000,0.000000,0.000000,0.000000,0.000000,0.000000,0.000372,-0.001116,0.000000,-0.000000,0.000000,-0.000000,0.000000,-0.000000,0.407223,-0.122167,0.005697,-0.005697,0.000739,-0.002955,1.111207,2.590783,1.850995,0.500000,0.500000
151600,Miguel Carvalho,MEI,315,CHA,6,45,45,fora,287,VIT,2026-10-07 20:00:00,29,0.000000,0.000000,0.000000,0.000000,0.000000,0.000000,0.136125,0.163350,0.000000,0.000000,0.136125,0.068063,0.000000,0.000000,0.000000,-0.000000,1.075713,1.613570,0.000000,0.000000,0.000000,0.000000,0.000000,0.000000,0.000371,-0.001112,0.000000,-0.000000,0.000000,-0.000000,0.000000,-0.000000,0.383625,-0.115088,0.008157,-0.008157,0.000737,-0.002946,1.717680,1.950053,1.833866,0.500000,0.500000
142260,Bernardo Zortea,MEI,284,GRE,6,45,45,fora,364,REM,2026-10-07 19:30:00,29,0.000000,0.000000,0.000000,0.000000,0.000000,0.000000,0.000000,0.000000,0.666667,0.533333,0.450000,0.225000,0.000000,0.000000,0.000000,-0.000000,0.852784,1.279176,0.000000,0.000000,0.000000,0.000000,0.000000,0.000000,0.000371,-0.001112,0.000000,-0.000000,0.000000,-0.000000,0.000000,-0.000000,0.631125,-0.189338,0.001571,-0.001571,0.000734,-0.002938,1.842551,1.784099,1.813325,0.500000,0.500000
146991,Rhuan Gabriel,MEI,283,CRU,6,45,45,casa,276,SAO,2026-10-07 21:30:00,29,0.000000,0.000000,0.000000,0.000000,0.000000,0.000000,0.000000,0.000000,0.000000,0.000000,3.000000,1.500000,0.000000,0.000000,0.000000,-0.000000,0.653979,0.980968,0.000000,0.000000,0.000000,0.000000,0.000000,0.000000,0.000371,-0.001114,0.000000,-0.000000,0.000000,-0.000000,0.000000,-0.000000,1.000000,-0.300000,0.007443,-0.007443,0.000736,-0.002944,2.169467,1.429506,1.799487,0.500000,0.500000
104693,Newton,MEI,276,SAO,6,45,45,fora,283,CRU,2026-10-07 21:30:00,29,0.000000,0.000000,0.000000,0.000000,0.000000,0.000000,0.041178,0.049413,0.333333,0.266667,0.766358,0.383179,0.000000,0.000000,0.000000,-0.000000,0.674820,1.012229,0.000000,0.000000,0.000000,0.000000,0.000000,0.000000,0.000372,-0.001117,0.000000,-0.000000,0.000000,-0.000000,0.000000,-0.000000,0.959387,-0.287816,0.008148,-0.008148,0.000741,-0.002965,1.411443,2.173893,1.792668,0.500000,0.500000
124961,Castaño,MEI,282,CAM,7,95,85,fora,293,CAP,2026-10-08 20:00:00,29,0.000000,0.000000,0.000000,0.000000,0.000000,0.000000,0.074869,0.089843,0.000000,0.000000,0.000000,0.000000,0.000000,0.000000,0.000000,-0.000000,1.379087,2.068631,0.000000,0.000000,0.000000,0.000000,0.000000,0.000000,0.000371,-0.001113,0.000000,-0.000000,0.000000,-0.000000,0.000000,-0.000000,0.505381,-0.151614,0.007113,-0.007113,0.000734,-0.002937,1.995696,1.517872,1.756784,0.500000,0.500000
103295,Eric Ramires,MEI,280,RBB,6,45,45,casa,2305,MIR,2026-10-07 19:30:00,29,0.000000,0.000000,0.000000,0.000000,0.000000,0.000000,0.000000,0.000000,0.333333,0.266667,0.912564,0.456282,0.000000,0.000000,0.000000,-0.000000,0.599982,0.899972,0.000000,0.000000,0.000000,0.000000,0.000000,0.000000,0.000376,-0.001127,0.000000,-0.000000,0.000000,-0.000000,0.000000,-0.000000,0.095460,-0.028638,0.006844,-0.006844,0.000752,-0.003008,1.583304,1.887226,1.735265,0.500000,0.500000
127970,Felipe Chiqueti,MEI,293,CAP,6,45,45,casa,282,CAM,2026-10-08 20:00:00,29,0.000000,0.000000,0.000000,0.000000,0.000000,0.000000,0.027681,0.033217,0.000000,0.000000,0.678013,0.339006,0.000000,0.000000,0.000000,-0.000000,0.813340,1.220010,0.000000,0.000000,0.000000,0.000000,0.000000,0.000000,0.000373,-0.001118,0.000000,-0.000000,0.000000,-0.000000,0.000000,-0.000000,1.086006,-0.325802,0.007867,-0.007867,0.000742,-0.002969,1.254478,2.112721,1.683599,0.500000,0.500000
124270,Allex,MEI,285,INT,6,45,45,casa,264,COR,2026-10-07 19:30:00,29,0.000000,0.000000,0.000000,0.000000,0.000000,0.000000,0.002072,0.002487,0.333333,0.266667,0.569816,0.284908,0.000000,0.000000,0.000000,-0.000000,0.648990,0.973485,0.000000,0.000000,0.000000,0.000000,0.000000,0.000000,0.000374,-0.001121,0.000000,-0.000000,0.000000,-0.000000,0.000000,-0.000000,0.017470,-0.005241,0.007934,-0.007934,0.000745,-0.002978,1.510272,1.845651,1.677961,0.500000,0.500000
141536,Yuri Alves,MEI,280,RBB,6,45,45,casa,2305,MIR,2026-10-07 19:30:00,29,0.000000,0.000000,0.000000,0.000000,0.000000,0.000000,0.000000,0.000000,0.333333,0.266667,0.383625,0.191813,0.000000,0.000000,0.000000,-0.000000,0.804625,1.206937,0.000000,0.000000,0.000000,0.000000,0.000000,0.000000,0.000372,-0.001116,0.000000,-0.000000,0.000000,-0.000000,0.000000,-0.000000,0.697500,-0.209250,0.007765,-0.007765,0.000739,-0.002954,1.444331,1.842924,1.643627,0.500000,0.500000
86777,Danilo Barbosa,MEI,284,GRE,7,95,85,fora,364,REM,2026-10-07 19:30:00,29,0.000000,0.000000,0.000000,0.000000,0.000000,0.000000,0.000000,0.000000,0.000000,0.000000,1.283625,0.641813,0.000000,0.000000,0.000000,-0.000000,0.741359,1.112039,0.000000,0.000000,0.000000,0.000000,0.000000,0.000000,0.000371,-0.001112,0.000000,-0.000000,0.000000,-0.000000,0.000000,-0.000000,0.136125,-0.040838,0.008373,-0.008373,0.000733,-0.002932,1.700597,1.529386,1.614991,0.500000,0.500000
115986,Denilson,MEI,2305,MIR,7,95,85,fora,280,RBB,2026-10-07 19:30:00,29,0.003768,0.030144,0.000000,0.000000,0.000000,0.000000,0.251268,0.301522,0.000000,0.000000,0.311673,0.155836,0.000000,0.000000,0.000000,-0.000000,1.297437,1.946156,0.000000,0.000000,0.000000,0.000000,0.000000,0.000000,0.000374,-0.001122,0.000000,-0.000000,0.666667,-0.666667,0.000000,-0.000000,1.522262,-0.456679,0.010436,-0.010436,0.000747,-0.002990,1.295765,1.930030,1.612898,0.500000,0.500000
140726,David Martins,MEI,265,BAH,6,45,45,fora,275,PAL,2026-10-08 21:30:00,29,0.000000,0.000000,0.000000,0.000000,0.000000,0.000000,0.000000,0.000000,0.000000,0.000000,0.000000,0.000000,0.000000,0.000000,0.000000,-0.000000,0.614084,0.921126,0.000000,0.000000,0.000000,0.000000,0.000000,0.000000,0.000370,-0.001111,0.000000,-0.000000,0.000000,-0.000000,0.000000,-0.000000,0.247500,-0.074250,0.008357,-0.008357,0.000730,-0.002918,0.834490,2.390281,1.612386,0.500000,0.500000
90370,Matheus Pereira,MEI,264,COR,6,45,45,fora,285,INT,2026-10-07 19:30:00,29,0.000000,0.000000,0.000000,0.000000,0.000000,0.000000,0.000209,0.000250,0.000000,0.000000,0.149753,0.074876,0.000000,0.000000,0.000000,-0.000000,0.587491,0.881236,0.000000,0.000000,0.000000,0.000000,0.000000,0.000000,0.000374,-0.001123,0.000000,-0.000000,0.000000,-0.000000,0.000000,-0.000000,0.045195,-0.013558,0.007358,-0.007358,0.000746,-0.002984,0.931339,2.248759,1.590049,0.500000,0.500000
147546,Roger,MEI,284,GRE,6,45,45,fora,364,REM,2026-10-07 19:30:00,29,0.000000,0.000000,0.000000,0.000000,0.000000,0.000000,0.550000,0.660000,0.000000,0.000000,0.000000,0.000000,0.000000,0.000000,0.000000,-0.000000,0.741359,1.112039,0.000000,0.000000,0.000000,0.000000,0.000000,0.000000,0.000370,-0.001111,0.000000,-0.000000,0.000000,-0.000000,0.000000,-0.000000,0.450000,-0.135000,0.008128,-0.008128,0.000732,-0.002926,1.624874,1.545057,1.584966,0.500000,0.500000
148215,Djhordney,MEI,276,SAO,6,45,45,fora,283,CRU,2026-10-07 21:30:00,29,0.000000,0.000000,0.000000,0.000000,0.000000,0.000000,0.000000,0.000000,0.000000,0.000000,0.322369,0.161184,0.000000,0.000000,0.000000,-0.000000,1.522183,2.283275,0.000000,0.000000,0.000000,0.000000,0.000000,0.000000,0.000371,-0.001114,0.000000,-0.000000,0.333333,-0.333333,0.000000,-0.000000,1.711322,-0.513397,0.010947,-0.010947,0.000738,-0.002952,1.582718,1.585931,1.584324,0.500000,0.500000
98224,Jáderson,MEI,364,REM,6,45,45,casa,284,GRE,2026-10-07 19:30:00,29,0.000000,0.000000,0.000000,0.000000,0.000000,0.000000,0.000000,0.000000,0.000000,0.000000,0.144267,0.072133,0.000000,0.000000,0.000000,-0.000000,0.675454,1.013181,0.000000,0.000000,0.000000,0.000000,0.000000,0.000000,0.000374,-0.001122,0.000000,-0.000000,0.000000,-0.000000,0.000000,-0.000000,0.271541,-0.081462,0.006667,-0.006667,0.000745,-0.002978,0.993085,2.119486,1.556286,0.500000,0.500000
110605,Vinícius Balieiro,MEI,315,CHA,5,45,45,fora,287,VIT,2026-10-07 20:00:00,29,0.000000,0.000000,0.000000,0.000000,0.000000,0.000000,0.000000,0.000000,0.000000,0.000000,0.421988,0.210994,0.000000,0.000000,0.000000,-0.000000,0.797024,1.195536,0.000000,0.000000,0.000000,0.000000,0.000000,0.000000,0.000371,-0.001113,0.000000,-0.000000,0.000000,-0.000000,0.000000,-0.000000,0.247500,-0.074250,0.006618,-0.006618,0.000736,-0.002942,1.321606,1.778847,1.550226,0.500000,0.500000
141615,Pedro Ferreira,MEI,276,SAO,6,45,45,fora,283,CRU,2026-10-07 21:30:00,29,0.000000,0.000000,0.000000,0.000000,0.000000,0.000000,0.247500,0.297000,0.000000,0.000000,1.247500,0.623750,0.000000,0.000000,0.000000,-0.000000,0.667758,1.001637,0.000000,0.000000,0.000000,0.000000,0.000000,0.000000,0.000370,-0.001111,0.000000,-0.000000,0.000000,-0.000000,0.000000,-0.000000,0.697500,-0.209250,0.007512,-0.007512,0.000732,-0.002926,1.701588,1.379938,1.540763,0.500000,0.500000
112939,Catarozzi,MEI,364,REM,6,45,45,casa,284,GRE,2026-10-07 19:30:00,29,0.000000,0.000000,0.000000,0.000000,0.000000,0.000000,0.000000,0.000000,0.000000,0.000000,0.000000,0.000000,0.000000,0.000000,0.000000,-0.000000,1.100535,1.650802,0.000000,0.000000,0.000000,0.000000,0.000000,0.000000,0.000371,-0.001114,0.000000,-0.000000,0.000000,-0.000000,0.000000,-0.000000,2.000000,-0.600000,0.007483,-0.007483,0.000735,-0.002941,1.039264,2.036006,1.537635,0.500000,0.500000
110633,Gustavo,MEI,294,CFC,6,45,45,fora,266,FLU,2026-10-08 21:30:00,29,0.000000,0.000000,0.000000,0.000000,0.000000,0.000000,0.000000,0.000000,0.666667,0.533333,0.136125,0.068063,0.000000,0.000000,0.000000,-0.000000,0.741359,1.112039,0.000000,0.000000,0.000000,0.000000,0.000000,0.000000,0.000371,-0.001112,0.000000,-0.000000,0.000000,-0.000000,0.000000,-0.000000,0.000000,-0.000000,0.008863,-0.008863,0.000733,-0.002933,1.700526,1.302104,1.501315,0.500000,0.500000
39656,Alan Franco,MEI,282,CAM,7,95,85,fora,293,CAP,2026-10-08 20:00:00,29,0.000000,0.000000,0.000190,0.000948,0.000000,0.000000,0.450122,0.540146,0.000000,0.000000,0.607559,0.303780,0.000000,0.000000,0.136229,-0.013623,0.678642,1.017962,0.000000,0.000000,0.000000,0.000000,0.000000,0.000000,0.000375,-0.001124,0.000000,-0.000000,0.333333,-0.333333,0.000000,-0.000000,0.895315,-0.268594,0.008883,-0.008883,0.000748,-0.002993,1.234285,1.579234,1.406760,0.500000,0.500000
107203,Max,MEI,315,CHA,5,45,45,fora,287,VIT,2026-10-07 20:00:00,29,0.000000,0.000000,0.000000,0.000000,0.000000,0.000000,0.000000,0.000000,0.500000,0.400000,0.450000,0.225000,0.000000,0.000000,0.000000,-0.000000,0.761186,1.141779,0.000000,0.000000,0.000000,0.000000,0.000000,0.000000,0.000370,-0.001111,0.000000,-0.000000,0.000000,-0.000000,0.000000,-0.000000,1.100000,-0.330000,0.008575,-0.008575,0.000733,-0.002933,1.424161,1.384201,1.404181,0.500000,0.500000
89883,Dodi,MEI,284,GRE,5,45,45,fora,364,REM,2026-10-07 19:30:00,29,0.000000,0.000000,0.000000,0.000000,0.000000,0.000000,0.000000,0.000000,0.333333,0.266667,0.015224,0.007612,0.000000,0.000000,0.000000,-0.000000,0.712998,1.069496,0.000000,0.000000,0.000000,0.000000,0.000000,0.000000,0.000372,-0.001115,0.000000,-0.000000,0.000000,-0.000000,0.000000,-0.000000,1.340142,-0.402043,0.006816,-0.006816,0.000735,-0.002939,0.930862,1.777919,1.354391,0.500000,0.500000
130620,Edenílson,MEI,287,VIT,6,45,45,casa,315,CHA,2026-10-07 20:00:00,29,0.000000,0.000000,0.000000,0.000000,0.000000,0.000000,0.000000,0.000000,0.000000,0.000000,0.002533,0.001266,0.000000,0.000000,0.000000,-0.000000,0.866905,1.300358,0.000000,0.000000,0.000000,0.000000,0.000000,0.000000,0.000374,-0.001122,0.003768,-0.011304,0.333333,-0.333333,0.000000,-0.000000,0.531583,-0.159475,0.005967,-0.005967,0.000745,-0.002981,0.787443,1.857014,1.322228,0.500000,0.500000
146410,Marquinhos,MEI,263,BOT,6,45,45,casa,267,VAS,2026-10-07 20:30:00,29,0.000000,0.000000,0.000000,0.000000,0.000000,0.000000,0.000000,0.000000,0.000000,0.000000,0.000000,0.000000,0.000000,0.000000,0.000000,-0.000000,0.655267,0.982901,0.000000,0.000000,0.000000,0.000000,0.000000,0.000000,0.000371,-0.001114,0.000000,-0.000000,0.000000,-0.000000,0.000000,-0.000000,0.000000,-0.000000,0.007603,-0.007603,0.000733,-0.002933,0.971251,1.669979,1.320615,0.500000,0.500000
70164,Lucas Moura,MEI,276,SAO,6,45,45,fora,283,CRU,2026-10-07 21:30:00,29,0.022648,0.181182,0.012456,0.062281,0.000000,0.000000,0.148581,0.178298,0.000000,0.000000,0.629723,0.314861,0.000000,0.000000,0.000000,-0.000000,0.511237,0.766856,0.000000,0.000000,0.000000,0.000000,0.000000,0.000000,0.000372,-0.001115,0.000000,-0.000000,0.000000,-0.000000,0.000000,-0.000000,0.812343,-0.243703,0.007667,-0.007667,0.000736,-0.002945,1.248049,1.375241,1.311645,0.500000,0.500000
106843,Borrero,MEI,315,CHA,6,45,45,fora,287,VIT,2026-10-07 20:00:00,29,0.000000,0.000000,0.000000,0.000000,0.000000,0.000000,0.000000,0.000000,0.000000,0.000000,0.000000,0.000000,0.000000,0.000000,0.000000,-0.000000,0.756957,1.135435,0.000000,0.000000,0.000000,0.000000,0.000000,0.000000,0.000370,-0.001111,0.000000,-0.000000,0.000000,-0.000000,0.000000,-0.000000,0.000000,-0.000000,0.008367,-0.008367,0.000733,-0.002933,1.123023,1.482939,1.302981,0.500000,0.500000
94154,Maycon,MEI,282,CAM,6,45,45,fora,293,CAP,2026-10-08 20:00:00,29,0.008923,0.071387,0.000000,0.000000,0.000000,0.000000,0.006851,0.008221,0.000000,0.000000,0.531808,0.265904,0.000000,0.000000,0.000000,-0.000000,0.669671,1.004507,0.000000,0.000000,0.000000,0.000000,0.000000,0.000000,0.000374,-0.001121,0.000000,-0.000000,0.000000,-0.000000,0.000000,-0.000000,1.032953,-0.309886,0.007548,-0.007548,0.000743,-0.002974,1.028490,1.528969,1.278729,0.500000,0.500000
115914,Evertton Araújo,MEI,262,FLA,5,45,45,fora,277,SAN,2026-10-08 19:30:00,29,0.000000,0.000000,0.001140,0.005699,0.001140,0.003419,0.000000,0.000000,0.333333,0.266667,0.004946,0.002473,0.000000,0.000000,0.000000,-0.000000,0.667322,1.000983,0.000000,0.000000,0.000000,0.000000,0.000000,0.000000,0.000374,-0.001123,0.000104,-0.000313,0.000000,-0.000000,0.000000,-0.000000,0.188766,-0.056630,0.006343,-0.006343,0.000746,-0.002984,1.211849,1.286098,1.248973,0.500000,0.500000
147545,Jefinho,MEI,284,GRE,6,45,45,fora,364,REM,2026-10-07 19:30:00,29,0.000000,0.000000,0.000000,0.000000,0.000000,0.000000,0.000000,0.000000,0.000000,0.000000,0.000000,0.000000,0.000000,0.000000,0.000000,-0.000000,0.756957,1.135435,0.000000,0.000000,0.000000,0.000000,0.000000,0.000000,0.000370,-0.001110,0.000000,-0.000000,0.000000,-0.000000,0.000000,-0.000000,0.000000,-0.000000,0.008134,-0.008134,0.000731,-0.002925,1.123266,1.362936,1.243101,0.500000,0.500000
79701,Lucas Silva,MEI,283,CRU,6,45,45,casa,276,SAO,2026-10-07 21:30:00,29,0.000000,0.000000,0.000000,0.000000,0.000000,0.000000,0.000000,0.000000,0.000000,0.000000,0.137610,0.068805,0.000000,0.000000,0.000000,-0.000000,0.653543,0.980314,0.000000,0.000000,0.000000,0.000000,0.000000,0.000000,0.000375,-0.001126,0.000000,-0.000000,0.000000,-0.000000,0.000000,-0.000000,0.166063,-0.049819,0.005370,-0.005370,0.000751,-0.003003,0.989801,1.479560,1.234680,0.500000,0.500000
144976,Domingos Andrade,MEI,263,BOT,6,45,45,casa,267,VAS,2026-10-07 20:30:00,29,0.000000,0.000000,0.000000,0.000000,0.000000,0.000000,0.000000,0.000000,0.000000,0.000000,0.000000,0.000000,0.000000,0.000000,0.000000,-0.000000,0.756957,1.135435,0.000000,0.000000,0.000000,0.000000,0.000000,0.000000,0.000371,-0.001114,0.000000,-0.000000,0.000000,-0.000000,0.000000,-0.000000,0.000000,-0.000000,0.007403,-0.007403,0.000737,-0.002947,1.123971,1.299038,1.211504,0.500000,0.500000
92981,Ronaldo,MEI,285,INT,6,45,45,casa,264,COR,2026-10-07 19:30:00,29,0.002072,0.016579,0.000000,0.000000,0.000000,0.000000,0.000000,0.000000,0.333333,0.266667,0.015774,0.007887,0.000000,0.000000,0.000000,-0.000000,0.586141,0.879212,0.000000,0.000000,0.000000,0.000000,0.000000,0.000000,0.000374,-0.001122,0.000000,-0.000000,0.333333,-0.333333,0.000000,-0.000000,0.713892,-0.214168,0.006687,-0.006687,0.000745,-0.002982,0.612053,1.750645,1.181349,0.500000,0.500000
140438,David,MEI,315,CHA,6,45,45,fora,287,VIT,2026-10-07 20:00:00,29,0.000000,0.000000,0.000000,0.000000,0.000000,0.000000,0.000000,0.000000,0.000000,0.000000,0.012456,0.006228,0.000000,0.000000,0.000000,-0.000000,0.608890,0.913334,0.000000,0.000000,0.000000,0.000000,0.000000,0.000000,0.000372,-0.001116,0.000000,-0.000000,0.000000,-0.000000,0.000000,-0.000000,0.029499,-0.008850,0.008013,-0.008013,0.000736,-0.002944,0.898640,1.389352,1.143996,0.500000,0.500000
140496,Tiaguinho,MEI,284,GRE,6,45,45,fora,364,REM,2026-10-07 19:30:00,29,0.000000,0.000000,0.000000,0.000000,0.000000,0.000000,0.000000,0.000000,0.000000,0.000000,0.000000,0.000000,0.000000,0.000000,0.000000,-0.000000,0.655267,0.982901,0.000000,0.000000,0.000000,0.000000,0.000000,0.000000,0.000370,-0.001110,0.000000,-0.000000,0.000000,-0.000000,0.000000,-0.000000,0.000000,-0.000000,0.008334,-0.008334,0.000728,-0.002911,0.970546,1.305681,1.138114,0.500000,0.500000
87470,Thaciano,MEI,277,SAN,6,45,45,casa,262,FLA,2026-10-08 19:30:00,29,0.000697,0.005576,0.000000,0.000000,0.000000,0.000000,0.251268,0.301522,0.000000,0.000000,0.007508,0.003754,0.000000,0.000000,0.384110,-0.038411,0.565638,0.848457,0.000000,0.000000,0.000000,0.000000,0.000000,0.000000,0.000375,-0.001126,0.000000,-0.000000,0.000000,-0.000000,0.000000,-0.000000,0.075566,-0.022670,0.007081,-0.007081,0.000750,-0.003000,1.087021,1.158012,1.122517,0.500000,0.500000
146701,Benjamin Arhin,MEI,285,INT,6,45,45,casa,264,COR,2026-10-07 19:30:00,29,0.000000,0.000000,0.000000,0.000000,0.000000,0.000000,0.000000,0.000000,0.000000,0.000000,0.000000,0.000000,0.000000,0.000000,0.000000,-0.000000,0.693087,1.039631,0.000000,0.000000,0.000000,0.000000,0.000000,0.000000,0.000371,-0.001114,0.000000,-0.000000,0.000000,-0.000000,0.000000,-0.000000,1.000000,-0.300000,0.007644,-0.007644,0.000733,-0.002930,0.727944,1.456805,1.092374,0.500000,0.500000
136156,Larson,MEI,275,PAL,6,45,45,casa,265,BAH,2026-10-08 21:30:00,29,0.000000,0.000000,0.000000,0.000000,0.000000,0.000000,0.074869,0.089843,0.000000,0.000000,0.136125,0.068063,0.000000,0.000000,0.000000,-0.000000,0.567706,0.851560,0.000000,0.000000,0.000000,0.000000,0.000000,0.000000,0.000373,-0.001118,0.000000,-0.000000,0.333333,-0.333333,0.000000,-0.000000,0.813547,-0.244064,0.005876,-0.005876,0.000738,-0.002950,0.422123,1.412290,0.917206,0.500000,0.500000
150757,Samuel Pierri,MEI,277,SAN,6,45,45,casa,262,FLA,2026-10-08 19:30:00,29,0.000000,0.000000,0.000000,0.000000,0.000000,0.000000,0.000000,0.000000,0.000000,0.000000,0.000000,0.000000,0.000000,0.000000,0.000000,-0.000000,0.712589,1.068884,0.000000,0.000000,0.000000,0.000000,0.000000,0.000000,0.000372,-0.001115,0.000000,-0.000000,0.000000,-0.000000,0.000000,-0.000000,0.900000,-0.270000,0.007319,-0.007319,0.000735,-0.002941,0.787510,0.966072,0.876791,0.500000,0.500000
146623,Luis Pacheco,MEI,275,PAL,6,45,45,casa,265,BAH,2026-10-08 21:30:00,29,0.000000,0.000000,0.000000,0.000000,0.000000,0.000000,0.000000,0.000000,0.333333,0.266667,0.000000,0.000000,0.000000,0.000000,0.000000,-0.000000,0.580706,0.871058,0.000000,0.000000,0.000000,0.000000,0.000000,0.000000,0.000372,-0.001116,0.000000,-0.000000,0.666667,-0.666667,0.000000,-0.000000,0.697500,-0.209250,0.006701,-0.006701,0.000736,-0.002943,0.251048,1.377209,0.814128,0.500000,0.500000
143295,Joshua,MEI,262,FLA,6,45,45,fora,277,SAN,2026-10-08 19:30:00,29,0.000000,0.000000,0.000000,0.000000,0.000000,0.000000,0.000000,0.000000,0.000000,0.000000,0.000000,0.000000,0.000000,0.000000,0.000000,-0.000000,0.693087,1.039631,0.000000,0.000000,0.000000,0.000000,0.000000,0.000000,0.000370,-0.001110,0.000000,-0.000000,0.000000,-0.000000,0.000000,-0.000000,1.000000,-0.300000,0.008374,-0.008374,0.000727,-0.002908,0.727239,0.890060,0.808649,0.500000,0.500000
96340,Lima,MEI,277,SAN,6,45,45,casa,262,FLA,2026-10-08 19:30:00,29,0.000000,0.000000,0.000000,0.000000,0.000000,0.000000,0.000000,0.000000,0.000000,0.000000,0.302500,0.151250,0.000000,0.000000,0.000000,-0.000000,0.655267,0.982901,0.000000,0.000000,0.000000,0.000000,0.000000,0.000000,0.000372,-0.001115,0.000000,-0.000000,0.000000,-0.000000,0.000000,-0.000000,0.900000,-0.270000,0.007177,-0.007177,0.000735,-0.002940,0.852918,0.630928,0.741923,0.500000,0.500000
99228,De la Cruz,MEI,262,FLA,6,45,45,fora,277,SAN,2026-10-08 19:30:00,29,0.000000,0.000000,0.000000,0.000000,0.000000,0.000000,0.000000,0.000000,0.000000,0.000000,0.222332,0.111166,0.000000,0.000000,0.000000,-0.000000,0.675454,1.013181,0.000000,0.000000,0.000000,0.000000,0.000000,0.000000,0.000372,-0.001117,0.000000,-0.000000,0.666667,-0.666667,0.000000,-0.000000,0.439938,-0.131981,0.008355,-0.008355,0.000737,-0.002947,0.313279,1.165985,0.739632,0.500000,0.500000
105901,Edson Fernando,MEI,364,REM,3,45,45,casa,284,GRE,2026-10-07 19:30:00,29,0.000000,0.000000,0.000000,0.000000,0.000000,0.000000,0.000000,0.000000,0.000000,0.000000,0.000000,0.000000,0.000000,0.000000,0.000000,-0.000000,0.711766,1.067649,0.000000,0.000000,0.000000,0.000000,0.000000,0.000000,0.000372,-0.001115,0.450000,-1.350000,0.000000,-0.000000,0.000000,-0.000000,1.000000,-0.300000,0.007994,-0.007994,0.000732,-0.002927,-0.594386,1.751691,0.578652,0.500000,0.500000
130889,Riquelme,MEI,284,GRE,6,45,45,fora,364,REM,2026-10-07 19:30:00,29,0.000000,0.000000,0.000000,0.000000,0.000000,0.000000,0.000000,0.000000,0.000000,0.000000,0.900000,0.450000,0.000000,0.000000,0.000000,-0.000000,0.693087,1.039631,0.000000,0.000000,0.000000,0.000000,0.000000,0.000000,0.000370,-0.001110,0.450000,-1.350000,0.000000,-0.000000,0.000000,-0.000000,1.450000,-0.435000,0.008937,-0.008937,0.000726,-0.002902,-0.308318,1.213570,0.452626,0.500000,0.500000
117926,Nicolás Fonseca,MEI,294,CFC,6,45,45,fora,266,FLU,2026-10-08 21:30:00,29,0.000000,0.000000,0.000000,0.000000,0.000000,0.000000,0.000000,0.000000,0.000000,0.000000,0.000000,0.000000,0.000000,0.000000,0.000000,-0.000000,0.693087,1.039631,0.000000,0.000000,0.000000,0.000000,0.000000,0.000000,0.000370,-0.001110,0.000000,-0.000000,1.000000,-1.000000,0.000000,-0.000000,2.000000,-0.600000,0.000000,-0.000000,0.000722,-0.002887,-0.564366,1.126187,0.280911,0.500000,0.500000
111309,Gustavo Martins,ZAG,284,GRE,3,45,45,fora,364,REM,2026-10-07 19:30:00,29,0.666667,5.333333,0.000697,0.003485,0.001786,0.005357,0.666667,0.800000,0.080536,0.064429,0.256199,0.128100,0.000000,0.000000,0.000000,-0.000000,1.426810,2.140215,0.460063,2.300316,0.000000,0.000000,0.000000,0.000000,0.000000,-0.000000,0.000000,-0.000000,0.159405,-0.159405,0.000000,-0.000000,1.666667,-0.500000,0.000000,-0.000000,0.000000,-0.000000,10.115830,4.293819,7.204825,0.500000,0.500000
118655,Saldivia,ZAG,267,VAS,6,45,45,fora,263,BOT,2026-10-07 20:30:00,29,0.000000,0.000000,0.450000,2.250000,0.017342,0.052027,0.000000,0.000000,0.642988,0.514390,1.454928,0.727464,0.000000,0.000000,0.000000,-0.000000,2.169533,3.254300,0.697500,3.487500,0.000000,0.000000,0.000000,0.000000,0.000000,-0.000000,0.000000,-0.000000,0.275539,-0.275539,0.000000,-0.000000,0.666667,-0.200000,0.000000,-0.000000,0.000000,-0.000000,9.810142,3.461457,6.635799,0.500000,0.500000
103523,Ignácio,ZAG,266,FLU,6,45,45,casa,294,CFC,2026-10-08 21:30:00,29,0.333333,2.666667,0.000000,0.000000,0.000000,0.000000,0.000000,0.000000,0.664459,0.531567,0.709505,0.354753,0.000000,0.000000,0.000000,-0.000000,2.248254,3.372382,0.491178,2.455889,0.000000,0.000000,0.000000,0.000000,0.000000,-0.000000,0.000000,-0.000000,0.155377,-0.155377,0.000000,-0.000000,0.333333,-0.100000,0.000000,-0.000000,0.000000,-0.000000,9.125880,3.268071,6.196976,0.500000,0.500000
71684,Gustavo Gómez,ZAG,275,PAL,7,95,85,casa,265,BAH,2026-10-08 21:30:00,29,0.000000,0.000000,0.322370,1.611848,0.011924,0.035773,0.333333,0.400000,0.262466,0.209973,0.136230,0.068115,0.000000,0.000000,0.000000,-0.000000,1.319898,1.979847,0.848528,4.242638,0.000000,0.000000,0.000000,0.000000,0.000000,-0.000000,0.000000,-0.000000,0.346498,-0.346498,0.000000,-0.000000,1.000000,-0.300000,0.000000,-0.000000,0.000000,-0.000000,7.901696,3.871116,5.886406,0.500000,0.500000
97653,Murilo,ZAG,275,PAL,7,95,85,casa,265,BAH,2026-10-08 21:30:00,29,0.333333,2.666667,0.000002,0.000008,0.013487,0.040460,0.000000,0.000000,0.041822,0.033458,0.389523,0.194761,0.000000,0.000000,0.000000,-0.000000,1.081282,1.621923,0.519977,2.599887,0.000000,0.000000,0.000000,0.000000,0.000000,-0.000000,0.000000,-0.000000,0.215933,-0.215933,0.000000,-0.000000,1.000000,-0.300000,0.000000,-0.000000,0.000000,-0.000000,6.641231,3.940940,5.291086,0.500000,0.500000
105300,Ferraresi,ZAG,263,BOT,7,95,85,casa,267,VAS,2026-10-07 20:30:00,29,0.000000,0.000000,0.000000,0.000000,0.017202,0.051606,0.000000,0.000000,0.385786,0.308629,0.968123,0.484062,0.000000,0.000000,0.000000,-0.000000,3.474435,5.211652,0.142976,0.714880,0.000000,0.000000,0.000000,0.000000,0.000000,-0.000000,0.000000,-0.000000,0.260982,-0.260982,0.000000,-0.000000,1.666667,-0.500000,0.000000,-0.000000,0.000000,-0.000000,6.009847,4.435909,5.222878,0.500000,0.500000
93368,Lucas Veríssimo,ZAG,277,SAN,7,95,85,casa,262,FLA,2026-10-08 19:30:00,29,0.000000,0.000000,0.450000,2.250000,0.003571,0.010714,0.000000,0.000000,0.064797,0.051838,0.693864,0.346932,0.000000,0.000000,0.000000,-0.000000,1.691583,2.537374,0.261862,1.309312,0.000000,0.000000,0.000000,0.000000,0.000000,-0.000000,0.000000,-0.000000,0.113833,-0.113833,0.000000,-0.000000,1.333333,-0.400000,0.000000,-0.000000,0.000000,-0.000000,5.992337,4.387806,5.190071,0.500000,0.500000
124912,Jonathan Jesus,ZAG,283,CRU,7,95,85,casa,276,SAO,2026-10-07 21:30:00,29,0.000000,0.000000,0.000000,0.000000,0.000000,0.000000,0.000000,0.000000,0.114980,0.091984,0.275217,0.137609,0.000000,0.000000,0.000000,-0.000000,4.330515,6.495773,0.041712,0.208561,0.000000,0.000000,0.000000,0.000000,0.000000,-0.000000,0.000000,-0.000000,0.039534,-0.039534,0.000000,-0.000000,1.666667,-0.500000,0.000000,-0.000000,0.000000,-0.000000,6.394393,3.813005,5.103699,0.500000,0.500000
104085,Bruno Fuchs,ZAG,275,PAL,6,45,45,casa,265,BAH,2026-10-08 21:30:00,29,0.000000,0.000000,0.000000,0.000000,0.000000,0.000000,0.000000,0.000000,0.000000,0.000000,0.022648,0.011324,0.000000,0.000000,0.000000,-0.000000,1.725668,2.588502,0.826003,4.130014,0.000000,0.000000,0.000000,0.000000,0.000000,-0.000000,0.000000,-0.000000,0.067550,-0.067550,0.000000,-0.000000,0.666667,-0.200000,0.000000,-0.000000,0.000000,-0.000000,6.462290,3.507989,4.985139,0.500000,0.500000
99274,Alexander Barboza,ZAG,275,PAL,7,95,85,casa,265,BAH,2026-10-08 21:30:00,29,0.000000,0.000000,0.000115,0.000574,0.000000,0.000000,0.000000,0.000000,0.335381,0.268305,0.495000,0.247500,0.000000,0.000000,0.000000,-0.000000,2.294163,3.441244,0.813547,4.067733,0.000000,0.000000,0.000000,0.000000,0.000000,-0.000000,0.333333,-1.000000,0.231333,-0.231333,0.000000,-0.000000,1.333333,-0.400000,0.000000,-0.000000,0.000000,-0.000000,6.394023,3.570912,4.982467,0.500000,0.500000
100842,Ruan,ZAG,282,CAM,5,45,45,fora,293,CAP,2026-10-08 20:00:00,29,0.000000,0.000000,0.000000,0.000000,0.000000,0.000000,0.666667,0.800000,0.003825,0.003060,0.060580,0.030290,0.000000,0.000000,0.000000,-0.000000,1.593202,2.389803,0.697902,3.489511,0.000000,0.000000,0.000000,0.000000,0.000000,-0.000000,0.000000,-0.000000,0.220446,-0.220446,0.000000,-0.000000,0.333333,-0.100000,0.000000,-0.000000,0.000000,-0.000000,6.392218,3.455778,4.923998,0.500000,0.500000
107985,Terán,ZAG,293,CAP,7,95,85,casa,282,CAM,2026-10-08 20:00:00,29,0.000000,0.000000,0.000000,0.000000,0.000000,0.000000,0.000000,0.000000,0.023788,0.019030,0.934270,0.467135,0.000000,0.000000,0.000000,-0.000000,1.839580,2.759370,0.795783,3.978914,0.000000,0.000000,0.000000,0.000000,0.000000,-0.000000,0.000000,-0.000000,0.115314,-0.115314,0.000000,-0.000000,0.333333,-0.100000,0.000000,-0.000000,0.000000,-0.000000,7.009135,2.586642,4.797889,0.500000,0.500000
97642,Félix Torres,ZAG,285,INT,6,45,45,casa,264,COR,2026-10-07 19:30:00,29,0.000000,0.000000,0.000000,0.000000,0.025062,0.075186,0.333333,0.400000,0.020849,0.016679,0.081297,0.040648,0.000000,0.000000,0.000000,-0.000000,3.086879,4.630319,0.079608,0.398042,0.000000,0.000000,0.000000,0.000000,0.000000,-0.000000,0.000000,-0.000000,0.129182,-0.129182,0.000000,-0.000000,1.000000,-0.300000,0.000000,-0.000000,0.000000,-0.000000,5.131694,4.444831,4.788262,0.500000,0.500000
130307,Wallace,ZAG,284,GRE,7,95,85,fora,364,REM,2026-10-07 19:30:00,29,0.000000,0.000000,0.000000,0.000000,0.016717,0.050152,0.000000,0.000000,0.068858,0.055087,0.657553,0.328776,0.000000,0.000000,0.000000,-0.000000,2.903231,4.354847,0.450000,2.250000,0.000000,0.000000,0.000000,0.000000,0.000000,-0.000000,0.000000,-0.000000,0.176468,-0.176468,0.000000,-0.000000,1.666667,-0.500000,0.000000,-0.000000,0.000000,-0.000000,6.362393,3.111027,4.736710,0.500000,0.500000
63008,Rafael Tolói,ZAG,276,SAO,2,45,45,fora,283,CRU,2026-10-07 21:30:00,29,0.000000,0.000000,0.000000,0.000000,0.002778,0.008333,0.000000,0.000000,0.288678,0.230942,0.223450,0.111725,0.000000,0.000000,0.000000,-0.000000,3.150934,4.726401,0.540093,2.700466,0.000000,0.000000,0.000000,0.000000,0.000000,-0.000000,0.000000,-0.000000,0.168595,-0.168595,0.000000,-0.000000,1.000000,-0.300000,0.000000,-0.000000,0.000000,-0.000000,7.309272,1.956187,4.632730,0.500000,0.500000
78248,Gustavo Henrique,ZAG,264,COR,7,95,85,fora,285,INT,2026-10-07 19:30:00,29,0.333333,2.666667,0.247500,1.237500,0.000000,0.000000,0.333333,0.400000,0.185497,0.148398,0.075288,0.037644,0.000000,0.000000,0.000000,-0.000000,1.113463,1.670194,0.032213,0.161064,0.000000,0.000000,0.000000,0.000000,0.000000,-0.000000,0.000000,-0.000000,0.300868,-0.300868,0.000000,-0.000000,0.333333,-0.100000,0.000000,-0.000000,0.000000,-0.000000,5.920599,3.338771,4.629685,0.500000,0.500000
141131,Vitão,ZAG,282,CAM,7,95,85,fora,293,CAP,2026-10-08 20:00:00,29,0.333333,2.666667,0.000000,0.000000,0.002273,0.006818,0.000000,0.000000,0.074869,0.059895,0.247500,0.123750,0.000000,0.000000,0.000000,-0.000000,2.275131,3.412697,0.091506,0.457531,0.000000,0.000000,0.000000,0.000000,0.000000,-0.000000,0.000000,-0.000000,0.321129,-0.321129,0.000000,-0.000000,0.666667,-0.200000,0.000000,-0.000000,0.000000,-0.000000,6.206229,2.889093,4.547661,0.500000,0.500000
87887,Balbuena,ZAG,284,GRE,6,45,45,fora,364,REM,2026-10-07 19:30:00,29,0.000000,0.000000,0.000000,0.000000,0.006439,0.019318,0.000000,0.000000,0.136125,0.108900,0.177303,0.088651,0.000000,0.000000,0.000000,-0.000000,1.877068,2.815601,0.627303,3.136514,0.000000,0.000000,0.000000,0.000000,0.000000,-0.000000,0.000000,-0.000000,0.303334,-0.303334,0.000000,-0.000000,0.666667,-0.200000,0.000000,-0.000000,0.000000,-0.000000,5.665651,3.396098,4.530875,0.500000,0.500000
117330,Robert Renan,ZAG,267,VAS,7,95,85,fora,263,BOT,2026-10-07 20:30:00,29,0.000000,0.000000,0.000000,0.000000,0.002273,0.006818,0.000000,0.000000,0.345362,0.276290,0.000107,0.000054,0.000000,0.000000,0.000000,-0.000000,2.146524,3.219786,0.473788,2.368938,0.000000,0.000000,0.000000,0.000000,0.000000,-0.000000,0.000000,-0.000000,0.129425,-0.129425,0.000000,-0.000000,0.666667,-0.200000,0.000000,-0.000000,0.000000,-0.000000,5.542461,3.503398,4.522930,0.500000,0.500000
97460,João Victor,ZAG,2305,MIR,7,95,85,fora,280,RBB,2026-10-07 19:30:00,29,0.000000,0.000000,0.000001,0.000004,0.004058,0.012175,0.333333,0.400000,0.140295,0.112236,0.148094,0.074047,0.000000,0.000000,0.000000,-0.000000,1.898963,2.848445,0.452072,2.260362,0.000000,0.000000,0.000000,0.000000,0.000000,-0.000000,0.000000,-0.000000,0.169276,-0.169276,0.000000,-0.000000,0.000000,-0.000000,0.000000,-0.000000,0.000000,-0.000000,5.537994,3.328641,4.433317,0.500000,0.500000
115537,Marcos Victor,ZAG,265,BAH,7,95,85,fora,275,PAL,2026-10-08 21:30:00,29,0.000000,0.000000,0.000000,0.000000,0.000000,0.000000,0.000000,0.000000,0.000000,0.000000,0.247500,0.123750,0.000000,0.000000,0.000000,-0.000000,3.616988,5.425481,0.074869,0.374344,0.000000,0.000000,0.000000,0.000000,0.000000,-0.000000,0.000000,-0.000000,0.058389,-0.058389,0.000000,-0.000000,1.000000,-0.300000,0.000000,-0.000000,0.000000,-0.000000,5.565186,3.148991,4.357088,0.500000,0.500000
91573,Arboleda,ZAG,276,SAO,7,95,85,fora,283,CRU,2026-10-07 21:30:00,29,0.000000,0.000000,0.000000,0.000000,0.009961,0.029884,0.333333,0.400000,0.074869,0.059895,0.870512,0.435256,0.000000,0.000000,0.000000,-0.000000,1.399430,2.099145,0.587892,2.939459,0.000000,0.000000,0.000000,0.000000,0.000000,-0.000000,0.000000,-0.000000,0.163325,-0.163325,0.000000,-0.000000,0.000000,-0.000000,0.000000,-0.000000,0.000000,-0.000000,5.800314,2.667332,4.233823,0.500000,0.500000
140492,João Victor,ZAG,262,FLA,6,45,45,fora,277,SAN,2026-10-08 19:30:00,29,0.000000,0.000000,0.000000,0.000000,0.000000,0.000000,0.000000,0.000000,0.000000,0.000000,0.000000,0.000000,0.000000,0.000000,0.000000,-0.000000,1.000000,1.500000,1.000000,5.000000,0.000000,0.000000,0.000000,0.000000,0.000000,-0.000000,0.000000,-0.000000,0.364291,-0.364291,0.000000,-0.000000,0.000000,-0.000000,0.000000,-0.000000,0.000000,-0.000000,6.135709,2.158347,4.147028,0.500000,0.500000
106593,Villalba,ZAG,283,CRU,6,45,45,casa,276,SAO,2026-10-07 21:30:00,29,0.333333,2.666667,0.177303,0.886514,0.000000,0.000000,0.000000,0.000000,0.004113,0.003290,0.015783,0.007891,0.000000,0.000000,0.000000,-0.000000,0.743986,1.115979,0.025860,0.129300,0.000000,0.000000,0.000000,0.000000,0.000000,-0.000000,0.000000,-0.000000,0.235076,-0.235076,0.000000,-0.000000,0.333333,-0.100000,0.000000,-0.000000,0.000000,-0.000000,4.474566,3.760736,4.117651,0.500000,0.500000
72951,Mercado,ZAG,285,INT,7,95,85,casa,264,COR,2026-10-07 19:30:00,29,0.000000,0.000000,0.000000,0.000000,0.005952,0.017857,0.666667,0.800000,0.001197,0.000958,0.348404,0.174202,0.000000,0.000000,0.000000,-0.000000,1.470039,2.205059,0.076825,0.384126,0.000000,0.000000,0.000000,0.000000,0.000000,-0.000000,0.000000,-0.000000,0.201163,-0.201163,0.000000,-0.000000,0.333333,-0.100000,0.000000,-0.000000,0.000000,-0.000000,3.281038,4.939796,4.110417,0.500000,0.500000
133679,Benedetti,ZAG,275,PAL,6,45,45,casa,265,BAH,2026-10-08 21:30:00,29,0.000000,0.000000,0.000000,0.000000,0.000000,0.000000,0.000000,0.000000,0.000000,0.000000,0.000000,0.000000,0.000000,0.000000,0.000000,-0.000000,0.000000,0.000000,1.000000,5.000000,0.000000,0.000000,0.000000,0.000000,0.000000,-0.000000,0.000000,-0.000000,0.145399,-0.145399,0.000000,-0.000000,0.500000,-0.150000,0.000000,-0.000000,0.000000,-0.000000,4.704601,3.485985,4.095293,0.500000,0.500000
70666,Marllon,ZAG,364,REM,7,95,85,casa,284,GRE,2026-10-07 19:30:00,29,0.333333,2.666667,0.041178,0.205889,0.056457,0.169372,0.000000,0.000000,0.142981,0.114385,0.095992,0.047996,0.000000,0.000000,0.000000,-0.000000,0.523803,0.785704,0.006908,0.034542,0.000000,0.000000,0.000000,0.000000,0.000000,-0.000000,0.000000,-0.000000,0.453165,-0.453165,0.000000,-0.000000,0.333333,-0.100000,0.000000,-0.000000,0.000000,-0.000000,3.471389,4.644844,4.058117,0.500000,0.500000
83528,Léo Pereira,ZAG,262,FLA,7,95,85,fora,277,SAN,2026-10-08 19:30:00,29,0.000000,0.000000,0.041178,0.205889,0.000000,0.000000,0.000000,0.000000,0.529078,0.423263,0.050642,0.025321,0.000000,0.000000,0.000000,-0.000000,1.341488,2.012231,0.433386,2.166932,0.000000,0.000000,0.000000,0.000000,0.000000,-0.000000,0.000000,-0.000000,0.258645,-0.258645,0.000000,-0.000000,0.000000,-0.000000,0.000000,-0.000000,0.000000,-0.000000,4.574992,3.463833,4.019412,0.500000,0.500000
106313,Domingos Duarte,ZAG,276,SAO,2,45,45,fora,283,CRU,2026-10-07 21:30:00,29,0.000000,0.000000,0.000000,0.000000,0.000000,0.000000,0.000000,0.000000,0.697500,0.558000,0.166375,0.083188,0.000000,0.000000,0.000000,-0.000000,1.697644,2.546466,0.697500,3.487500,0.000000,0.000000,0.000000,0.000000,0.000000,-0.000000,0.000000,-0.000000,0.315770,-0.315770,0.000000,-0.000000,1.000000,-0.300000,0.000000,-0.000000,0.000000,-0.000000,6.059383,1.730913,3.895148,0.500000,0.500000
130843,Arthur Dias,ZAG,293,CAP,7,95,85,casa,282,CAM,2026-10-08 20:00:00,29,0.000000,0.000000,0.000000,0.000000,0.057350,0.172050,0.000000,0.000000,0.001779,0.001423,0.411921,0.205961,0.000000,0.000000,0.000000,-0.000000,3.182155,4.773232,0.039294,0.196468,0.000000,0.000000,0.000000,0.000000,0.000000,-0.000000,0.000000,-0.000000,0.406339,-0.406339,0.000000,-0.000000,1.000000,-0.300000,0.000000,-0.000000,0.000000,-0.000000,4.642795,3.096483,3.869639,0.500000,0.500000
89493,Igor Rabello,ZAG,266,FLU,6,45,45,casa,294,CFC,2026-10-08 21:30:00,29,0.000000,0.000000,0.000000,0.000000,0.000000,0.000000,0.000000,0.000000,0.302500,0.242000,0.000000,0.000000,0.000000,0.000000,0.000000,-0.000000,2.247500,3.371250,0.302500,1.512500,0.000000,0.000000,0.000000,0.000000,0.000000,-0.000000,0.000000,-0.000000,0.048216,-0.048216,0.000000,-0.000000,0.000000,-0.000000,0.000000,-0.000000,0.000000,-0.000000,5.077534,2.661075,3.869304,0.500000,0.500000
115141,Lucas Freitas,ZAG,267,VAS,6,45,45,fora,263,BOT,2026-10-07 20:30:00,29,0.333333,2.666667,0.000000,0.000000,0.000000,0.000000,0.000000,0.000000,0.450000,0.360000,0.450000,0.225000,0.000000,0.000000,0.000000,-0.000000,0.000000,0.000000,0.247500,1.237500,0.000000,0.000000,0.000000,0.000000,0.000000,-0.000000,0.000000,-0.000000,0.057529,-0.057529,0.000000,-0.000000,0.333333,-0.100000,0.000000,-0.000000,0.000000,-0.000000,4.331637,3.161906,3.746772,0.500000,0.500000
150825,Breno,ZAG,280,RBB,6,45,45,casa,2305,MIR,2026-10-07 19:30:00,29,0.000000,0.000000,0.000000,0.000000,0.000000,0.000000,0.000000,0.000000,0.000000,0.000000,0.450000,0.225000,0.000000,0.000000,0.000000,-0.000000,0.450000,0.675000,0.450000,2.250000,0.000000,0.000000,0.000000,0.000000,0.000000,-0.000000,0.000000,-0.000000,0.053469,-0.053469,0.000000,-0.000000,0.500000,-0.150000,0.000000,-0.000000,0.000000,-0.000000,2.946531,4.531034,3.738783,0.500000,0.500000
101908,Willian Machado,ZAG,2305,MIR,7,95,85,fora,280,RBB,2026-10-07 19:30:00,29,0.000000,0.000000,0.001140,0.005699,0.000000,0.000000,0.333333,0.400000,0.006875,0.005500,0.083138,0.041569,0.000000,0.000000,0.000000,-0.000000,1.501490,2.252236,0.453768,2.268840,0.000000,0.000000,0.000000,0.000000,0.000000,-0.000000,0.000000,-0.000000,0.300476,-0.300476,0.000000,-0.000000,1.333333,-0.400000,0.000000,-0.000000,0.000000,-0.000000,4.273368,3.187643,3.730505,0.500000,0.500000
84847,Luan Peres,ZAG,277,SAN,6,45,45,casa,262,FLA,2026-10-08 19:30:00,29,0.000000,0.000000,0.000000,0.000000,0.018705,0.056115,0.000000,0.000000,0.044946,0.035957,0.218849,0.109425,0.000000,0.000000,0.000000,-0.000000,1.753404,2.630106,0.098437,0.492187,0.000000,0.000000,0.000000,0.000000,0.000000,-0.000000,0.000000,-0.000000,0.334663,-0.334663,0.000000,-0.000000,1.333333,-0.400000,0.000000,-0.000000,0.000000,-0.000000,2.589127,4.776238,3.682683,0.500000,0.500000
145563,João Ananias,ZAG,277,SAN,6,45,45,casa,262,FLA,2026-10-08 19:30:00,29,0.000000,0.000000,0.000000,0.000000,0.029773,0.089318,0.000000,0.000000,0.136125,0.108900,0.218481,0.109240,0.000000,0.000000,0.000000,-0.000000,0.922907,1.384360,0.450000,2.250000,0.000000,0.000000,0.000000,0.000000,0.333333,-1.000000,0.000000,-0.000000,0.159986,-0.159986,0.000000,-0.000000,1.000000,-0.300000,0.000000,-0.000000,0.000000,-0.000000,2.481833,4.823445,3.652639,0.500000,0.500000
110750,Gustavo Marques,ZAG,280,RBB,7,95,85,casa,2305,MIR,2026-10-07 19:30:00,29,0.000000,0.000000,0.000000,0.000000,0.032475,0.097424,0.666667,0.800000,0.075916,0.060733,0.659609,0.329804,0.000000,0.000000,0.000000,-0.000000,1.037255,1.555883,0.059567,0.297835,0.000000,0.000000,0.000000,0.000000,0.000000,-0.000000,0.000000,-0.000000,0.265496,-0.265496,0.000000,-0.000000,1.666667,-0.500000,0.000000,-0.000000,0.000000,-0.000000,2.376183,4.812276,3.594229,0.500000,0.500000
100804,Tchamba,ZAG,364,REM,7,95,85,casa,284,GRE,2026-10-07 19:30:00,29,0.000000,0.000000,0.074869,0.374344,0.019996,0.059988,0.333333,0.400000,0.102101,0.081681,0.436430,0.218215,0.000000,0.000000,0.000000,-0.000000,0.995894,1.493841,0.012561,0.062803,0.000000,0.000000,0.000000,0.000000,0.000000,-0.000000,0.000000,-0.000000,0.232718,-0.232718,0.000000,-0.000000,0.000000,-0.000000,0.000000,-0.000000,0.000000,-0.000000,2.458154,4.693704,3.575929,0.500000,0.500000
107453,João Paulo,ZAG,315,CHA,6,45,45,fora,287,VIT,2026-10-07 20:00:00,29,0.333333,2.666667,0.050328,0.251642,0.000000,0.000000,0.000000,0.000000,0.495000,0.396000,0.636453,0.318227,0.000000,0.000000,0.000000,-0.000000,1.111375,1.667063,0.000000,0.000000,0.000000,0.000000,0.000000,0.000000,0.000000,-0.000000,0.000000,-0.000000,0.097126,-0.097126,0.000000,-0.000000,1.333333,-0.400000,0.000000,-0.000000,0.000000,-0.000000,4.802472,2.051760,3.427116,0.500000,0.500000
104075,Sabino,ZAG,276,SAO,7,95,85,fora,283,CRU,2026-10-07 21:30:00,29,0.000000,0.000000,0.000000,0.000000,0.000000,0.000000,0.000000,0.000000,0.248697,0.198958,0.584164,0.292082,0.000000,0.000000,0.000000,-0.000000,0.326773,0.490159,0.699621,3.498107,0.000000,0.000000,0.000000,0.000000,0.000000,-0.000000,0.000000,-0.000000,0.426392,-0.426392,0.000000,-0.000000,0.333333,-0.100000,0.000000,-0.000000,0.000000,-0.000000,3.952913,2.722920,3.337916,0.500000,0.500000
85626,Léo,ZAG,293,CAP,6,45,45,casa,282,CAM,2026-10-08 20:00:00,29,0.000000,0.000000,0.000000,0.000000,0.000000,0.000000,0.000000,0.000000,0.000000,0.000000,0.000000,0.000000,0.000000,0.000000,0.000000,-0.000000,1.800000,2.700000,0.550000,2.750000,0.000000,0.000000,0.000000,0.000000,0.000000,-0.000000,0.000000,-0.000000,0.140389,-0.140389,0.000000,-0.000000,2.000000,-0.600000,0.000000,-0.000000,0.000000,-0.000000,4.709611,1.824095,3.266853,0.500000,0.500000
97867,Léo Ortiz,ZAG,262,FLA,7,95,85,fora,277,SAN,2026-10-08 19:30:00,29,0.000000,0.000000,0.000000,0.000000,0.000000,0.000000,0.000000,0.000000,0.199951,0.159960,0.590587,0.295293,0.000000,0.000000,0.000000,-0.000000,1.232610,1.848915,0.249174,1.245871,0.000000,0.000000,0.000000,0.000000,0.000000,-0.000000,0.000000,-0.000000,0.380994,-0.380994,0.000000,-0.000000,0.333333,-0.100000,0.000000,-0.000000,0.000000,-0.000000,3.069046,3.159353,3.114199,0.500000,0.500000
92182,Juninho,ZAG,285,INT,6,45,45,casa,264,COR,2026-10-07 19:30:00,29,0.000000,0.000000,0.000000,0.000000,0.013958,0.041873,0.000000,0.000000,0.519750,0.415800,0.000000,0.000000,0.000000,0.000000,0.000000,-0.000000,0.650432,0.975648,0.219367,1.096836,0.000000,0.000000,0.000000,0.000000,0.000000,-0.000000,0.000000,-0.000000,0.139898,-0.139898,0.000000,-0.000000,0.000000,-0.000000,0.000000,-0.000000,0.000000,-0.000000,2.390260,3.787866,3.089063,0.500000,0.500000
91772,David Duarte,ZAG,265,BAH,7,95,85,fora,275,PAL,2026-10-08 21:30:00,29,0.000000,0.000000,0.000000,0.000000,0.000000,0.000000,0.000000,0.000000,0.547738,0.438190,0.184040,0.092020,0.000000,0.000000,0.000000,-0.000000,1.777713,2.666570,0.053651,0.268257,0.000000,0.000000,0.000000,0.000000,0.000000,-0.000000,0.000000,-0.000000,0.220158,-0.220158,0.000000,-0.000000,1.666667,-0.500000,0.000000,-0.000000,0.000000,-0.000000,2.744879,3.311035,3.027957,0.500000,0.500000
146430,Justino,ZAG,263,BOT,6,45,45,casa,267,VAS,2026-10-07 20:30:00,29,0.000000,0.000000,0.000000,0.000000,0.024712,0.074137,0.000000,0.000000,0.000000,0.000000,1.444454,0.722227,0.000000,0.000000,0.000000,-0.000000,0.825780,1.238670,0.074869,0.374344,0.000000,0.000000,0.000000,0.000000,0.000000,-0.000000,0.000000,-0.000000,0.075407,-0.075407,0.000000,-0.000000,1.333333,-0.400000,0.000000,-0.000000,0.000000,-0.000000,1.933971,4.075535,3.004753,0.500000,0.500000
130048,Noriega,ZAG,284,GRE,3,45,45,fora,364,REM,2026-10-07 19:30:00,29,0.000000,0.000000,0.000017,0.000087,0.000000,0.000000,0.000000,0.000000,0.081741,0.065393,0.200947,0.100474,0.000000,0.000000,0.000000,-0.000000,0.964002,1.446002,0.451589,2.257945,0.000000,0.000000,0.000000,0.000000,0.000000,-0.000000,0.000000,-0.000000,0.201518,-0.201518,0.000000,-0.000000,3.333333,-1.000000,0.000000,-0.000000,0.000000,-0.000000,2.668382,3.307554,2.987968,0.500000,0.500000
111246,Alix Vinicius,ZAG,280,RBB,7,95,85,casa,2305,MIR,2026-10-07 19:30:00,29,0.000000,0.000000,0.000000,0.000000,0.000000,0.000000,0.000000,0.000000,0.160950,0.128760,1.024374,0.512187,0.000000,0.000000,0.000000,-0.000000,0.859612,1.289417,0.110983,0.554916,0.000000,0.000000,0.000000,0.000000,0.000000,-0.000000,0.000000,-0.000000,0.307115,-0.307115,0.000000,-0.000000,0.666667,-0.200000,0.000000,-0.000000,0.000000,-0.000000,1.978165,3.802799,2.890482,0.500000,0.500000
97906,Riccieli,ZAG,287,VIT,6,45,45,casa,315,CHA,2026-10-07 20:00:00,29,0.000000,0.000000,0.000000,0.000000,0.000000,0.000000,0.000000,0.000000,0.450000,0.360000,0.000000,0.000000,0.000000,0.000000,0.000000,-0.000000,0.450000,0.675000,0.550000,2.750000,0.000000,0.000000,0.000000,0.000000,0.000000,-0.000000,0.000000,-0.000000,0.045066,-0.045066,0.000000,-0.000000,0.500000,-0.150000,0.000000,-0.000000,0.000000,-0.000000,3.589934,2.118385,2.854159,0.500000,0.500000
37715,Thiago Silva,ZAG,266,FLU,7,95,85,casa,294,CFC,2026-10-08 21:30:00,29,0.000000,0.000000,0.000000,0.000000,0.008333,0.025000,0.000000,0.000000,0.631125,0.504900,0.616375,0.308188,0.000000,0.000000,0.000000,-0.000000,0.945000,1.417500,0.136125,0.680625,0.000000,0.000000,0.000000,0.000000,0.000000,-0.000000,0.000000,-0.000000,0.211516,-0.211516,0.000000,-0.000000,0.333333,-0.100000,0.000000,-0.000000,0.000000,-0.000000,2.624696,2.887774,2.756235,0.500000,0.500000
78855,Thiago Santos,ZAG,294,CFC,7,95,85,fora,266,FLU,2026-10-08 21:30:00,29,0.000000,0.000000,0.000000,0.000000,0.000000,0.000000,0.000000,0.000000,0.233642,0.186913,1.000220,0.500110,0.000000,0.000000,0.000000,-0.000000,2.159656,3.239484,0.013875,0.069373,0.000000,0.000000,0.000000,0.000000,0.000000,-0.000000,0.000000,-0.000000,0.312851,-0.312851,0.000000,-0.000000,1.333333,-0.400000,0.000000,-0.000000,0.000000,-0.000000,3.283030,2.170996,2.727013,0.500000,0.500000
100342,Léo Andrade,ZAG,364,REM,6,45,45,casa,284,GRE,2026-10-07 19:30:00,29,0.000000,0.000000,0.000000,0.000000,0.044331,0.132992,0.000000,0.000000,0.000000,0.000000,0.136125,0.068063,0.000000,0.000000,0.000000,-0.000000,2.055000,3.082500,0.000000,0.000000,0.000000,0.000000,0.000000,0.000000,0.000000,-0.000000,0.000000,-0.000000,0.191218,-0.191218,0.000000,-0.000000,1.000000,-0.300000,0.000000,-0.000000,0.000000,-0.000000,2.792336,2.552616,2.672476,0.500000,0.500000
113034,Freytes,ZAG,266,FLU,6,45,45,casa,294,CFC,2026-10-08 21:30:00,29,0.000000,0.000000,0.000000,0.000000,0.009773,0.029318,0.333333,0.400000,0.029884,0.023907,0.452969,0.226485,0.000000,0.000000,0.000000,-0.000000,0.307833,0.461749,0.248374,1.241870,0.000000,0.000000,0.000000,0.000000,0.000000,-0.000000,0.000000,-0.000000,0.220446,-0.220446,0.000000,-0.000000,0.333333,-0.100000,0.000000,-0.000000,0.000000,-0.000000,2.062882,3.138051,2.600466,0.500000,0.500000
92440,André Ramalho,ZAG,264,COR,5,45,45,fora,285,INT,2026-10-07 19:30:00,29,0.000000,0.000000,0.000000,0.000000,0.000000,0.000000,0.000000,0.000000,0.247500,0.198000,1.158888,0.579444,0.000000,0.000000,0.000000,-0.000000,0.302500,0.453750,0.491178,2.455889,0.000000,0.000000,0.000000,0.000000,0.000000,-0.000000,0.000000,-0.000000,0.176345,-0.176345,0.000000,-0.000000,0.333333,-0.100000,0.000000,-0.000000,0.000000,-0.000000,3.410738,1.715483,2.563110,0.500000,0.500000
122897,Guzmán Rodríguez,ZAG,280,RBB,6,45,45,casa,2305,MIR,2026-10-07 19:30:00,29,0.000000,0.000000,0.000000,0.000000,0.135071,0.405214,0.000000,0.000000,0.000000,0.000000,0.000000,0.000000,0.000000,0.000000,0.000000,-0.000000,1.100000,1.650000,0.000000,0.000000,0.000000,0.000000,0.000000,0.000000,0.000000,-0.000000,0.000000,-0.000000,0.200351,-0.200351,0.000000,-0.000000,0.000000,-0.000000,0.000000,-0.000000,0.000000,-0.000000,1.854863,3.234790,2.544826,0.500000,0.500000
98484,Kanu,ZAG,265,BAH,7,95,85,fora,275,PAL,2026-10-08 21:30:00,29,0.000000,0.000000,0.000000,0.000000,0.000000,0.000000,0.333333,0.400000,0.000000,0.000000,0.586125,0.293063,0.000000,0.000000,0.333333,-0.033333,0.450000,0.675000,0.091506,0.457531,0.000000,0.000000,0.000000,0.000000,0.000000,-0.000000,0.000000,-0.000000,0.130482,-0.130482,0.000000,-0.000000,1.000000,-0.300000,0.000000,-0.000000,0.000000,-0.000000,1.361779,3.574554,2.468167,0.500000,0.500000
105047,João Marcelo,ZAG,283,CRU,6,45,45,casa,276,SAO,2026-10-07 21:30:00,29,0.000000,0.000000,0.000000,0.000000,0.000000,0.000000,0.000000,0.000000,0.136125,0.108900,1.166826,0.583413,0.000000,0.000000,0.000000,-0.000000,0.535156,0.802734,0.002072,0.010362,0.000000,0.000000,0.000000,0.000000,0.000000,-0.000000,0.000000,-0.000000,0.081698,-0.081698,0.000000,-0.000000,0.666667,-0.200000,0.000000,-0.000000,0.000000,-0.000000,1.223711,3.689164,2.456438,0.500000,0.500000
102310,Matheus Felipe,ZAG,364,REM,6,45,45,casa,284,GRE,2026-10-07 19:30:00,29,0.000000,0.000000,0.000000,0.000000,0.005000,0.015000,0.000000,0.000000,0.000000,0.000000,0.000000,0.000000,0.000000,0.000000,0.000000,-0.000000,1.450000,2.175000,0.302500,1.512500,0.000000,0.000000,0.000000,0.000000,0.000000,-0.000000,0.000000,-0.000000,0.240831,-0.240831,0.000000,-0.000000,1.000000,-0.300000,0.333333,-0.333333,0.000000,-0.000000,2.828336,2.018383,2.423359,0.500000,0.500000
87342,Kannemann,ZAG,284,GRE,6,45,45,fora,364,REM,2026-10-07 19:30:00,29,0.000000,0.000000,0.000000,0.000000,0.000000,0.000000,0.000000,0.000000,0.000000,0.000000,0.000000,0.000000,0.000000,0.000000,0.000000,-0.000000,1.763875,2.645812,0.000000,0.000000,0.000000,0.000000,0.000000,0.000000,0.000000,-0.000000,0.000000,-0.000000,0.159620,-0.159620,0.000000,-0.000000,0.333333,-0.100000,0.000000,-0.000000,0.000000,-0.000000,2.386193,2.445369,2.415781,0.500000,0.500000
91866,Zé Ivaldo,ZAG,364,REM,6,45,45,casa,284,GRE,2026-10-07 19:30:00,29,0.000000,0.000000,0.000000,0.000000,0.042639,0.127917,0.000000,0.000000,0.813547,0.650837,0.271098,0.135549,0.000000,0.000000,0.000000,-0.000000,1.002472,1.503709,0.074869,0.374344,0.000000,0.000000,0.000000,0.000000,0.000000,-0.000000,0.000000,-0.000000,0.152500,-0.152500,0.000000,-0.000000,0.333333,-0.100000,0.000000,-0.000000,0.000000,-0.000000,2.539855,2.251636,2.395746,0.500000,0.500000
96793,Camutanga,ZAG,287,VIT,5,45,45,casa,315,CHA,2026-10-07 20:00:00,29,0.000000,0.000000,0.000000,0.000000,0.006259,0.018776,0.000000,0.000000,0.050328,0.040263,0.505361,0.252681,0.000000,0.000000,0.000000,-0.000000,1.142049,1.713074,0.204983,1.024917,0.000000,0.000000,0.000000,0.000000,0.000000,-0.000000,0.000000,-0.000000,0.157930,-0.157930,0.000000,-0.000000,0.666667,-0.200000,0.000000,-0.000000,0.000000,-0.000000,2.691780,2.008703,2.350242,0.500000,0.500000
124483,Lucas Monzón,ZAG,263,BOT,7,95,85,casa,267,VAS,2026-10-07 20:30:00,29,0.000000,0.000000,0.000000,0.000000,0.041874,0.125622,0.000000,0.000000,0.000000,0.000000,0.772369,0.386184,0.000000,0.000000,0.000000,-0.000000,1.019869,1.529803,0.136125,0.680625,0.000000,0.000000,0.000000,0.000000,0.333333,-1.000000,0.000000,-0.000000,0.081414,-0.081414,0.000000,-0.000000,1.000000,-0.300000,0.000000,-0.000000,0.000000,-0.000000,1.340821,3.219521,2.280171,0.500000,0.500000
132553,Jemmes,ZAG,266,FLU,6,45,45,casa,294,CFC,2026-10-08 21:30:00,29,0.000000,0.000000,0.041178,0.205889,0.008571,0.025714,0.000000,0.000000,0.099589,0.079671,0.217773,0.108887,0.000000,0.000000,0.000000,-0.000000,1.051253,1.576879,0.000789,0.003943,0.000000,0.000000,0.000000,0.000000,0.000000,-0.000000,0.000000,-0.000000,0.159352,-0.159352,0.000000,-0.000000,0.666667,-0.200000,0.000000,-0.000000,0.000000,-0.000000,1.641632,2.770131,2.205881,0.500000,0.500000
98617,Maripán,ZAG,285,INT,7,95,85,casa,264,COR,2026-10-07 19:30:00,29,0.000000,0.000000,0.000000,0.000000,0.095339,0.286016,0.000000,0.000000,0.219367,0.175494,0.131271,0.065635,0.000000,0.000000,0.333333,-0.033333,0.339497,0.509245,0.097517,0.487583,0.000000,0.000000,0.000000,0.000000,0.000000,-0.000000,0.000000,-0.000000,0.081954,-0.081954,0.000000,-0.000000,1.666667,-0.500000,0.333333,-0.333333,0.000000,-0.000000,0.575352,3.833321,2.204336,0.500000,0.500000
102340,Cacá,ZAG,287,VIT,7,95,85,casa,315,CHA,2026-10-07 20:00:00,29,0.000000,0.000000,0.000000,0.000000,0.000000,0.000000,0.000000,0.000000,1.185894,0.948715,0.028183,0.014091,0.000000,0.000000,0.000000,-0.000000,0.652333,0.978499,0.049075,0.245376,0.000000,0.000000,0.000000,0.000000,0.000000,-0.000000,0.000000,-0.000000,0.208980,-0.208980,0.000000,-0.000000,0.333333,-0.100000,0.000000,-0.000000,0.000000,-0.000000,1.877701,2.368246,2.122974,0.500000,0.500000
92087,Lyanco,ZAG,282,CAM,7,95,85,fora,293,CAP,2026-10-08 20:00:00,29,0.000000,0.000000,0.000000,0.000000,0.002273,0.006818,0.000000,0.000000,0.479499,0.383599,0.479052,0.239526,0.000000,0.000000,0.000000,-0.000000,0.575109,0.862664,0.151349,0.756747,0.000000,0.000000,0.000000,0.000000,0.000000,-0.000000,0.000000,-0.000000,0.189394,-0.189394,0.000000,-0.000000,0.666667,-0.200000,0.000000,-0.000000,0.000000,-0.000000,1.859960,2.368552,2.114256,0.500000,0.500000
97878,Jacy,ZAG,294,CFC,7,95,85,fora,266,FLU,2026-10-08 21:30:00,29,0.000000,0.000000,0.000000,0.000000,0.000000,0.000000,0.000000,0.000000,0.164840,0.131872,0.865075,0.432538,0.000000,0.000000,0.000000,-0.000000,1.453503,2.180254,0.012828,0.064140,0.000000,0.000000,0.000000,0.000000,0.000000,-0.000000,0.000000,-0.000000,0.320198,-0.320198,0.000000,-0.000000,0.666667,-0.200000,0.000000,-0.000000,0.000000,-0.000000,2.288605,1.869636,2.079121,0.500000,0.500000
124219,Millán,ZAG,266,FLU,7,95,85,casa,294,CFC,2026-10-08 21:30:00,29,0.000000,0.000000,0.000000,0.000000,0.007320,0.021960,0.000000,0.000000,0.218481,0.174785,0.000000,0.000000,0.000000,0.000000,0.000000,-0.000000,0.045296,0.067943,0.247500,1.237500,0.000000,0.000000,0.000000,0.000000,0.000000,-0.000000,0.000000,-0.000000,0.064355,-0.064355,0.000000,-0.000000,0.333333,-0.100000,0.000000,-0.000000,0.000000,-0.000000,1.337832,2.800280,2.069056,0.500000,0.500000
69208,Gabriel Paulista,ZAG,264,COR,7,95,85,fora,285,INT,2026-10-07 19:30:00,29,0.000000,0.000000,0.000000,0.000000,0.005625,0.016875,0.000000,0.000000,0.336300,0.269040,0.102304,0.051152,0.000000,0.000000,0.333333,-0.033333,1.134331,1.701496,0.106496,0.532482,0.000000,0.000000,0.000000,0.000000,0.000000,-0.000000,0.000000,-0.000000,0.179622,-0.179622,0.000000,-0.000000,0.333333,-0.100000,0.000000,-0.000000,0.000000,-0.000000,2.258090,1.874523,2.066306,0.500000,0.500000
101393,Eduardo Doma,ZAG,315,CHA,7,95,85,fora,287,VIT,2026-10-07 20:00:00,29,0.000000,0.000000,0.000000,0.000000,0.006250,0.018750,0.000000,0.000000,0.078768,0.063014,0.003874,0.001937,0.000000,0.000000,0.000000,-0.000000,1.152734,1.729101,0.041187,0.205937,0.000000,0.000000,0.000000,0.000000,0.000000,-0.000000,0.000000,-0.000000,0.188433,-0.188433,0.000000,-0.000000,0.666667,-0.200000,0.000000,-0.000000,0.000000,-0.000000,1.630306,2.482571,2.056439,0.500000,0.500000
111466,Victor Gabriel,ZAG,285,INT,3,45,45,casa,264,COR,2026-10-07 19:30:00,29,0.000000,0.000000,0.000000,0.000000,0.038745,0.116235,0.000000,0.000000,0.035104,0.028083,0.190404,0.095202,0.000000,0.000000,0.000000,-0.000000,0.836485,1.254727,0.050101,0.250506,0.000000,0.000000,0.000000,0.000000,0.000000,-0.000000,0.333333,-1.000000,0.081419,-0.081419,0.000000,-0.000000,1.000000,-0.300000,0.333333,-0.333333,0.000000,-0.000000,0.030001,4.075116,2.052558,0.500000,0.500000
94514,Lucas Oliveira,ZAG,2305,MIR,6,45,45,fora,280,RBB,2026-10-07 19:30:00,29,0.000000,0.000000,0.000000,0.000000,0.002083,0.006250,0.333333,0.400000,0.462456,0.369965,0.456851,0.228425,0.000000,0.000000,0.000000,-0.000000,0.532716,0.799073,0.041178,0.205889,0.000000,0.000000,0.000000,0.000000,0.000000,-0.000000,0.000000,-0.000000,0.219155,-0.219155,0.000000,-0.000000,0.666667,-0.200000,0.000000,-0.000000,0.000000,-0.000000,1.590448,2.457856,2.024152,0.500000,0.500000
106434,Eduardo Santos,ZAG,280,RBB,6,45,45,casa,2305,MIR,2026-10-07 19:30:00,29,0.000000,0.000000,0.000000,0.000000,0.007024,0.021071,0.000000,0.000000,0.000000,0.000000,0.000000,0.000000,0.000000,0.000000,0.000000,-0.000000,0.247500,0.371250,0.000000,0.000000,0.000000,0.000000,0.000000,0.000000,0.000000,-0.000000,0.000000,-0.000000,0.126292,-0.126292,0.000000,-0.000000,0.333333,-0.100000,0.000000,-0.000000,0.000000,-0.000000,0.166030,3.751472,1.958751,0.500000,0.500000
97900,Vitão,ZAG,262,FLA,6,45,45,fora,277,SAN,2026-10-08 19:30:00,29,0.000000,0.000000,0.000000,0.000000,0.011042,0.033125,0.000000,0.000000,0.259956,0.207965,0.074869,0.037434,0.000000,0.000000,0.000000,-0.000000,0.458373,0.687560,0.242015,1.210075,0.000000,0.000000,0.000000,0.000000,0.000000,-0.000000,0.000000,-0.000000,0.237106,-0.237106,0.000000,-0.000000,1.333333,-0.400000,0.000000,-0.000000,0.000000,-0.000000,1.539053,2.297555,1.918304,0.500000,0.500000
101995,Brítez,ZAG,287,VIT,6,45,45,casa,315,CHA,2026-10-07 20:00:00,29,0.000000,0.000000,0.000000,0.000000,0.002756,0.008269,0.333333,0.400000,0.015224,0.012179,0.308020,0.154010,0.000000,0.000000,0.000000,-0.000000,0.325999,0.488999,0.158773,0.793864,0.000000,0.000000,0.000000,0.000000,0.000000,-0.000000,0.000000,-0.000000,0.132376,-0.132376,0.000000,-0.000000,0.666667,-0.200000,0.000000,-0.000000,0.000000,-0.000000,1.524946,2.234733,1.879839,0.500000,0.500000
69783,Danilo,ZAG,262,FLA,6,45,45,fora,277,SAN,2026-10-08 19:30:00,29,0.000000,0.000000,0.000000,0.000000,0.007292,0.021875,0.000000,0.000000,0.022648,0.018118,0.022648,0.011324,0.000000,0.000000,0.000000,-0.000000,0.850788,1.276182,0.041178,0.205889,0.000000,0.000000,0.000000,0.000000,0.000000,-0.000000,0.000000,-0.000000,0.184165,-0.184165,0.000000,-0.000000,0.333333,-0.100000,0.000000,-0.000000,0.000000,-0.000000,1.249222,2.283929,1.766576,0.500000,0.500000
105842,Edu,ZAG,287,VIT,5,45,45,casa,315,CHA,2026-10-07 20:00:00,29,0.000000,0.000000,0.000000,0.000000,0.120012,0.360035,0.000000,0.000000,0.000000,0.000000,0.000000,0.000000,0.000000,0.000000,0.000000,-0.000000,1.000000,1.500000,0.000000,0.000000,0.000000,0.000000,0.000000,0.000000,0.000000,-0.000000,0.000000,-0.000000,0.214462,-0.214462,0.000000,-0.000000,0.000000,-0.000000,0.000000,-0.000000,0.000000,-0.000000,1.645573,1.842396,1.743985,0.500000,0.500000
130806,Kauan,ZAG,315,CHA,7,95,85,fora,287,VIT,2026-10-07 20:00:00,29,0.000000,0.000000,0.000000,0.000000,0.000000,0.000000,0.000000,0.000000,0.000000,0.000000,0.697500,0.348750,0.000000,0.000000,0.000000,-0.000000,1.042517,1.563775,0.041178,0.205889,0.000000,0.000000,0.000000,0.000000,0.000000,-0.000000,0.000000,-0.000000,0.195905,-0.195905,0.000000,-0.000000,1.000000,-0.300000,0.000000,-0.000000,0.000000,-0.000000,1.622508,1.853325,1.737917,0.500000,0.500000
104994,Wagner Leonardo,ZAG,284,GRE,7,95,85,fora,364,REM,2026-10-07 19:30:00,29,0.000000,0.000000,0.000000,0.000000,0.008084,0.024253,0.000000,0.000000,0.026416,0.021133,0.254351,0.127175,0.000000,0.000000,0.000000,-0.000000,0.282215,0.423323,0.063826,0.319128,0.000000,0.000000,0.000000,0.000000,0.000000,-0.000000,0.000000,-0.000000,0.110913,-0.110913,0.000000,-0.000000,1.000000,-0.300000,0.000000,-0.000000,0.000000,-0.000000,0.504099,2.919419,1.711759,0.500000,0.500000
123869,Aguirre,ZAG,293,CAP,3,45,45,casa,282,CAM,2026-10-08 20:00:00,29,0.000000,0.000000,0.000000,0.000000,0.020645,0.061936,0.333333,0.400000,0.138542,0.110834,0.000287,0.000144,0.000000,0.000000,0.000000,-0.000000,0.468415,0.702623,0.044153,0.220763,0.000000,0.000000,0.000000,0.000000,0.000000,-0.000000,0.000000,-0.000000,0.418631,-0.418631,0.000000,-0.000000,1.666667,-0.500000,0.000000,-0.000000,0.000000,-0.000000,0.577668,2.801708,1.689688,0.500000,0.500000
63354,Rodrigo Moledo,ZAG,294,CFC,7,95,85,fora,266,FLU,2026-10-08 21:30:00,29,0.000000,0.000000,0.000000,0.000000,0.000000,0.000000,0.333333,0.400000,0.247500,0.198000,0.218481,0.109240,0.000000,0.000000,0.000000,-0.000000,0.813547,1.220320,0.041178,0.205889,0.000000,0.000000,0.000000,0.000000,0.000000,-0.000000,0.000000,-0.000000,0.112630,-0.112630,0.000000,-0.000000,0.000000,-0.000000,0.000000,-0.000000,0.000000,-0.000000,2.020819,1.209339,1.615079,0.500000,0.500000
125488,João Pedro,ZAG,264,COR,6,45,45,fora,285,INT,2026-10-07 19:30:00,29,0.000000,0.000000,0.000000,0.000000,0.000000,0.000000,0.333333,0.400000,0.074869,0.059895,0.569869,0.284934,0.000000,0.000000,0.000000,-0.000000,0.438625,0.657938,0.074869,0.374344,0.000000,0.000000,0.000000,0.000000,0.000000,-0.000000,0.000000,-0.000000,0.046795,-0.046795,0.000000,-0.000000,0.000000,-0.000000,0.000000,-0.000000,0.000000,-0.000000,1.730316,1.440651,1.585483,0.500000,0.500000
97095,Carlos Cuesta,ZAG,267,VAS,7,95,85,fora,263,BOT,2026-10-07 20:30:00,29,0.000000,0.000000,0.001140,0.005699,0.008711,0.026134,0.000000,0.000000,0.248077,0.198461,0.067897,0.033948,0.000000,0.000000,0.000000,-0.000000,0.320768,0.481152,0.024720,0.123601,0.000000,0.000000,0.000000,0.000000,0.000000,-0.000000,0.000000,-0.000000,0.155459,-0.155459,0.000000,-0.000000,2.000000,-0.600000,0.000000,-0.000000,0.000000,-0.000000,0.113536,2.982776,1.548156,0.500000,0.500000
117061,Gabriel Knesowitsch,ZAG,2305,MIR,6,45,45,fora,280,RBB,2026-10-07 19:30:00,29,0.000000,0.000000,0.000000,0.000000,0.033666,0.100999,0.000000,0.000000,0.450000,0.360000,0.000000,0.000000,0.000000,0.000000,0.000000,-0.000000,0.050328,0.075493,0.000000,0.000000,0.000000,0.000000,0.000000,0.000000,0.000000,-0.000000,0.000000,-0.000000,0.121704,-0.121704,0.000000,-0.000000,1.000000,-0.300000,0.000000,-0.000000,0.000000,-0.000000,0.114788,2.853569,1.484179,0.500000,0.500000
90768,Fabrício Bruno,ZAG,283,CRU,7,95,85,casa,276,SAO,2026-10-07 21:30:00,29,0.000000,0.000000,0.000000,0.000000,0.022282,0.066847,0.000000,0.000000,0.000025,0.000020,0.136521,0.068260,0.000000,0.000000,0.000000,-0.000000,0.559850,0.839774,0.041612,0.208058,0.000000,0.000000,0.000000,0.000000,0.333333,-1.000000,0.000000,-0.000000,0.342381,-0.342381,0.000000,-0.000000,1.333333,-0.400000,0.000000,-0.000000,0.000000,-0.000000,-0.559422,3.513562,1.477070,0.500000,0.500000
109127,Tiago Cóser,ZAG,294,CFC,7,95,85,fora,266,FLU,2026-10-08 21:30:00,29,0.000000,0.000000,0.000000,0.000000,0.000000,0.000000,0.333333,0.400000,0.041235,0.032988,1.040365,0.520182,0.000000,0.000000,0.000000,-0.000000,0.315600,0.473400,0.013818,0.069090,0.000000,0.000000,0.000000,0.000000,0.000000,-0.000000,0.000000,-0.000000,0.259435,-0.259435,0.000000,-0.000000,1.000000,-0.300000,0.000000,-0.000000,0.000000,-0.000000,0.936225,1.937324,1.436774,0.500000,0.500000
123445,Dantas,ZAG,293,CAP,7,95,85,casa,282,CAM,2026-10-08 20:00:00,29,0.000000,0.000000,0.074869,0.374344,0.007699,0.023097,0.333333,0.400000,0.000000,0.000000,0.136125,0.068063,0.000000,0.000000,0.000000,-0.000000,0.710875,1.066313,0.000000,0.000000,0.000000,0.000000,0.000000,0.000000,0.000000,-0.000000,0.000000,-0.000000,0.111151,-0.111151,0.000000,-0.000000,2.000000,-0.600000,0.000000,-0.000000,0.000000,-0.000000,1.220665,1.616353,1.418509,0.500000,0.500000
97432,Victor Caetano,ZAG,315,CHA,6,45,45,fora,287,VIT,2026-10-07 20:00:00,29,0.000000,0.000000,0.000000,0.000000,0.000000,0.000000,0.000000,0.000000,0.000000,0.000000,0.012456,0.006228,0.000000,0.000000,0.333333,-0.033333,0.707732,1.061598,0.000000,0.000000,0.000000,0.000000,0.000000,0.000000,0.000000,-0.000000,0.000000,-0.000000,0.133669,-0.133669,0.000000,-0.000000,0.666667,-0.200000,0.000000,-0.000000,0.000000,-0.000000,0.700824,2.093440,1.397132,0.500000,0.500000
148124,Vinicius,ZAG,315,CHA,6,45,45,fora,287,VIT,2026-10-07 20:00:00,29,0.000000,0.000000,0.000000,0.000000,0.061270,0.183810,0.000000,0.000000,0.000000,0.000000,0.000000,0.000000,0.000000,0.000000,0.000000,-0.000000,0.450000,0.675000,0.000000,0.000000,0.000000,0.000000,0.000000,0.000000,0.000000,-0.000000,0.000000,-0.000000,0.150067,-0.150067,0.000000,-0.000000,0.500000,-0.150000,0.000000,-0.000000,0.000000,-0.000000,0.558742,1.924453,1.241598,0.500000,0.500000
72605,Vitor Hugo,ZAG,282,CAM,6,45,45,fora,293,CAP,2026-10-08 20:00:00,29,0.000000,0.000000,0.000000,0.000000,0.006364,0.019091,0.000000,0.000000,0.002699,0.002159,0.451675,0.225838,0.000000,0.000000,0.333333,-0.033333,0.007096,0.010644,0.067938,0.339692,0.000000,0.000000,0.000000,0.000000,0.000000,-0.000000,0.000000,-0.000000,0.204674,-0.204674,0.000000,-0.000000,0.666667,-0.200000,0.000000,-0.000000,0.000000,-0.000000,0.159417,2.264292,1.211855,0.500000,0.500000
83048,Rafael Thyere,ZAG,315,CHA,6,45,45,fora,287,VIT,2026-10-07 20:00:00,29,0.000000,0.000000,0.000000,0.000000,0.048029,0.144086,0.000000,0.000000,0.000000,0.000000,0.000000,0.000000,0.000000,0.000000,0.000000,-0.000000,0.900000,1.350000,0.000000,0.000000,0.000000,0.000000,0.000000,0.000000,0.333333,-1.000000,0.000000,-0.000000,0.046219,-0.046219,0.000000,-0.000000,0.333333,-0.100000,0.000000,-0.000000,0.000000,-0.000000,0.347866,2.055129,1.201498,0.500000,0.500000
149993,Iago Machado,ZAG,264,COR,6,45,45,fora,285,INT,2026-10-07 19:30:00,29,0.000000,0.000000,0.000000,0.000000,0.005556,0.016667,0.000000,0.000000,0.000000,0.000000,0.000000,0.000000,0.000000,0.000000,0.000000,-0.000000,0.450000,0.675000,0.000000,0.000000,0.000000,0.000000,0.000000,0.000000,0.000000,-0.000000,0.000000,-0.000000,0.192456,-0.192456,0.000000,-0.000000,0.500000,-0.150000,0.000000,-0.000000,0.000000,-0.000000,0.349211,1.986400,1.167806,0.500000,0.500000
142257,Luis Eduardo,ZAG,284,GRE,6,45,45,fora,364,REM,2026-10-07 19:30:00,29,0.000000,0.000000,0.000000,0.000000,0.049227,0.147680,0.000000,0.000000,0.000000,0.000000,0.000000,0.000000,0.000000,0.000000,0.000000,-0.000000,0.000000,0.000000,0.000000,0.000000,0.000000,0.000000,0.000000,0.000000,0.000000,-0.000000,0.000000,-0.000000,0.061469,-0.061469,0.000000,-0.000000,1.000000,-0.300000,0.000000,-0.000000,0.000000,-0.000000,-0.213789,2.358124,1.072167,0.500000,0.500000
150197,Osorio,ZAG,276,SAO,6,45,45,fora,283,CRU,2026-10-07 21:30:00,29,0.000000,0.000000,0.136125,0.680625,0.005613,0.016839,0.000000,0.000000,0.000000,0.000000,0.210994,0.105497,0.000000,0.000000,0.000000,-0.000000,0.485928,0.728893,0.000000,0.000000,0.000000,0.000000,0.000000,0.000000,0.000000,-0.000000,0.333333,-1.000000,0.115207,-0.115207,0.000000,-0.000000,2.000000,-0.600000,0.000000,-0.000000,0.000000,-0.000000,-0.183353,1.924551,0.870599,0.500000,0.500000
71227,Maicon,ZAG,294,CFC,6,45,45,fora,266,FLU,2026-10-08 21:30:00,29,0.000000,0.000000,0.000000,0.000000,0.002190,0.006571,0.000000,0.000000,0.000000,0.000000,0.160144,0.080072,0.000000,0.000000,0.333333,-0.033333,0.152170,0.228255,0.048158,0.240790,0.000000,0.000000,0.000000,0.000000,0.000000,-0.000000,0.000000,-0.000000,0.086792,-0.086792,0.000000,-0.000000,0.333333,-0.100000,0.333333,-0.333333,0.000000,-0.000000,0.002231,1.567419,0.784825,0.500000,0.500000
