atleta_id,apelido,posicao,clube_id,sigla_clube,status_id,titularidade_pre_rodada,minutos_esperados_pre_rodada,mando,adversario_id,sigla_adversario,data_partida,rodada,scout_esperado_G,contrib_pontos_G,scout_esperado_A,contrib_pontos_A,scout_esperado_FT,contrib_pontos_FT,scout_esperado_FD,contrib_pontos_FD,scout_esperado_FF,contrib_pontos_FF,scout_esperado_FS,contrib_pontos_FS,scout_esperado_PS,contrib_pontos_PS,scout_esperado_I,contrib_pontos_I,scout_esperado_DS,contrib_pontos_DS,scout_esperado_SG,contrib_pontos_SG,scout_esperado_DP,contrib_pontos_DP,scout_esperado_DE,contrib_pontos_DE,scout_esperado_GC,contrib_pontos_GC,scout_esperado_CV,contrib_pontos_CV,scout_esperado_CA,contrib_pontos_CA,scout_esperado_GS,contrib_pontos_GS,scout_esperado_FC,contrib_pontos_FC,scout_esperado_PC,contrib_pontos_PC,scout_esperado_PP,contrib_pontos_PP,v3s_expected_scouts,direta_rf_lab,v3h_hibrido,alpha_v3s,alpha_rf_direto
103445,Kaio Jorge,ATA,283,CRU,7,95,85,fora,280,RBB,2026-10-12 21:00:00,30,0.540750,4.325996,0.085633,0.428165,0.450000,1.350000,1.154491,1.385390,1.333333,1.066667,1.544588,0.772294,0.075058,0.075058,0.002437,-0.000244,1.486091,2.229137,0.000000,0.000000,0.000000,0.000000,0.000000,0.000000,0.000000,-0.000000,0.002500,-0.007500,0.151390,-0.151390,0.000000,-0.000000,1.059818,-0.317945,0.000000,-0.000000,0.000000,-0.000000,11.155627,7.269132,9.212380,0.500000,0.500000
98873,Samuel Lino,ATA,262,FLA,7,95,85,casa,266,FLU,2026-10-11 17:30:00,30,0.317643,2.541147,0.106127,0.530636,0.148581,0.445744,1.543223,1.851868,1.666667,1.333333,2.204638,1.102319,0.000000,0.000000,0.097576,-0.009758,1.854474,2.781711,0.000000,0.000000,0.000000,0.000000,0.000000,0.000000,0.000000,-0.000000,0.000000,-0.000000,0.174265,-0.174265,0.000000,-0.000000,0.753085,-0.225926,0.000000,-0.000000,0.000000,-0.000000,10.176810,7.561396,8.869103,0.500000,0.500000
98909,Cuello,ATA,282,CAM,3,45,45,casa,277,SAN,2026-10-11 16:00:00,30,0.218543,1.748346,0.089666,0.448331,0.450974,1.352922,0.972924,1.167509,2.000000,1.600000,1.491577,0.745788,0.000000,0.000000,0.873340,-0.087334,1.139017,1.708525,0.000000,0.000000,0.000000,0.000000,0.000000,0.000000,0.000000,-0.000000,0.012738,-0.038214,0.147175,-0.147175,0.000000,-0.000000,0.975777,-0.292733,0.000000,-0.000000,0.000000,-0.000000,8.205966,8.885638,8.545802,0.500000,0.500000
39148,Hulk,ATA,266,FLU,7,95,85,fora,262,FLA,2026-10-11 17:30:00,30,0.637472,5.099775,0.090026,0.450128,0.000000,0.000000,1.143523,1.372228,1.333333,1.066667,2.142603,1.071301,0.000000,0.000000,0.717536,-0.071754,0.727895,1.091843,0.000000,0.000000,0.000000,0.000000,0.000000,0.000000,0.000000,-0.000000,0.000000,-0.000000,0.172471,-0.172471,0.000000,-0.000000,1.019742,-0.305923,0.000000,-0.000000,0.000000,-0.000000,9.601794,7.260621,8.431208,0.500000,0.500000
143193,Viveros,ATA,293,CAP,7,95,85,fora,315,CHA,2026-10-12 19:30:00,30,0.792813,6.342507,0.092441,0.462203,0.013083,0.039250,1.001154,1.201385,0.333333,0.266667,2.194391,1.097195,0.136321,0.136321,1.098646,-0.109865,0.775225,1.162837,0.000000,0.000000,0.000000,0.000000,0.000000,0.000000,0.000000,-0.000000,0.000000,-0.000000,0.156307,-0.156307,0.000000,-0.000000,1.592913,-0.477874,0.000000,-0.000000,0.000000,-0.000000,9.964319,6.661569,8.312944,0.500000,0.500000
97810,Erick,ATA,287,VIT,7,95,85,fora,276,SAO,2026-10-10 21:00:00,30,0.941525,7.532204,0.087079,0.435394,0.000057,0.000172,0.262085,0.314502,0.333333,0.266667,1.194436,0.597218,0.012456,0.012456,0.022649,-0.002265,0.774420,1.161630,0.000000,0.000000,0.000000,0.000000,0.000000,0.000000,0.000000,-0.000000,0.000000,-0.000000,0.155966,-0.155966,0.000000,-0.000000,0.655164,-0.196549,0.000000,-0.000000,0.000000,-0.000000,9.965463,5.911007,7.938235,0.500000,0.500000
80287,Luciano,ATA,276,SAO,5,45,45,casa,287,VIT,2026-10-10 21:00:00,30,0.390450,3.123602,0.093098,0.465489,0.074869,0.224606,0.296718,0.356062,1.000000,0.800000,1.579285,0.789642,0.586130,0.586130,0.308687,-0.030869,0.981353,1.472029,0.000000,0.000000,0.000000,0.000000,0.000000,0.000000,0.000000,-0.000000,0.007292,-0.021875,0.148102,-0.148102,0.000000,-0.000000,0.691418,-0.207425,0.000000,-0.000000,0.000000,-0.000000,7.409290,8.016324,7.712807,0.500000,0.500000
113103,Flaco López,ATA,275,PAL,7,95,85,casa,264,COR,2026-10-11 17:30:00,30,0.497907,3.983258,0.093553,0.467763,0.000000,0.000000,0.824274,0.989129,1.333333,1.066667,1.559604,0.779802,0.000000,0.000000,0.005741,-0.000574,1.299368,1.949052,0.000000,0.000000,0.000000,0.000000,0.000000,0.000000,0.000000,-0.000000,0.000000,-0.000000,0.148832,-0.148832,0.000000,-0.000000,0.882630,-0.264789,0.000000,-0.000000,0.000000,-0.000000,8.821476,6.020642,7.421059,0.500000,0.500000
114802,Vitor Roque,ATA,275,PAL,7,95,85,casa,264,COR,2026-10-11 17:30:00,30,0.159137,1.273095,0.091159,0.455794,0.833815,2.501444,1.088208,1.305849,1.000000,0.800000,1.998589,0.999295,0.000190,0.000190,0.137380,-0.013738,0.918355,1.377532,0.000000,0.000000,0.000000,0.000000,0.000000,0.000000,0.000000,-0.000000,0.007292,-0.021875,0.146475,-0.146475,0.000000,-0.000000,0.833531,-0.250059,0.000000,-0.000000,0.000000,-0.000000,8.281052,6.438398,7.359725,0.500000,0.500000
116706,Andrés Gómez,ATA,267,VAS,7,95,85,casa,364,REM,2026-10-10 18:00:00,30,0.466759,3.734070,0.084382,0.421909,0.000420,0.001259,0.530114,0.636137,0.333333,0.266667,1.077351,0.538676,0.000000,0.000000,0.002459,-0.000246,1.908488,2.862733,0.000000,0.000000,0.000000,0.000000,0.000000,0.000000,0.000000,-0.000000,0.000000,-0.000000,0.143561,-0.143561,0.000000,-0.000000,0.870327,-0.261098,0.000000,-0.000000,0.000000,-0.000000,8.056544,6.528825,7.292685,0.500000,0.500000
130209,Renê,ATA,287,VIT,7,95,85,fora,276,SAO,2026-10-10 21:00:00,30,0.596737,4.773894,0.091347,0.456737,0.001140,0.003419,0.317192,0.380630,1.000000,0.800000,1.730685,0.865343,0.000000,0.000000,0.458525,-0.045853,1.013123,1.519685,0.000000,0.000000,0.000000,0.000000,0.000000,0.000000,0.000000,-0.000000,0.000000,-0.000000,0.151283,-0.151283,0.000000,-0.000000,0.750400,-0.225120,0.000000,-0.000000,0.000000,-0.000000,8.377453,5.926617,7.152035,0.500000,0.500000
114323,Colidio,ATA,267,VAS,7,95,85,casa,364,REM,2026-10-10 18:00:00,30,0.406273,3.250182,0.082098,0.410488,0.000000,0.000000,1.943336,2.332004,1.000000,0.800000,1.789422,0.894711,0.000000,0.000000,0.136125,-0.013613,1.088350,1.632526,0.000000,0.000000,0.000000,0.000000,0.000000,0.000000,0.000000,-0.000000,0.000000,-0.000000,0.149572,-0.149572,0.000000,-0.000000,0.808016,-0.242405,0.000000,-0.000000,0.000000,-0.000000,8.914321,4.962442,6.938382,0.500000,0.500000
94583,Pedro,ATA,262,FLA,7,95,85,casa,266,FLU,2026-10-11 17:30:00,30,0.298302,2.386417,0.082262,0.411311,0.000010,0.000029,0.988898,1.186677,0.000000,0.000000,0.856622,0.428311,0.000057,0.000057,0.322411,-0.032241,1.160387,1.740580,0.000000,0.000000,0.000000,0.000000,0.000000,0.000000,0.000000,-0.000000,0.008333,-0.025000,0.134187,-0.134187,0.000000,-0.000000,0.786887,-0.236066,0.000000,-0.000000,0.000000,-0.000000,5.725889,7.657273,6.691581,0.500000,0.500000
110759,John Kennedy,ATA,266,FLU,5,45,45,fora,262,FLA,2026-10-11 17:30:00,30,0.702340,5.618724,0.085300,0.426501,0.003768,0.011304,0.166273,0.199528,0.666667,0.533333,1.042271,0.521135,0.000000,0.000000,0.000690,-0.000069,0.841548,1.262321,0.000000,0.000000,0.000000,0.000000,0.000000,0.000000,0.000000,-0.000000,0.010878,-0.032634,0.143932,-0.143932,0.000000,-0.000000,0.881743,-0.264523,0.000000,-0.000000,0.000000,-0.000000,8.131688,5.062998,6.597343,0.500000,0.500000
122573,Wallace Yan,ATA,280,RBB,7,95,85,casa,283,CRU,2026-10-12 21:00:00,30,0.000000,0.000000,0.071043,0.355217,0.000000,0.000000,1.981125,2.377350,1.000000,0.800000,0.823861,0.411930,0.000000,0.000000,0.078637,-0.007864,1.608611,2.412917,0.000000,0.000000,0.000000,0.000000,0.000000,0.000000,0.000000,-0.000000,0.025395,-0.076186,0.127230,-0.127230,0.000000,-0.000000,0.903430,-0.271029,0.000000,-0.000000,0.000000,-0.000000,5.875105,6.974673,6.424889,0.500000,0.500000
109401,Erick Pulga,ATA,265,BAH,7,95,85,casa,2305,MIR,2026-10-11 19:30:00,30,0.330483,2.643860,0.091270,0.456349,0.136182,0.408547,0.176491,0.211789,0.666667,0.533333,1.367551,0.683776,0.012460,0.012460,0.706264,-0.070626,0.908282,1.362423,0.000000,0.000000,0.000000,0.000000,0.000000,0.000000,0.000000,-0.000000,0.000000,-0.000000,0.140654,-0.140654,0.000000,-0.000000,0.753942,-0.226183,0.000000,-0.000000,0.000000,-0.000000,5.875073,6.682648,6.278860,0.500000,0.500000
83257,Gabriel,ATA,277,SAN,7,95,85,fora,282,CAM,2026-10-11 16:00:00,30,0.550518,4.404141,0.083858,0.419290,0.000000,0.000000,0.537325,0.644790,1.666667,1.333333,0.976216,0.488108,0.586125,0.586125,1.756648,-0.175665,0.134835,0.202252,0.000000,0.000000,0.000000,0.000000,0.000000,0.000000,0.000000,-0.000000,0.000000,-0.000000,0.144689,-0.144689,0.000000,-0.000000,0.838413,-0.251524,0.000000,-0.000000,0.000000,-0.000000,7.506162,4.868384,6.187273,0.500000,0.500000
90309,David,ATA,267,VAS,6,45,45,casa,364,REM,2026-10-10 18:00:00,30,0.586261,4.690087,0.084482,0.422410,0.000000,0.000000,0.451320,0.541584,0.333333,0.266667,0.855878,0.427939,0.000000,0.000000,0.209150,-0.020915,0.584755,0.877133,0.000000,0.000000,0.000000,0.000000,0.000000,0.000000,0.000000,-0.000000,0.000000,-0.000000,0.129581,-0.129581,0.000000,-0.000000,0.841111,-0.252333,0.000000,-0.000000,0.000000,-0.000000,6.822990,5.427242,6.125116,0.500000,0.500000
132264,Arroyo,ATA,283,CRU,7,95,85,fora,280,RBB,2026-10-12 21:00:00,30,0.290162,2.321300,0.080729,0.403646,0.000000,0.000000,0.304712,0.365654,1.000000,0.800000,1.203295,0.601648,0.000000,0.000000,0.000362,-0.000036,0.960222,1.440333,0.000000,0.000000,0.000000,0.000000,0.000000,0.000000,0.000000,-0.000000,0.000000,-0.000000,0.150991,-0.150991,0.000000,-0.000000,0.915754,-0.274726,0.000000,-0.000000,0.000000,-0.000000,5.506826,6.619345,6.063086,0.500000,0.500000
90302,Pedro Rocha,ATA,294,CFC,7,95,85,casa,263,BOT,2026-10-12 16:00:00,30,0.264877,2.119014,0.091767,0.458834,0.074869,0.224606,0.493073,0.591687,0.666667,0.533333,1.013923,0.506961,0.000000,0.000000,0.843146,-0.084315,1.122624,1.683937,0.000000,0.000000,0.000000,0.000000,0.000000,0.000000,0.000000,-0.000000,0.000000,-0.000000,0.141655,-0.141655,0.000000,-0.000000,1.003580,-0.301074,0.000000,-0.000000,0.000000,-0.000000,5.591329,6.140719,5.866024,0.500000,0.500000
132071,Serna,ATA,266,FLU,7,95,85,fora,262,FLA,2026-10-11 17:30:00,30,0.282949,2.263591,0.081114,0.405568,0.000010,0.000029,1.035843,1.243011,0.333333,0.266667,1.107744,0.553872,0.000000,0.000000,0.026939,-0.002694,1.123926,1.685889,0.000000,0.000000,0.000000,0.000000,0.000000,0.000000,0.000000,-0.000000,0.000000,-0.000000,0.154589,-0.154589,0.000000,-0.000000,1.412099,-0.423630,0.000000,-0.000000,0.000000,-0.000000,5.837713,5.879594,5.858654,0.500000,0.500000
100695,Fernando,ATA,280,RBB,7,95,85,casa,283,CRU,2026-10-12 21:00:00,30,0.060485,0.483880,0.081484,0.407420,0.012456,0.037369,1.385731,1.662877,2.000000,1.600000,1.045619,0.522809,0.000000,0.000000,0.045573,-0.004557,1.280946,1.921420,0.000000,0.000000,0.000000,0.000000,0.000000,0.000000,0.000000,-0.000000,0.013905,-0.041714,0.125394,-0.125394,0.000000,-0.000000,0.351680,-0.105504,0.000000,-0.000000,0.000000,-0.000000,6.358606,5.341742,5.850174,0.500000,0.500000
101960,Vitinho,ATA,285,INT,7,95,85,fora,284,GRE,2026-10-11 17:30:00,30,0.494946,3.959567,0.091127,0.455635,0.002072,0.006217,0.923070,1.107684,0.333333,0.266667,1.548259,0.774129,0.074869,0.074869,0.924720,-0.092472,0.850047,1.275071,0.000000,0.000000,0.000000,0.000000,0.000000,0.000000,0.000000,-0.000000,0.000000,-0.000000,0.151698,-0.151698,0.000000,-0.000000,1.077870,-0.323361,0.000000,-0.000000,0.000000,-0.000000,7.352308,3.956456,5.654382,0.500000,0.500000
112863,Ramón Sosa,ATA,275,PAL,6,45,45,casa,264,COR,2026-10-11 17:30:00,30,0.070682,0.565455,0.081287,0.406435,0.450017,1.350052,1.172227,1.406672,1.000000,0.800000,1.048585,0.524292,0.000000,0.000000,0.140906,-0.014091,0.510219,0.765329,0.000000,0.000000,0.000000,0.000000,0.000000,0.000000,0.000000,-0.000000,0.000000,-0.000000,0.120427,-0.120427,0.000000,-0.000000,0.793809,-0.238143,0.000000,-0.000000,0.000000,-0.000000,5.445574,5.705999,5.575786,0.500000,0.500000
112886,Lucas Barbosa,ATA,280,RBB,7,95,85,casa,283,CRU,2026-10-12 21:00:00,30,0.076380,0.611042,0.088759,0.443796,0.322369,0.967106,0.732276,0.878732,0.666667,0.533333,1.170560,0.585280,0.000000,0.000000,0.011161,-0.001116,0.883147,1.324720,0.000000,0.000000,0.000000,0.000000,0.000000,0.000000,0.000000,-0.000000,0.000000,-0.000000,0.136883,-0.136883,0.000000,-0.000000,0.975138,-0.292541,0.000000,-0.000000,0.000000,-0.000000,4.913469,6.075610,5.494540,0.500000,0.500000
108131,Garcez,ATA,315,CHA,7,95,85,casa,293,CAP,2026-10-12 19:30:00,30,0.177303,1.418423,0.082929,0.414643,0.000000,0.000000,0.515898,0.619078,1.333333,1.066667,1.081928,0.540964,0.000000,0.000000,0.076009,-0.007601,0.915970,1.373956,0.000000,0.000000,0.000000,0.000000,0.000000,0.000000,0.000000,-0.000000,0.000000,-0.000000,0.127334,-0.127334,0.000000,-0.000000,0.638149,-0.191445,0.000000,-0.000000,0.000000,-0.000000,5.107350,5.837708,5.472529,0.500000,0.500000
95799,Artur,ATA,276,SAO,7,95,85,casa,287,VIT,2026-10-10 21:00:00,30,0.003960,0.031677,0.081946,0.409731,0.000000,0.000000,0.988920,1.186704,0.666667,0.533333,1.414028,0.707014,0.000017,0.000017,0.450010,-0.045001,0.995244,1.492867,0.000000,0.000000,0.000000,0.000000,0.000000,0.000000,0.000000,-0.000000,0.000000,-0.000000,0.126967,-0.126967,0.000000,-0.000000,0.439230,-0.131769,0.000000,-0.000000,0.000000,-0.000000,4.057606,6.807677,5.432641,0.500000,0.500000
109096,Plata,ATA,262,FLA,2,45,45,casa,266,FLU,2026-10-11 17:30:00,30,0.001267,0.010138,0.082543,0.412717,0.003958,0.011873,0.390417,0.468501,0.333333,0.266667,0.833848,0.416924,0.000000,0.000000,0.000000,-0.000000,1.629405,2.444107,0.000000,0.000000,0.000000,0.000000,0.000000,0.000000,0.000000,-0.000000,0.000000,-0.000000,0.129210,-0.129210,0.000000,-0.000000,0.395696,-0.118709,0.000000,-0.000000,0.000000,-0.000000,3.783009,6.900860,5.341934,0.500000,0.500000
91607,Rony,ATA,277,SAN,2,45,45,fora,282,CAM,2026-10-11 16:00:00,30,0.247500,1.980000,0.085349,0.426745,0.000000,0.000000,0.138203,0.165843,1.666667,1.333333,1.195740,0.597870,0.000000,0.000000,0.360057,-0.036006,0.808933,1.213399,0.000000,0.000000,0.000000,0.000000,0.000000,0.000000,0.000000,-0.000000,0.000000,-0.000000,0.137362,-0.137362,0.000000,-0.000000,0.672577,-0.201773,0.000000,-0.000000,0.000000,-0.000000,5.342050,5.074329,5.208190,0.500000,0.500000
140906,Davi Gomes,ATA,280,RBB,5,45,45,casa,283,CRU,2026-10-12 21:00:00,30,0.000000,0.000000,0.073171,0.365857,0.550000,1.650000,1.100000,1.320000,1.000000,0.800000,0.616437,0.308218,0.000000,0.000000,0.000000,-0.000000,0.975096,1.462644,0.000000,0.000000,0.000000,0.000000,0.000000,0.000000,0.000000,-0.000000,0.114269,-0.342806,0.110570,-0.110570,0.000000,-0.000000,0.630102,-0.189031,0.000000,-0.000000,0.000000,-0.000000,5.264313,4.847022,5.055667,0.500000,0.500000
138941,Bruno Duarte,ATA,267,VAS,7,95,85,casa,364,REM,2026-10-10 18:00:00,30,0.247500,1.980000,0.070998,0.354989,0.247500,0.742500,0.000000,0.000000,0.333333,0.266667,0.910409,0.455204,0.000000,0.000000,0.000000,-0.000000,0.939065,1.408597,0.000000,0.000000,0.000000,0.000000,0.000000,0.000000,0.000000,-0.000000,0.005051,-0.015152,0.130083,-0.130083,0.000000,-0.000000,0.912693,-0.273808,0.000000,-0.000000,0.000000,-0.000000,4.788915,5.149346,4.969130,0.500000,0.500000
127871,Vargas,ATA,293,CAP,2,45,45,fora,315,CHA,2026-10-12 19:30:00,30,0.472648,3.781182,0.068112,0.340561,0.000000,0.000000,0.247500,0.297000,0.000000,0.000000,1.511946,0.755973,0.000000,0.000000,0.495000,-0.049500,0.598662,0.897992,0.000000,0.000000,0.000000,0.000000,0.000000,0.000000,0.000000,-0.000000,0.000000,-0.000000,0.128425,-0.128425,0.000000,-0.000000,0.669363,-0.200809,0.000000,-0.000000,0.000000,-0.000000,5.693975,4.231088,4.962531,0.500000,0.500000
95332,Marcinho,ATA,315,CHA,7,95,85,casa,293,CAP,2026-10-12 19:30:00,30,0.165993,1.327947,0.082899,0.414494,0.000000,0.000000,0.078458,0.094149,0.333333,0.266667,1.223364,0.611682,0.000000,0.000000,0.012461,-0.001246,0.887396,1.331094,0.000000,0.000000,0.000000,0.000000,0.000000,0.000000,0.000000,-0.000000,0.000000,-0.000000,0.131023,-0.131023,0.000000,-0.000000,0.883791,-0.265137,0.000000,-0.000000,0.000000,-0.000000,3.648627,6.125309,4.886968,0.500000,0.500000
117314,Thiago Borbas,ATA,282,CAM,6,45,45,casa,277,SAN,2026-10-11 16:00:00,30,0.247500,1.980000,0.070259,0.351294,0.000000,0.000000,0.000000,0.000000,0.666667,0.533333,1.241653,0.620826,0.000000,0.000000,0.000000,-0.000000,0.492728,0.739092,0.000000,0.000000,0.000000,0.000000,0.000000,0.000000,0.000000,-0.000000,0.000000,-0.000000,0.118365,-0.118365,0.000000,-0.000000,1.372316,-0.411695,0.000000,-0.000000,0.000000,-0.000000,3.694486,6.040088,4.867287,0.500000,0.500000
102928,Canobbio,ATA,266,FLU,6,45,45,fora,262,FLA,2026-10-11 17:30:00,30,0.077134,0.617075,0.079769,0.398844,0.000049,0.000147,0.188047,0.225656,0.000000,0.000000,1.273818,0.636909,0.000000,0.000000,0.177320,-0.017732,1.494582,2.241872,0.000000,0.000000,0.000000,0.000000,0.000000,0.000000,0.000000,-0.000000,0.000000,-0.000000,0.120024,-0.120024,0.000000,-0.000000,0.827901,-0.248370,0.000000,-0.000000,0.000000,-0.000000,3.734376,5.987642,4.861009,0.500000,0.500000
103967,Bruno Santos,ATA,2305,MIR,7,95,85,fora,265,BAH,2026-10-11 19:30:00,30,0.210994,1.687950,0.078056,0.390278,0.210994,0.632981,0.066090,0.079308,1.000000,0.800000,0.943958,0.471979,0.000000,0.000000,0.266559,-0.026656,0.698110,1.047165,0.000000,0.000000,0.000000,0.000000,0.000000,0.000000,0.000000,-0.000000,0.000000,-0.000000,0.123750,-0.123750,0.000000,-0.000000,0.804585,-0.241376,0.000000,-0.000000,0.000000,-0.000000,4.717880,4.878120,4.798000,0.500000,0.500000
95362,Cassierra,ATA,282,CAM,5,45,45,casa,277,SAN,2026-10-11 16:00:00,30,0.453212,3.625698,0.082436,0.412182,0.087325,0.261975,0.509856,0.611827,0.333333,0.266667,0.826276,0.413138,0.000000,0.000000,0.011681,-0.001168,0.773639,1.160459,0.000000,0.000000,0.000000,0.000000,0.000000,0.000000,0.000000,-0.000000,0.000000,-0.000000,0.125560,-0.125560,0.000000,-0.000000,0.446338,-0.133902,0.000000,-0.000000,0.000000,-0.000000,6.491315,3.061792,4.776554,0.500000,0.500000
99818,Paulinho,ATA,275,PAL,6,45,45,casa,264,COR,2026-10-11 17:30:00,30,0.383625,3.069000,0.076420,0.382101,0.000000,0.000000,0.000000,0.000000,0.666667,0.533333,0.936189,0.468094,0.000000,0.000000,0.050328,-0.005033,0.513581,0.770372,0.000000,0.000000,0.000000,0.000000,0.000000,0.000000,0.000000,-0.000000,0.002273,-0.006818,0.115745,-0.115745,0.000000,-0.000000,0.682710,-0.204813,0.000000,-0.000000,0.000000,-0.000000,4.890492,4.398797,4.644645,0.500000,0.500000
70360,Eduardo Sasha,ATA,280,RBB,7,95,85,casa,283,CRU,2026-10-12 21:00:00,30,0.450000,3.600000,0.080797,0.403987,0.000000,0.000000,0.457609,0.549131,1.000000,0.800000,0.929926,0.464963,0.000000,0.000000,0.000721,-0.000072,0.543033,0.814550,0.000000,0.000000,0.000000,0.000000,0.000000,0.000000,0.000000,-0.000000,0.000000,-0.000000,0.121681,-0.121681,0.000000,-0.000000,0.852985,-0.255896,0.000000,-0.000000,0.000000,-0.000000,6.254983,2.889306,4.572144,0.500000,0.500000
141382,Gustavo Santana,ATA,276,SAO,2,45,45,casa,287,VIT,2026-10-10 21:00:00,30,0.247500,1.980000,0.073467,0.367335,0.000000,0.000000,0.383625,0.460350,1.000000,0.800000,0.745899,0.372950,0.000000,0.000000,0.000000,-0.000000,0.426427,0.639640,0.000000,0.000000,0.000000,0.000000,0.000000,0.000000,0.000000,-0.000000,0.000000,-0.000000,0.110545,-0.110545,0.000000,-0.000000,0.788819,-0.236646,0.000000,-0.000000,0.000000,-0.000000,4.273084,4.764952,4.519018,0.500000,0.500000
106104,Enamorado,ATA,284,GRE,3,45,45,casa,285,INT,2026-10-11 17:30:00,30,0.000000,0.000000,0.083933,0.419665,0.000345,0.001034,0.900009,1.080011,0.333333,0.266667,1.294443,0.647221,0.000000,0.000000,0.000247,-0.000025,1.002034,1.503051,0.000000,0.000000,0.000000,0.000000,0.000000,0.000000,0.000000,-0.000000,0.000000,-0.000000,0.127144,-0.127144,0.000000,-0.000000,0.573486,-0.172046,0.000000,-0.000000,0.000000,-0.000000,3.618433,5.417375,4.517904,0.500000,0.500000
85048,Memphis Depay,ATA,264,COR,7,95,85,fora,275,PAL,2026-10-11 17:30:00,30,0.006851,0.054808,0.075885,0.379426,0.450000,1.350000,1.123696,1.348435,1.333333,1.066667,1.421152,0.710576,0.000000,0.000000,0.003212,-0.000321,0.209665,0.314497,0.000000,0.000000,0.000000,0.000000,0.000000,0.000000,0.000000,-0.000000,0.001563,-0.004688,0.117209,-0.117209,0.000000,-0.000000,0.490269,-0.147081,0.000000,-0.000000,0.000000,-0.000000,4.955110,4.051034,4.503072,0.500000,0.500000
90031,Mendoza,ATA,293,CAP,7,95,85,fora,315,CHA,2026-10-12 19:30:00,30,0.000365,0.002919,0.080262,0.401309,0.024725,0.074176,0.698521,0.838225,1.000000,0.800000,0.654810,0.327405,0.000000,0.000000,0.027556,-0.002756,0.593265,0.889897,0.000000,0.000000,0.000000,0.000000,0.000000,0.000000,0.000000,-0.000000,0.020874,-0.062622,0.128365,-0.128365,0.000000,-0.000000,0.339884,-0.101965,0.000000,-0.000000,0.000000,-0.000000,3.038225,5.910618,4.474421,0.500000,0.500000
91908,Pavón,ATA,284,GRE,7,95,85,casa,285,INT,2026-10-11 17:30:00,30,0.087325,0.698600,0.078188,0.390941,0.000003,0.000009,0.631756,0.758107,0.000000,0.000000,0.726005,0.363002,0.000000,0.000000,0.036076,-0.003608,0.674442,1.011663,0.000000,0.000000,0.000000,0.000000,0.000000,0.000000,0.000000,-0.000000,0.002500,-0.007500,0.112648,-0.112648,0.000000,-0.000000,0.768373,-0.230512,0.000000,-0.000000,0.000000,-0.000000,2.868055,5.908165,4.388110,0.500000,0.500000
113397,Cristian Olivera,ATA,265,BAH,7,95,85,casa,2305,MIR,2026-10-11 19:30:00,30,0.000005,0.000042,0.076207,0.381034,0.000627,0.001881,0.584015,0.700818,0.000000,0.000000,0.887071,0.443536,0.000000,0.000000,0.042235,-0.004223,1.009861,1.514792,0.000000,0.000000,0.000000,0.000000,0.000000,0.000000,0.000000,-0.000000,0.000000,-0.000000,0.122275,-0.122275,0.000000,-0.000000,0.763095,-0.228929,0.000000,-0.000000,0.000000,-0.000000,2.686674,6.088402,4.387538,0.500000,0.500000
97321,Alesson,ATA,2305,MIR,6,45,45,fora,265,BAH,2026-10-11 19:30:00,30,0.000000,0.000000,0.077140,0.385702,0.000010,0.000029,1.159245,1.391094,1.000000,0.800000,1.302164,0.651082,0.000000,0.000000,0.049119,-0.004912,0.796500,1.194750,0.000000,0.000000,0.000000,0.000000,0.000000,0.000000,0.000000,-0.000000,0.000000,-0.000000,0.131888,-0.131888,0.000000,-0.000000,1.011168,-0.303350,0.000000,-0.000000,0.000000,-0.000000,3.982506,4.716367,4.349437,0.500000,0.500000
92811,Bruno Rodrigues,ATA,283,CRU,6,45,45,fora,280,RBB,2026-10-12 21:00:00,30,0.247500,1.980000,0.075991,0.379955,0.000000,0.000000,0.699572,0.839487,0.333333,0.266667,1.074973,0.537487,0.000000,0.000000,0.826928,-0.082693,0.806329,1.209494,0.000000,0.000000,0.000000,0.000000,0.000000,0.000000,0.000000,-0.000000,0.017738,-0.053214,0.127385,-0.127385,0.000000,-0.000000,0.845857,-0.253757,0.000000,-0.000000,0.000000,-0.000000,4.696040,3.866497,4.281268,0.500000,0.500000
123101,Leozinho,ATA,293,CAP,2,45,45,fora,315,CHA,2026-10-12 19:30:00,30,0.082782,0.662253,0.077654,0.388270,0.002072,0.006217,1.247716,1.497259,0.666667,0.533333,0.929000,0.464500,0.000000,0.000000,0.000000,-0.000000,0.610818,0.916227,0.000000,0.000000,0.000000,0.000000,0.000000,0.000000,0.000000,-0.000000,0.004887,-0.014662,0.121973,-0.121973,0.000000,-0.000000,0.897114,-0.269134,0.000000,-0.000000,0.000000,-0.000000,4.062290,4.465670,4.263980,0.500000,0.500000
100652,Yuri Alberto,ATA,264,COR,7,95,85,fora,275,PAL,2026-10-11 17:30:00,30,0.149842,1.198734,0.078307,0.391533,0.450000,1.350000,0.600072,0.720087,0.333333,0.266667,0.818175,0.409088,0.000000,0.000000,0.343615,-0.034361,0.742034,1.113052,0.000000,0.000000,0.000000,0.000000,0.000000,0.000000,0.000000,-0.000000,0.068690,-0.206071,0.128171,-0.128171,0.000000,-0.000000,0.955595,-0.286679,0.000000,-0.000000,0.000000,-0.000000,4.793878,3.702061,4.247970,0.500000,0.500000
123648,Lucas Ronier,ATA,294,CFC,5,45,45,casa,263,BOT,2026-10-12 16:00:00,30,0.000190,0.001517,0.082386,0.411931,0.002177,0.006530,0.637365,0.764838,0.666667,0.533333,1.866097,0.933049,0.000000,0.000000,0.012456,-0.001246,1.202262,1.803393,0.000000,0.000000,0.000000,0.000000,0.000000,0.000000,0.000000,-0.000000,0.000000,-0.000000,0.128616,-0.128616,0.000000,-0.000000,0.818872,-0.245662,0.000000,-0.000000,0.000000,-0.000000,4.079069,4.323964,4.201516,0.500000,0.500000
104204,Edson Carioca,ATA,2305,MIR,7,95,85,fora,265,BAH,2026-10-11 19:30:00,30,0.137265,1.098119,0.081009,0.405043,0.136125,0.408375,0.276999,0.332399,0.333333,0.266667,0.712441,0.356221,0.000000,0.000000,1.356851,-0.135685,0.609701,0.914552,0.000000,0.000000,0.000000,0.000000,0.000000,0.000000,0.000000,-0.000000,0.032441,-0.097324,0.127730,-0.127730,0.000000,-0.000000,0.785903,-0.235771,0.000000,-0.000000,0.000000,-0.000000,3.184864,5.146256,4.165560,0.500000,0.500000
81005,André Luis,ATA,2305,MIR,6,45,45,fora,265,BAH,2026-10-11 19:30:00,30,0.453768,3.630144,0.074486,0.372432,0.000000,0.000000,0.000000,0.000000,0.000000,0.000000,0.736783,0.368391,0.000000,0.000000,0.524869,-0.052487,0.438828,0.658241,0.000000,0.000000,0.000000,0.000000,0.000000,0.000000,0.000000,-0.000000,0.013938,-0.041815,0.115609,-0.115609,0.000000,-0.000000,0.462633,-0.138790,0.000000,-0.000000,0.000000,-0.000000,4.680508,3.638671,4.159589,0.500000,0.500000
114208,Alejo Véliz,ATA,265,BAH,7,95,85,casa,2305,MIR,2026-10-11 19:30:00,30,0.109973,0.879783,0.074180,0.370900,0.000000,0.000000,0.252172,0.302606,1.000000,0.800000,1.478288,0.739144,0.136125,0.136125,0.062416,-0.006242,0.558900,0.838350,0.000000,0.000000,0.000000,0.000000,0.000000,0.000000,0.000000,-0.000000,0.010000,-0.030000,0.112661,-0.112661,0.000000,-0.000000,1.155992,-0.346798,0.000000,-0.000000,0.000000,-0.000000,3.571208,4.707223,4.139215,0.500000,0.500000
94034,Kevin Ramírez,ATA,315,CHA,6,45,45,casa,293,CAP,2026-10-12 19:30:00,30,0.000000,0.000000,0.070004,0.350019,0.091506,0.274519,0.586506,0.703808,0.333333,0.266667,0.925701,0.462850,0.000000,0.000000,0.000000,-0.000000,0.820060,1.230089,0.000000,0.000000,0.000000,0.000000,0.000000,0.000000,0.000000,-0.000000,0.000000,-0.000000,0.113017,-0.113017,0.000000,-0.000000,0.734285,-0.220285,0.000000,-0.000000,0.000000,-0.000000,2.954649,5.239877,4.097263,0.500000,0.500000
92171,Arthur Cabral,ATA,263,BOT,7,95,85,fora,294,CFC,2026-10-12 16:00:00,30,0.007498,0.059985,0.076517,0.382584,0.000000,0.000000,0.511294,0.613553,0.666667,0.533333,0.916759,0.458379,0.000000,0.000000,0.007881,-0.000788,1.025079,1.537619,0.000000,0.000000,0.000000,0.000000,0.000000,0.000000,0.000000,-0.000000,0.000000,-0.000000,0.116302,-0.116302,0.000000,-0.000000,0.943839,-0.283152,0.000000,-0.000000,0.000000,-0.000000,3.185212,4.770188,3.977700,0.500000,0.500000
118844,Kaio César,ATA,264,COR,3,45,45,fora,275,PAL,2026-10-11 17:30:00,30,0.001767,0.014134,0.077069,0.385344,0.000000,0.000000,0.996358,1.195629,1.000000,0.800000,2.210844,1.105422,0.000000,0.000000,0.000070,-0.000007,0.797622,1.196433,0.000000,0.000000,0.000000,0.000000,0.000000,0.000000,0.000000,-0.000000,0.036013,-0.108038,0.124821,-0.124821,0.000000,-0.000000,0.986091,-0.295827,0.000000,-0.000000,0.000000,-0.000000,4.168267,3.620074,3.894171,0.500000,0.500000
79631,Cano,ATA,266,FLU,6,45,45,fora,262,FLA,2026-10-11 17:30:00,30,0.247500,1.980000,0.073018,0.365092,0.247500,0.742500,0.252172,0.302606,0.666667,0.533333,0.580396,0.290198,0.000000,0.000000,0.000000,-0.000000,0.275763,0.413644,0.000000,0.000000,0.000000,0.000000,0.000000,0.000000,0.000000,-0.000000,0.017049,-0.051146,0.113685,-0.113685,0.000000,-0.000000,0.439663,-0.131899,0.000000,-0.000000,0.000000,-0.000000,4.330644,3.403040,3.866842,0.500000,0.500000
107989,Carbonero,ATA,285,INT,6,45,45,fora,284,GRE,2026-10-11 17:30:00,30,0.150470,1.203757,0.081222,0.406111,0.000000,0.000000,0.685349,0.822419,0.333333,0.266667,1.597856,0.798928,0.000000,0.000000,0.269980,-0.026998,0.119616,0.179424,0.000000,0.000000,0.000000,0.000000,0.000000,0.000000,0.000000,-0.000000,0.000000,-0.000000,0.134158,-0.134158,0.000000,-0.000000,0.927624,-0.278287,0.000000,-0.000000,0.000000,-0.000000,3.237862,4.488023,3.862943,0.500000,0.500000
97450,Gustavo Mosquito,ATA,2305,MIR,6,45,45,fora,265,BAH,2026-10-11 19:30:00,30,0.247500,1.980000,0.073005,0.365023,0.000000,0.000000,0.627303,0.752763,0.333333,0.266667,0.954250,0.477125,0.000000,0.000000,0.288678,-0.028868,0.523432,0.785147,0.000000,0.000000,0.000000,0.000000,0.000000,0.000000,0.000000,-0.000000,0.000000,-0.000000,0.114459,-0.114459,0.000000,-0.000000,0.902955,-0.270886,0.000000,-0.000000,0.000000,-0.000000,4.212512,3.499749,3.856130,0.500000,0.500000
95131,Gabriel Taliari,ATA,364,REM,7,95,85,fora,267,VAS,2026-10-10 18:00:00,30,0.007593,0.060741,0.074354,0.371769,0.000000,0.000000,0.211690,0.254028,1.333333,1.066667,1.261091,0.630546,0.177303,0.177303,0.064614,-0.006461,0.801510,1.202265,0.000000,0.000000,0.000000,0.000000,0.000000,0.000000,0.000000,-0.000000,0.026608,-0.079824,0.127957,-0.127957,0.000000,-0.000000,1.234568,-0.370370,0.000000,-0.000000,0.000000,-0.000000,3.178706,4.482051,3.830378,0.500000,0.500000
98384,Negueba,ATA,2305,MIR,5,45,45,fora,265,BAH,2026-10-11 19:30:00,30,0.022648,0.181182,0.073244,0.366219,0.000000,0.000000,0.537325,0.644790,0.333333,0.266667,1.399781,0.699890,0.000000,0.000000,0.000000,-0.000000,0.963209,1.444814,0.000000,0.000000,0.000000,0.000000,0.000000,0.000000,0.000000,-0.000000,0.021215,-0.063646,0.111013,-0.111013,0.000000,-0.000000,0.553546,-0.166064,0.000000,-0.000000,0.000000,-0.000000,3.262840,4.222019,3.742429,0.500000,0.500000
105048,Jajá,ATA,364,REM,6,45,45,fora,267,VAS,2026-10-10 18:00:00,30,0.107934,0.863473,0.078554,0.392769,0.000000,0.000000,0.038456,0.046148,0.000000,0.000000,0.906245,0.453123,0.000000,0.000000,0.636139,-0.063614,1.063876,1.595814,0.000000,0.000000,0.000000,0.000000,0.000000,0.000000,0.000000,-0.000000,0.002083,-0.006250,0.123809,-0.123809,0.000000,-0.000000,0.723661,-0.217098,0.000000,-0.000000,0.000000,-0.000000,2.940555,4.433552,3.687054,0.500000,0.500000
90285,Bruno Henrique,ATA,262,FLA,6,45,45,casa,266,FLU,2026-10-11 17:30:00,30,0.158773,1.270182,0.077873,0.389366,0.000000,0.000000,0.143330,0.171996,0.333333,0.266667,0.868647,0.434324,0.000000,0.000000,0.006878,-0.000688,0.489677,0.734516,0.000000,0.000000,0.000000,0.000000,0.000000,0.000000,0.000000,-0.000000,0.000000,-0.000000,0.111927,-0.111927,0.000000,-0.000000,0.753500,-0.226050,0.000000,-0.000000,0.000000,-0.000000,2.928386,4.414374,3.671380,0.500000,0.500000
111831,Matheus Martins,ATA,263,BOT,7,95,85,fora,294,CFC,2026-10-12 16:00:00,30,0.004793,0.038344,0.076615,0.383074,0.003768,0.011304,0.361622,0.433946,0.666667,0.533333,1.388927,0.694463,0.000000,0.000000,0.000000,-0.000000,0.690404,1.035607,0.000000,0.000000,0.000000,0.000000,0.000000,0.000000,0.000000,-0.000000,0.009226,-0.027679,0.118569,-0.118569,0.000000,-0.000000,0.381635,-0.114491,0.000000,-0.000000,0.000000,-0.000000,2.869333,4.393847,3.631590,0.500000,0.500000
141339,Paulo Roberto,ATA,294,CFC,6,45,45,casa,263,BOT,2026-10-12 16:00:00,30,0.056402,0.451217,0.070052,0.350262,0.000000,0.000000,0.000000,0.000000,0.000000,0.000000,0.621403,0.310701,0.000000,0.000000,0.000000,-0.000000,0.657898,0.986847,0.000000,0.000000,0.000000,0.000000,0.000000,0.000000,0.000000,-0.000000,0.001667,-0.005000,0.103051,-0.103051,0.000000,-0.000000,0.476448,-0.142935,0.000000,-0.000000,0.000000,-0.000000,1.848042,5.378869,3.613455,0.500000,0.500000
143153,Tarzia,ATA,287,VIT,3,45,45,fora,276,SAO,2026-10-10 21:00:00,30,0.000731,0.005850,0.080877,0.404383,0.000000,0.000000,0.456627,0.547952,0.666667,0.533333,1.752258,0.876129,0.000000,0.000000,0.249572,-0.024957,0.658329,0.987493,0.000000,0.000000,0.000000,0.000000,0.000000,0.000000,0.000000,-0.000000,0.000000,-0.000000,0.125955,-0.125955,0.000000,-0.000000,0.986189,-0.295857,0.000000,-0.000000,0.000000,-0.000000,2.908371,4.278827,3.593599,0.500000,0.500000
101002,Júnior Santos,ATA,263,BOT,6,45,45,fora,294,CFC,2026-10-12 16:00:00,30,0.000627,0.005015,0.071693,0.358465,0.012456,0.037369,0.003839,0.004607,1.666667,1.333333,0.582858,0.291429,0.000000,0.000000,0.774047,-0.077405,0.326934,0.490400,0.000000,0.000000,0.000000,0.000000,0.000000,0.000000,0.000000,-0.000000,0.000000,-0.000000,0.108740,-0.108740,0.000000,-0.000000,1.232649,-0.369795,0.000000,-0.000000,0.000000,-0.000000,1.964679,5.149373,3.557026,0.500000,0.500000
110598,Marino Hinestroza,ATA,267,VAS,6,45,45,casa,364,REM,2026-10-10 18:00:00,30,0.000000,0.000000,0.074606,0.373028,0.001140,0.003419,0.000000,0.000000,1.333333,1.066667,0.586469,0.293234,0.000000,0.000000,0.000000,-0.000000,0.903742,1.355613,0.000000,0.000000,0.000000,0.000000,0.000000,0.000000,0.000000,-0.000000,0.000000,-0.000000,0.109673,-0.109673,0.000000,-0.000000,0.795949,-0.238785,0.000000,-0.000000,0.000000,-0.000000,2.743504,4.299358,3.521431,0.500000,0.500000
105089,Tetê,ATA,284,GRE,6,45,45,casa,285,INT,2026-10-11 17:30:00,30,0.003773,0.030186,0.079817,0.399085,0.000017,0.000052,0.828679,0.994415,0.666667,0.533333,0.755560,0.377780,0.000000,0.000000,0.012456,-0.001246,0.968311,1.452466,0.000000,0.000000,0.000000,0.000000,0.000000,0.000000,0.000000,-0.000000,0.000000,-0.000000,0.121436,-0.121436,0.000000,-0.000000,0.541835,-0.162551,0.000000,-0.000000,0.000000,-0.000000,3.502086,3.490291,3.496188,0.500000,0.500000
124424,Rodrigo Castillo,ATA,266,FLU,6,45,45,fora,262,FLA,2026-10-11 17:30:00,30,0.140865,1.126918,0.074557,0.372785,0.000000,0.000000,0.020657,0.024789,0.000000,0.000000,0.849367,0.424684,0.000000,0.000000,0.042445,-0.004245,0.840446,1.260670,0.000000,0.000000,0.000000,0.000000,0.000000,0.000000,0.000000,-0.000000,0.001190,-0.003571,0.113476,-0.113476,0.000000,-0.000000,0.687282,-0.206185,0.000000,-0.000000,0.000000,-0.000000,2.882369,4.073576,3.477972,0.500000,0.500000
93478,Wanderson,ATA,283,CRU,6,45,45,fora,280,RBB,2026-10-12 21:00:00,30,0.247557,1.980459,0.079232,0.396159,0.000000,0.000000,0.149208,0.179050,0.333333,0.266667,0.609954,0.304977,0.000000,0.000000,0.013635,-0.001363,0.564472,0.846709,0.000000,0.000000,0.000000,0.000000,0.000000,0.000000,0.000000,-0.000000,0.005208,-0.015625,0.124417,-0.124417,0.000000,-0.000000,0.552316,-0.165695,0.000000,-0.000000,0.000000,-0.000000,3.666920,3.223994,3.445457,0.500000,0.500000
108946,Victor Sá,ATA,276,SAO,6,45,45,casa,287,VIT,2026-10-10 21:00:00,30,0.000000,0.000000,0.070460,0.352302,0.000000,0.000000,0.136125,0.163350,0.000000,0.000000,0.840903,0.420451,0.000000,0.000000,0.000000,-0.000000,0.642792,0.964187,0.000000,0.000000,0.000000,0.000000,0.000000,0.000000,0.000000,-0.000000,0.000000,-0.000000,0.111400,-0.111400,0.000000,-0.000000,0.653459,-0.196038,0.000000,-0.000000,0.000000,-0.000000,1.592852,5.287700,3.440276,0.500000,0.500000
106199,Gabriel Pec,ATA,283,CRU,5,45,45,fora,280,RBB,2026-10-12 21:00:00,30,0.000000,0.000000,0.070479,0.352396,0.000000,0.000000,1.000000,1.200000,1.000000,0.800000,1.476739,0.738370,0.000000,0.000000,1.000000,-0.100000,0.550315,0.825472,0.000000,0.000000,0.000000,0.000000,0.000000,0.000000,0.000000,-0.000000,0.000000,-0.000000,0.110117,-0.110117,0.000000,-0.000000,0.333514,-0.100054,0.000000,-0.000000,0.000000,-0.000000,3.606066,3.223218,3.414642,0.500000,0.500000
151120,Jorge Rivaldo,ATA,293,CAP,6,45,45,fora,315,CHA,2026-10-12 19:30:00,30,0.247500,1.980000,0.070022,0.350109,0.000000,0.000000,0.136125,0.163350,0.333333,0.266667,0.654097,0.327049,0.000000,0.000000,0.136125,-0.013613,0.599683,0.899524,0.000000,0.000000,0.000000,0.000000,0.000000,0.000000,0.000000,-0.000000,0.000000,-0.000000,0.106289,-0.106289,0.000000,-0.000000,1.077867,-0.323360,0.000000,-0.000000,0.000000,-0.000000,3.543437,3.262989,3.403213,0.500000,0.500000
89840,Calleri,ATA,276,SAO,7,95,85,casa,287,VIT,2026-10-10 21:00:00,30,0.260135,2.081082,0.082428,0.412139,0.000000,0.000000,0.041686,0.050023,0.333333,0.266667,1.067752,0.533876,0.000000,0.000000,0.699932,-0.069993,0.741833,1.112750,0.000000,0.000000,0.000000,0.000000,0.000000,0.000000,0.000000,-0.000000,0.000000,-0.000000,0.121487,-0.121487,0.000000,-0.000000,1.169433,-0.350830,0.000000,-0.000000,0.000000,-0.000000,3.914226,2.752681,3.333453,0.500000,0.500000
114801,Danilo Pereira,ATA,263,BOT,2,45,45,fora,294,CFC,2026-10-12 16:00:00,30,0.000000,0.000000,0.069274,0.346371,0.000000,0.000000,0.774852,0.929823,1.000000,0.800000,0.857874,0.428937,0.000000,0.000000,0.116047,-0.011605,0.421003,0.631504,0.000000,0.000000,0.000000,0.000000,0.000000,0.000000,0.000000,-0.000000,0.000000,-0.000000,0.108342,-0.108342,0.000000,-0.000000,0.941013,-0.282304,0.000000,-0.000000,0.000000,-0.000000,2.734384,3.914144,3.324264,0.500000,0.500000
78435,Vitinho,ATA,264,COR,6,45,45,fora,275,PAL,2026-10-11 17:30:00,30,0.000000,0.000000,0.066286,0.331431,0.000000,0.000000,0.035104,0.042125,1.000000,0.800000,0.927180,0.463590,0.000000,0.000000,0.000000,-0.000000,1.125140,1.687710,0.000000,0.000000,0.000000,0.000000,0.000000,0.000000,0.000000,-0.000000,0.026890,-0.080670,0.112103,-0.112103,0.000000,-0.000000,0.507494,-0.152248,0.000000,-0.000000,0.000000,-0.000000,2.979836,3.626586,3.303211,0.500000,0.500000
122121,Túlio Eduardo,ATA,315,CHA,7,95,85,casa,293,CAP,2026-10-12 19:30:00,30,0.275181,2.201445,0.074034,0.370168,0.000000,0.000000,0.259658,0.311590,0.333333,0.266667,0.831036,0.415518,0.000000,0.000000,0.299931,-0.029993,0.486293,0.729439,0.000000,0.000000,0.000000,0.000000,0.000000,0.000000,0.000000,-0.000000,0.000000,-0.000000,0.112942,-0.112942,0.000000,-0.000000,1.398769,-0.419631,0.000000,-0.000000,0.000000,-0.000000,3.732261,2.742100,3.237180,0.500000,0.500000
86757,Everton,ATA,277,SAN,6,45,45,fora,282,CAM,2026-10-11 16:00:00,30,0.000000,0.000000,0.069327,0.346633,0.000000,0.000000,0.902533,1.083040,1.333333,1.066667,0.907074,0.453537,0.000000,0.000000,0.000000,-0.000000,0.540465,0.810698,0.000000,0.000000,0.000000,0.000000,0.000000,0.000000,0.000000,-0.000000,0.004167,-0.012500,0.111104,-0.111104,0.000000,-0.000000,0.844924,-0.253477,0.000000,-0.000000,0.000000,-0.000000,3.383492,3.057005,3.220249,0.500000,0.500000
114405,Sinisterra,ATA,283,CRU,5,45,45,fora,280,RBB,2026-10-12 21:00:00,30,0.074869,0.598950,0.072592,0.362958,0.000000,0.000000,0.322369,0.386843,0.666667,0.533333,0.579768,0.289884,0.000000,0.000000,0.000000,-0.000000,0.741488,1.112232,0.000000,0.000000,0.000000,0.000000,0.000000,0.000000,0.000000,-0.000000,0.020937,-0.062812,0.112593,-0.112593,0.000000,-0.000000,0.469157,-0.140747,0.000000,-0.000000,0.000000,-0.000000,2.968047,3.468530,3.218289,0.500000,0.500000
87258,Soteldo,ATA,266,FLU,6,45,45,fora,262,FLA,2026-10-11 17:30:00,30,0.000000,0.000000,0.068927,0.344637,0.000000,0.000000,0.098867,0.118641,0.000000,0.000000,0.984575,0.492287,0.000000,0.000000,0.000190,-0.000019,0.875196,1.312794,0.000000,0.000000,0.000000,0.000000,0.000000,0.000000,0.000000,-0.000000,0.011905,-0.035714,0.119620,-0.119620,0.000000,-0.000000,0.330137,-0.099041,0.000000,-0.000000,0.000000,-0.000000,2.013965,4.367564,3.190764,0.500000,0.500000
151404,Lucas Emanuel,ATA,263,BOT,6,45,45,fora,294,CFC,2026-10-12 16:00:00,30,0.000000,0.000000,0.065641,0.328205,0.000000,0.000000,1.000000,1.200000,0.000000,0.000000,0.891764,0.445882,0.000000,0.000000,0.000000,-0.000000,0.702442,1.053664,0.000000,0.000000,0.000000,0.000000,0.000000,0.000000,0.000000,-0.000000,0.000000,-0.000000,0.099262,-0.099262,0.000000,-0.000000,0.539960,-0.161988,0.000000,-0.000000,0.000000,-0.000000,2.766500,3.524274,3.145387,0.500000,0.500000
114040,Minda,ATA,282,CAM,6,45,45,casa,277,SAN,2026-10-11 16:00:00,30,0.004908,0.039263,0.075928,0.379640,0.000972,0.002915,0.603610,0.724332,0.666667,0.533333,0.703497,0.351748,0.001140,0.001140,0.139893,-0.013989,0.678746,1.018120,0.000000,0.000000,0.000000,0.000000,0.000000,0.000000,0.000000,-0.000000,0.000000,-0.000000,0.113026,-0.113026,0.000000,-0.000000,0.508056,-0.152417,0.000000,-0.000000,0.000000,-0.000000,2.771059,3.382042,3.076550,0.500000,0.500000
110144,Spinelli,ATA,267,VAS,6,45,45,casa,364,REM,2026-10-10 18:00:00,30,0.000345,0.002758,0.075742,0.378709,0.041178,0.123533,0.440950,0.529141,0.000000,0.000000,1.090166,0.545083,0.000000,0.000000,0.000000,-0.000000,0.728072,1.092108,0.000000,0.000000,0.000000,0.000000,0.000000,0.000000,0.000000,-0.000000,0.000000,-0.000000,0.111460,-0.111460,0.000000,-0.000000,1.114990,-0.334497,0.000000,-0.000000,0.000000,-0.000000,2.225375,3.927679,3.076527,0.500000,0.500000
133543,Gui Negão,ATA,264,COR,6,45,45,fora,275,PAL,2026-10-11 17:30:00,30,0.136125,1.089000,0.072690,0.363450,0.000000,0.000000,0.247500,0.297000,0.333333,0.266667,0.787590,0.393795,0.000000,0.000000,0.000000,-0.000000,0.458170,0.687255,0.000000,0.000000,0.000000,0.000000,0.000000,0.000000,0.000000,-0.000000,0.000000,-0.000000,0.107955,-0.107955,0.000000,-0.000000,0.802900,-0.240870,0.000000,-0.000000,0.000000,-0.000000,2.748341,3.371059,3.059700,0.500000,0.500000
117930,Lavega,ATA,294,CFC,2,45,45,casa,263,BOT,2026-10-12 16:00:00,30,0.002767,0.022134,0.080946,0.404731,0.000000,0.000000,0.023797,0.028557,0.666667,0.533333,1.024239,0.512120,0.000000,0.000000,0.000117,-0.000012,0.956081,1.434122,0.000000,0.000000,0.000000,0.000000,0.000000,0.000000,0.000000,-0.000000,0.000000,-0.000000,0.120655,-0.120655,0.000000,-0.000000,0.582042,-0.174613,0.000000,-0.000000,0.000000,-0.000000,2.639717,3.402936,3.021326,0.500000,0.500000
117909,Wesley,ATA,283,CRU,2,45,45,fora,280,RBB,2026-10-12 21:00:00,30,0.050328,0.402628,0.067985,0.339926,0.000000,0.000000,0.041178,0.049413,0.000000,0.000000,0.873426,0.436713,0.000000,0.000000,0.000000,-0.000000,1.012460,1.518690,0.000000,0.000000,0.000000,0.000000,0.000000,0.000000,0.000000,-0.000000,0.000000,-0.000000,0.105314,-0.105314,0.000000,-0.000000,0.545656,-0.163697,0.000000,-0.000000,0.000000,-0.000000,2.478359,3.555316,3.016837,0.500000,0.500000
123738,Herrera,ATA,280,RBB,6,45,45,casa,283,CRU,2026-10-12 21:00:00,30,0.000010,0.000076,0.079929,0.399645,0.000000,0.000000,0.639052,0.766862,0.333333,0.266667,0.825617,0.412808,0.000000,0.000000,0.000354,-0.000035,1.048918,1.573377,0.000000,0.000000,0.000000,0.000000,0.000000,0.000000,0.000000,-0.000000,0.000000,-0.000000,0.116571,-0.116571,0.000000,-0.000000,1.188532,-0.356560,0.000000,-0.000000,0.000000,-0.000000,2.946269,3.039976,2.993123,0.500000,0.500000
68952,Marinho,ATA,287,VIT,6,45,45,fora,276,SAO,2026-10-10 21:00:00,30,0.000000,0.000000,0.071923,0.359616,0.000000,0.000000,0.139893,0.167872,0.333333,0.266667,1.295685,0.647842,0.000000,0.000000,0.002786,-0.000279,0.619590,0.929384,0.000000,0.000000,0.000000,0.000000,0.000000,0.000000,0.000000,-0.000000,0.000000,-0.000000,0.108368,-0.108368,0.000000,-0.000000,0.836954,-0.251086,0.000000,-0.000000,0.000000,-0.000000,2.011648,3.903891,2.957770,0.500000,0.500000
108713,Galeano,ATA,364,REM,3,45,45,fora,267,VAS,2026-10-10 18:00:00,30,0.000000,0.000000,0.074842,0.374209,0.000000,0.000000,0.740049,0.888059,0.333333,0.266667,1.477015,0.738507,0.000000,0.000000,0.041282,-0.004128,0.697649,1.046473,0.000000,0.000000,0.000000,0.000000,0.000000,0.000000,0.000000,-0.000000,0.018631,-0.055893,0.112807,-0.112807,0.000000,-0.000000,1.037987,-0.311396,0.000000,-0.000000,0.000000,-0.000000,2.829692,3.074821,2.952256,0.500000,0.500000
101729,Fabinho,ATA,294,CFC,2,45,45,casa,263,BOT,2026-10-12 16:00:00,30,0.074869,0.598950,0.071307,0.356535,0.000000,0.000000,0.001393,0.001672,0.666667,0.533333,0.686144,0.343072,0.000000,0.000000,0.000000,-0.000000,0.620397,0.930595,0.000000,0.000000,0.000000,0.000000,0.000000,0.000000,0.000000,-0.000000,0.000000,-0.000000,0.111112,-0.111112,0.000000,-0.000000,0.620580,-0.186174,0.000000,-0.000000,0.000000,-0.000000,2.466871,3.376030,2.921451,0.500000,0.500000
142086,Kauan Toledo,ATA,263,BOT,6,45,45,fora,294,CFC,2026-10-12 16:00:00,30,0.000000,0.000000,0.070498,0.352491,0.000000,0.000000,0.330742,0.396891,0.333333,0.266667,0.897163,0.448582,0.000000,0.000000,0.074869,-0.007487,0.751319,1.126979,0.000000,0.000000,0.000000,0.000000,0.000000,0.000000,0.000000,-0.000000,0.000000,-0.000000,0.109754,-0.109754,0.000000,-0.000000,0.670544,-0.201163,0.000000,-0.000000,0.000000,-0.000000,2.273206,3.521984,2.897595,0.500000,0.500000
97911,Lucas Silva,ATA,287,VIT,7,95,85,fora,276,SAO,2026-10-10 21:00:00,30,0.000000,0.000000,0.069392,0.346961,0.000000,0.000000,0.900000,1.080000,0.666667,0.533333,0.773314,0.386657,0.000000,0.000000,0.000000,-0.000000,0.715026,1.072539,0.000000,0.000000,0.000000,0.000000,0.000000,0.000000,0.000000,-0.000000,0.007411,-0.022232,0.109202,-0.109202,0.000000,-0.000000,0.692266,-0.207680,0.000000,-0.000000,0.000000,-0.000000,3.080376,2.698161,2.889269,0.500000,0.500000
131967,Villarreal,ATA,283,CRU,6,45,45,fora,280,RBB,2026-10-12 21:00:00,30,0.004740,0.037918,0.072352,0.361758,0.006851,0.020553,0.012865,0.015438,0.000000,0.000000,0.893551,0.446775,0.000000,0.000000,0.136125,-0.013613,0.588699,0.883049,0.000000,0.000000,0.000000,0.000000,0.000000,0.000000,0.000000,-0.000000,0.000000,-0.000000,0.110605,-0.110605,0.000000,-0.000000,0.362349,-0.108705,0.000000,-0.000000,0.000000,-0.000000,1.532569,4.195834,2.864201,0.500000,0.500000
82627,Luiz Araújo,ATA,262,FLA,6,45,45,casa,266,FLU,2026-10-11 17:30:00,30,0.041367,0.330940,0.075567,0.377834,0.000000,0.000000,0.022648,0.027177,0.000000,0.000000,0.897836,0.448918,0.000000,0.000000,0.000190,-0.000019,0.797867,1.196801,0.000000,0.000000,0.000000,0.000000,0.000000,0.000000,0.000000,-0.000000,0.000000,-0.000000,0.110669,-0.110669,0.000000,-0.000000,0.596258,-0.178877,0.333333,-0.333333,0.000000,-0.000000,1.758771,3.951231,2.855001,0.500000,0.500000
147883,João Vitor,ATA,267,VAS,6,45,45,casa,364,REM,2026-10-10 18:00:00,30,0.000000,0.000000,0.073616,0.368078,0.000000,0.000000,0.000000,0.000000,0.000000,0.000000,0.693295,0.346648,0.000000,0.000000,0.000000,-0.000000,1.701306,2.551959,0.000000,0.000000,0.000000,0.000000,0.000000,0.000000,0.000000,-0.000000,0.000000,-0.000000,0.111555,-0.111555,0.000000,-0.000000,0.699037,-0.209711,0.000000,-0.000000,0.000000,-0.000000,2.945418,2.735384,2.840401,0.500000,0.500000
142764,Franco Rossi,ATA,315,CHA,6,45,45,casa,293,CAP,2026-10-12 19:30:00,30,0.000000,0.000000,0.069791,0.348953,0.000000,0.000000,0.742500,0.891000,0.333333,0.266667,1.059807,0.529904,0.000000,0.000000,0.000000,-0.000000,0.357708,0.536562,0.000000,0.000000,0.000000,0.000000,0.000000,0.000000,0.000000,-0.000000,0.000000,-0.000000,0.102152,-0.102152,0.000000,-0.000000,0.700231,-0.210069,0.000000,-0.000000,0.000000,-0.000000,2.260864,3.368991,2.814927,0.500000,0.500000
117403,Renato Marques,ATA,294,CFC,6,45,45,casa,263,BOT,2026-10-12 16:00:00,30,0.000000,0.000000,0.069162,0.345810,0.136125,0.408375,0.027681,0.033217,0.333333,0.266667,0.760519,0.380260,0.000000,0.000000,0.000000,-0.000000,0.301890,0.452835,0.000000,0.000000,0.000000,0.000000,0.000000,0.000000,0.000000,-0.000000,0.000000,-0.000000,0.100524,-0.100524,0.000000,-0.000000,0.272922,-0.081877,0.000000,-0.000000,0.000000,-0.000000,1.704763,3.887222,2.795992,0.500000,0.500000
93988,Breno Lopes,ATA,294,CFC,7,95,85,casa,263,BOT,2026-10-12 16:00:00,30,0.002692,0.021533,0.079166,0.395829,0.000000,0.000000,0.162348,0.194818,0.333333,0.266667,1.060587,0.530294,0.000627,0.000627,0.367644,-0.036764,0.722269,1.083404,0.000000,0.000000,0.000000,0.000000,0.000000,0.000000,0.000000,-0.000000,0.000000,-0.000000,0.119621,-0.119621,0.000000,-0.000000,0.471315,-0.141394,0.000000,-0.000000,0.000000,-0.000000,2.195391,3.373838,2.784615,0.500000,0.500000
99789,Brenner,ATA,267,VAS,6,45,45,casa,364,REM,2026-10-10 18:00:00,30,0.001140,0.009119,0.074158,0.370790,0.000843,0.002529,0.274759,0.329710,0.333333,0.266667,0.774265,0.387133,0.000000,0.000000,0.941178,-0.094118,0.537599,0.806399,0.000000,0.000000,0.000000,0.000000,0.000000,0.000000,0.000000,-0.000000,0.000000,-0.000000,0.108876,-0.108876,0.000000,-0.000000,0.597046,-0.179114,0.000000,-0.000000,0.000000,-0.000000,1.790238,3.759055,2.774646,0.500000,0.500000
143463,Wesley Natã,ATA,266,FLU,6,45,45,fora,262,FLA,2026-10-11 17:30:00,30,0.000000,0.000000,0.061753,0.308766,0.000000,0.000000,0.000000,0.000000,0.500000,0.400000,0.567428,0.283714,0.000000,0.000000,0.000000,-0.000000,0.455237,0.682856,0.000000,0.000000,0.000000,0.000000,0.000000,0.000000,0.000000,-0.000000,0.000000,-0.000000,0.107772,-0.107772,0.000000,-0.000000,0.896616,-0.268985,0.000000,-0.000000,0.000000,-0.000000,1.298579,4.230172,2.764375,0.500000,0.500000
137542,Kaique Kenji,ATA,283,CRU,6,45,45,fora,280,RBB,2026-10-12 21:00:00,30,0.006851,0.054808,0.069520,0.347599,0.000000,0.000000,0.495296,0.594355,0.000000,0.000000,0.577834,0.288917,0.000000,0.000000,0.000000,-0.000000,0.312605,0.468908,0.000000,0.000000,0.000000,0.000000,0.000000,0.000000,0.000000,-0.000000,0.000000,-0.000000,0.104173,-0.104173,0.000000,-0.000000,0.987779,-0.296334,0.000000,-0.000000,0.000000,-0.000000,1.354079,4.116489,2.735284,0.500000,0.500000
68920,Dudu,ATA,282,CAM,7,95,85,casa,277,SAN,2026-10-11 16:00:00,30,0.002177,0.017414,0.074634,0.373170,0.000000,0.000000,0.481047,0.577256,0.333333,0.266667,0.636732,0.318366,0.000000,0.000000,0.000000,-0.000000,0.625423,0.938134,0.000000,0.000000,0.000000,0.000000,0.000000,0.000000,0.000000,-0.000000,0.000000,-0.000000,0.109183,-0.109183,0.000000,-0.000000,0.363748,-0.109124,0.000000,-0.000000,0.000000,-0.000000,2.272701,3.161993,2.717347,0.500000,0.500000
80076,Zé Roberto,ATA,2305,MIR,6,45,45,fora,265,BAH,2026-10-11 19:30:00,30,0.000000,0.000000,0.065641,0.328205,0.000000,0.000000,1.000000,1.200000,0.000000,0.000000,0.891764,0.445882,0.000000,0.000000,0.000000,-0.000000,0.702442,1.053664,0.000000,0.000000,0.000000,0.000000,0.000000,0.000000,0.000000,-0.000000,0.000000,-0.000000,0.099262,-0.099262,0.000000,-0.000000,0.539960,-0.161988,0.000000,-0.000000,0.000000,-0.000000,2.766500,2.630581,2.698540,0.500000,0.500000
146624,Heittor,ATA,275,PAL,6,45,45,casa,264,COR,2026-10-11 17:30:00,30,0.000000,0.000000,0.066704,0.333518,0.000000,0.000000,0.000000,0.000000,0.000000,0.000000,0.566475,0.283238,0.000000,0.000000,0.302500,-0.030250,0.724478,1.086717,0.000000,0.000000,0.000000,0.000000,0.000000,0.000000,0.000000,-0.000000,0.000000,-0.000000,0.096280,-0.096280,0.000000,-0.000000,0.651220,-0.195366,0.000000,-0.000000,0.000000,-0.000000,1.381577,3.915004,2.648291,0.500000,0.500000
103626,Ocampo,ATA,294,CFC,6,45,45,casa,263,BOT,2026-10-12 16:00:00,30,0.000000,0.000000,0.067636,0.338182,0.000000,0.000000,0.000000,0.000000,0.666667,0.533333,0.565720,0.282860,0.000000,0.000000,0.000000,-0.000000,0.713415,1.070123,0.000000,0.000000,0.000000,0.000000,0.000000,0.000000,0.000000,-0.000000,0.006667,-0.020000,0.098211,-0.098211,0.000000,-0.000000,0.744675,-0.223403,0.000000,-0.000000,0.000000,-0.000000,1.882885,3.394297,2.638591,0.500000,0.500000
101290,Ferreira,ATA,276,SAO,6,45,45,casa,287,VIT,2026-10-10 21:00:00,30,0.000199,0.001592,0.080484,0.402422,0.000000,0.000000,0.013997,0.016797,0.000000,0.000000,0.841395,0.420698,0.000000,0.000000,0.000000,-0.000000,0.920057,1.380085,0.000000,0.000000,0.000000,0.000000,0.000000,0.000000,0.000000,-0.000000,0.000000,-0.000000,0.119391,-0.119391,0.000000,-0.000000,0.604759,-0.181428,0.000000,-0.000000,0.000000,-0.000000,1.920775,3.225312,2.573043,0.500000,0.500000
104134,Fabri,ATA,287,VIT,6,45,45,fora,276,SAO,2026-10-10 21:00:00,30,0.000000,0.000000,0.070058,0.350288,0.008373,0.025120,0.015224,0.018269,0.666667,0.533333,0.607096,0.303548,0.000000,0.000000,0.000000,-0.000000,0.492054,0.738082,0.000000,0.000000,0.000000,0.000000,0.000000,0.000000,0.000000,-0.000000,0.000000,-0.000000,0.107031,-0.107031,0.000000,-0.000000,0.510758,-0.153227,0.000000,-0.000000,0.000000,-0.000000,1.708382,3.379486,2.543934,0.500000,0.500000
105563,Carlos Vinícius,ATA,284,GRE,7,95,85,casa,285,INT,2026-10-11 17:30:00,30,0.002309,0.018474,0.077605,0.388027,0.000002,0.000005,0.471610,0.565932,0.000000,0.000000,0.695485,0.347742,0.000000,0.000000,0.102060,-0.010206,0.480914,0.721372,0.000000,0.000000,0.000000,0.000000,0.000000,0.000000,0.000000,-0.000000,0.000000,-0.000000,0.110509,-0.110509,0.000000,-0.000000,0.648730,-0.194619,0.000000,-0.000000,0.000000,-0.000000,1.726218,3.319558,2.522888,0.500000,0.500000
142004,Amuzu,ATA,284,GRE,7,95,85,casa,285,INT,2026-10-11 17:30:00,30,0.000017,0.000139,0.077896,0.389481,0.000104,0.000313,0.042486,0.050983,0.000000,0.000000,1.289923,0.644961,0.000000,0.000000,0.247500,-0.024750,0.973974,1.460960,0.000000,0.000000,0.000000,0.000000,0.000000,0.000000,0.000000,-0.000000,0.003125,-0.009375,0.113909,-0.113909,0.000000,-0.000000,0.350242,-0.105073,0.000000,-0.000000,0.000000,-0.000000,2.293731,2.697830,2.495780,0.500000,0.500000
146375,Kadir,ATA,263,BOT,6,45,45,fora,294,CFC,2026-10-12 16:00:00,30,0.000000,0.000000,0.070434,0.352171,0.000000,0.000000,0.369737,0.443684,0.666667,0.533333,0.547692,0.273846,0.000000,0.000000,0.006851,-0.000685,0.611643,0.917465,0.000000,0.000000,0.000000,0.000000,0.000000,0.000000,0.000000,-0.000000,0.000000,-0.000000,0.107209,-0.107209,0.000000,-0.000000,1.161448,-0.348435,0.000000,-0.000000,0.000000,-0.000000,2.064170,2.917721,2.490946,0.500000,0.500000
121824,Kayke,ATA,264,COR,5,45,45,fora,275,PAL,2026-10-11 17:30:00,30,0.000000,0.000000,0.068648,0.343240,0.000000,0.000000,0.247500,0.297000,0.000000,0.000000,0.773449,0.386725,0.000000,0.000000,0.000000,-0.000000,0.660525,0.990788,0.000000,0.000000,0.000000,0.000000,0.000000,0.000000,0.000000,-0.000000,0.000000,-0.000000,0.104559,-0.104559,0.000000,-0.000000,0.531398,-0.159419,0.000000,-0.000000,0.000000,-0.000000,1.753774,3.212210,2.482992,0.500000,0.500000
124239,Henry Mosquera,ATA,280,RBB,6,45,45,casa,283,CRU,2026-10-12 21:00:00,30,0.000000,0.000000,0.073762,0.368809,0.000000,0.000000,0.750098,0.900117,0.000000,0.000000,0.620419,0.310210,0.000000,0.000000,0.044439,-0.004444,0.608790,0.913185,0.000000,0.000000,0.000000,0.000000,0.000000,0.000000,0.000000,-0.000000,0.000000,-0.000000,0.113660,-0.113660,0.000000,-0.000000,1.193968,-0.358190,0.000000,-0.000000,0.000000,-0.000000,2.016026,2.949107,2.482567,0.500000,0.500000
131617,André Silva,ATA,276,SAO,6,45,45,casa,287,VIT,2026-10-10 21:00:00,30,0.000000,0.000000,0.073579,0.367897,0.000000,0.000000,0.150889,0.181067,0.666667,0.533333,0.634871,0.317435,0.000000,0.000000,0.000000,-0.000000,0.549838,0.824756,0.000000,0.000000,0.000000,0.000000,0.000000,0.000000,0.000000,-0.000000,0.008571,-0.025714,0.108466,-0.108466,0.000000,-0.000000,0.712649,-0.213795,0.000000,-0.000000,0.000000,-0.000000,1.876513,3.065864,2.471188,0.500000,0.500000
98225,Pedro Raul,ATA,264,COR,6,45,45,fora,275,PAL,2026-10-11 17:30:00,30,0.012456,0.099650,0.070685,0.353423,0.000000,0.000000,0.233642,0.280370,0.333333,0.266667,0.517204,0.258602,0.000000,0.000000,0.263914,-0.026391,0.260925,0.391387,0.000000,0.000000,0.000000,0.000000,0.000000,0.000000,0.000000,-0.000000,0.000000,-0.000000,0.106256,-0.106256,0.000000,-0.000000,0.376291,-0.112887,0.000000,-0.000000,0.000000,-0.000000,1.404565,3.519159,2.461862,0.500000,0.500000
107700,Eduardo Melo,ATA,364,REM,6,45,45,fora,267,VAS,2026-10-10 18:00:00,30,0.000000,0.000000,0.066758,0.333791,0.000000,0.000000,0.450000,0.540000,0.500000,0.400000,0.689423,0.344712,0.000000,0.000000,0.550000,-0.055000,0.754919,1.132378,0.000000,0.000000,0.000000,0.000000,0.000000,0.000000,0.000000,-0.000000,0.000000,-0.000000,0.101438,-0.101438,0.000000,-0.000000,0.883085,-0.264925,0.000000,-0.000000,0.000000,-0.000000,2.329518,2.426218,2.377868,0.500000,0.500000
101314,Ademir,ATA,265,BAH,6,45,45,casa,2305,MIR,2026-10-11 19:30:00,30,0.003768,0.030144,0.079511,0.397556,0.000000,0.000000,0.025068,0.030082,0.000000,0.000000,0.779540,0.389770,0.000032,0.000032,0.428573,-0.042857,0.790359,1.185538,0.000000,0.000000,0.000000,0.000000,0.000000,0.000000,0.000000,-0.000000,0.000000,-0.000000,0.116329,-0.116329,0.000000,-0.000000,0.634524,-0.190357,0.000000,-0.000000,0.000000,-0.000000,1.683579,3.064282,2.373930,0.500000,0.500000
133690,Bruno Lopes,ATA,267,VAS,6,45,45,casa,364,REM,2026-10-10 18:00:00,30,0.000000,0.000000,0.067865,0.339323,0.000000,0.000000,1.000000,1.200000,1.000000,0.800000,0.469026,0.234513,0.000000,0.000000,0.000000,-0.000000,0.425723,0.638585,0.000000,0.000000,0.000000,0.000000,0.000000,0.000000,0.000000,-0.000000,0.002546,-0.007639,0.099289,-0.099289,0.000000,-0.000000,1.248345,-0.374504,0.000000,-0.000000,0.000000,-0.000000,2.730989,2.001715,2.366352,0.500000,0.500000
130121,João Costa,ATA,283,CRU,6,45,45,fora,280,RBB,2026-10-12 21:00:00,30,0.000000,0.000000,0.068982,0.344910,0.000000,0.000000,0.354606,0.425527,0.333333,0.266667,0.536669,0.268334,0.000000,0.000000,0.074869,-0.007487,0.623970,0.935956,0.000000,0.000000,0.000000,0.000000,0.000000,0.000000,0.000000,-0.000000,0.000000,-0.000000,0.105296,-0.105296,0.000000,-0.000000,0.507103,-0.152131,0.000000,-0.000000,0.000000,-0.000000,1.976479,2.703458,2.339969,0.500000,0.500000
142877,Villalba,ATA,263,BOT,6,45,45,fora,294,CFC,2026-10-12 16:00:00,30,0.001140,0.009119,0.071625,0.358125,0.000000,0.000000,0.041178,0.049413,0.333333,0.266667,0.575328,0.287664,0.000000,0.000000,0.000000,-0.000000,0.658571,0.987856,0.000000,0.000000,0.000000,0.000000,0.000000,0.000000,0.000000,-0.000000,0.000000,-0.000000,0.108461,-0.108461,0.000000,-0.000000,0.318537,-0.095561,0.000000,-0.000000,0.000000,-0.000000,1.754821,2.826435,2.290628,0.500000,0.500000
81720,Lingard,ATA,264,COR,6,45,45,fora,275,PAL,2026-10-11 17:30:00,30,0.000000,0.000000,0.072297,0.361486,0.000000,0.000000,0.013666,0.016399,0.333333,0.266667,0.579112,0.289556,0.000000,0.000000,0.003768,-0.000377,0.599984,0.899976,0.000000,0.000000,0.000000,0.000000,0.000000,0.000000,0.000000,-0.000000,0.013631,-0.040893,0.109213,-0.109213,0.000000,-0.000000,1.082788,-0.324836,0.000000,-0.000000,0.000000,-0.000000,1.358764,3.191127,2.274945,0.500000,0.500000
142265,Dell,ATA,265,BAH,6,45,45,casa,2305,MIR,2026-10-11 19:30:00,30,0.000000,0.000000,0.066944,0.334719,0.000000,0.000000,0.136125,0.163350,0.333333,0.266667,0.809251,0.404625,0.000000,0.000000,0.000000,-0.000000,1.058316,1.587474,0.000000,0.000000,0.000000,0.000000,0.000000,0.000000,0.000000,-0.000000,0.000000,-0.000000,0.096455,-0.096455,0.000000,-0.000000,0.513879,-0.154164,0.000000,-0.000000,0.000000,-0.000000,2.506216,1.985520,2.245868,0.500000,0.500000
140484,Riquelme Felipe,ATA,266,FLU,5,45,45,fora,262,FLA,2026-10-11 17:30:00,30,0.000000,0.000000,0.064706,0.323528,0.000000,0.000000,0.000000,0.000000,0.333333,0.266667,0.737913,0.368957,0.000000,0.000000,0.000000,-0.000000,0.509137,0.763705,0.000000,0.000000,0.000000,0.000000,0.000000,0.000000,0.000000,-0.000000,0.000000,-0.000000,0.105751,-0.105751,0.000000,-0.000000,0.580917,-0.174275,0.000000,-0.000000,0.000000,-0.000000,1.442831,2.968380,2.205605,0.500000,0.500000
103014,Laquintana,ATA,287,VIT,6,45,45,fora,276,SAO,2026-10-10 21:00:00,30,0.000000,0.000000,0.064953,0.324765,0.000000,0.000000,0.000000,0.000000,1.000000,0.800000,0.869370,0.434685,0.000000,0.000000,0.000000,-0.000000,0.627699,0.941549,0.000000,0.000000,0.000000,0.000000,0.000000,0.000000,0.000000,-0.000000,0.000000,-0.000000,0.097748,-0.097748,0.000000,-0.000000,0.923916,-0.277175,0.000000,-0.000000,0.000000,-0.000000,2.126076,2.256098,2.191087,0.500000,0.500000
116066,Rubens,ATA,315,CHA,6,45,45,casa,293,CAP,2026-10-12 19:30:00,30,0.003768,0.030144,0.069325,0.346627,0.000000,0.000000,0.012456,0.014948,0.000000,0.000000,0.454790,0.227395,0.000000,0.000000,0.000000,-0.000000,0.661201,0.991801,0.000000,0.000000,0.000000,0.000000,0.000000,0.000000,0.000000,-0.000000,0.000000,-0.000000,0.098047,-0.098047,0.000000,-0.000000,0.855109,-0.256533,0.000000,-0.000000,0.000000,-0.000000,1.256334,3.116075,2.186205,0.500000,0.500000
89368,Braithwaite,ATA,284,GRE,6,45,45,casa,285,INT,2026-10-11 17:30:00,30,0.000000,0.000000,0.074799,0.373994,0.000000,0.000000,0.450039,0.540046,0.000000,0.000000,0.827980,0.413990,0.000000,0.000000,0.046200,-0.004620,0.534469,0.801703,0.000000,0.000000,0.000000,0.000000,0.000000,0.000000,0.000000,-0.000000,0.004441,-0.013322,0.109044,-0.109044,0.000000,-0.000000,0.691164,-0.207349,0.000000,-0.000000,0.000000,-0.000000,1.795397,2.567652,2.181525,0.500000,0.500000
86292,Bolasie,ATA,315,CHA,6,45,45,casa,293,CAP,2026-10-12 19:30:00,30,0.002072,0.016579,0.072874,0.364368,0.012456,0.037369,0.083937,0.100725,0.000000,0.000000,0.769465,0.384732,0.000032,0.000032,0.001076,-0.000108,0.612728,0.919092,0.000000,0.000000,0.000000,0.000000,0.000000,0.000000,0.000000,-0.000000,0.000000,-0.000000,0.106896,-0.106896,0.000000,-0.000000,0.864841,-0.259452,0.000000,-0.000000,0.000000,-0.000000,1.456441,2.896164,2.176302,0.500000,0.500000
105518,Renan Peixoto,ATA,293,CAP,6,45,45,fora,315,CHA,2026-10-12 19:30:00,30,0.000000,0.000000,0.067259,0.336296,0.022648,0.067943,0.450000,0.540000,0.000000,0.000000,0.636027,0.318013,0.000000,0.000000,0.136125,-0.013613,0.205315,0.307972,0.000000,0.000000,0.000000,0.000000,0.000000,0.000000,0.000000,-0.000000,0.000000,-0.000000,0.100637,-0.100637,0.000000,-0.000000,0.794870,-0.238461,0.000000,-0.000000,0.000000,-0.000000,1.217514,3.113313,2.165413,0.500000,0.500000
141406,Andrey Fernandes,ATA,267,VAS,6,45,45,casa,364,REM,2026-10-10 18:00:00,30,0.000000,0.000000,0.067865,0.339323,0.000000,0.000000,1.000000,1.200000,0.000000,0.000000,0.902841,0.451421,0.000000,0.000000,0.000000,-0.000000,0.425723,0.638585,0.000000,0.000000,0.000000,0.000000,0.000000,0.000000,0.000000,-0.000000,0.002546,-0.007639,0.099289,-0.099289,0.000000,-0.000000,0.765965,-0.229789,0.000000,-0.000000,0.000000,-0.000000,2.292611,2.001715,2.147163,0.500000,0.500000
147268,Anderson Pato,ATA,287,VIT,6,45,45,fora,276,SAO,2026-10-10 21:00:00,30,0.000000,0.000000,0.066847,0.334233,0.000000,0.000000,0.000000,0.000000,0.333333,0.266667,0.454903,0.227452,0.000000,0.000000,0.000000,-0.000000,0.609468,0.914203,0.000000,0.000000,0.000000,0.000000,0.000000,0.000000,0.000000,-0.000000,0.000000,-0.000000,0.098271,-0.098271,0.000000,-0.000000,0.515084,-0.154525,0.000000,-0.000000,0.000000,-0.000000,1.489758,2.792191,2.140974,0.500000,0.500000
109097,Jovane Cabral,ATA,284,GRE,5,45,45,casa,285,INT,2026-10-11 17:30:00,30,0.000000,0.000000,0.069169,0.345845,0.000000,0.000000,0.074869,0.089843,0.000000,0.000000,0.880931,0.440465,0.000000,0.000000,0.000000,-0.000000,0.809551,1.214326,0.000000,0.000000,0.000000,0.000000,0.000000,0.000000,0.000000,-0.000000,0.000000,-0.000000,0.104538,-0.104538,0.000000,-0.000000,0.681670,-0.204501,0.000000,-0.000000,0.000000,-0.000000,1.781439,2.479331,2.130385,0.500000,0.500000
68996,Willian José,ATA,265,BAH,6,45,45,casa,2305,MIR,2026-10-11 19:30:00,30,0.000648,0.005182,0.075663,0.378316,0.022648,0.067943,0.013669,0.016403,0.333333,0.266667,0.549078,0.274539,0.002072,0.002072,0.000000,-0.000000,0.527322,0.790983,0.000000,0.000000,0.000000,0.000000,0.000000,0.000000,0.000000,-0.000000,0.000000,-0.000000,0.109911,-0.109911,0.000000,-0.000000,0.681116,-0.204335,0.000000,-0.000000,0.000000,-0.000000,1.487860,2.751041,2.119451,0.500000,0.500000
86485,Keno,ATA,294,CFC,6,45,45,casa,263,BOT,2026-10-12 16:00:00,30,0.000000,0.000000,0.068827,0.344137,0.000000,0.000000,0.074869,0.089843,0.000000,0.000000,0.963587,0.481794,0.000000,0.000000,0.450000,-0.045000,0.359749,0.539624,0.000000,0.000000,0.000000,0.000000,0.000000,0.000000,0.000000,-0.000000,0.000000,-0.000000,0.099526,-0.099526,0.000000,-0.000000,0.379384,-0.113815,0.000000,-0.000000,0.000000,-0.000000,1.197055,3.035533,2.116294,0.500000,0.500000
145379,Kauê Furquim,ATA,265,BAH,6,45,45,casa,2305,MIR,2026-10-11 19:30:00,30,0.000000,0.000000,0.070309,0.351545,0.000000,0.000000,0.000000,0.000000,0.000000,0.000000,1.160067,0.580034,0.000000,0.000000,0.000000,-0.000000,0.912222,1.368333,0.000000,0.000000,0.000000,0.000000,0.000000,0.000000,0.000000,-0.000000,0.000000,-0.000000,0.099626,-0.099626,0.000000,-0.000000,0.721391,-0.216417,0.000000,-0.000000,0.000000,-0.000000,1.983868,2.194517,2.089193,0.500000,0.500000
93371,Rodrigo Rodrigues,ATA,294,CFC,6,45,45,casa,263,BOT,2026-10-12 16:00:00,30,0.000000,0.000000,0.063372,0.316862,0.000000,0.000000,0.000000,0.000000,0.000000,0.000000,0.323464,0.161732,0.000000,0.000000,0.000000,-0.000000,0.739280,1.108920,0.000000,0.000000,0.000000,0.000000,0.000000,0.000000,0.000000,-0.000000,0.000000,-0.000000,0.089846,-0.089846,0.000000,-0.000000,1.094913,-0.328474,0.000000,-0.000000,0.000000,-0.000000,1.169195,2.990587,2.079891,0.500000,0.500000
150251,Joaquín Freitas,ATA,262,FLA,6,45,45,casa,266,FLU,2026-10-11 17:30:00,30,0.000000,0.000000,0.065157,0.325787,0.000000,0.000000,0.000000,0.000000,0.000000,0.000000,0.923514,0.461757,0.000000,0.000000,0.000000,-0.000000,0.648442,0.972664,0.000000,0.000000,0.000000,0.000000,0.000000,0.000000,0.000000,-0.000000,0.005625,-0.016875,0.103607,-0.103607,0.000000,-0.000000,0.809246,-0.242774,0.000000,-0.000000,0.000000,-0.000000,1.396952,2.738354,2.067653,0.500000,0.500000
101715,Alerrandro,ATA,285,INT,7,95,85,fora,284,GRE,2026-10-11 17:30:00,30,0.009028,0.072221,0.074505,0.372523,0.000000,0.000000,0.067711,0.081253,0.333333,0.266667,1.044292,0.522146,0.000000,0.000000,0.013625,-0.001362,0.888834,1.333251,0.000000,0.000000,0.000000,0.000000,0.000000,0.000000,0.000000,-0.000000,0.000000,-0.000000,0.112259,-0.112259,0.000000,-0.000000,1.104758,-0.331427,0.000000,-0.000000,0.000000,-0.000000,2.203012,1.931084,2.067048,0.500000,0.500000
147089,Cauã Soares,ATA,282,CAM,6,45,45,casa,277,SAN,2026-10-11 16:00:00,30,0.000000,0.000000,0.068075,0.340374,0.000000,0.000000,0.500328,0.600394,0.000000,0.000000,0.416028,0.208014,0.000000,0.000000,0.000000,-0.000000,0.388261,0.582392,0.000000,0.000000,0.000000,0.000000,0.000000,0.000000,0.000000,-0.000000,0.000000,-0.000000,0.098391,-0.098391,0.000000,-0.000000,0.424595,-0.127379,0.000000,-0.000000,0.000000,-0.000000,1.505404,2.397821,1.951613,0.500000,0.500000
123795,Lucho Rodríguez,ATA,283,CRU,6,45,45,fora,280,RBB,2026-10-12 21:00:00,30,0.000000,0.000000,0.062791,0.313955,0.091506,0.274519,0.074869,0.089843,0.000000,0.000000,0.621221,0.310610,0.000000,0.000000,0.000000,-0.000000,0.701105,1.051657,0.000000,0.000000,0.000000,0.000000,0.000000,0.000000,0.000000,-0.000000,0.000000,-0.000000,0.106624,-0.106624,0.000000,-0.000000,0.763667,-0.229100,0.000000,-0.000000,0.000000,-0.000000,1.704860,2.195637,1.950248,0.500000,0.500000
42222,Osvaldo,ATA,287,VIT,6,45,45,fora,276,SAO,2026-10-10 21:00:00,30,0.000000,0.000000,0.064380,0.321902,0.000000,0.000000,0.000000,0.000000,0.500000,0.400000,0.403178,0.201589,0.000000,0.000000,0.000000,-0.000000,0.626131,0.939196,0.000000,0.000000,0.000000,0.000000,0.000000,0.000000,0.000000,-0.000000,0.000000,-0.000000,0.096231,-0.096231,0.000000,-0.000000,0.503603,-0.151081,0.000000,-0.000000,0.000000,-0.000000,1.615375,2.240706,1.928041,0.500000,0.500000
84042,Tiquinho Soares,ATA,263,BOT,6,45,45,fora,294,CFC,2026-10-12 16:00:00,30,0.000000,0.000000,0.067930,0.339652,0.000000,0.000000,0.149827,0.179792,0.000000,0.000000,0.635248,0.317624,0.000000,0.000000,0.957456,-0.095746,0.091455,0.137183,0.000000,0.000000,0.000000,0.000000,0.000000,0.000000,0.000000,-0.000000,0.000000,-0.000000,0.101687,-0.101687,0.000000,-0.000000,0.311494,-0.093448,0.000000,-0.000000,0.000000,-0.000000,0.683370,3.159065,1.921217,0.500000,0.500000
109114,Matheus Nascimento,ATA,284,GRE,5,45,45,casa,285,INT,2026-10-11 17:30:00,30,0.000000,0.000000,0.066977,0.334883,0.000000,0.000000,1.000000,1.200000,0.000000,0.000000,0.441033,0.220517,0.000000,0.000000,0.000000,-0.000000,0.313289,0.469933,0.000000,0.000000,0.000000,0.000000,0.000000,0.000000,0.000000,-0.000000,0.000463,-0.001389,0.097399,-0.097399,0.000000,-0.000000,0.800875,-0.240262,0.000000,-0.000000,0.000000,-0.000000,1.886282,1.842291,1.864287,0.500000,0.500000
104666,Moisés,ATA,277,SAN,6,45,45,fora,282,CAM,2026-10-11 16:00:00,30,0.016224,0.129795,0.069493,0.347464,0.000000,0.000000,0.052563,0.063076,0.000000,0.000000,0.419937,0.209968,0.001140,0.001140,0.000000,-0.000000,0.486091,0.729137,0.000000,0.000000,0.000000,0.000000,0.000000,0.000000,0.000000,-0.000000,0.000000,-0.000000,0.104290,-0.104290,0.000000,-0.000000,0.314540,-0.094362,0.000000,-0.000000,0.000000,-0.000000,1.281927,2.441461,1.861694,0.500000,0.500000
140542,Ryan Francisco,ATA,276,SAO,2,45,45,casa,287,VIT,2026-10-10 21:00:00,30,0.000000,0.000000,0.064382,0.321910,0.000000,0.000000,0.000000,0.000000,0.000000,0.000000,0.357055,0.178528,0.000000,0.000000,0.000000,-0.000000,0.800044,1.200067,0.000000,0.000000,0.000000,0.000000,0.000000,0.000000,0.000000,-0.000000,0.000000,-0.000000,0.091942,-0.091942,0.000000,-0.000000,0.289376,-0.086813,0.000000,-0.000000,0.000000,-0.000000,1.521749,2.048511,1.785130,0.500000,0.500000
113158,Marquinhos,ATA,283,CRU,6,45,45,fora,280,RBB,2026-10-12 21:00:00,30,0.000000,0.000000,0.064497,0.322485,0.000000,0.000000,0.000000,0.000000,0.000000,0.000000,1.079949,0.539974,0.000000,0.000000,0.000000,-0.000000,0.394622,0.591933,0.000000,0.000000,0.000000,0.000000,0.000000,0.000000,0.000000,-0.000000,0.000000,-0.000000,0.096504,-0.096504,0.000000,-0.000000,0.472478,-0.141743,0.000000,-0.000000,0.000000,-0.000000,1.216145,2.289777,1.752961,0.500000,0.500000
107300,Alex Bruno,ATA,287,VIT,6,45,45,fora,276,SAO,2026-10-10 21:00:00,30,0.000000,0.000000,0.064818,0.324090,0.000000,0.000000,0.000000,0.000000,0.500000,0.400000,0.641905,0.320953,0.000000,0.000000,0.000000,-0.000000,0.269959,0.404939,0.000000,0.000000,0.000000,0.000000,0.000000,0.000000,0.000000,-0.000000,0.000000,-0.000000,0.097194,-0.097194,0.000000,-0.000000,0.558100,-0.167430,0.000000,-0.000000,0.000000,-0.000000,1.185357,2.320530,1.752944,0.500000,0.500000
151412,Kássio,ATA,315,CHA,6,45,45,casa,293,CAP,2026-10-12 19:30:00,30,0.000000,0.000000,0.067508,0.337540,0.000000,0.000000,0.000000,0.000000,0.000000,0.000000,0.457829,0.228914,0.000000,0.000000,0.000000,-0.000000,0.171760,0.257640,0.000000,0.000000,0.000000,0.000000,0.000000,0.000000,0.000000,-0.000000,0.009907,-0.029722,0.098529,-0.098529,0.000000,-0.000000,0.560737,-0.168221,0.000000,-0.000000,0.000000,-0.000000,0.527623,2.907124,1.717373,0.500000,0.500000
108133,Isidro Pitta,ATA,280,RBB,6,45,45,casa,283,CRU,2026-10-12 21:00:00,30,0.002330,0.018639,0.076332,0.381661,0.022648,0.067943,0.154639,0.185566,0.000000,0.000000,0.627709,0.313855,0.003768,0.003768,0.686736,-0.068674,0.371674,0.557510,0.000000,0.000000,0.000000,0.000000,0.000000,0.000000,0.000000,-0.000000,0.000000,-0.000000,0.112359,-0.112359,0.000000,-0.000000,0.785605,-0.235682,0.000000,-0.000000,0.000000,-0.000000,1.112230,2.319808,1.716019,0.500000,0.500000
92696,Renato Kayzer,ATA,287,VIT,6,45,45,fora,276,SAO,2026-10-10 21:00:00,30,0.002168,0.017347,0.071346,0.356730,0.000000,0.000000,0.075252,0.090303,0.000000,0.000000,0.447592,0.223796,0.000000,0.000000,0.032529,-0.003253,0.169054,0.253582,0.000000,0.000000,0.000000,0.000000,0.000000,0.000000,0.000000,-0.000000,0.000000,-0.000000,0.106768,-0.106768,0.000000,-0.000000,0.548377,-0.164513,0.000000,-0.000000,0.000000,-0.000000,0.667222,2.727222,1.697222,0.500000,0.500000
136955,Sanabria,ATA,265,BAH,6,45,45,casa,2305,MIR,2026-10-11 19:30:00,30,0.013596,0.108769,0.072822,0.364112,0.000000,0.000000,0.000421,0.000506,0.666667,0.533333,0.789727,0.394864,0.000000,0.000000,0.136357,-0.013636,0.407325,0.610988,0.000000,0.000000,0.000000,0.000000,0.000000,0.000000,0.000000,-0.000000,0.013260,-0.039781,0.103775,-0.103775,0.000000,-0.000000,0.674246,-0.202274,0.000000,-0.000000,0.000000,-0.000000,1.653106,1.653469,1.653287,0.500000,0.500000
132580,Vinicinho,ATA,280,RBB,6,45,45,casa,283,CRU,2026-10-12 21:00:00,30,0.000000,0.000000,0.073568,0.367841,0.000000,0.000000,0.082983,0.099579,0.333333,0.266667,0.687623,0.343812,0.000000,0.000000,0.003768,-0.000377,0.678918,1.018377,0.000000,0.000000,0.000000,0.000000,0.000000,0.000000,0.000000,-0.000000,0.017808,-0.053423,0.107100,-0.107100,0.000000,-0.000000,0.645010,-0.193503,0.000000,-0.000000,0.000000,-0.000000,1.741873,1.553167,1.647520,0.500000,0.500000
141991,Tico,ATA,364,REM,6,45,45,fora,267,VAS,2026-10-10 18:00:00,30,0.000000,0.000000,0.064119,0.320596,0.000000,0.000000,0.000000,0.000000,0.000000,0.000000,0.618625,0.309313,0.000000,0.000000,0.000000,-0.000000,0.766796,1.150194,0.000000,0.000000,0.000000,0.000000,0.000000,0.000000,0.000000,-0.000000,0.000000,-0.000000,0.095658,-0.095658,0.000000,-0.000000,0.443199,-0.132960,0.000000,-0.000000,0.000000,-0.000000,1.551485,1.691642,1.621563,0.500000,0.500000
90917,Carlos Eduardo,ATA,2305,MIR,6,45,45,fora,265,BAH,2026-10-11 19:30:00,30,0.002072,0.016579,0.071224,0.356121,0.000000,0.000000,0.158773,0.190527,0.000000,0.000000,0.737203,0.368601,0.002072,0.002072,0.005048,-0.000505,0.477232,0.715848,0.000000,0.000000,0.000000,0.000000,0.000000,0.000000,0.000000,-0.000000,0.000000,-0.000000,0.107423,-0.107423,0.000000,-0.000000,0.307536,-0.092261,0.000000,-0.000000,0.000000,-0.000000,1.449561,1.789801,1.619681,0.500000,0.500000
149994,Jhuan Nunes,ATA,280,RBB,6,45,45,casa,283,CRU,2026-10-12 21:00:00,30,0.000000,0.000000,0.067393,0.336966,0.000000,0.000000,0.000000,0.000000,0.500000,0.400000,0.441110,0.220555,0.000000,0.000000,0.000000,-0.000000,0.513923,0.770885,0.000000,0.000000,0.000000,0.000000,0.000000,0.000000,0.000000,-0.000000,0.023279,-0.069838,0.098039,-0.098039,0.000000,-0.000000,0.268812,-0.080643,0.000000,-0.000000,0.000000,-0.000000,1.479885,1.751940,1.615913,0.500000,0.500000
149991,David,ATA,294,CFC,6,45,45,casa,263,BOT,2026-10-12 16:00:00,30,0.000000,0.000000,0.064893,0.324464,0.000000,0.000000,0.000000,0.000000,0.000000,0.000000,0.373851,0.186926,0.000000,0.000000,0.000000,-0.000000,0.070231,0.105346,0.000000,0.000000,0.000000,0.000000,0.000000,0.000000,0.000000,-0.000000,0.000000,-0.000000,0.093009,-0.093009,0.000000,-0.000000,0.396910,-0.119073,0.000000,-0.000000,0.000000,-0.000000,0.404653,2.815704,1.610179,0.500000,0.500000
78117,Everaldo,ATA,265,BAH,6,45,45,casa,2305,MIR,2026-10-11 19:30:00,30,0.042057,0.336456,0.072982,0.364912,0.022648,0.067943,0.453402,0.544082,0.000000,0.000000,0.396212,0.198106,0.000000,0.000000,0.000039,-0.000004,0.529383,0.794074,0.000000,0.000000,0.000000,0.000000,0.000000,0.000000,0.000000,-0.000000,0.000000,-0.000000,0.104404,-0.104404,0.000000,-0.000000,0.519238,-0.155771,0.000000,-0.000000,0.333333,-1.333333,0.712062,2.423891,1.567976,0.500000,0.500000
108602,Valencia,ATA,262,FLA,6,45,45,casa,266,FLU,2026-10-11 17:30:00,30,0.000000,0.000000,0.067508,0.337540,0.000000,0.000000,0.000000,0.000000,0.000000,0.000000,0.457829,0.228914,0.000000,0.000000,0.000000,-0.000000,0.171760,0.257640,0.000000,0.000000,0.000000,0.000000,0.000000,0.000000,0.000000,-0.000000,0.009907,-0.029722,0.098529,-0.098529,0.000000,-0.000000,0.560737,-0.168221,0.000000,-0.000000,0.000000,-0.000000,0.527623,2.498231,1.512927,0.500000,0.500000
122781,Caballero,ATA,277,SAN,6,45,45,fora,282,CAM,2026-10-11 16:00:00,30,0.000000,0.000000,0.066880,0.334401,0.074869,0.224606,0.041178,0.049413,0.000000,0.000000,0.794404,0.397202,0.050328,0.050328,0.247500,-0.024750,0.408506,0.612759,0.000000,0.000000,0.000000,0.000000,0.000000,0.000000,0.000000,-0.000000,0.000000,-0.000000,0.100336,-0.100336,0.000000,-0.000000,0.536555,-0.160966,0.000000,-0.000000,0.000000,-0.000000,1.382658,1.640519,1.511588,0.500000,0.500000
145036,Fernando Pradella,ATA,277,SAN,6,45,45,fora,282,CAM,2026-10-11 16:00:00,30,0.000000,0.000000,0.063264,0.316322,0.000000,0.000000,0.000000,0.000000,0.000000,0.000000,0.379569,0.189785,0.000000,0.000000,0.000000,-0.000000,0.310658,0.465988,0.000000,0.000000,0.000000,0.000000,0.000000,0.000000,0.000000,-0.000000,0.000000,-0.000000,0.094062,-0.094062,0.000000,-0.000000,0.536132,-0.160840,0.000000,-0.000000,0.000000,-0.000000,0.717193,2.303494,1.510344,0.500000,0.500000
133673,Mateus Xavier,ATA,277,SAN,6,45,45,fora,282,CAM,2026-10-11 16:00:00,30,0.000000,0.000000,0.065296,0.326480,0.000000,0.000000,0.000000,0.000000,0.000000,0.000000,0.446751,0.223376,0.000000,0.000000,0.000000,-0.000000,0.538543,0.807815,0.000000,0.000000,0.000000,0.000000,0.000000,0.000000,0.000000,-0.000000,0.000000,-0.000000,0.098502,-0.098502,0.000000,-0.000000,0.856399,-0.256920,0.000000,-0.000000,0.000000,-0.000000,1.002249,1.955194,1.478721,0.500000,0.500000
147202,João Bezerra,ATA,285,INT,6,45,45,fora,284,GRE,2026-10-11 17:30:00,30,0.000000,0.000000,0.064730,0.323651,0.000000,0.000000,0.550000,0.660000,0.000000,0.000000,0.414818,0.207409,0.000000,0.000000,0.000000,-0.000000,0.337856,0.506784,0.000000,0.000000,0.000000,0.000000,0.000000,0.000000,0.000000,-0.000000,0.000000,-0.000000,0.097001,-0.097001,0.000000,-0.000000,0.536528,-0.160958,0.000000,-0.000000,0.000000,-0.000000,1.439885,1.466609,1.453247,0.500000,0.500000
141609,Lucca,ATA,276,SAO,6,45,45,casa,287,VIT,2026-10-10 21:00:00,30,0.000000,0.000000,0.066563,0.332814,0.000000,0.000000,0.000000,0.000000,0.000000,0.000000,0.385172,0.192586,0.000000,0.000000,0.000000,-0.000000,0.212038,0.318056,0.000000,0.000000,0.000000,0.000000,0.000000,0.000000,0.000000,-0.000000,0.000000,-0.000000,0.095667,-0.095667,0.000000,-0.000000,0.610645,-0.183193,0.000000,-0.000000,0.000000,-0.000000,0.564596,2.311467,1.438032,0.500000,0.500000
102877,Gabriel Poveda,ATA,364,REM,6,45,45,fora,267,VAS,2026-10-10 18:00:00,30,0.000000,0.000000,0.068777,0.343886,0.000000,0.000000,0.002072,0.002487,0.000000,0.000000,0.498524,0.249262,0.000000,0.000000,0.000000,-0.000000,0.412631,0.618946,0.000000,0.000000,0.000000,0.000000,0.000000,0.000000,0.000000,-0.000000,0.000000,-0.000000,0.101945,-0.101945,0.000000,-0.000000,0.848997,-0.254699,0.000000,-0.000000,0.000000,-0.000000,0.857937,1.981531,1.419734,0.500000,0.500000
148717,Tetê,ATA,276,SAO,6,45,45,casa,287,VIT,2026-10-10 21:00:00,30,0.000000,0.000000,0.066284,0.331422,0.000000,0.000000,0.000000,0.000000,0.000000,0.000000,0.363476,0.181738,0.000000,0.000000,0.000000,-0.000000,0.411098,0.616647,0.000000,0.000000,0.000000,0.000000,0.000000,0.000000,0.000000,-0.000000,0.000000,-0.000000,0.096870,-0.096870,0.000000,-0.000000,0.878839,-0.263652,0.000000,-0.000000,0.000000,-0.000000,0.769285,2.022499,1.395892,0.500000,0.500000
91130,Fernandinho,ATA,2305,MIR,6,45,45,fora,265,BAH,2026-10-11 19:30:00,30,0.000000,0.000000,0.066594,0.332968,0.000000,0.000000,0.022648,0.027177,0.000000,0.000000,0.705568,0.352784,0.000000,0.000000,0.041178,-0.004118,0.544191,0.816287,0.000000,0.000000,0.000000,0.000000,0.000000,0.000000,0.000000,-0.000000,0.000000,-0.000000,0.096131,-0.096131,0.000000,-0.000000,0.786101,-0.235830,0.000000,-0.000000,0.000000,-0.000000,1.193137,1.588553,1.390845,0.500000,0.500000
129663,Ruan Pablo,ATA,265,BAH,6,45,45,casa,2305,MIR,2026-10-11 19:30:00,30,0.000000,0.000000,0.065998,0.329992,0.000000,0.000000,0.000000,0.000000,0.333333,0.266667,0.381543,0.190771,0.000000,0.000000,0.000000,-0.000000,0.145537,0.218305,0.000000,0.000000,0.000000,0.000000,0.000000,0.000000,0.000000,-0.000000,0.000000,-0.000000,0.094762,-0.094762,0.000000,-0.000000,0.551080,-0.165324,0.000000,-0.000000,0.000000,-0.000000,0.745649,2.027885,1.386767,0.500000,0.500000
142638,João Victor,ATA,285,INT,6,45,45,fora,284,GRE,2026-10-11 17:30:00,30,0.000000,0.000000,0.061945,0.309726,0.000000,0.000000,0.000000,0.000000,0.000000,0.000000,0.768596,0.384298,0.000000,0.000000,0.000000,-0.000000,0.615023,0.922535,0.000000,0.000000,0.000000,0.000000,0.000000,0.000000,0.000000,-0.000000,0.000000,-0.000000,0.089450,-0.089450,0.000000,-0.000000,0.536732,-0.161020,0.000000,-0.000000,0.000000,-0.000000,1.366090,1.316008,1.341049,0.500000,0.500000
143488,Raykkonen,ATA,285,INT,6,45,45,fora,284,GRE,2026-10-11 17:30:00,30,0.000000,0.000000,0.064103,0.320516,0.000000,0.000000,0.000000,0.000000,0.000000,0.000000,0.841377,0.420689,0.000000,0.000000,0.000000,-0.000000,0.489660,0.734490,0.000000,0.000000,0.000000,0.000000,0.000000,0.000000,0.000000,-0.000000,0.000000,-0.000000,0.095887,-0.095887,0.000000,-0.000000,0.465013,-0.139504,0.000000,-0.000000,0.000000,-0.000000,1.240303,1.379536,1.309920,0.500000,0.500000
111829,Kayky,ATA,285,INT,5,45,45,fora,284,GRE,2026-10-11 17:30:00,30,0.000000,0.000000,0.067056,0.335281,0.000000,0.000000,0.363547,0.436256,0.000000,0.000000,0.671233,0.335616,0.000000,0.000000,0.000000,-0.000000,0.234841,0.352262,0.000000,0.000000,0.000000,0.000000,0.000000,0.000000,0.000000,-0.000000,0.000000,-0.000000,0.100696,-0.100696,0.000000,-0.000000,0.323608,-0.097083,0.000000,-0.000000,0.000000,-0.000000,1.261636,1.045423,1.153529,0.500000,0.500000
101237,Eliasson,ATA,285,INT,6,45,45,fora,284,GRE,2026-10-11 17:30:00,30,0.000000,0.000000,0.065059,0.325296,0.000000,0.000000,0.000000,0.000000,0.000000,0.000000,0.504036,0.252018,0.000000,0.000000,0.000000,-0.000000,0.153013,0.229520,0.000000,0.000000,0.000000,0.000000,0.000000,0.000000,0.000000,-0.000000,0.000000,-0.000000,0.096858,-0.096858,0.000000,-0.000000,0.301587,-0.090476,0.000000,-0.000000,0.000000,-0.000000,0.619500,1.330322,0.974911,0.500000,0.500000
85035,Sanabria,ATA,285,INT,5,45,45,fora,284,GRE,2026-10-11 17:30:00,30,0.000000,0.000000,0.064291,0.321455,0.000000,0.000000,0.000000,0.000000,0.000000,0.000000,0.372492,0.186246,0.000000,0.000000,0.247500,-0.024750,0.200257,0.300385,0.000000,0.000000,0.000000,0.000000,0.000000,0.000000,0.000000,-0.000000,0.000000,-0.000000,0.095499,-0.095499,0.000000,-0.000000,0.939563,-0.281869,0.000000,-0.000000,0.000000,-0.000000,0.405968,1.530586,0.968277,0.500000,0.500000
104084,Carlos Miguel,GOL,275,PAL,7,95,85,casa,264,COR,2026-10-11 17:30:00,30,0.000000,0.000000,0.007508,0.037541,0.000000,0.000000,0.000000,0.000000,0.000000,0.000000,0.008205,0.004102,0.000000,0.000000,0.000000,-0.000000,0.011224,0.016836,1.000000,5.000000,0.000000,0.000000,2.417350,3.142555,0.000000,-0.000000,0.000000,-0.000000,0.000000,-0.000000,0.000000,-0.000000,0.000000,-0.000000,0.000000,-0.000000,0.000000,-0.000000,8.201035,3.813197,6.007116,0.500000,0.500000
71631,Weverton,GOL,284,GRE,7,95,85,casa,285,INT,2026-10-11 17:30:00,30,0.000000,0.000000,0.007400,0.037001,0.000000,0.000000,0.000000,0.000000,0.000000,0.000000,1.532264,0.766132,0.000000,0.000000,0.000000,-0.000000,0.010767,0.016150,0.333333,1.666667,0.000000,0.000000,4.131468,5.370908,0.000000,-0.000000,0.000000,-0.000000,0.000000,-0.000000,1.000000,-1.000000,0.000000,-0.000000,0.000000,-0.000000,0.000000,-0.000000,6.856858,5.000796,5.928827,0.500000,0.500000
105949,Rochet,GOL,285,INT,6,45,45,fora,284,GRE,2026-10-11 17:30:00,30,0.000000,0.000000,0.007929,0.039646,0.000000,0.000000,0.000000,0.000000,0.000000,0.000000,0.136125,0.068063,0.000000,0.000000,0.000000,-0.000000,0.013613,0.020419,0.666667,3.333333,0.058502,0.409514,3.243388,4.216405,0.000000,-0.000000,0.000000,-0.000000,0.076788,-0.076788,0.666667,-0.666667,0.000000,-0.000000,0.023590,-0.023590,0.000000,-0.000000,7.320336,4.371892,5.846114,0.500000,0.500000
51413,Walter,GOL,2305,MIR,7,95,85,fora,265,BAH,2026-10-11 19:30:00,30,0.000000,0.000000,0.007660,0.038299,0.000000,0.000000,0.000000,0.000000,0.000000,0.000000,0.149738,0.074869,0.000000,0.000000,0.000000,-0.000000,0.011662,0.017493,0.333333,1.666667,0.000000,0.000000,4.390831,5.708081,0.000000,-0.000000,0.000000,-0.000000,0.000000,-0.000000,0.666667,-0.666667,0.000000,-0.000000,0.002578,-0.002578,0.000000,-0.000000,6.836164,4.484454,5.660309,0.500000,0.500000
88136,Ivan,GOL,364,REM,6,45,45,fora,267,VAS,2026-10-10 18:00:00,30,0.000000,0.000000,0.007700,0.038498,0.000000,0.000000,0.000000,0.000000,0.000000,0.000000,0.000000,0.000000,0.000000,0.000000,0.000000,-0.000000,0.011049,0.016574,1.000000,5.000000,0.000000,0.000000,2.765214,3.594779,0.000000,-0.000000,0.000000,-0.000000,0.051081,-0.051081,0.000000,-0.000000,0.000000,-0.000000,0.029613,-0.029613,0.000000,-0.000000,8.569157,2.588316,5.578737,0.500000,0.500000
68928,Rafael,GOL,276,SAO,2,45,45,casa,287,VIT,2026-10-10 21:00:00,30,0.000000,0.000000,0.007776,0.038881,0.000000,0.000000,0.000000,0.000000,0.000000,0.000000,0.462818,0.231409,0.000000,0.000000,0.000000,-0.000000,0.011731,0.017597,0.666667,3.333333,0.000000,0.000000,2.258318,2.935813,0.000000,-0.000000,0.000000,-0.000000,0.001286,-0.001286,0.333333,-0.333333,0.000000,-0.000000,0.000000,-0.000000,0.000000,-0.000000,6.222414,4.920488,5.571451,0.500000,0.500000
91204,Warleson,GOL,263,BOT,6,45,45,fora,294,CFC,2026-10-12 16:00:00,30,0.000000,0.000000,0.007941,0.039707,0.000000,0.000000,0.000000,0.000000,0.000000,0.000000,1.247500,0.623750,0.000000,0.000000,0.000000,-0.000000,0.011745,0.017617,0.333333,1.666667,0.000000,0.000000,3.248969,4.223660,0.000000,-0.000000,0.000000,-0.000000,0.073577,-0.073577,0.666667,-0.666667,0.000000,-0.000000,0.029423,-0.029423,0.000000,-0.000000,5.801734,4.577297,5.189515,0.500000,0.500000
68872,Marcelo Lomba,GOL,275,PAL,6,45,45,casa,264,COR,2026-10-11 17:30:00,30,0.000000,0.000000,0.007783,0.038913,0.000000,0.000000,0.000000,0.000000,0.000000,0.000000,0.000000,0.000000,0.000000,0.000000,0.000000,-0.000000,0.010833,0.016250,1.000000,5.000000,0.004304,0.030128,1.774542,2.306904,0.000000,-0.000000,0.000000,-0.000000,0.041974,-0.041974,0.000000,-0.000000,0.000000,-0.000000,0.014496,-0.014496,0.000000,-0.000000,7.335726,2.995576,5.165651,0.500000,0.500000
121823,Kauê,GOL,264,COR,6,45,45,fora,275,PAL,2026-10-11 17:30:00,30,0.000000,0.000000,0.007951,0.039756,0.000000,0.000000,0.000000,0.000000,0.000000,0.000000,0.136125,0.068063,0.000000,0.000000,0.000000,-0.000000,0.011872,0.017808,0.333333,1.666667,0.004167,0.029167,3.725206,4.842768,0.000000,-0.000000,0.000000,-0.000000,0.126680,-0.126680,1.333333,-1.333333,0.000000,-0.000000,0.031332,-0.031332,0.000000,-0.000000,5.172883,5.115144,5.144013,0.500000,0.500000
113690,Diógenes,GOL,277,SAN,7,95,85,fora,282,CAM,2026-10-11 16:00:00,30,0.000000,0.000000,0.008013,0.040063,0.000000,0.000000,0.000000,0.000000,0.000000,0.000000,0.000000,0.000000,0.000000,0.000000,0.000000,-0.000000,0.012042,0.018063,0.333333,1.666667,0.015030,0.105208,3.725390,4.843007,0.000000,-0.000000,0.000000,-0.000000,0.065645,-0.065645,1.000000,-1.000000,0.000000,-0.000000,0.033579,-0.033579,0.000000,-0.000000,5.573784,4.690815,5.132300,0.500000,0.500000
103056,Gabriel Brazão,GOL,277,SAN,5,45,45,fora,282,CAM,2026-10-11 16:00:00,30,0.000000,0.000000,0.007787,0.038936,0.000000,0.000000,0.000000,0.000000,0.000000,0.000000,0.295534,0.147767,0.000000,0.000000,0.000000,-0.000000,0.012208,0.018311,0.333333,1.666667,0.003125,0.021875,3.904973,5.076465,0.000000,-0.000000,0.000000,-0.000000,0.072267,-0.072267,1.000000,-1.000000,0.000000,-0.000000,0.008657,-0.008657,0.000000,-0.000000,5.889097,4.337913,5.113505,0.500000,0.500000
104118,Lucas Arcanjo,GOL,287,VIT,7,95,85,fora,276,SAO,2026-10-10 21:00:00,30,0.000000,0.000000,0.006957,0.034783,0.000000,0.000000,0.000000,0.000000,0.000000,0.000000,0.599738,0.299869,0.000000,0.000000,0.000000,-0.000000,0.011653,0.017480,0.333333,1.666667,0.000000,0.000000,3.358995,4.366693,0.000000,-0.000000,0.000000,-0.000000,0.032915,-0.032915,1.666667,-1.666667,0.000000,-0.000000,0.000479,-0.000479,0.000000,-0.000000,4.685430,5.472034,5.078732,0.500000,0.500000
72294,Everson,GOL,282,CAM,5,45,45,casa,277,SAN,2026-10-11 16:00:00,30,0.000000,0.000000,0.007727,0.038635,0.000000,0.000000,0.000000,0.000000,0.000000,0.000000,0.297798,0.148899,0.000000,0.000000,0.000000,-0.000000,0.011468,0.017202,0.666667,3.333333,0.000000,0.000000,2.263616,2.942700,0.000000,-0.000000,0.000000,-0.000000,0.000000,-0.000000,0.666667,-0.666667,0.333333,-0.100000,0.000000,-0.000000,0.000000,-0.000000,5.714103,4.180021,4.947062,0.500000,0.500000
87008,Léo Jardim,GOL,267,VAS,7,95,85,casa,364,REM,2026-10-10 18:00:00,30,0.000000,0.000000,0.007729,0.038643,0.000000,0.000000,0.000000,0.000000,0.000000,0.000000,0.074876,0.037438,0.000000,0.000000,0.000000,-0.000000,0.011796,0.017694,0.333333,1.666667,0.008125,0.056875,2.946083,3.829908,0.000000,-0.000000,0.000000,-0.000000,0.053383,-0.053383,0.666667,-0.666667,0.000000,-0.000000,0.000000,-0.000000,0.000000,-0.000000,4.927174,4.774386,4.850780,0.500000,0.500000
111683,Anthoni,GOL,285,INT,7,95,85,fora,284,GRE,2026-10-11 17:30:00,30,0.000000,0.000000,0.007997,0.039987,0.000000,0.000000,0.000000,0.000000,0.000000,0.000000,0.002072,0.001036,0.000000,0.000000,0.000000,-0.000000,0.012164,0.018246,0.333333,1.666667,0.002500,0.017500,3.673323,4.775320,0.000000,-0.000000,0.000000,-0.000000,0.058669,-0.058669,0.666667,-0.666667,0.000000,-0.000000,0.017239,-0.017239,0.000000,-0.000000,5.776181,3.837684,4.806932,0.500000,0.500000
117404,Otávio,GOL,283,CRU,7,95,85,fora,280,RBB,2026-10-12 21:00:00,30,0.000000,0.000000,0.007632,0.038162,0.000000,0.000000,0.000000,0.000000,0.000000,0.000000,0.003872,0.001936,0.000000,0.000000,0.000000,-0.000000,0.012707,0.019060,0.333333,1.666667,0.000000,0.000000,3.776697,4.909706,0.000000,-0.000000,0.000000,-0.000000,0.031561,-0.031561,1.000000,-1.000000,0.000000,-0.000000,0.012950,-0.012950,0.000000,-0.000000,5.591020,3.883719,4.737370,0.500000,0.500000
37656,Fábio,GOL,266,FLU,7,95,85,fora,262,FLA,2026-10-11 17:30:00,30,0.000000,0.000000,0.007608,0.038040,0.000000,0.000000,0.000000,0.000000,0.000000,0.000000,0.089213,0.044606,0.000000,0.000000,0.000000,-0.000000,0.011909,0.017863,0.333333,1.666667,0.000000,0.000000,3.843839,4.996990,0.000000,-0.000000,0.000000,-0.000000,0.039901,-0.039901,1.333333,-1.333333,0.000000,-0.000000,0.000000,-0.000000,0.000000,-0.000000,5.390933,3.606288,4.498610,0.500000,0.500000
42234,Cássio,GOL,283,CRU,6,45,45,fora,280,RBB,2026-10-12 21:00:00,30,0.000000,0.000000,0.008140,0.040702,0.000000,0.000000,0.000000,0.000000,0.000000,0.000000,0.383625,0.191813,0.000000,0.000000,0.000000,-0.000000,0.012351,0.018526,0.000000,0.000000,0.012004,0.084028,4.035036,5.245547,0.000000,-0.000000,0.000000,-0.000000,0.110996,-0.110996,1.333333,-1.333333,0.000000,-0.000000,0.032401,-0.032401,0.000000,-0.000000,4.103884,4.867350,4.485617,0.500000,0.500000
101574,Hugo Souza,GOL,264,COR,7,95,85,fora,275,PAL,2026-10-11 17:30:00,30,0.000000,0.000000,0.007789,0.038945,0.000000,0.000000,0.000000,0.000000,0.000000,0.000000,0.000017,0.000009,0.000000,0.000000,0.000000,-0.000000,0.012214,0.018320,0.000000,0.000000,0.000000,0.000000,4.676472,6.079414,0.000000,-0.000000,0.000000,-0.000000,0.015550,-0.015550,2.333333,-2.333333,0.000000,-0.000000,0.004249,-0.004249,0.000000,-0.000000,3.783556,5.028741,4.406148,0.500000,0.500000
82730,Marcelo Rangel,GOL,364,REM,7,95,85,fora,267,VAS,2026-10-10 18:00:00,30,0.000000,0.000000,0.007750,0.038750,0.000000,0.000000,0.000000,0.000000,0.000000,0.000000,0.273001,0.136501,0.000000,0.000000,0.000000,-0.000000,0.012297,0.018446,0.000000,0.000000,0.000000,0.000000,4.482372,5.827083,0.000000,-0.000000,0.000000,-0.000000,0.056628,-0.056628,1.666667,-1.666667,0.000000,-0.000000,0.000511,-0.000511,0.000000,-0.000000,4.296973,4.137061,4.217017,0.500000,0.500000
98333,Gabriel Batista,GOL,263,BOT,7,95,85,fora,294,CFC,2026-10-12 16:00:00,30,0.000000,0.000000,0.007891,0.039457,0.000000,0.000000,0.000000,0.000000,0.000000,0.000000,0.000000,0.000000,0.000000,0.000000,0.000000,-0.000000,0.011755,0.017632,0.000000,0.000000,0.000000,0.000000,4.223818,5.490963,0.000000,-0.000000,0.000000,-0.000000,0.095912,-0.095912,1.666667,-1.666667,0.000000,-0.000000,0.026027,-0.026027,0.000000,-0.000000,3.759447,4.670675,4.215061,0.500000,0.500000
69012,Santos,GOL,293,CAP,6,45,45,fora,315,CHA,2026-10-12 19:30:00,30,0.000000,0.000000,0.007693,0.038463,0.000000,0.000000,0.000000,0.000000,0.000000,0.000000,0.976941,0.488471,0.000000,0.000000,0.000000,-0.000000,0.011932,0.017898,0.000000,0.000000,0.000000,0.000000,4.209115,5.471850,0.000000,-0.000000,0.000000,-0.000000,0.052034,-0.052034,2.000000,-2.000000,0.000000,-0.000000,0.004665,-0.004665,0.000000,-0.000000,3.959982,4.407832,4.183907,0.500000,0.500000
110708,Pedro Rangel,GOL,294,CFC,6,45,45,casa,263,BOT,2026-10-12 16:00:00,30,0.000000,0.000000,0.007884,0.039418,0.000000,0.000000,0.000000,0.000000,0.000000,0.000000,0.005976,0.002988,0.000000,0.000000,0.000000,-0.000000,0.013581,0.020372,0.333333,1.666667,0.005000,0.035000,3.308749,4.301374,0.000000,-0.000000,0.000000,-0.000000,0.037817,-0.037817,2.333333,-2.333333,0.000000,-0.000000,0.000000,-0.000000,0.000000,-0.000000,3.694668,4.658688,4.176678,0.500000,0.500000
79066,Alex Muralha,GOL,2305,MIR,6,45,45,fora,265,BAH,2026-10-11 19:30:00,30,0.000000,0.000000,0.008035,0.040174,0.000000,0.000000,0.000000,0.000000,0.000000,0.000000,0.000000,0.000000,0.000000,0.000000,0.000000,-0.000000,0.011900,0.017850,0.000000,0.000000,0.043323,0.303264,3.748930,4.873608,0.000000,-0.000000,0.000000,-0.000000,0.102627,-0.102627,1.500000,-1.500000,0.000000,-0.000000,0.029287,-0.029287,0.000000,-0.000000,3.602982,4.719372,4.161177,0.500000,0.500000
68822,Rafael Santos,GOL,315,CHA,6,45,45,casa,293,CAP,2026-10-12 19:30:00,30,0.000000,0.000000,0.008037,0.040184,0.000000,0.000000,0.000000,0.000000,0.000000,0.000000,0.000000,0.000000,0.000000,0.000000,0.000000,-0.000000,0.011629,0.017443,0.000000,0.000000,0.029196,0.204375,3.547407,4.611630,0.000000,-0.000000,0.000000,-0.000000,0.097911,-0.097911,2.333333,-2.333333,0.000000,-0.000000,0.016743,-0.016743,0.000000,-0.000000,2.425644,5.112713,3.769179,0.500000,0.500000
106028,Coronel,GOL,276,SAO,2,45,45,casa,287,VIT,2026-10-10 21:00:00,30,0.000000,0.000000,0.007954,0.039770,0.000000,0.000000,0.000000,0.000000,0.000000,0.000000,0.000000,0.000000,0.000000,0.000000,0.000000,-0.000000,0.011283,0.016924,0.000000,0.000000,0.000000,0.000000,3.293725,4.281843,0.000000,-0.000000,0.000000,-0.000000,0.072072,-0.072072,2.000000,-2.000000,0.000000,-0.000000,0.014323,-0.014323,0.000000,-0.000000,2.252142,5.253911,3.753026,0.500000,0.500000
72018,Tiago Volpi,GOL,280,RBB,7,95,85,casa,283,CRU,2026-10-12 21:00:00,30,0.000000,0.000000,0.007852,0.039259,0.000000,0.000000,0.000000,0.000000,0.000000,0.000000,0.347119,0.173559,0.000000,0.000000,0.000000,-0.000000,0.011786,0.017679,0.000000,0.000000,0.008125,0.056875,3.368168,4.378618,0.000000,-0.000000,0.000000,-0.000000,0.074077,-0.074077,1.333333,-1.333333,0.000000,-0.000000,0.000000,-0.000000,0.000000,-0.000000,3.258580,4.095747,3.677164,0.500000,0.500000
91101,Ronaldo,GOL,265,BAH,7,95,85,casa,2305,MIR,2026-10-11 19:30:00,30,0.000000,0.000000,0.007734,0.038668,0.000000,0.000000,0.000000,0.000000,0.000000,0.000000,0.000104,0.000052,0.000000,0.000000,0.000000,-0.000000,0.011303,0.016955,0.000000,0.000000,0.000000,0.000000,3.714331,4.828630,0.000000,-0.000000,0.000000,-0.000000,0.000000,-0.000000,1.333333,-1.333333,0.000000,-0.000000,0.000000,-0.000000,0.000000,-0.000000,3.550972,3.765308,3.658140,0.500000,0.500000
99552,Rossi,GOL,262,FLA,7,95,85,casa,266,FLU,2026-10-11 17:30:00,30,0.000000,0.000000,0.007778,0.038888,0.000000,0.000000,0.000000,0.000000,0.000000,0.000000,0.000001,0.000000,0.000000,0.000000,0.000000,-0.000000,0.011871,0.017806,0.000000,0.000000,0.003125,0.021875,3.004448,3.905782,0.000000,-0.000000,0.000000,-0.000000,0.073236,-0.073236,1.333333,-1.333333,0.000000,-0.000000,0.000000,-0.000000,0.000000,-0.000000,2.577782,4.594753,3.586267,0.500000,0.500000
111690,Matheus Cunha,GOL,285,INT,6,45,45,fora,284,GRE,2026-10-11 17:30:00,30,0.000000,0.000000,0.008010,0.040049,0.000000,0.000000,0.000000,0.000000,0.000000,0.000000,0.070677,0.035338,0.000000,0.000000,0.000000,-0.000000,0.012458,0.018686,0.000000,0.000000,0.005000,0.035000,3.370909,4.382181,0.000000,-0.000000,0.000000,-0.000000,0.127008,-0.127008,2.333333,-2.333333,0.000000,-0.000000,0.010499,-0.010499,0.000000,-0.000000,2.040414,4.869982,3.455198,0.500000,0.500000
102906,Anderson,GOL,315,CHA,7,95,85,casa,293,CAP,2026-10-12 19:30:00,30,0.000000,0.000000,0.007932,0.039659,0.000000,0.000000,0.000000,0.000000,0.000000,0.000000,0.357894,0.178947,0.000000,0.000000,0.000000,-0.000000,0.011692,0.017539,0.000000,0.000000,0.003125,0.021875,3.561911,4.630484,0.000000,-0.000000,0.000000,-0.000000,0.053304,-0.053304,2.333333,-2.333333,0.000000,-0.000000,0.000240,-0.000240,0.000000,-0.000000,2.501627,4.404002,3.452814,0.500000,0.500000
110698,Mycael,GOL,293,CAP,7,95,85,fora,315,CHA,2026-10-12 19:30:00,30,0.000000,0.000000,0.007860,0.039298,0.000000,0.000000,0.000000,0.000000,0.000000,0.000000,0.697500,0.348750,0.000000,0.000000,0.000000,-0.000000,0.011527,0.017291,0.000000,0.000000,0.054416,0.380909,3.209098,4.171828,0.000000,-0.000000,0.000000,-0.000000,0.078287,-0.078287,2.000000,-2.000000,0.000000,-0.000000,0.018773,-0.018773,0.000000,-0.000000,2.861016,3.971447,3.416232,0.500000,0.500000
125803,Pedro Morisco,GOL,294,CFC,7,95,85,casa,263,BOT,2026-10-12 16:00:00,30,0.000000,0.000000,0.007897,0.039486,0.000000,0.000000,0.000000,0.000000,0.000000,0.000000,0.252566,0.126283,0.000000,0.000000,0.000000,-0.000000,0.011557,0.017336,0.000000,0.000000,0.013016,0.091111,3.629301,4.718091,0.000000,-0.000000,0.000000,-0.000000,0.066720,-0.066720,3.000000,-3.000000,0.000000,-0.000000,0.007784,-0.007784,0.000000,-0.000000,1.917802,4.911611,3.414707,0.500000,0.500000
71043,Léo Vieira,GOL,265,BAH,5,45,45,casa,2305,MIR,2026-10-11 19:30:00,30,0.000000,0.000000,0.007935,0.039674,0.000000,0.000000,0.000000,0.000000,0.000000,0.000000,0.450836,0.225418,0.000000,0.000000,0.000000,-0.000000,0.011820,0.017731,0.000000,0.000000,0.000000,0.000000,2.544909,3.308381,0.000000,-0.000000,0.000000,-0.000000,0.085785,-0.085785,1.000000,-1.000000,0.000000,-0.000000,0.000000,-0.000000,0.000000,-0.000000,2.505419,4.284188,3.394803,0.500000,0.500000
85425,João Paulo,GOL,277,SAN,6,45,45,fora,282,CAM,2026-10-11 16:00:00,30,0.000000,0.000000,0.008263,0.041314,0.000000,0.000000,0.000000,0.000000,0.000000,0.000000,0.550000,0.275000,0.000000,0.000000,0.000000,-0.000000,0.012471,0.018707,0.000000,0.000000,0.117790,0.824530,3.729427,4.848255,0.000000,-0.000000,0.000000,-0.000000,0.138381,-0.138381,3.500000,-3.500000,0.000000,-0.000000,0.030093,-0.030093,0.000000,-0.000000,2.339331,4.449173,3.394252,0.500000,0.500000
115674,Gabriel Delfim,GOL,282,CAM,7,95,85,casa,277,SAN,2026-10-11 16:00:00,30,0.000000,0.000000,0.008105,0.040523,0.000000,0.000000,0.000000,0.000000,0.000000,0.000000,0.074869,0.037434,0.000000,0.000000,0.000000,-0.000000,0.011673,0.017510,0.000000,0.000000,0.014435,0.101042,2.885273,3.750855,0.000000,-0.000000,0.000000,-0.000000,0.061966,-0.061966,1.333333,-1.333333,0.000000,-0.000000,0.007722,-0.007722,0.000000,-0.000000,2.544342,4.123255,3.333799,0.500000,0.500000
72279,Thomazella,GOL,2305,MIR,6,45,45,fora,265,BAH,2026-10-11 19:30:00,30,0.000000,0.000000,0.008389,0.041944,0.000000,0.000000,0.000000,0.000000,0.000000,0.000000,0.000000,0.000000,0.000000,0.000000,0.000000,-0.000000,0.012787,0.019180,0.000000,0.000000,0.052036,0.364252,3.082462,4.007200,0.000000,-0.000000,0.000000,-0.000000,0.156380,-0.156380,2.000000,-2.000000,0.000000,-0.000000,0.030333,-0.030333,0.000000,-0.000000,2.245864,4.314468,3.280166,0.500000,0.500000
147544,Gabriel Menegon,GOL,284,GRE,6,45,45,casa,285,INT,2026-10-11 17:30:00,30,0.000000,0.000000,0.008324,0.041621,0.000000,0.000000,0.000000,0.000000,0.000000,0.000000,0.000000,0.000000,0.000000,0.000000,0.000000,-0.000000,0.012125,0.018188,0.000000,0.000000,0.019728,0.138093,1.907258,2.479435,0.000000,-0.000000,0.000000,-0.000000,0.127488,-0.127488,0.000000,-0.000000,0.000000,-0.000000,0.016361,-0.016361,0.000000,-0.000000,2.533488,3.688685,3.111086,0.500000,0.500000
97905,Matheus Aurélio,GOL,315,CHA,6,45,45,casa,293,CAP,2026-10-12 19:30:00,30,0.000000,0.000000,0.008204,0.041021,0.000000,0.000000,0.000000,0.000000,0.000000,0.000000,0.000000,0.000000,0.000000,0.000000,0.000000,-0.000000,0.011887,0.017830,0.000000,0.000000,0.015795,0.110568,3.146174,4.090026,0.000000,-0.000000,0.000000,-0.000000,0.075300,-0.075300,3.000000,-3.000000,0.000000,-0.000000,0.015332,-0.015332,0.000000,-0.000000,1.168813,4.993194,3.081004,0.500000,0.500000
112616,Gabriel Grando,GOL,284,GRE,6,45,45,casa,285,INT,2026-10-11 17:30:00,30,0.000000,0.000000,0.008305,0.041527,0.000000,0.000000,0.000000,0.000000,0.000000,0.000000,0.000000,0.000000,0.000000,0.000000,0.000000,-0.000000,0.012079,0.018119,0.000000,0.000000,0.023299,0.163093,2.222836,2.889687,0.000000,-0.000000,0.000000,-0.000000,0.124605,-0.124605,1.000000,-1.000000,0.000000,-0.000000,0.016298,-0.016298,0.000000,-0.000000,1.971522,3.724417,2.847969,0.500000,0.500000
93882,Cleiton,GOL,280,RBB,6,45,45,casa,283,CRU,2026-10-12 21:00:00,30,0.000000,0.000000,0.008215,0.041077,0.000000,0.000000,0.000000,0.000000,0.000000,0.000000,0.000000,0.000000,0.000000,0.000000,0.000000,-0.000000,0.012146,0.018220,0.000000,0.000000,0.058010,0.406069,1.983627,2.578715,0.000000,-0.000000,0.000000,-0.000000,0.120462,-0.120462,1.333333,-1.333333,0.000000,-0.000000,0.005384,-0.005384,0.000000,-0.000000,1.584901,3.791675,2.688288,0.500000,0.500000
116067,Thiago Beltrame,GOL,284,GRE,6,45,45,casa,285,INT,2026-10-11 17:30:00,30,0.000000,0.000000,0.008280,0.041402,0.000000,0.000000,0.000000,0.000000,0.000000,0.000000,1.000000,0.500000,0.000000,0.000000,0.000000,-0.000000,0.012018,0.018027,0.000000,0.000000,0.057319,0.401230,3.593095,4.671023,0.000000,-0.000000,1.000000,-3.000000,0.120762,-0.120762,3.000000,-3.000000,1.000000,-0.300000,0.016214,-0.016214,0.000000,-0.000000,-0.805294,3.810636,1.502671,0.500000,0.500000
105175,Khellven,LAT,275,PAL,6,45,45,casa,264,COR,2026-10-11 17:30:00,30,0.000000,0.000000,0.333333,1.666667,0.006851,0.020553,0.390516,0.468620,0.493457,0.394766,0.333333,0.166667,0.000000,0.000000,0.104901,-0.010490,1.504651,2.256976,1.000000,5.000000,0.000000,0.000000,0.000000,0.000000,0.000000,-0.000000,0.009912,-0.029736,0.333333,-0.333333,0.000000,-0.000000,0.915427,-0.274628,0.003768,-0.003768,0.000000,-0.000000,9.322293,5.394940,7.358617,0.500000,0.500000
72493,Alex Telles,LAT,263,BOT,7,95,85,fora,294,CFC,2026-10-12 16:00:00,30,0.462545,3.700362,0.333333,1.666667,0.000000,0.000000,0.156826,0.188191,0.268052,0.214442,0.666667,0.333333,0.000000,0.000000,0.080647,-0.008065,1.892907,2.839361,0.000000,0.000000,0.000000,0.000000,0.000000,0.000000,0.000000,-0.000000,0.010033,-0.030100,0.000000,-0.000000,0.000000,-0.000000,0.403936,-0.121181,0.000003,-0.000003,0.000000,-0.000000,8.783006,4.931846,6.857426,0.500000,0.500000
124526,Giay,LAT,275,PAL,7,95,85,casa,264,COR,2026-10-11 17:30:00,30,0.000000,0.000000,0.000000,0.000000,0.000000,0.000000,0.288016,0.345619,0.364686,0.291749,1.333333,0.666667,0.000000,0.000000,0.082471,-0.008247,1.682676,2.524015,1.000000,5.000000,0.000000,0.000000,0.000000,0.000000,0.000000,-0.000000,0.009754,-0.029261,0.666667,-0.666667,0.000000,-0.000000,1.162869,-0.348861,0.000000,-0.000000,0.000000,-0.000000,7.775014,5.520468,6.647741,0.500000,0.500000
145404,Arthur,LAT,275,PAL,6,45,45,casa,264,COR,2026-10-11 17:30:00,30,0.000000,0.000000,0.000000,0.000000,0.000000,0.000000,0.449480,0.539376,0.092923,0.074338,0.000000,0.000000,0.000000,0.000000,0.079782,-0.007978,1.782865,2.674298,1.000000,5.000000,0.000000,0.000000,0.000000,0.000000,0.000000,-0.000000,0.009431,-0.028292,0.000000,-0.000000,0.000000,-0.000000,1.174944,-0.352483,0.000000,-0.000000,0.000000,-0.000000,7.899259,5.369008,6.634133,0.500000,0.500000
82775,Lucas Ramon,LAT,276,SAO,6,45,45,casa,287,VIT,2026-10-10 21:00:00,30,0.000000,0.000000,0.333333,1.666667,0.022648,0.067943,0.270071,0.324085,0.117857,0.094285,0.333333,0.166667,0.000000,0.000000,0.138537,-0.013854,1.474502,2.211753,0.666667,3.333333,0.000000,0.000000,0.000000,0.000000,0.000000,-0.000000,0.009510,-0.028530,0.000000,-0.000000,0.000000,-0.000000,1.265249,-0.379575,0.000000,-0.000000,0.000000,-0.000000,7.442775,5.697056,6.569915,0.500000,0.500000
97133,Dudu,LAT,315,CHA,5,45,45,casa,293,CAP,2026-10-12 19:30:00,30,0.000000,0.000000,1.000000,5.000000,0.000000,0.000000,0.226185,0.271421,0.000000,0.000000,0.000000,0.000000,0.000000,0.000000,0.062721,-0.006272,1.263888,1.895832,0.000000,0.000000,0.000000,0.000000,0.000000,0.000000,0.000000,-0.000000,0.009332,-0.027996,0.000000,-0.000000,0.000000,-0.000000,1.173188,-0.351956,0.000000,-0.000000,0.000000,-0.000000,6.781029,5.958331,6.369680,0.500000,0.500000
84816,Varela,LAT,262,FLA,7,95,85,casa,266,FLU,2026-10-11 17:30:00,30,0.450000,3.600000,0.000000,0.000000,0.000000,0.000000,0.080691,0.096829,0.288925,0.231140,1.333333,0.666667,0.000000,0.000000,0.074571,-0.007457,1.339748,2.009622,0.000000,0.000000,0.000000,0.000000,0.000000,0.000000,0.000000,-0.000000,0.009182,-0.027546,0.333333,-0.333333,0.000000,-0.000000,1.236978,-0.371093,0.000000,-0.000000,0.000000,-0.000000,5.864828,6.857146,6.360987,0.500000,0.500000
97868,Iago,LAT,276,SAO,2,45,45,casa,287,VIT,2026-10-10 21:00:00,30,0.136125,1.089000,0.000000,0.000000,0.006851,0.020553,0.152235,0.182682,0.136125,0.108900,2.000000,1.000000,0.000000,0.000000,0.072341,-0.007234,1.464380,2.196570,0.666667,3.333333,0.000000,0.000000,0.000000,0.000000,0.000000,-0.000000,0.009743,-0.029229,0.000000,-0.000000,0.000000,-0.000000,0.776123,-0.232837,0.000000,-0.000000,0.000000,-0.000000,7.661738,4.964293,6.313016,0.500000,0.500000
116065,Cuiabano,LAT,267,VAS,7,95,85,casa,364,REM,2026-10-10 18:00:00,30,0.000057,0.000459,0.000000,0.000000,0.000000,0.000000,0.340306,0.408367,1.663222,1.330577,0.666667,0.333333,0.000000,0.000000,0.119124,-0.011912,2.436967,3.655450,0.333333,1.666667,0.000000,0.000000,0.000000,0.000000,0.000000,-0.000000,0.010270,-0.030809,0.333333,-0.333333,0.000000,-0.000000,1.334653,-0.400396,0.000000,-0.000000,0.000000,-0.000000,6.618403,5.839221,6.228812,0.500000,0.500000
104649,Heitor,LAT,315,CHA,5,45,45,casa,293,CAP,2026-10-12 19:30:00,30,0.000000,0.000000,0.333333,1.666667,0.000000,0.000000,0.108027,0.129633,0.383625,0.306900,0.333333,0.166667,0.000000,0.000000,0.066668,-0.006667,1.979106,2.968660,0.333333,1.666667,0.000000,0.000000,0.000000,0.000000,0.000000,-0.000000,0.009623,-0.028870,0.000000,-0.000000,0.000000,-0.000000,0.800594,-0.240178,0.166375,-0.166375,0.000000,-0.000000,6.463102,5.791701,6.127401,0.500000,0.500000
106708,Igor Formiga,LAT,2305,MIR,7,95,85,fora,265,BAH,2026-10-11 19:30:00,30,0.002106,0.016844,0.333333,1.666667,0.000000,0.000000,0.089847,0.107816,0.972348,0.777879,0.333333,0.166667,0.000000,0.000000,0.089570,-0.008957,2.025923,3.038884,0.333333,1.666667,0.000000,0.000000,0.000000,0.000000,0.000000,-0.000000,0.010739,-0.032216,0.000000,-0.000000,0.000000,-0.000000,1.260458,-0.378137,0.000000,-0.000000,0.000000,-0.000000,7.022114,5.217857,6.119986,0.500000,0.500000
96870,Emerson Royal,LAT,262,FLA,6,45,45,casa,266,FLU,2026-10-11 17:30:00,30,0.000000,0.000000,0.000000,0.000000,0.000000,0.000000,0.149949,0.179939,0.000627,0.000502,1.333333,0.666667,0.000000,0.000000,0.089682,-0.008968,1.548495,2.322743,0.666667,3.333333,0.000000,0.000000,0.000000,0.000000,0.000000,-0.000000,0.009159,-0.027477,0.333333,-0.333333,0.000000,-0.000000,1.122348,-0.336705,0.000000,-0.000000,0.000000,-0.000000,5.796700,6.418951,6.107826,0.500000,0.500000
98974,Viña,LAT,283,CRU,6,45,45,fora,280,RBB,2026-10-12 21:00:00,30,0.000000,0.000000,0.000000,0.000000,0.000000,0.000000,0.038342,0.046010,0.000000,0.000000,0.000000,0.000000,0.000000,0.000000,0.068894,-0.006889,2.207940,3.311911,1.000000,5.000000,0.000000,0.000000,0.000000,0.000000,0.000000,-0.000000,0.010394,-0.031181,0.000000,-0.000000,0.000000,-0.000000,0.824613,-0.247384,0.000000,-0.000000,0.000000,-0.000000,8.072467,4.097744,6.085105,0.500000,0.500000
73318,Daniel Borges,LAT,2305,MIR,6,45,45,fora,265,BAH,2026-10-11 19:30:00,30,0.000000,0.000000,0.000000,0.000000,0.450000,1.350000,0.235766,0.282920,0.166375,0.133100,1.000000,0.500000,0.000000,0.000000,0.065108,-0.006511,1.319638,1.979457,0.666667,3.333333,0.000000,0.000000,0.000000,0.000000,0.000000,-0.000000,0.009475,-0.028425,0.000000,-0.000000,0.000000,-0.000000,0.761436,-0.228431,0.000000,-0.000000,0.000000,-0.000000,7.315444,4.847368,6.081406,0.500000,0.500000
111832,Jefté,LAT,275,PAL,5,45,45,casa,264,COR,2026-10-11 17:30:00,30,0.000000,0.000000,0.333333,1.666667,0.000000,0.000000,0.089406,0.107288,0.000000,0.000000,0.000000,0.000000,0.000000,0.000000,0.098786,-0.009879,1.280521,1.920782,0.666667,3.333333,0.000000,0.000000,0.000000,0.000000,0.000000,-0.000000,0.009120,-0.027360,0.000000,-0.000000,0.000000,-0.000000,0.693938,-0.208182,0.000000,-0.000000,0.000000,-0.000000,6.782649,5.251471,6.017060,0.500000,0.500000
102130,Piquerez,LAT,275,PAL,7,95,85,casa,264,COR,2026-10-11 17:30:00,30,0.000000,0.000000,0.000000,0.000000,0.000345,0.001034,0.108100,0.129721,0.030265,0.024212,0.333333,0.166667,0.000000,0.000000,0.072872,-0.007287,1.334079,2.001119,1.000000,5.000000,0.000000,0.000000,0.000000,0.000000,0.000000,-0.000000,0.009408,-0.028225,0.333333,-0.333333,0.000000,-0.000000,0.867223,-0.260167,0.000000,-0.000000,0.000000,-0.000000,6.693740,5.286876,5.990308,0.500000,0.500000
130525,Pedro Lima,LAT,276,SAO,7,95,85,casa,287,VIT,2026-10-10 21:00:00,30,0.000000,0.000000,0.000000,0.000000,0.000000,0.000000,0.090951,0.109141,0.450000,0.360000,1.500000,0.750000,0.000000,0.000000,0.065418,-0.006542,1.934031,2.901046,0.500000,2.500000,0.000000,0.000000,0.000000,0.000000,0.000000,-0.000000,0.009618,-0.028853,0.000000,-0.000000,0.000000,-0.000000,1.047525,-0.314258,0.000000,-0.000000,0.000000,-0.000000,6.270535,5.552834,5.911685,0.500000,0.500000
113113,Benavídez,LAT,293,CAP,7,95,85,fora,315,CHA,2026-10-12 19:30:00,30,0.450000,3.600000,0.000000,0.000000,0.000000,0.000000,0.093331,0.111997,0.030205,0.024164,1.000000,0.500000,0.000000,0.000000,0.093984,-0.009398,2.323596,3.485395,0.000000,0.000000,0.000000,0.000000,0.000000,0.000000,0.000000,-0.000000,0.010358,-0.031073,0.333333,-0.333333,0.000000,-0.000000,0.672386,-0.201716,0.000000,-0.000000,0.000000,-0.000000,7.146035,4.376948,5.761491,0.500000,0.500000
88393,Ayrton Lucas,LAT,262,FLA,5,45,45,casa,266,FLU,2026-10-11 17:30:00,30,0.000000,0.000000,0.000000,0.000000,0.000000,0.000000,0.347674,0.417208,0.282011,0.225609,1.000000,0.500000,0.000000,0.000000,0.073063,-0.007306,1.358839,2.038258,0.333333,1.666667,0.000000,0.000000,0.000000,0.000000,0.000000,-0.000000,0.009194,-0.027581,0.000000,-0.000000,0.000000,-0.000000,1.123304,-0.336991,0.000000,-0.000000,0.000000,-0.000000,4.475864,6.933368,5.704616,0.500000,0.500000
101727,Matheuzinho,LAT,264,COR,7,95,85,fora,275,PAL,2026-10-11 17:30:00,30,0.000190,0.001517,0.000000,0.000000,0.450000,1.350000,0.078830,0.094596,0.675712,0.540570,0.333333,0.166667,0.000000,0.000000,0.170437,-0.017044,2.252828,3.379241,0.000000,0.000000,0.000000,0.000000,0.000000,0.000000,0.000000,-0.000000,0.009831,-0.029493,0.333333,-0.333333,0.000000,-0.000000,0.556012,-0.166804,0.000000,-0.000000,0.000000,-0.000000,4.985916,6.377981,5.681949,0.500000,0.500000
105531,Matheus Bidu,LAT,264,COR,7,95,85,fora,275,PAL,2026-10-11 17:30:00,30,0.075061,0.600490,0.000000,0.000000,0.000000,0.000000,0.193131,0.231757,0.816936,0.653549,2.333333,1.166667,0.000000,0.000000,0.119555,-0.011955,1.880728,2.821092,0.000000,0.000000,0.000000,0.000000,0.000000,0.000000,0.000000,-0.000000,0.009684,-0.029052,0.000000,-0.000000,0.000000,-0.000000,1.889022,-0.566707,0.000345,-0.000345,0.000000,-0.000000,4.865496,6.445797,5.655646,0.500000,0.500000
145659,Nicolas,LAT,276,SAO,5,45,45,casa,287,VIT,2026-10-10 21:00:00,30,0.000000,0.000000,0.000000,0.000000,0.000000,0.000000,0.106113,0.127336,0.000000,0.000000,0.000000,0.000000,0.000000,0.000000,0.060491,-0.006049,0.932667,1.399001,1.000000,5.000000,0.000000,0.000000,0.000000,0.000000,0.000000,-0.000000,0.009029,-0.027086,0.000000,-0.000000,0.000000,-0.000000,0.802036,-0.240611,0.000000,-0.000000,0.000000,-0.000000,6.252590,4.832005,5.542297,0.500000,0.500000
106302,Preciado,LAT,282,CAM,6,45,45,casa,277,SAN,2026-10-11 16:00:00,30,0.000000,0.000000,0.333333,1.666667,0.000000,0.000000,0.150978,0.181174,0.483267,0.386613,1.666667,0.833333,0.000000,0.000000,0.069003,-0.006900,1.572700,2.359050,0.333333,1.666667,0.000000,0.000000,0.000000,0.000000,0.000000,-0.000000,0.009333,-0.027998,0.666667,-0.666667,0.000000,-0.000000,1.567560,-0.470268,0.000000,-0.000000,0.000000,-0.000000,5.921671,5.036855,5.479263,0.500000,0.500000
116461,Jamerson,LAT,287,VIT,7,95,85,fora,276,SAO,2026-10-10 21:00:00,30,0.000000,0.000000,0.000000,0.000000,0.000000,0.000000,0.090326,0.108391,0.958941,0.767153,0.666667,0.333333,0.000000,0.000000,0.079116,-0.007912,2.194794,3.292190,0.333333,1.666667,0.000000,0.000000,0.000000,0.000000,0.000000,-0.000000,0.010435,-0.031306,0.000000,-0.000000,0.000000,-0.000000,0.639081,-0.191724,0.000000,-0.000000,0.000000,-0.000000,5.936793,4.886096,5.411444,0.500000,0.500000
97468,Marçal,LAT,263,BOT,6,45,45,fora,294,CFC,2026-10-12 16:00:00,30,0.000000,0.000000,0.000000,0.000000,0.000000,0.000000,0.086648,0.103977,0.524869,0.419895,0.666667,0.333333,0.000000,0.000000,0.063314,-0.006331,1.507133,2.260700,0.666667,3.333333,0.000000,0.000000,0.000000,0.000000,0.000000,-0.000000,0.009181,-0.027542,0.666667,-0.666667,0.000000,-0.000000,1.255556,-0.376667,0.000000,-0.000000,0.000000,-0.000000,5.374032,5.229899,5.301965,0.500000,0.500000
93716,Paulo Henrique,LAT,267,VAS,7,95,85,casa,364,REM,2026-10-10 18:00:00,30,0.000000,0.000000,0.000000,0.000000,0.000000,0.000000,0.250785,0.300942,0.049178,0.039343,0.333333,0.166667,0.000000,0.000000,0.086714,-0.008671,1.822931,2.734397,0.333333,1.666667,0.000000,0.000000,0.000000,0.000000,0.000000,-0.000000,0.009250,-0.027750,0.000000,-0.000000,0.000000,-0.000000,1.153805,-0.346142,0.002072,-0.002072,0.000000,-0.000000,4.523379,5.963737,5.243558,0.500000,0.500000
80570,Wendell,LAT,276,SAO,2,45,45,casa,287,VIT,2026-10-10 21:00:00,30,0.000000,0.000000,0.000000,0.000000,0.000000,0.000000,0.428064,0.513677,0.035752,0.028602,0.333333,0.166667,0.000000,0.000000,0.086314,-0.008631,1.749565,2.624347,0.333333,1.666667,0.000000,0.000000,0.000000,0.000000,0.000000,-0.000000,0.009303,-0.027910,0.333333,-0.333333,0.000000,-0.000000,1.388016,-0.416405,0.000000,-0.000000,0.000000,-0.000000,4.213680,6.234817,5.224248,0.500000,0.500000
141594,Pedro Gabriel,LAT,284,GRE,6,45,45,casa,285,INT,2026-10-11 17:30:00,30,0.000000,0.000000,0.000000,0.000000,0.000000,0.000000,0.126671,0.152005,0.491410,0.393128,0.333333,0.166667,0.000000,0.000000,0.069293,-0.006929,1.864512,2.796768,0.333333,1.666667,0.000000,0.000000,0.000000,0.000000,0.000000,-0.000000,0.009063,-0.027189,1.000000,-1.000000,0.000000,-0.000000,0.906233,-0.271870,0.000000,-0.000000,0.000000,-0.000000,3.869246,6.494190,5.181718,0.500000,0.500000
123717,Zé Guilherme,LAT,265,BAH,6,45,45,casa,2305,MIR,2026-10-11 19:30:00,30,0.000000,0.000000,0.000000,0.000000,0.000000,0.000000,0.096584,0.115900,0.541506,0.433205,1.000000,0.500000,0.000000,0.000000,0.060817,-0.006082,1.360730,2.041095,0.333333,1.666667,0.000000,0.000000,0.000000,0.000000,0.000000,-0.000000,0.008766,-0.026299,0.333333,-0.333333,0.000000,-0.000000,1.171999,-0.351600,0.000000,-0.000000,0.000000,-0.000000,4.039554,6.243603,5.141578,0.500000,0.500000
107554,Natanael,LAT,282,CAM,7,95,85,casa,277,SAN,2026-10-11 16:00:00,30,0.000000,0.000000,0.000000,0.000000,0.000000,0.000000,0.432589,0.519107,0.330481,0.264385,1.333333,0.666667,0.000000,0.000000,0.080331,-0.008033,2.042789,3.064183,0.000000,0.000000,0.000000,0.000000,0.000000,0.000000,0.000000,-0.000000,0.009924,-0.029771,0.000000,-0.000000,0.000000,-0.000000,0.934106,-0.280232,0.000000,-0.000000,0.000000,-0.000000,4.196305,6.085649,5.140977,0.500000,0.500000
111879,Mateus Silva,LAT,287,VIT,2,45,45,fora,276,SAO,2026-10-10 21:00:00,30,0.000000,0.000000,0.333333,1.666667,0.000000,0.000000,0.108418,0.130102,0.056402,0.045122,0.000000,0.000000,0.000000,0.000000,0.094768,-0.009477,1.918950,2.878425,0.333333,1.666667,0.000000,0.000000,0.000000,0.000000,0.000000,-0.000000,0.010021,-0.030063,0.333333,-0.333333,0.000000,-0.000000,0.757340,-0.227202,0.000000,-0.000000,0.000000,-0.000000,5.786907,4.477840,5.132373,0.500000,0.500000
110668,Esquivel,LAT,293,CAP,7,95,85,fora,315,CHA,2026-10-12 19:30:00,30,0.247500,1.980000,0.000000,0.000000,0.000000,0.000000,0.240410,0.288492,0.907435,0.725948,1.666667,0.833333,0.000000,0.000000,0.075553,-0.007555,1.549589,2.324384,0.000000,0.000000,0.000000,0.000000,0.000000,0.000000,0.000000,-0.000000,0.009744,-0.029232,0.000000,-0.000000,0.000000,-0.000000,1.497600,-0.449280,0.000000,-0.000000,0.000000,-0.000000,5.666090,4.584555,5.125322,0.500000,0.500000
89275,William,LAT,283,CRU,2,45,45,fora,280,RBB,2026-10-12 21:00:00,30,0.000000,0.000000,0.000000,0.000000,0.000000,0.000000,0.279573,0.335488,0.526941,0.421553,0.666667,0.333333,0.000000,0.000000,0.073292,-0.007329,1.893794,2.840691,0.333333,1.666667,0.000000,0.000000,0.000000,0.000000,0.000000,-0.000000,0.009788,-0.029364,0.000000,-0.000000,0.000000,-0.000000,1.312858,-0.393857,0.000000,-0.000000,0.000000,-0.000000,5.167182,4.910069,5.038625,0.500000,0.500000
87228,Guilherme Arana,LAT,266,FLU,7,95,85,fora,262,FLA,2026-10-11 17:30:00,30,0.000190,0.001517,0.000000,0.000000,0.000000,0.000000,0.270766,0.324919,1.184927,0.947941,0.000000,0.000000,0.000000,0.000000,0.072740,-0.007274,1.450089,2.175134,0.666667,3.333333,0.000000,0.000000,0.000000,0.000000,0.000000,-0.000000,0.009509,-0.028526,0.000000,-0.000000,0.000000,-0.000000,0.608036,-0.182411,0.000000,-0.000000,0.000000,-0.000000,6.564634,3.455142,5.009888,0.500000,0.500000
90061,Bruno Pacheco,LAT,315,CHA,7,95,85,casa,293,CAP,2026-10-12 19:30:00,30,0.041178,0.329423,0.000000,0.000000,0.000000,0.000000,0.120180,0.144216,0.000627,0.000502,1.333333,0.666667,0.000000,0.000000,0.079243,-0.007924,1.814290,2.721435,0.000000,0.000000,0.000000,0.000000,0.000000,0.000000,0.000000,-0.000000,0.009739,-0.029218,0.000000,-0.000000,0.000000,-0.000000,1.388022,-0.416407,0.000000,-0.000000,0.000000,-0.000000,3.408694,6.324610,4.866652,0.500000,0.500000
78850,Reinaldo,LAT,2305,MIR,7,95,85,fora,265,BAH,2026-10-11 19:30:00,30,0.006851,0.054808,0.000000,0.000000,0.074869,0.224606,0.428060,0.513671,0.318097,0.254478,0.333333,0.166667,0.000000,0.000000,0.077673,-0.007767,1.396268,2.094402,0.333333,1.666667,0.000000,0.000000,0.000000,0.000000,0.000000,-0.000000,0.009418,-0.028253,0.000000,-0.000000,0.000000,-0.000000,0.501038,-0.150311,0.000000,-0.000000,0.000000,-0.000000,4.788967,4.941157,4.865062,0.500000,0.500000
101319,Guga,LAT,266,FLU,7,95,85,fora,262,FLA,2026-10-11 17:30:00,30,0.000000,0.000000,0.000000,0.000000,0.000000,0.000000,0.116673,0.140007,0.457541,0.366032,0.000000,0.000000,0.000000,0.000000,0.072195,-0.007220,1.697335,2.546002,0.666667,3.333333,0.000000,0.000000,0.000000,0.000000,0.000000,-0.000000,0.009492,-0.028476,0.000000,-0.000000,0.000000,-0.000000,0.604649,-0.181395,0.000000,-0.000000,0.000000,-0.000000,6.168285,3.542536,4.855410,0.500000,0.500000
147192,Claudinho,LAT,293,CAP,6,45,45,fora,315,CHA,2026-10-12 19:30:00,30,0.000000,0.000000,0.000000,0.000000,0.041178,0.123533,0.047083,0.056499,0.477681,0.382145,0.000000,0.000000,0.000000,0.000000,0.066083,-0.006608,1.388658,2.082987,0.666667,3.333333,0.000000,0.000000,0.000000,0.000000,0.000000,-0.000000,0.009336,-0.028008,0.000000,-0.000000,0.000000,-0.000000,1.126612,-0.337983,0.000000,-0.000000,0.000000,-0.000000,5.605898,4.015787,4.810843,0.500000,0.500000
145400,Cauê,LAT,280,RBB,6,45,45,casa,283,CRU,2026-10-12 21:00:00,30,0.000000,0.000000,0.000000,0.000000,0.000000,0.000000,0.240707,0.288848,0.605000,0.484000,0.000000,0.000000,0.000000,0.000000,0.059775,-0.005978,1.318085,1.977127,0.333333,1.666667,0.000000,0.000000,0.000000,0.000000,0.000000,-0.000000,0.008743,-0.026230,0.333333,-0.333333,0.000000,-0.000000,1.282762,-0.384828,0.000000,-0.000000,0.000000,-0.000000,3.666273,5.889983,4.778128,0.500000,0.500000
78445,Renê,LAT,266,FLU,5,45,45,fora,262,FLA,2026-10-11 17:30:00,30,0.000000,0.000000,0.000000,0.000000,0.000000,0.000000,0.126345,0.151614,0.150187,0.120149,1.333333,0.666667,0.000000,0.000000,0.079019,-0.007902,2.286236,3.429354,0.333333,1.666667,0.000000,0.000000,0.000000,0.000000,0.000000,-0.000000,0.009965,-0.029896,0.000000,-0.000000,0.000000,-0.000000,1.012063,-0.303619,0.000000,-0.000000,0.000000,-0.000000,5.693034,3.839600,4.766317,0.500000,0.500000
98720,Angileri,LAT,264,COR,6,45,45,fora,275,PAL,2026-10-11 17:30:00,30,0.136125,1.089000,0.000000,0.000000,0.000000,0.000000,0.219350,0.263220,0.592517,0.474013,0.666667,0.333333,0.000000,0.000000,0.068630,-0.006863,1.398579,2.097869,0.000000,0.000000,0.000000,0.000000,0.000000,0.000000,0.000000,-0.000000,0.009459,-0.028377,0.333333,-0.333333,0.000000,-0.000000,0.535863,-0.160759,0.000000,-0.000000,0.000000,-0.000000,3.728103,5.757674,4.742888,0.500000,0.500000
107093,Luciano Juba,LAT,265,BAH,7,95,85,casa,2305,MIR,2026-10-11 19:30:00,30,0.212236,1.697887,0.000000,0.000000,0.001140,0.003419,0.400775,0.480930,0.001313,0.001050,0.333333,0.166667,0.000000,0.000000,0.082536,-0.008254,1.595523,2.393284,0.000000,0.000000,0.000000,0.000000,0.000000,0.000000,0.000000,-0.000000,0.009546,-0.028639,0.000000,-0.000000,0.000000,-0.000000,0.738930,-0.221679,0.000000,-0.000000,0.000000,-0.000000,4.484666,4.828733,4.656700,0.500000,0.500000
113157,Nathan Mendes,LAT,287,VIT,5,45,45,fora,276,SAO,2026-10-10 21:00:00,30,0.000000,0.000000,0.000000,0.000000,0.000000,0.000000,0.277212,0.332654,0.136125,0.108900,0.666667,0.333333,0.000000,0.000000,0.070814,-0.007081,1.657943,2.486915,0.333333,1.666667,0.000000,0.000000,0.000000,0.000000,0.000000,-0.000000,0.009593,-0.028780,0.000000,-0.000000,0.000000,-0.000000,1.291441,-0.387432,0.000000,-0.000000,0.000000,-0.000000,4.505175,4.789109,4.647142,0.500000,0.500000
100898,Vitinho,LAT,263,BOT,2,45,45,fora,294,CFC,2026-10-12 16:00:00,30,0.136125,1.089000,0.000000,0.000000,0.000032,0.000095,0.449977,0.539972,0.473276,0.378621,0.666667,0.333333,0.000000,0.000000,0.105744,-0.010574,1.375402,2.063102,0.000000,0.000000,0.000000,0.000000,0.000000,0.000000,0.000000,-0.000000,0.009527,-0.028580,0.000000,-0.000000,0.000000,-0.000000,0.395900,-0.118770,0.000000,-0.000000,0.000000,-0.000000,4.246199,4.936841,4.591520,0.500000,0.500000
95466,Igor Vinícius,LAT,277,SAN,6,45,45,fora,282,CAM,2026-10-11 16:00:00,30,0.000000,0.000000,0.000000,0.000000,0.000000,0.000000,0.164744,0.197693,0.000000,0.000000,0.666667,0.333333,0.000000,0.000000,0.077956,-0.007796,2.151394,3.227091,0.333333,1.666667,0.000000,0.000000,0.000000,0.000000,0.000000,-0.000000,0.009807,-0.029422,0.000000,-0.000000,0.000000,-0.000000,0.930161,-0.279048,0.000000,-0.000000,0.000000,-0.000000,5.108518,3.976681,4.542600,0.500000,0.500000
148125,Ryan Augusto,LAT,280,RBB,6,45,45,casa,283,CRU,2026-10-12 21:00:00,30,0.000000,0.000000,0.000000,0.000000,0.000000,0.000000,0.272356,0.326827,0.974869,0.779895,0.333333,0.166667,0.000000,0.000000,0.081686,-0.008169,1.542108,2.313162,0.000000,0.000000,0.000000,0.000000,0.000000,0.000000,0.000000,-0.000000,0.008912,-0.026735,0.000000,-0.000000,0.000000,-0.000000,0.946917,-0.284075,0.000000,-0.000000,0.000000,-0.000000,3.267572,5.776440,4.522006,0.500000,0.500000
122670,Diego Caito,LAT,284,GRE,5,45,45,casa,285,INT,2026-10-11 17:30:00,30,0.050328,0.402628,0.000000,0.000000,0.000000,0.000000,0.156617,0.187941,0.475131,0.380105,1.666667,0.833333,0.000000,0.000000,0.063044,-0.006304,1.558748,2.338122,0.000000,0.000000,0.000000,0.000000,0.000000,0.000000,0.000000,-0.000000,0.009015,-0.027045,0.333333,-0.333333,0.000000,-0.000000,1.069618,-0.320885,0.000000,-0.000000,0.000000,-0.000000,3.454560,5.508466,4.481513,0.500000,0.500000
63013,Marcos Rocha,LAT,284,GRE,6,45,45,casa,285,INT,2026-10-11 17:30:00,30,0.000000,0.000000,0.000000,0.000000,0.000000,0.000000,0.193354,0.232025,0.091506,0.073205,0.000000,0.000000,0.000000,0.000000,0.059671,-0.005967,1.260872,1.891308,0.333333,1.666667,0.000000,0.000000,0.000000,0.000000,0.000000,-0.000000,0.008648,-0.025944,0.000000,-0.000000,0.000000,-0.000000,0.428911,-0.128673,0.000000,-0.000000,0.000000,-0.000000,3.702620,5.195973,4.449297,0.500000,0.500000
94968,Juninho Capixaba,LAT,280,RBB,2,45,45,casa,283,CRU,2026-10-12 21:00:00,30,0.003772,0.030176,0.000000,0.000000,0.001141,0.003423,0.310910,0.373092,0.289754,0.231803,1.333333,0.666667,0.000000,0.000000,0.079606,-0.007961,1.704176,2.556264,0.000000,0.000000,0.000000,0.000000,0.000000,0.000000,0.000000,-0.000000,0.009309,-0.027926,0.333333,-0.333333,0.000000,-0.000000,1.130933,-0.339280,0.136125,-0.136125,0.000000,-0.000000,3.016800,5.851530,4.434165,0.500000,0.500000
80313,Gilberto,LAT,293,CAP,6,45,45,fora,315,CHA,2026-10-12 19:30:00,30,0.000000,0.000000,0.333333,1.666667,0.003768,0.011304,0.296048,0.355258,0.148771,0.119017,0.000000,0.000000,0.000000,0.000000,0.070859,-0.007086,1.391228,2.086842,0.000000,0.000000,0.000000,0.000000,0.000000,0.000000,0.000000,-0.000000,0.009265,-0.027795,0.000000,-0.000000,0.000000,-0.000000,0.513641,-0.154092,0.000000,-0.000000,0.000000,-0.000000,4.050113,4.782370,4.416242,0.500000,0.500000
132412,Román Gómez,LAT,265,BAH,2,45,45,casa,2305,MIR,2026-10-11 19:30:00,30,0.000000,0.000000,0.000000,0.000000,0.000000,0.000000,0.095576,0.114691,0.533639,0.426911,0.666667,0.333333,0.000000,0.000000,0.066432,-0.006643,1.442707,2.164060,0.000000,0.000000,0.000000,0.000000,0.000000,0.000000,0.000000,-0.000000,0.008745,-0.026235,0.000000,-0.000000,0.000000,-0.000000,1.110909,-0.333273,0.000000,-0.000000,0.000000,-0.000000,2.672845,6.142832,4.407838,0.500000,0.500000
104470,Everton,LAT,315,CHA,6,45,45,casa,293,CAP,2026-10-12 19:30:00,30,0.000000,0.000000,0.000000,0.000000,0.000000,0.000000,0.203184,0.243820,0.902182,0.721745,0.666667,0.333333,0.000000,0.000000,0.071991,-0.007199,1.299050,1.948576,0.333333,1.666667,0.000000,0.000000,0.000000,0.000000,0.000000,-0.000000,0.008909,-0.026726,0.000000,-0.000000,0.000000,-0.000000,0.715722,-0.214717,0.000000,-0.000000,0.000000,-0.000000,4.665500,4.102184,4.383842,0.500000,0.500000
100848,Luan Cândido,LAT,287,VIT,7,95,85,fora,276,SAO,2026-10-10 21:00:00,30,0.000000,0.000000,0.000000,0.000000,0.000000,0.000000,0.287500,0.345000,0.004081,0.003265,0.333333,0.166667,0.000000,0.000000,0.125619,-0.012562,1.603816,2.405724,0.333333,1.666667,0.000000,0.000000,0.000000,0.000000,0.000000,-0.000000,0.009274,-0.027822,0.333333,-0.333333,0.000000,-0.000000,1.399361,-0.419808,0.000000,-0.000000,0.000000,-0.000000,3.793797,4.942134,4.367965,0.500000,0.500000
118806,Buta,LAT,276,SAO,5,45,45,casa,287,VIT,2026-10-10 21:00:00,30,0.000000,0.000000,0.000000,0.000000,0.000000,0.000000,0.061555,0.073866,0.000000,0.000000,2.000000,1.000000,0.000000,0.000000,0.059048,-0.005905,1.545778,2.318667,0.000000,0.000000,0.000000,0.000000,0.000000,0.000000,0.000000,-0.000000,0.008832,-0.026497,0.000000,-0.000000,0.000000,-0.000000,0.785092,-0.235527,0.000000,-0.000000,0.000000,-0.000000,3.124604,5.532107,4.328356,0.500000,0.500000
110510,Aguirre,LAT,285,INT,7,95,85,fora,284,GRE,2026-10-11 17:30:00,30,0.139893,1.119144,0.000000,0.000000,0.000000,0.000000,0.399851,0.479821,0.855980,0.684784,0.333333,0.166667,0.000000,0.000000,0.088982,-0.008898,1.477739,2.216609,0.000000,0.000000,0.000000,0.000000,0.000000,0.000000,0.000000,-0.000000,0.009532,-0.028597,0.333333,-0.333333,0.000000,-0.000000,0.659127,-0.197738,0.000000,-0.000000,0.000000,-0.000000,4.098458,4.516113,4.307286,0.500000,0.500000
96591,Renan Lodi,LAT,282,CAM,7,95,85,casa,277,SAN,2026-10-11 16:00:00,30,0.000000,0.000000,0.000000,0.000000,0.000057,0.000172,0.263255,0.315906,0.171814,0.137452,1.666667,0.833333,0.000000,0.000000,0.079686,-0.007969,1.347853,2.021780,0.000000,0.000000,0.000000,0.000000,0.000000,0.000000,0.000000,-0.000000,0.009280,-0.027839,0.000000,-0.000000,0.000000,-0.000000,1.103287,-0.330986,0.000000,-0.000000,0.000000,-0.000000,2.941849,5.504187,4.223018,0.500000,0.500000
101597,Ramon,LAT,287,VIT,5,45,45,fora,276,SAO,2026-10-10 21:00:00,30,0.003872,0.030979,0.000000,0.000000,0.000000,0.000000,0.185629,0.222755,0.124095,0.099276,0.333333,0.166667,0.000000,0.000000,0.070161,-0.007016,1.704518,2.556777,0.333333,1.666667,0.000000,0.000000,0.000000,0.000000,0.000000,-0.000000,0.009138,-0.027413,0.666667,-0.666667,0.000000,-0.000000,1.199653,-0.359896,0.000000,-0.000000,0.000000,-0.000000,3.682128,4.755599,4.218863,0.500000,0.500000
97101,Gabriel Rojas,LAT,283,CRU,7,95,85,fora,280,RBB,2026-10-12 21:00:00,30,0.000000,0.000000,0.000000,0.000000,0.000000,0.000000,0.146957,0.176348,0.074869,0.059895,1.333333,0.666667,0.000000,0.000000,0.085072,-0.008507,1.490787,2.236180,0.333333,1.666667,0.000000,0.000000,0.000000,0.000000,0.000000,-0.000000,0.008998,-0.026994,0.333333,-0.333333,0.000000,-0.000000,0.804941,-0.241482,0.000000,-0.000000,0.000000,-0.000000,4.195440,4.233220,4.214330,0.500000,0.500000
101820,Mayk,LAT,364,REM,6,45,45,fora,267,VAS,2026-10-10 18:00:00,30,0.000000,0.000000,0.333333,1.666667,0.000000,0.000000,0.084026,0.100831,0.143397,0.114718,0.333333,0.166667,0.000000,0.000000,0.068839,-0.006884,1.048548,1.572822,0.333333,1.666667,0.000000,0.000000,0.000000,0.000000,0.000000,-0.000000,0.009125,-0.027375,0.000000,-0.000000,0.000000,-0.000000,0.301206,-0.090362,0.000000,-0.000000,0.000000,-0.000000,5.163751,3.215350,4.189551,0.500000,0.500000
110426,Bernabei,LAT,285,INT,7,95,85,fora,284,GRE,2026-10-11 17:30:00,30,0.000952,0.007619,0.000000,0.000000,0.000002,0.000005,0.226895,0.272274,0.680396,0.544317,1.000000,0.500000,0.000000,0.000000,0.236324,-0.023632,1.759075,2.638613,0.000000,0.000000,0.000000,0.000000,0.000000,0.000000,0.000000,-0.000000,0.009189,-0.027568,0.333333,-0.333333,0.000000,-0.000000,1.134695,-0.340408,0.000000,-0.000000,0.000000,-0.000000,3.237885,5.052982,4.145434,0.500000,0.500000
120433,Léo Derik,LAT,293,CAP,6,45,45,fora,315,CHA,2026-10-12 19:30:00,30,0.000000,0.000000,0.000000,0.000000,0.000000,0.000000,0.084023,0.100827,0.000000,0.000000,0.000000,0.000000,0.000000,0.000000,0.064681,-0.006468,1.464584,2.196875,0.333333,1.666667,0.000000,0.000000,0.000000,0.000000,0.000000,-0.000000,0.009149,-0.027446,0.000000,-0.000000,0.000000,-0.000000,0.435491,-0.130647,0.000000,-0.000000,0.000000,-0.000000,3.799808,4.463948,4.131878,0.500000,0.500000
123689,Milans,LAT,264,COR,6,45,45,fora,275,PAL,2026-10-11 17:30:00,30,0.000000,0.000000,0.000000,0.000000,0.000000,0.000000,0.119287,0.143144,0.000000,0.000000,0.666667,0.333333,0.000000,0.000000,0.072017,-0.007202,1.150464,1.725697,0.333333,1.666667,0.000000,0.000000,0.000000,0.000000,0.000000,-0.000000,0.008907,-0.026721,0.000000,-0.000000,0.000000,-0.000000,0.961824,-0.288547,0.000000,-0.000000,0.000000,-0.000000,3.546371,4.712620,4.129495,0.500000,0.500000
124481,Mateo Ponte,LAT,263,BOT,2,45,45,fora,294,CFC,2026-10-12 16:00:00,30,0.000000,0.000000,0.000000,0.000000,0.022648,0.067943,0.065625,0.078750,0.000000,0.000000,0.000000,0.000000,0.000000,0.000000,0.075638,-0.007564,1.392115,2.088172,0.333333,1.666667,0.000000,0.000000,0.000000,0.000000,0.000000,-0.000000,0.009011,-0.027034,0.000000,-0.000000,0.000000,-0.000000,0.652970,-0.195891,0.000000,-0.000000,0.000000,-0.000000,3.671044,4.525616,4.098330,0.500000,0.500000
110715,Andrés Hurtado,LAT,280,RBB,6,45,45,casa,283,CRU,2026-10-12 21:00:00,30,0.006851,0.054808,0.000000,0.000000,0.000000,0.000000,0.122833,0.147400,0.069819,0.055855,0.333333,0.166667,0.000000,0.000000,0.069270,-0.006927,1.350091,2.025136,0.000000,0.000000,0.000000,0.000000,0.000000,0.000000,0.000000,-0.000000,0.008865,-0.026596,0.000000,-0.000000,0.000000,-0.000000,0.772529,-0.231759,0.000000,-0.000000,0.000000,-0.000000,2.184584,5.908543,4.046564,0.500000,0.500000
105213,Sant'Anna,LAT,280,RBB,7,95,85,casa,283,CRU,2026-10-12 21:00:00,30,0.000000,0.000000,0.000000,0.000000,0.000000,0.000000,0.251847,0.302217,0.539207,0.431365,0.666667,0.333333,0.000000,0.000000,0.079708,-0.007971,1.538186,2.307278,0.000000,0.000000,0.000000,0.000000,0.000000,0.000000,0.000000,-0.000000,0.009104,-0.027311,0.666667,-0.666667,0.000000,-0.000000,0.859415,-0.257824,0.000000,-0.000000,0.000000,-0.000000,2.414421,5.585824,4.000122,0.500000,0.500000
105584,Lucas Piton,LAT,267,VAS,6,45,45,casa,364,REM,2026-10-10 18:00:00,30,0.000000,0.000000,0.333333,1.666667,0.000000,0.000000,0.188259,0.225911,0.498831,0.399065,0.333333,0.166667,0.000000,0.000000,0.072067,-0.007207,1.269512,1.904268,0.000000,0.000000,0.000000,0.000000,0.000000,0.000000,0.000000,-0.000000,0.009017,-0.027051,0.000000,-0.000000,0.000000,-0.000000,1.125565,-0.337669,0.000000,-0.000000,0.000000,-0.000000,3.990651,3.992383,3.991517,0.500000,0.500000
82628,Tinga,LAT,294,CFC,7,95,85,casa,263,BOT,2026-10-12 16:00:00,30,0.000000,0.000000,0.000000,0.000000,0.000000,0.000000,0.300166,0.360199,0.136470,0.109176,1.000000,0.500000,0.000000,0.000000,0.070544,-0.007054,1.313192,1.969787,0.000000,0.000000,0.000000,0.000000,0.000000,0.000000,0.000000,-0.000000,0.008878,-0.026634,0.000000,-0.000000,0.000000,-0.000000,0.874210,-0.262263,0.000000,-0.000000,0.000000,-0.000000,2.643211,5.268844,3.956028,0.500000,0.500000
73384,Samuel Xavier,LAT,266,FLU,6,45,45,fora,262,FLA,2026-10-11 17:30:00,30,0.000000,0.000000,0.000000,0.000000,0.000000,0.000000,0.222768,0.267321,0.012801,0.010241,1.333333,0.666667,0.000000,0.000000,0.090704,-0.009070,1.394996,2.092493,0.333333,1.666667,0.000000,0.000000,0.000000,0.000000,0.000000,-0.000000,0.009130,-0.027389,0.333333,-0.333333,0.000000,-0.000000,1.151791,-0.345537,0.000000,-0.000000,0.000000,-0.000000,3.988059,3.738774,3.863417,0.500000,0.500000
143600,Kauã Moraes,LAT,283,CRU,6,45,45,fora,280,RBB,2026-10-12 21:00:00,30,0.142976,1.143808,0.000000,0.000000,0.000000,0.000000,0.270681,0.324817,0.004605,0.003684,1.333333,0.666667,0.000000,0.000000,0.067139,-0.006714,1.394112,2.091168,0.000000,0.000000,0.000000,0.000000,0.000000,0.000000,0.000000,-0.000000,0.009330,-0.027990,0.333333,-0.333333,0.000000,-0.000000,1.113194,-0.333958,0.000000,-0.000000,0.000000,-0.000000,3.528148,4.134492,3.831320,0.500000,0.500000
97795,Marcelinho,LAT,364,REM,7,95,85,fora,267,VAS,2026-10-10 18:00:00,30,0.002130,0.017038,0.000000,0.000000,0.000345,0.001034,0.370386,0.444463,0.769219,0.615375,2.000000,1.000000,0.000000,0.000000,0.078839,-0.007884,1.433987,2.150981,0.000000,0.000000,0.000000,0.000000,0.000000,0.000000,0.000000,-0.000000,0.009326,-0.027979,0.333333,-0.333333,0.000000,-0.000000,0.696218,-0.208866,0.000000,-0.000000,0.000000,-0.000000,3.650830,3.802135,3.726483,0.500000,0.500000
104758,Enzo Díaz,LAT,276,SAO,6,45,45,casa,287,VIT,2026-10-10 21:00:00,30,0.000000,0.000000,0.000000,0.000000,0.000000,0.000000,0.102656,0.123187,0.249780,0.199824,1.666667,0.833333,0.000000,0.000000,0.086507,-0.008651,1.892539,2.838809,0.000000,0.000000,0.000000,0.000000,0.000000,0.000000,0.000000,-0.000000,0.008945,-0.026836,1.000000,-1.000000,0.000000,-0.000000,0.806681,-0.242004,0.000000,-0.000000,0.000000,-0.000000,2.717661,4.578367,3.648014,0.500000,0.500000
86410,Victor Luis,LAT,2305,MIR,6,45,45,fora,265,BAH,2026-10-11 19:30:00,30,0.000000,0.000000,0.000000,0.000000,0.000000,0.000000,0.117333,0.140799,0.102549,0.082040,0.000000,0.000000,0.000000,0.000000,0.079333,-0.007933,1.128423,1.692634,0.333333,1.666667,0.000000,0.000000,0.000000,0.000000,0.000000,-0.000000,0.008569,-0.025708,0.000000,-0.000000,0.000000,-0.000000,1.517258,-0.455177,0.074869,-0.074869,0.000000,-0.000000,3.018452,4.190286,3.604369,0.500000,0.500000
42500,Fagner,LAT,283,CRU,2,45,45,fora,280,RBB,2026-10-12 21:00:00,30,0.000000,0.000000,0.000000,0.000000,0.000000,0.000000,0.301932,0.362318,0.161342,0.129074,0.333333,0.166667,0.000000,0.000000,0.074382,-0.007438,1.703761,2.555642,0.000000,0.000000,0.000000,0.000000,0.000000,0.000000,0.000000,-0.000000,0.009270,-0.027810,0.000000,-0.000000,0.000000,-0.000000,1.236910,-0.371073,0.000000,-0.000000,0.000000,-0.000000,2.807378,4.170019,3.488699,0.500000,0.500000
127932,Júlio Fidelis,LAT,266,FLU,6,45,45,fora,262,FLA,2026-10-11 17:30:00,30,0.000000,0.000000,0.000000,0.000000,0.000000,0.000000,0.164786,0.197743,0.000000,0.000000,1.000000,0.500000,0.000000,0.000000,0.061680,-0.006168,1.485114,2.227671,0.333333,1.666667,0.000000,0.000000,0.000000,0.000000,0.000000,-0.000000,0.009122,-0.027367,0.333333,-0.333333,0.000000,-0.000000,0.967436,-0.290231,0.000000,-0.000000,0.000000,-0.000000,3.934981,2.979087,3.457034,0.500000,0.500000
91706,Marlon,LAT,284,GRE,5,45,45,casa,285,INT,2026-10-11 17:30:00,30,0.012456,0.099650,0.000000,0.000000,0.000000,0.000000,0.263668,0.316402,0.053634,0.042907,0.000000,0.000000,0.000000,0.000000,0.064721,-0.006472,1.413689,2.120534,0.000000,0.000000,0.000000,0.000000,0.000000,0.000000,0.000000,-0.000000,0.008777,-0.026332,0.666667,-0.666667,0.000000,-0.000000,0.717044,-0.215113,0.000000,-0.000000,0.000000,-0.000000,1.664909,5.194951,3.429930,0.500000,0.500000
141405,Avellar,LAT,267,VAS,6,45,45,casa,364,REM,2026-10-10 18:00:00,30,0.000000,0.000000,0.000000,0.000000,0.000000,0.000000,0.108553,0.130263,0.000000,0.000000,0.000000,0.000000,0.000000,0.000000,0.059013,-0.005901,1.515997,2.273996,0.000000,0.000000,0.000000,0.000000,0.000000,0.000000,0.000000,-0.000000,0.008738,-0.026215,0.000000,-0.000000,0.000000,-0.000000,1.304462,-0.391339,0.000000,-0.000000,0.000000,-0.000000,1.980804,4.793486,3.387145,0.500000,0.500000
102975,Escobar,LAT,277,SAN,7,95,85,fora,282,CAM,2026-10-11 16:00:00,30,0.000000,0.000000,0.000000,0.000000,0.001140,0.003419,0.314413,0.377295,0.000229,0.000183,0.000000,0.000000,0.000000,0.000000,0.076031,-0.007603,2.118569,3.177854,0.000000,0.000000,0.000000,0.000000,0.000000,0.000000,0.000000,-0.000000,0.009426,-0.028278,1.000000,-1.000000,0.000000,-0.000000,1.339436,-0.401831,0.001140,-0.001140,0.000000,-0.000000,2.119900,4.586396,3.353148,0.500000,0.500000
61987,Alex Sandro,LAT,262,FLA,7,95,85,casa,266,FLU,2026-10-11 17:30:00,30,0.000000,0.000000,0.000000,0.000000,0.000000,0.000000,0.059751,0.071701,0.000032,0.000025,0.333333,0.166667,0.000000,0.000000,0.089984,-0.008998,1.254066,1.881099,0.000000,0.000000,0.000000,0.000000,0.000000,0.000000,0.000000,-0.000000,0.008450,-0.025349,0.333333,-0.333333,0.000000,-0.000000,0.773661,-0.232098,0.000000,-0.000000,0.000000,-0.000000,1.519714,5.058006,3.288860,0.500000,0.500000
86864,Marlon,LAT,364,REM,7,95,85,fora,267,VAS,2026-10-10 18:00:00,30,0.000000,0.000000,0.000000,0.000000,0.000000,0.000000,0.181218,0.217462,0.383625,0.306900,0.333333,0.166667,0.000000,0.000000,0.063564,-0.006356,1.708141,2.562211,0.000000,0.000000,0.000000,0.000000,0.000000,0.000000,0.000000,-0.000000,0.009120,-0.027360,0.000000,-0.000000,0.000000,-0.000000,0.363330,-0.108999,0.000000,-0.000000,0.000000,-0.000000,3.110524,3.398085,3.254304,0.500000,0.500000
150959,Davizinho,LAT,277,SAN,6,45,45,fora,282,CAM,2026-10-11 16:00:00,30,0.000000,0.000000,0.000000,0.000000,0.000000,0.000000,0.131474,0.157768,0.000000,0.000000,0.000000,0.000000,0.000000,0.000000,0.057392,-0.005739,1.014550,1.521824,0.333333,1.666667,0.000000,0.000000,0.000000,0.000000,0.000000,-0.000000,0.008598,-0.025795,0.000000,-0.000000,0.000000,-0.000000,0.586323,-0.175897,0.000000,-0.000000,0.000000,-0.000000,3.138828,3.219198,3.179013,0.500000,0.500000
89273,João Pedro,LAT,284,GRE,7,95,85,casa,285,INT,2026-10-11 17:30:00,30,0.000000,0.000000,0.000000,0.000000,0.000000,0.000000,0.056252,0.067503,0.450000,0.360000,0.000000,0.000000,0.000000,0.000000,0.060388,-0.006039,1.062766,1.594150,0.333333,1.666667,0.000000,0.000000,0.000000,0.000000,0.000000,-0.000000,0.008389,-0.025168,0.666667,-0.666667,0.000000,-0.000000,0.813132,-0.243940,0.000000,-0.000000,0.000000,-0.000000,2.746506,3.564804,3.155655,0.500000,0.500000
141337,Lucas Taverna,LAT,294,CFC,5,45,45,casa,263,BOT,2026-10-12 16:00:00,30,0.000000,0.000000,0.000000,0.000000,0.000000,0.000000,0.250886,0.301063,0.000000,0.000000,0.000000,0.000000,0.000000,0.000000,0.057955,-0.005796,1.179899,1.769848,0.000000,0.000000,0.000000,0.000000,0.000000,0.000000,0.000000,-0.000000,0.008432,-0.025297,0.000000,-0.000000,0.000000,-0.000000,0.612240,-0.183672,0.000000,-0.000000,0.000000,-0.000000,1.856147,4.242041,3.049094,0.500000,0.500000
99034,Elias,LAT,2305,MIR,6,45,45,fora,265,BAH,2026-10-11 19:30:00,30,0.000000,0.000000,0.000000,0.000000,0.000000,0.000000,0.071218,0.085462,0.000000,0.000000,2.000000,1.000000,0.000000,0.000000,0.055174,-0.005517,1.469036,2.203554,0.000000,0.000000,0.000000,0.000000,0.000000,0.000000,0.000000,-0.000000,0.008488,-0.025463,1.000000,-1.000000,0.000000,-0.000000,0.925026,-0.277508,0.000000,-0.000000,0.000000,-0.000000,1.980528,4.041069,3.010798,0.500000,0.500000
103347,Matheus Alexandre,LAT,364,REM,6,45,45,fora,267,VAS,2026-10-10 18:00:00,30,0.000000,0.000000,0.000000,0.000000,0.000000,0.000000,0.075911,0.091093,0.002072,0.001658,0.000000,0.000000,0.000000,0.000000,0.063911,-0.006391,1.157687,1.736531,0.333333,1.666667,0.000000,0.000000,0.000000,0.000000,0.000000,-0.000000,0.008813,-0.026439,0.333333,-0.333333,0.000000,-0.000000,0.792157,-0.237647,0.000000,-0.000000,0.000000,-0.000000,2.892139,3.070588,2.981364,0.500000,0.500000
147090,Kauã Pascini,LAT,282,CAM,6,45,45,casa,277,SAN,2026-10-11 16:00:00,30,0.000000,0.000000,0.000000,0.000000,0.000000,0.000000,0.180128,0.216153,0.177303,0.141842,0.000000,0.000000,0.000000,0.000000,0.064335,-0.006433,1.402118,2.103177,0.000000,0.000000,0.000000,0.000000,0.000000,0.000000,0.000000,-0.000000,0.008811,-0.026432,0.000000,-0.000000,0.000000,-0.000000,0.829736,-0.248921,0.000000,-0.000000,0.000000,-0.000000,2.179387,3.752760,2.966073,0.500000,0.500000
102318,Caio Paulista,LAT,284,GRE,7,95,85,casa,285,INT,2026-10-11 17:30:00,30,0.000000,0.000000,0.000000,0.000000,0.000000,0.000000,0.084778,0.101734,0.048029,0.038423,0.333333,0.166667,0.000000,0.000000,0.063605,-0.006361,1.550837,2.326256,0.000000,0.000000,0.000000,0.000000,0.000000,0.000000,0.000000,-0.000000,0.008706,-0.026117,0.333333,-0.333333,0.000000,-0.000000,0.781393,-0.234418,0.000000,-0.000000,0.000000,-0.000000,2.032851,3.873533,2.953192,0.500000,0.500000
73992,Rodinei,LAT,277,SAN,7,95,85,fora,282,CAM,2026-10-11 16:00:00,30,0.000000,0.000000,0.000000,0.000000,0.000000,0.000000,0.237471,0.284965,0.450000,0.360000,1.666667,0.833333,0.000000,0.000000,0.057004,-0.005700,1.390669,2.086003,0.000000,0.000000,0.000000,0.000000,0.000000,0.000000,0.000000,-0.000000,0.008599,-0.025798,0.333333,-0.333333,0.000000,-0.000000,0.819140,-0.245742,0.000000,-0.000000,0.000000,-0.000000,2.953728,2.946948,2.950338,0.500000,0.500000
101708,Felipe Jonatan,LAT,294,CFC,6,45,45,casa,263,BOT,2026-10-12 16:00:00,30,0.000000,0.000000,0.000000,0.000000,0.000000,0.000000,0.225839,0.271007,0.000221,0.000177,0.333333,0.166667,0.000000,0.000000,0.067499,-0.006750,1.261650,1.892475,0.000000,0.000000,0.000000,0.000000,0.000000,0.000000,0.000000,-0.000000,0.008553,-0.025660,0.000000,-0.000000,0.000000,-0.000000,0.634410,-0.190323,0.000000,-0.000000,0.000000,-0.000000,2.107593,3.666444,2.887018,0.500000,0.500000
84339,Bruno Melo,LAT,294,CFC,3,45,45,casa,263,BOT,2026-10-12 16:00:00,30,0.000627,0.005015,0.000000,0.000000,0.000000,0.000000,0.111666,0.134000,0.072885,0.058308,0.333333,0.166667,0.000000,0.000000,0.086136,-0.008614,1.501631,2.252446,0.000000,0.000000,0.000000,0.000000,0.000000,0.000000,0.000000,-0.000000,0.008764,-0.026292,0.333333,-0.333333,0.000000,-0.000000,0.773173,-0.231952,0.000000,-0.000000,0.000000,-0.000000,2.016245,3.547185,2.781715,0.500000,0.500000
97899,Matheus Bahia,LAT,285,INT,6,45,45,fora,284,GRE,2026-10-11 17:30:00,30,0.000000,0.000000,0.000000,0.000000,0.000000,0.000000,0.208428,0.250114,0.001140,0.000912,0.333333,0.166667,0.000000,0.000000,0.106410,-0.010641,1.546374,2.319560,0.000000,0.000000,0.000000,0.000000,0.000000,0.000000,0.000000,-0.000000,0.008092,-0.024275,0.333333,-0.333333,0.000000,-0.000000,0.824653,-0.247396,0.136125,-0.136125,0.000000,-0.000000,1.985483,3.542799,2.764141,0.500000,0.500000
99213,Puma Rodríguez,LAT,267,VAS,6,45,45,casa,364,REM,2026-10-10 18:00:00,30,0.001171,0.009371,0.000000,0.000000,0.041178,0.123533,0.209409,0.251290,0.494286,0.395429,0.000000,0.000000,0.000000,0.000000,0.068402,-0.006840,1.255149,1.882724,0.000000,0.000000,0.000000,0.000000,0.000000,0.000000,0.000000,-0.000000,0.008633,-0.025900,0.000000,-0.000000,0.000000,-0.000000,0.609191,-0.182757,0.000000,-0.000000,0.000000,-0.000000,2.446849,2.891487,2.669168,0.500000,0.500000
142868,Johnny,LAT,262,FLA,6,45,45,casa,266,FLU,2026-10-11 17:30:00,30,0.000000,0.000000,0.000000,0.000000,0.000000,0.000000,0.061399,0.073678,0.000000,0.000000,0.000000,0.000000,0.000000,0.000000,0.053613,-0.005361,0.871003,1.306505,0.000000,0.000000,0.000000,0.000000,0.000000,0.000000,0.000000,-0.000000,0.008088,-0.024263,0.000000,-0.000000,0.000000,-0.000000,0.716427,-0.214928,0.000000,-0.000000,0.000000,-0.000000,1.135631,3.744152,2.439891,0.500000,0.500000
104257,João Lucas,LAT,364,REM,5,45,45,fora,267,VAS,2026-10-10 18:00:00,30,0.000000,0.000000,0.000000,0.000000,0.000000,0.000000,0.153352,0.184022,0.186453,0.149163,1.000000,0.500000,0.000000,0.000000,0.060820,-0.006082,1.384499,2.076748,0.000000,0.000000,0.000000,0.000000,0.000000,0.000000,0.000000,-0.000000,0.008833,-0.026500,0.666667,-0.666667,0.000000,-0.000000,1.362480,-0.408744,0.000000,-0.000000,0.000000,-0.000000,1.801940,3.063198,2.432569,0.500000,0.500000
107236,Vanderlan,LAT,280,RBB,2,45,45,casa,283,CRU,2026-10-12 21:00:00,30,0.000000,0.000000,0.000000,0.000000,0.000000,0.000000,0.061399,0.073678,0.000000,0.000000,0.000000,0.000000,0.000000,0.000000,0.055095,-0.005510,1.030624,1.545937,0.000000,0.000000,0.000000,0.000000,0.000000,0.000000,0.000000,-0.000000,0.008212,-0.024635,0.000000,-0.000000,0.000000,-0.000000,0.483490,-0.145047,0.000000,-0.000000,0.000000,-0.000000,1.444424,3.418958,2.431691,0.500000,0.500000
149715,Rafael Gonzaga,LAT,277,SAN,6,45,45,fora,282,CAM,2026-10-11 16:00:00,30,0.000000,0.000000,0.000000,0.000000,0.000000,0.000000,0.067466,0.080959,0.000000,0.000000,0.000000,0.000000,0.000000,0.000000,0.055979,-0.005598,1.476436,2.214653,0.000000,0.000000,0.000000,0.000000,0.000000,0.000000,0.000000,-0.000000,0.008601,-0.025802,0.000000,-0.000000,0.000000,-0.000000,0.687555,-0.206266,0.000000,-0.000000,0.000000,-0.000000,2.057946,2.582866,2.320406,0.500000,0.500000
141868,Vini Lira,LAT,277,SAN,5,45,45,fora,282,CAM,2026-10-11 16:00:00,30,0.000000,0.000000,0.000000,0.000000,0.000000,0.000000,0.264219,0.317062,0.166375,0.133100,0.000000,0.000000,0.000000,0.000000,0.058050,-0.005805,1.368640,2.052959,0.000000,0.000000,0.000000,0.000000,0.000000,0.000000,0.000000,-0.000000,0.008634,-0.025901,0.333333,-0.333333,0.000000,-0.000000,1.023041,-0.306912,0.000000,-0.000000,0.000000,-0.000000,1.831170,2.782918,2.307044,0.500000,0.500000
148092,Vitor Ramon,LAT,284,GRE,6,45,45,casa,285,INT,2026-10-11 17:30:00,30,0.000000,0.000000,0.000000,0.000000,0.000000,0.000000,0.061399,0.073678,0.000000,0.000000,0.000000,0.000000,0.000000,0.000000,0.053873,-0.005387,1.186192,1.779288,0.000000,0.000000,0.000000,0.000000,0.000000,0.000000,0.000000,-0.000000,0.008123,-0.024370,1.000000,-1.000000,0.000000,-0.000000,1.192460,-0.357738,0.000000,-0.000000,0.000000,-0.000000,0.465471,4.120493,2.292982,0.500000,0.500000
77656,Cédric Soares,LAT,276,SAO,6,45,45,casa,287,VIT,2026-10-10 21:00:00,30,0.000000,0.000000,0.000000,0.000000,0.000000,0.000000,0.056252,0.067503,0.056402,0.045122,0.000000,0.000000,0.000000,0.000000,0.059792,-0.005979,1.120729,1.681093,0.000000,0.000000,0.000000,0.000000,0.000000,0.000000,0.000000,-0.000000,0.008370,-0.025109,0.000000,-0.000000,0.000000,-0.000000,0.444638,-0.133392,0.000000,-0.000000,0.000000,-0.000000,1.629238,2.927749,2.278494,0.500000,0.500000
96678,Bustos,LAT,294,CFC,6,45,45,casa,263,BOT,2026-10-12 16:00:00,30,0.000000,0.000000,0.000000,0.000000,0.000000,0.000000,0.069761,0.083713,0.000000,0.000000,0.500000,0.250000,0.000000,0.000000,0.053852,-0.005385,0.880665,1.320997,0.000000,0.000000,0.000000,0.000000,0.000000,0.000000,0.000000,-0.000000,0.008046,-0.024138,0.000000,-0.000000,0.000000,-0.000000,0.785655,-0.235696,0.000000,-0.000000,0.000000,-0.000000,1.389492,2.958268,2.173880,0.500000,0.500000
145660,Luiz Felipe,LAT,285,INT,6,45,45,fora,284,GRE,2026-10-11 17:30:00,30,0.000000,0.000000,0.000000,0.000000,0.000000,0.000000,0.085090,0.102107,0.000000,0.000000,0.000000,0.000000,0.000000,0.000000,0.100114,-0.010011,1.132703,1.699055,0.000000,0.000000,0.000000,0.000000,0.000000,0.000000,0.000000,-0.000000,0.008437,-0.025311,0.000000,-0.000000,0.000000,-0.000000,0.553110,-0.165933,0.000000,-0.000000,0.000000,-0.000000,1.599907,2.578756,2.089332,0.500000,0.500000
146374,Gilberto Junior,LAT,293,CAP,6,45,45,fora,315,CHA,2026-10-12 19:30:00,30,0.000000,0.000000,0.000000,0.000000,0.000000,0.000000,0.139364,0.167237,0.000000,0.000000,0.333333,0.166667,0.000000,0.000000,0.068611,-0.006861,1.115926,1.673889,0.000000,0.000000,0.000000,0.000000,0.000000,0.000000,0.000000,-0.000000,0.008480,-0.025441,0.000000,-0.000000,0.000000,-0.000000,0.800235,-0.240070,0.000000,-0.000000,0.000000,-0.000000,1.735420,2.386263,2.060841,0.500000,0.500000
93637,Bruno Tubarão,LAT,315,CHA,7,95,85,casa,293,CAP,2026-10-12 19:30:00,30,0.000000,0.000000,0.000000,0.000000,0.000000,0.000000,0.076597,0.091916,0.000000,0.000000,0.000000,0.000000,0.000000,0.000000,0.056039,-0.005604,1.211884,1.817826,0.000000,0.000000,0.000000,0.000000,0.000000,0.000000,0.000000,-0.000000,0.008342,-0.025027,0.500000,-0.500000,0.000000,-0.000000,0.841247,-0.252374,0.000000,-0.000000,0.000000,-0.000000,1.126737,2.980632,2.053685,0.500000,0.500000
106950,Fernando,LAT,315,CHA,3,45,45,casa,293,CAP,2026-10-12 19:30:00,30,0.000000,0.000000,0.000000,0.000000,0.000000,0.000000,0.081046,0.097255,0.000000,0.000000,0.666667,0.333333,0.000000,0.000000,0.058720,-0.005872,1.114647,1.671970,0.000000,0.000000,0.000000,0.000000,0.000000,0.000000,0.000000,-0.000000,0.008167,-0.024500,1.000000,-1.000000,0.000000,-0.000000,1.013313,-0.303994,0.000000,-0.000000,0.000000,-0.000000,0.768192,2.938942,1.853567,0.500000,0.500000
122390,Rodrigo Gelado,LAT,294,CFC,7,95,85,casa,263,BOT,2026-10-12 16:00:00,30,0.000000,0.000000,0.000000,0.000000,0.000000,0.000000,0.061399,0.073678,0.000000,0.000000,0.000000,0.000000,0.000000,0.000000,0.053613,-0.005361,0.871003,1.306505,0.000000,0.000000,0.000000,0.000000,0.000000,0.000000,0.000000,-0.000000,0.008088,-0.024263,0.000000,-0.000000,0.000000,-0.000000,0.716427,-0.214928,0.000000,-0.000000,0.000000,-0.000000,1.135631,2.527931,1.831781,0.500000,0.500000
91626,Paulinho,LAT,263,BOT,6,45,45,fora,294,CFC,2026-10-12 16:00:00,30,0.000000,0.000000,0.000000,0.000000,0.000000,0.000000,0.069761,0.083713,0.000000,0.000000,0.000000,0.000000,0.000000,0.000000,0.053319,-0.005332,0.832040,1.248061,0.000000,0.000000,0.000000,0.000000,0.000000,0.000000,0.000000,-0.000000,0.008151,-0.024452,0.000000,-0.000000,0.000000,-0.000000,0.442765,-0.132830,0.000000,-0.000000,0.000000,-0.000000,1.169160,2.388503,1.778832,0.500000,0.500000
131964,Jhoan Hernández,LAT,263,BOT,6,45,45,fora,294,CFC,2026-10-12 16:00:00,30,0.000000,0.000000,0.000000,0.000000,0.000000,0.000000,0.061399,0.073678,0.000000,0.000000,0.000000,0.000000,0.000000,0.000000,0.052828,-0.005283,0.821394,1.232090,0.000000,0.000000,0.000000,0.000000,0.000000,0.000000,0.000000,-0.000000,0.008158,-0.024474,0.000000,-0.000000,0.000000,-0.000000,0.967880,-0.290364,0.000000,-0.000000,0.000000,-0.000000,0.985648,2.286430,1.636039,0.500000,0.500000
141763,Fabiano Souza,LAT,287,VIT,5,45,45,fora,276,SAO,2026-10-10 21:00:00,30,0.000000,0.000000,0.000000,0.000000,0.000000,0.000000,0.054503,0.065403,0.450000,0.360000,1.000000,0.500000,0.000000,0.000000,0.054529,-0.005453,1.054044,1.581065,0.000000,0.000000,0.000000,0.000000,0.000000,0.000000,0.333333,-1.000000,0.008254,-0.024761,0.333333,-0.333333,0.000000,-0.000000,0.322268,-0.096680,0.000000,-0.000000,0.000000,-0.000000,1.046241,2.101195,1.573718,0.500000,0.500000
90703,Matheuzinho,MEI,287,VIT,7,95,85,fora,276,SAO,2026-10-10 21:00:00,30,0.922679,7.381435,1.147690,5.738448,0.000000,0.000000,0.403093,0.483711,1.000000,0.800000,1.408594,0.704297,0.000000,0.000000,0.000000,-0.000000,0.891115,1.336673,0.000000,0.000000,0.000000,0.000000,0.000000,0.000000,0.000373,-0.001120,0.000000,-0.000000,0.041532,-0.041532,0.000000,-0.000000,0.894213,-0.268264,0.032503,-0.032503,0.000776,-0.003103,16.098043,6.338402,11.218222,0.500000,0.500000
98672,Savarino,MEI,266,FLU,7,95,85,fora,262,FLA,2026-10-11 17:30:00,30,1.353839,10.830713,0.000063,0.000316,0.333333,1.000000,0.933301,1.119961,0.666667,0.533333,1.059555,0.529778,0.000841,0.000841,0.000000,-0.000000,0.760420,1.140630,0.000000,0.000000,0.000000,0.000000,0.000000,0.000000,0.000372,-0.001117,0.000000,-0.000000,0.012488,-0.012488,0.000000,-0.000000,0.798594,-0.239578,0.058823,-0.058823,0.000767,-0.003070,14.840496,6.229562,10.535029,0.500000,0.500000
63007,Neymar,MEI,277,SAN,2,45,45,fora,282,CAM,2026-10-11 16:00:00,30,0.997484,7.979873,0.138197,0.690987,0.333333,1.000000,0.719389,0.863267,1.333333,1.066667,2.311233,1.155617,0.010992,0.010992,0.333333,-0.033333,0.857469,1.286203,0.000000,0.000000,0.000000,0.000000,0.000000,0.000000,0.000371,-0.001112,0.000000,-0.000000,0.666385,-0.666385,0.000000,-0.000000,1.393378,-0.418013,0.025647,-0.025647,0.000763,-0.003054,12.906061,5.480693,9.193377,0.500000,0.500000
96610,Matheus Pereira,MEI,283,CRU,7,95,85,fora,280,RBB,2026-10-12 21:00:00,30,0.488123,3.904984,0.566113,2.830567,0.333333,1.000000,0.121084,0.145301,0.333333,0.266667,2.239071,1.119536,0.000835,0.000835,0.333333,-0.033333,0.866217,1.299326,0.000000,0.000000,0.000000,0.000000,0.000000,0.000000,0.000374,-0.001121,0.000000,-0.000000,0.452597,-0.452597,0.000000,-0.000000,1.352371,-0.405711,0.000806,-0.000806,0.000768,-0.003070,9.670576,4.760732,7.215654,0.500000,0.500000
94930,Lucas Paquetá,MEI,262,FLA,7,95,85,casa,266,FLU,2026-10-11 17:30:00,30,0.700389,5.603112,0.000000,0.000000,0.000000,0.000000,0.331388,0.397666,1.666667,1.333333,0.899221,0.449611,0.005077,0.005077,0.000000,-0.000000,0.920109,1.380163,0.000000,0.000000,0.000000,0.000000,0.000000,0.000000,0.000373,-0.001119,0.000000,-0.000000,0.704390,-0.704390,0.000000,-0.000000,1.506457,-0.451937,0.011986,-0.011986,0.000766,-0.003063,7.996467,5.856240,6.926353,0.500000,0.500000
68685,Alan Patrick,MEI,285,INT,7,95,85,fora,284,GRE,2026-10-11 17:30:00,30,0.491302,3.930419,0.491178,2.455889,0.000000,0.000000,0.001141,0.001369,0.666667,0.533333,2.063609,1.031805,0.002069,0.002069,0.333333,-0.033333,0.875941,1.313911,0.000000,0.000000,0.000000,0.000000,0.000000,0.000000,0.000373,-0.001120,0.000000,-0.000000,0.001140,-0.001140,0.000000,-0.000000,1.297433,-0.389230,0.000806,-0.000806,0.000765,-0.003059,8.840106,4.672494,6.756300,0.500000,0.500000
89837,Lucho Acosta,MEI,266,FLU,6,45,45,fora,262,FLA,2026-10-11 17:30:00,30,0.524879,4.199031,0.248200,1.240998,0.333333,1.000000,0.006940,0.008329,0.333333,0.266667,0.691004,0.345502,0.001961,0.001961,0.000000,-0.000000,0.866203,1.299305,0.000000,0.000000,0.000000,0.000000,0.000000,0.000000,0.000373,-0.001119,0.000000,-0.000000,0.023952,-0.023952,0.000000,-0.000000,0.498862,-0.149659,0.000806,-0.000806,0.000760,-0.003040,8.183215,5.224321,6.703768,0.500000,0.500000
105436,Carrascal,MEI,262,FLA,7,95,85,casa,266,FLU,2026-10-11 17:30:00,30,0.054271,0.434164,0.770631,3.853155,0.000000,0.000000,0.765932,0.919118,0.333333,0.266667,1.562536,0.781268,0.004933,0.004933,0.666667,-0.066667,0.983290,1.474935,0.000000,0.000000,0.000000,0.000000,0.000000,0.000000,0.000374,-0.001122,0.000000,-0.000000,0.076009,-0.076009,0.000000,-0.000000,0.941907,-0.282572,0.000000,-0.000000,0.000768,-0.003072,7.304799,5.974674,6.639737,0.500000,0.500000
72460,Bernard,MEI,282,CAM,7,95,85,casa,277,SAN,2026-10-11 16:00:00,30,0.462466,3.699727,0.253967,1.269837,0.000000,0.000000,0.697510,0.837011,1.000000,0.800000,0.903743,0.451872,0.001045,0.001045,0.000000,-0.000000,0.911930,1.367895,0.000000,0.000000,0.000000,0.000000,0.000000,0.000000,0.000375,-0.001124,0.000000,-0.000000,0.000000,-0.000000,0.000000,-0.000000,1.144178,-0.343254,0.001250,-0.001250,0.000767,-0.003069,8.078691,4.630524,6.354608,0.500000,0.500000
128431,João Cruz,MEI,293,CAP,6,45,45,fora,315,CHA,2026-10-12 19:30:00,30,0.322369,2.578950,0.024809,0.124046,0.000000,0.000000,1.031737,1.238084,1.333333,1.066667,0.825007,0.412503,0.004495,0.004495,0.000000,-0.000000,1.030162,1.545243,0.000000,0.000000,0.000000,0.000000,0.000000,0.000000,0.000372,-0.001117,0.000000,-0.000000,0.000104,-0.000104,0.000000,-0.000000,0.879422,-0.263827,0.001669,-0.001669,0.000755,-0.003019,6.700253,5.735083,6.217668,0.500000,0.500000
89274,Andreas Pereira,MEI,275,PAL,7,95,85,casa,264,COR,2026-10-11 17:30:00,30,0.000000,0.000001,0.022761,0.113805,0.333333,1.000000,1.546847,1.856216,0.000000,0.000000,1.342231,0.671115,0.001424,0.001424,0.666667,-0.066667,1.362699,2.044049,0.000000,0.000000,0.000000,0.000000,0.000000,0.000000,0.000376,-0.001127,0.000000,-0.000000,0.000630,-0.000630,0.000000,-0.000000,0.713440,-0.214032,0.003125,-0.003125,0.000767,-0.003066,5.397964,6.514534,5.956249,0.500000,0.500000
145744,André,MEI,264,COR,7,95,85,fora,275,PAL,2026-10-11 17:30:00,30,0.495922,3.967380,0.116047,0.580233,0.000000,0.000000,0.000190,0.000228,1.333333,1.066667,0.604874,0.302437,0.001658,0.001658,0.000000,-0.000000,1.009537,1.514306,0.000000,0.000000,0.000000,0.000000,0.000000,0.000000,0.000372,-0.001116,0.000000,-0.000000,0.248127,-0.248127,0.000000,-0.000000,0.868849,-0.260655,0.003125,-0.003125,0.000752,-0.003010,6.916876,4.564757,5.740816,0.500000,0.500000
93790,Marlon Freitas,MEI,275,PAL,7,95,85,casa,264,COR,2026-10-11 17:30:00,30,0.000019,0.000153,0.000001,0.000004,0.333333,1.000000,1.147502,1.377002,1.333333,1.066667,0.383347,0.191673,0.000000,0.000000,0.000000,-0.000000,1.329836,1.994753,0.000000,0.000000,0.000000,0.000000,0.000000,0.000000,0.000375,-0.001126,0.000000,-0.000000,0.184191,-0.184191,0.000000,-0.000000,0.854681,-0.256404,0.000000,-0.000000,0.000764,-0.003057,5.185474,6.022429,5.603952,0.500000,0.500000
124552,Lescano,MEI,267,VAS,7,95,85,casa,364,REM,2026-10-10 18:00:00,30,0.697500,5.580000,0.000000,0.000000,0.000000,0.000000,0.000000,0.000000,0.333333,0.266667,0.776139,0.388070,0.002363,0.002363,0.000000,-0.000000,0.856306,1.284460,0.000000,0.000000,0.000000,0.000000,0.000000,0.000000,0.000370,-0.001109,0.000000,-0.000000,0.000000,-0.000000,0.000000,-0.000000,1.488731,-0.446619,0.000000,-0.000000,0.000753,-0.003013,7.070817,4.102909,5.586863,0.500000,0.500000
105068,Reinier,MEI,282,CAM,7,95,85,casa,277,SAN,2026-10-11 16:00:00,30,0.363891,2.911131,0.075214,0.376068,0.000000,0.000000,0.278576,0.334291,0.000000,0.000000,0.844338,0.422169,0.008002,0.008002,0.000000,-0.000000,1.091474,1.637211,0.000000,0.000000,0.000000,0.000000,0.000000,0.000000,0.000374,-0.001121,0.000000,-0.000000,0.003768,-0.003768,0.000000,-0.000000,0.580009,-0.174003,0.000000,-0.000000,0.000766,-0.003064,5.506916,5.618314,5.562615,0.500000,0.500000
105647,Maurício,MEI,275,PAL,6,45,45,casa,264,COR,2026-10-11 17:30:00,30,0.272165,2.177318,0.000005,0.000026,0.000000,0.000000,0.990065,1.188078,0.333333,0.266667,0.775704,0.387852,0.005555,0.005555,0.000000,-0.000000,0.998013,1.497020,0.000000,0.000000,0.000000,0.000000,0.000000,0.000000,0.000375,-0.001124,0.000000,-0.000000,0.012457,-0.012457,0.000000,-0.000000,0.464195,-0.139259,0.000000,-0.000000,0.000765,-0.003062,5.366614,5.601641,5.484127,0.500000,0.500000
87863,Arrascaeta,MEI,262,FLA,5,45,45,casa,266,FLU,2026-10-11 17:30:00,30,0.001784,0.014273,0.200008,1.000040,0.333333,1.000000,0.093236,0.111883,2.333333,1.866667,0.836055,0.418028,0.005073,0.005073,0.666667,-0.066667,1.029386,1.544079,0.000000,0.000000,0.000000,0.000000,0.000000,0.000000,0.000373,-0.001120,0.000000,-0.000000,0.136752,-0.136752,0.000000,-0.000000,0.834635,-0.250391,0.002273,-0.002273,0.000759,-0.003037,5.499803,5.286379,5.393091,0.500000,0.500000
141160,Zé Lucas,MEI,283,CRU,2,45,45,fora,280,RBB,2026-10-12 21:00:00,30,0.450000,3.600000,0.000000,0.000000,0.000000,0.000000,0.247500,0.297000,0.333333,0.266667,1.072352,0.536176,0.004302,0.004302,0.000000,-0.000000,1.570614,2.355921,0.000000,0.000000,0.000000,0.000000,0.000000,0.000000,0.000370,-0.001109,0.000000,-0.000000,0.000000,-0.000000,0.000000,-0.000000,1.036398,-0.310919,0.020417,-0.020417,0.000742,-0.002967,6.724655,3.271507,4.998081,0.500000,0.500000
99815,Arias,MEI,275,PAL,7,95,85,casa,264,COR,2026-10-11 17:30:00,30,0.006897,0.055178,0.051797,0.258984,0.000000,0.000000,0.597203,0.716643,0.333333,0.266667,1.614001,0.807001,0.002459,0.002459,0.000000,-0.000000,1.599420,2.399130,0.000000,0.000000,0.000000,0.000000,0.000000,0.000000,0.000374,-0.001123,0.000000,-0.000000,0.001183,-0.001183,0.000000,-0.000000,0.688151,-0.206445,0.000000,-0.000000,0.000760,-0.003039,4.294272,5.611464,4.952868,0.500000,0.500000
68708,Eduardo,MEI,2305,MIR,7,95,85,fora,265,BAH,2026-10-11 19:30:00,30,0.559022,4.472173,0.000000,0.000000,0.000000,0.000000,0.012475,0.014970,0.333333,0.266667,1.232815,0.616408,0.004044,0.004044,0.000000,-0.000000,0.730536,1.095803,0.000000,0.000000,0.000000,0.000000,0.000000,0.000000,0.000373,-0.001118,0.000000,-0.000000,0.001140,-0.001140,0.000000,-0.000000,0.478014,-0.143404,0.000806,-0.000806,0.000759,-0.003035,6.320562,3.501828,4.911195,0.500000,0.500000
84626,Josué,MEI,294,CFC,7,95,85,casa,263,BOT,2026-10-12 16:00:00,30,0.001140,0.009119,0.051960,0.259800,0.333333,1.000000,0.118128,0.141754,0.666667,0.533333,1.655882,0.827941,0.001424,0.001424,0.000000,-0.000000,0.878611,1.317916,0.000000,0.000000,0.000000,0.000000,0.000000,0.000000,0.000375,-0.001125,0.000000,-0.000000,0.001145,-0.001145,0.000000,-0.000000,0.704716,-0.211415,0.003571,-0.003571,0.000760,-0.003042,3.870989,5.813602,4.842296,0.500000,0.500000
98022,Erick,MEI,265,BAH,6,45,45,casa,2305,MIR,2026-10-11 19:30:00,30,0.212191,1.697528,0.000000,0.000000,0.000000,0.000000,0.456908,0.548290,0.666667,0.533333,0.753647,0.376823,0.006691,0.006691,0.000000,-0.000000,1.318602,1.977903,0.000000,0.000000,0.000000,0.000000,0.000000,0.000000,0.000374,-0.001122,0.000000,-0.000000,0.160397,-0.160397,0.000000,-0.000000,0.632706,-0.189812,0.001667,-0.001667,0.000761,-0.003043,4.784527,4.882416,4.833472,0.500000,0.500000
142484,Barrera,MEI,263,BOT,5,45,45,fora,294,CFC,2026-10-12 16:00:00,30,0.247500,1.980000,0.000000,0.000000,0.000000,0.000000,0.796430,0.955716,0.333333,0.266667,0.639671,0.319835,0.002660,0.002660,0.000000,-0.000000,0.745612,1.118418,0.000000,0.000000,0.000000,0.000000,0.000000,0.000000,0.000370,-0.001110,0.000000,-0.000000,0.000000,-0.000000,0.000000,-0.000000,0.814015,-0.244204,0.012526,-0.012526,0.000741,-0.002965,4.382490,5.158489,4.770489,0.500000,0.500000
141754,Gabriel Bontempo,MEI,277,SAN,7,95,85,fora,282,CAM,2026-10-11 16:00:00,30,0.000000,0.000000,0.002699,0.013497,0.333333,1.000000,0.272260,0.326711,2.000000,1.600000,1.366716,0.683358,0.000712,0.000712,0.333333,-0.033333,1.392752,2.089127,0.000000,0.000000,0.000000,0.000000,0.000000,0.000000,0.000373,-0.001119,0.000000,-0.000000,0.247534,-0.247534,0.000000,-0.000000,0.875534,-0.262660,0.007919,-0.007919,0.000756,-0.003022,5.157818,4.370939,4.764379,0.500000,0.500000
107231,Danilo,MEI,263,BOT,7,95,85,fora,294,CFC,2026-10-12 16:00:00,30,0.001584,0.012675,0.000731,0.003656,0.000000,0.000000,0.048042,0.057650,0.333333,0.266667,1.043796,0.521898,0.001190,0.001190,0.000000,-0.000000,1.481850,2.222775,0.000000,0.000000,0.000000,0.000000,0.000000,0.000000,0.000372,-0.001117,0.000000,-0.000000,0.002072,-0.002072,0.000000,-0.000000,0.652454,-0.195736,0.026051,-0.026051,0.000749,-0.002995,2.858539,6.595589,4.727064,0.500000,0.500000
150180,Ramon Rique,MEI,267,VAS,6,45,45,casa,364,REM,2026-10-10 18:00:00,30,0.450000,3.600000,0.148581,0.742906,0.000000,0.000000,0.022648,0.027177,0.000000,0.000000,0.410475,0.205237,0.004286,0.004286,0.000000,-0.000000,0.795349,1.193023,0.000000,0.000000,0.000000,0.000000,0.000000,0.000000,0.000371,-0.001113,0.000000,-0.000000,0.000000,-0.000000,0.000000,-0.000000,0.856410,-0.256923,0.000000,-0.000000,0.000745,-0.002981,5.511614,3.825895,4.668755,0.500000,0.500000
86686,Tchê Tchê,MEI,267,VAS,6,45,45,casa,364,REM,2026-10-10 18:00:00,30,0.074973,0.599784,0.000000,0.000000,0.000000,0.000000,0.643599,0.772318,0.000000,0.000000,0.917893,0.458947,0.005029,0.005029,0.000000,-0.000000,1.615283,2.422925,0.000000,0.000000,0.000000,0.000000,0.000000,0.000000,0.000374,-0.001121,0.000000,-0.000000,0.248649,-0.248649,0.000000,-0.000000,1.113864,-0.334159,0.013185,-0.013185,0.000756,-0.003024,3.658865,5.544878,4.601871,0.500000,0.500000
132274,Ignacio Sosa,MEI,280,RBB,6,45,45,casa,283,CRU,2026-10-12 21:00:00,30,0.450000,3.600000,0.000000,0.000000,0.000000,0.000000,0.002072,0.002487,0.000000,0.000000,0.861846,0.430923,0.003309,0.003309,0.000000,-0.000000,1.373194,2.059791,0.000000,0.000000,0.000000,0.000000,0.000000,0.000000,0.000373,-0.001118,0.000000,-0.000000,0.253572,-0.253572,0.000000,-0.000000,0.837722,-0.251317,0.003125,-0.003125,0.000752,-0.003008,5.584370,3.588275,4.586323,0.500000,0.500000
71123,Thiago Mendes,MEI,267,VAS,7,95,85,casa,364,REM,2026-10-10 18:00:00,30,0.137297,1.098376,0.000104,0.000522,0.000000,0.000000,0.935357,1.122428,0.333333,0.266667,1.450585,0.725292,0.002456,0.002456,0.333333,-0.033333,0.899163,1.348745,0.000000,0.000000,0.000000,0.000000,0.000000,0.000000,0.000375,-0.001124,0.000000,-0.000000,0.031003,-0.031003,0.000000,-0.000000,0.647972,-0.194392,0.000000,-0.000000,0.000763,-0.003050,4.301583,4.870318,4.585951,0.500000,0.500000
70944,Bruno Henrique,MEI,285,INT,6,45,45,fora,284,GRE,2026-10-11 17:30:00,30,0.210994,1.687950,0.450627,2.253135,0.000000,0.000000,0.012603,0.015123,0.000000,0.000000,0.624864,0.312432,0.000969,0.000969,0.000000,-0.000000,0.914416,1.371624,0.000000,0.000000,0.000000,0.000000,0.000000,0.000000,0.000374,-0.001121,0.000000,-0.000000,0.247500,-0.247500,0.000000,-0.000000,0.925942,-0.277783,0.019564,-0.019564,0.000757,-0.003028,5.092237,3.942102,4.517170,0.500000,0.500000
68938,Giovanni Augusto,MEI,315,CHA,7,95,85,casa,293,CAP,2026-10-12 19:30:00,30,0.022648,0.181182,0.168193,0.840966,0.000000,0.000000,0.593661,0.712393,0.333333,0.266667,0.741248,0.370624,0.004253,0.004253,0.000000,-0.000000,1.163409,1.745114,0.000000,0.000000,0.000000,0.000000,0.000000,0.000000,0.000374,-0.001121,0.000000,-0.000000,0.136229,-0.136229,0.000000,-0.000000,0.755289,-0.226587,0.001042,-0.001042,0.000754,-0.003014,3.753206,5.140536,4.446871,0.500000,0.500000
151292,Felipe Morais,MEI,283,CRU,2,45,45,fora,280,RBB,2026-10-12 21:00:00,30,0.136125,1.089000,0.000000,0.000000,0.000000,0.000000,1.800000,2.160000,0.666667,0.533333,1.291963,0.645981,0.005858,0.005858,0.000000,-0.000000,1.225370,1.838055,0.000000,0.000000,0.000000,0.000000,0.000000,0.000000,0.000369,-0.001106,0.000000,-0.000000,0.322369,-0.322369,0.000000,-0.000000,1.215404,-0.364621,0.000000,-0.000000,0.000743,-0.002972,5.581160,3.251499,4.416330,0.500000,0.500000
102256,Rollheiser,MEI,277,SAN,2,45,45,fora,282,CAM,2026-10-11 16:00:00,30,0.248817,1.990532,0.158773,0.793864,0.000000,0.000000,0.001318,0.001581,0.666667,0.533333,0.740926,0.370463,0.002489,0.002489,0.000000,-0.000000,1.148924,1.723386,0.000000,0.000000,0.000000,0.000000,0.000000,0.000000,0.000372,-0.001117,0.000000,-0.000000,0.136142,-0.136142,0.000000,-0.000000,0.561009,-0.168303,0.002730,-0.002730,0.000757,-0.003028,5.104328,3.725368,4.414848,0.500000,0.500000
109987,Medina,MEI,263,BOT,2,45,45,fora,294,CFC,2026-10-12 16:00:00,30,0.000345,0.002758,0.000000,0.000000,0.000000,0.000000,0.387393,0.464872,0.333333,0.266667,0.877174,0.438587,0.000890,0.000890,0.000000,-0.000000,1.327098,1.990646,0.000000,0.000000,0.000000,0.000000,0.000000,0.000000,0.000372,-0.001115,0.000000,-0.000000,0.005898,-0.005898,0.000000,-0.000000,0.706002,-0.211801,0.000000,-0.000000,0.000748,-0.002992,2.942614,5.841996,4.392305,0.500000,0.500000
107256,Zé Vitor,MEI,287,VIT,6,45,45,fora,276,SAO,2026-10-10 21:00:00,30,0.000627,0.005015,0.000000,0.000000,0.000000,0.000000,0.833815,1.000578,0.666667,0.533333,1.358892,0.679446,0.004929,0.004929,0.000000,-0.000000,1.778844,2.668266,0.000000,0.000000,0.000000,0.000000,0.000000,0.000000,0.000372,-0.001115,0.000000,-0.000000,0.025692,-0.025692,0.000000,-0.000000,1.542291,-0.462687,0.002273,-0.002273,0.000754,-0.003016,4.396784,4.177966,4.287375,0.500000,0.500000
104811,Sebastián Gómez,MEI,294,CFC,7,95,85,casa,263,BOT,2026-10-12 16:00:00,30,0.000000,0.000000,0.074869,0.374344,0.000000,0.000000,0.000664,0.000797,0.333333,0.266667,0.602503,0.301252,0.003399,0.003399,0.000000,-0.000000,1.729716,2.594574,0.000000,0.000000,0.000000,0.000000,0.000000,0.000000,0.000375,-0.001124,0.000000,-0.000000,0.000139,-0.000139,0.000000,-0.000000,0.731745,-0.219523,0.000000,-0.000000,0.000759,-0.003035,3.317210,5.239372,4.278291,0.500000,0.500000
106822,Rodrigo Nestor,MEI,265,BAH,7,95,85,casa,2305,MIR,2026-10-11 19:30:00,30,0.000000,0.000000,0.152950,0.764749,0.000000,0.000000,0.583453,0.700143,1.000000,0.800000,0.844252,0.422126,0.004860,0.004860,0.000000,-0.000000,1.630301,2.445452,0.000000,0.000000,0.000000,0.000000,0.000000,0.000000,0.000374,-0.001122,0.000000,-0.000000,0.270541,-0.270541,0.000000,-0.000000,1.289064,-0.386719,0.046369,-0.046369,0.000757,-0.003029,4.429549,4.119349,4.274449,0.500000,0.500000
115025,Miguelito,MEI,277,SAN,6,45,45,fora,282,CAM,2026-10-11 16:00:00,30,0.136125,1.089000,0.210994,1.054969,0.000000,0.000000,0.136125,0.163350,0.000000,0.000000,0.896484,0.448242,0.007293,0.007293,0.000000,-0.000000,1.669154,2.503730,0.000000,0.000000,0.000000,0.000000,0.000000,0.000000,0.000370,-0.001110,0.000000,-0.000000,0.022648,-0.022648,0.000000,-0.000000,1.139574,-0.341872,0.000000,-0.000000,0.000745,-0.002979,4.897976,3.514243,4.206109,0.500000,0.500000
89637,Thiago Maia,MEI,285,INT,7,95,85,fora,284,GRE,2026-10-11 17:30:00,30,0.000000,0.000000,0.210994,1.054969,0.000000,0.000000,0.462456,0.554948,0.333333,0.266667,0.389094,0.194547,0.003834,0.003834,0.000000,-0.000000,1.484396,2.226594,0.000000,0.000000,0.000000,0.000000,0.000000,0.000000,0.000371,-0.001113,0.000000,-0.000000,0.000000,-0.000000,0.000000,-0.000000,0.827479,-0.248244,0.000000,-0.000000,0.000745,-0.002979,4.049222,4.259639,4.154431,0.500000,0.500000
87552,Vitor Bueno,MEI,364,REM,7,95,85,fora,267,VAS,2026-10-10 18:00:00,30,0.148642,1.189132,0.007098,0.035490,0.000000,0.000000,1.339478,1.607374,1.000000,0.800000,1.148213,0.574107,0.001455,0.001455,0.000000,-0.000000,0.743114,1.114672,0.000000,0.000000,0.000000,0.000000,0.000000,0.000000,0.000373,-0.001118,0.000000,-0.000000,0.462456,-0.462456,0.000000,-0.000000,0.598936,-0.179681,0.006092,-0.006092,0.000755,-0.003020,4.669863,3.503808,4.086836,0.500000,0.500000
84674,Lucas Evangelista,MEI,275,PAL,2,45,45,casa,264,COR,2026-10-11 17:30:00,30,0.000000,0.000000,0.000001,0.000005,0.000000,0.000000,0.074869,0.089843,0.333333,0.266667,1.470458,0.735229,0.000884,0.000884,0.333333,-0.033333,1.301032,1.951548,0.000000,0.000000,0.000000,0.000000,0.000000,0.000000,0.000375,-0.001124,0.000000,-0.000000,0.247500,-0.247500,0.000000,-0.000000,0.812042,-0.243613,0.006042,-0.006042,0.000758,-0.003031,2.509533,5.645074,4.077304,0.500000,0.500000
118563,Rodriguinho,MEI,280,RBB,5,45,45,casa,283,CRU,2026-10-12 21:00:00,30,0.012688,0.101505,0.000000,0.000000,0.000000,0.000000,0.569869,0.683843,1.000000,0.800000,0.689687,0.344843,0.004897,0.004897,0.000000,-0.000000,2.031980,3.047970,0.000000,0.000000,0.000000,0.000000,0.000000,0.000000,0.000373,-0.001118,0.000000,-0.000000,0.013033,-0.013033,0.000000,-0.000000,0.922252,-0.276676,0.006696,-0.006696,0.000751,-0.003004,4.682531,3.463475,4.073003,0.500000,0.500000
71536,Luiz Gustavo,MEI,293,CAP,7,95,85,fora,315,CHA,2026-10-12 19:30:00,30,0.001157,0.009257,0.000000,0.000000,0.000000,0.000000,0.731510,0.877812,0.333333,0.266667,0.600117,0.300059,0.000384,0.000384,0.000000,-0.000000,1.445786,2.168679,0.000000,0.000000,0.000000,0.000000,0.000000,0.000000,0.000372,-0.001117,0.000000,-0.000000,0.001157,-0.001157,0.000000,-0.000000,0.654332,-0.196300,0.006349,-0.006349,0.000750,-0.003000,3.414934,4.595790,4.005362,0.500000,0.500000
70592,Felipe Anderson,MEI,275,PAL,6,45,45,casa,264,COR,2026-10-11 17:30:00,30,0.004395,0.035159,0.002072,0.010362,0.000000,0.000000,0.247505,0.297006,0.000000,0.000000,0.764692,0.382346,0.002715,0.002715,0.000000,-0.000000,1.526090,2.289135,0.000000,0.000000,0.000000,0.000000,0.000000,0.000000,0.000374,-0.001123,0.000000,-0.000000,0.000345,-0.000345,0.000000,-0.000000,0.957350,-0.287205,0.007738,-0.007738,0.000754,-0.003016,2.717297,5.221171,3.969234,0.500000,0.500000
91473,Erick Pulgar,MEI,262,FLA,7,95,85,casa,266,FLU,2026-10-11 17:30:00,30,0.012456,0.099650,0.000000,0.000000,0.000000,0.000000,0.000104,0.000125,0.000000,0.000000,0.740014,0.370007,0.004545,0.004545,0.000000,-0.000000,2.611085,3.916628,0.000000,0.000000,0.000000,0.000000,0.000000,0.000000,0.000373,-0.001119,0.000000,-0.000000,0.256130,-0.256130,0.000000,-0.000000,1.378974,-0.413692,0.003571,-0.003571,0.000753,-0.003012,3.713431,4.215963,3.964697,0.500000,0.500000
95556,Raniele,MEI,264,COR,7,95,85,fora,275,PAL,2026-10-11 17:30:00,30,0.041805,0.334438,0.000000,0.000000,0.000000,0.000000,0.247690,0.297228,0.666667,0.533333,0.811361,0.405680,0.002273,0.002273,0.000000,-0.000000,1.537154,2.305731,0.000000,0.000000,0.000000,0.000000,0.000000,0.000000,0.000373,-0.001119,0.000000,-0.000000,0.081798,-0.081798,0.000000,-0.000000,0.658809,-0.197643,0.017641,-0.017641,0.000754,-0.003017,3.577466,4.345880,3.961673,0.500000,0.500000
80196,Yago Pikachu,MEI,364,REM,7,95,85,fora,267,VAS,2026-10-10 18:00:00,30,0.041368,0.330941,0.247604,1.238022,0.000000,0.000000,0.941205,1.129446,0.000000,0.000000,0.943200,0.471600,0.000000,0.000000,0.000000,-0.000000,1.015760,1.523640,0.000000,0.000000,0.000000,0.000000,0.000000,0.000000,0.000374,-0.001123,0.000000,-0.000000,0.024720,-0.024720,0.000000,-0.000000,0.653882,-0.196164,0.052433,-0.052433,0.000754,-0.003017,4.416191,3.465348,3.940770,0.500000,0.500000
106202,Bruno Gomes,MEI,285,INT,7,95,85,fora,284,GRE,2026-10-11 17:30:00,30,0.000000,0.000000,0.000000,0.000000,0.000000,0.000000,0.136157,0.163388,0.666667,0.533333,1.536663,0.768331,0.001389,0.001389,0.000000,-0.000000,1.583841,2.375762,0.000000,0.000000,0.000000,0.000000,0.000000,0.000000,0.000374,-0.001123,0.000000,-0.000000,0.178034,-0.178034,0.000000,-0.000000,1.197772,-0.359332,0.054167,-0.054167,0.000759,-0.003035,3.246513,4.616042,3.931277,0.500000,0.500000
109336,Rafael Carvalheira,MEI,315,CHA,5,45,45,casa,293,CAP,2026-10-12 19:30:00,30,0.136546,1.092371,0.000000,0.000000,0.000000,0.000000,0.210994,0.253193,0.666667,0.533333,0.410729,0.205364,0.003583,0.003583,0.333333,-0.033333,1.141134,1.711701,0.000000,0.000000,0.000000,0.000000,0.000000,0.000000,0.000372,-0.001117,0.000000,-0.000000,0.248640,-0.248640,0.000000,-0.000000,1.114371,-0.334311,0.000000,-0.000000,0.000751,-0.003003,3.179142,4.667023,3.923082,0.500000,0.500000
123016,David Braga,MEI,364,REM,6,45,45,fora,267,VAS,2026-10-10 18:00:00,30,0.450000,3.600000,0.000000,0.000000,0.000000,0.000000,0.247500,0.297000,0.333333,0.266667,0.515779,0.257890,0.001138,0.001138,0.000000,-0.000000,0.745612,1.118418,0.000000,0.000000,0.000000,0.000000,0.000000,0.000000,0.000370,-0.001111,0.000000,-0.000000,0.013596,-0.013596,0.000000,-0.000000,0.962214,-0.288664,0.042580,-0.042580,0.000742,-0.002969,5.192191,2.601764,3.896977,0.500000,0.500000
141400,Huguinho,MEI,263,BOT,7,95,85,fora,294,CFC,2026-10-12 16:00:00,30,0.003768,0.030144,0.000000,0.000000,0.000000,0.000000,0.000000,0.000000,0.666667,0.533333,1.292803,0.646402,0.003108,0.003108,0.000000,-0.000000,1.497653,2.246480,0.000000,0.000000,0.000000,0.000000,0.000000,0.000000,0.000370,-0.001111,0.000000,-0.000000,0.270575,-0.270575,0.000000,-0.000000,1.410960,-0.423288,0.059633,-0.059633,0.000741,-0.002963,2.701897,5.088339,3.895118,0.500000,0.500000
104330,Dudu,MEI,287,VIT,5,45,45,fora,276,SAO,2026-10-10 21:00:00,30,0.450000,3.600000,0.000000,0.000000,0.000000,0.000000,0.000000,0.000000,0.000000,0.000000,0.660967,0.330483,0.006429,0.006429,0.000000,-0.000000,0.726238,1.089357,0.000000,0.000000,0.000000,0.000000,0.000000,0.000000,0.000368,-0.001104,0.000000,-0.000000,0.000000,-0.000000,0.000000,-0.000000,0.915941,-0.274782,0.000000,-0.000000,0.000733,-0.002933,4.747450,3.041790,3.894620,0.500000,0.500000
116034,Victor Hugo,MEI,282,CAM,7,95,85,casa,277,SAN,2026-10-11 16:00:00,30,0.041828,0.334628,0.000010,0.000048,0.000000,0.000000,0.457369,0.548843,1.333333,1.066667,1.194833,0.597416,0.002857,0.002857,0.000000,-0.000000,0.801977,1.202965,0.000000,0.000000,0.000000,0.000000,0.000000,0.000000,0.000374,-0.001122,0.000000,-0.000000,0.074869,-0.074869,0.000000,-0.000000,0.676773,-0.203032,0.000000,-0.000000,0.000755,-0.003020,3.471381,4.287224,3.879303,0.500000,0.500000
89256,Gerson,MEI,283,CRU,7,95,85,fora,280,RBB,2026-10-12 21:00:00,30,0.000000,0.000000,0.087429,0.437147,0.000000,0.000000,0.001196,0.001435,0.333333,0.266667,1.065607,0.532803,0.002414,0.002414,0.333333,-0.033333,1.763513,2.645270,0.000000,0.000000,0.000000,0.000000,0.000000,0.000000,0.000374,-0.001121,0.000000,-0.000000,0.254357,-0.254357,0.000000,-0.000000,0.796868,-0.239060,0.008592,-0.008592,0.000758,-0.003033,3.346239,4.337690,3.841964,0.500000,0.500000
109573,Martinelli,MEI,266,FLU,7,95,85,fora,262,FLA,2026-10-11 17:30:00,30,0.000000,0.000000,0.270775,1.353874,0.000000,0.000000,0.082606,0.099127,0.000000,0.000000,0.915301,0.457651,0.002747,0.002747,0.000000,-0.000000,1.362002,2.043003,0.000000,0.000000,0.000000,0.000000,0.000000,0.000000,0.000372,-0.001117,0.000000,-0.000000,0.272597,-0.272597,0.000000,-0.000000,1.291222,-0.387366,0.017641,-0.017641,0.000752,-0.003006,3.274674,4.326550,3.800612,0.500000,0.500000
142890,Montoro,MEI,263,BOT,2,45,45,fora,294,CFC,2026-10-12 16:00:00,30,0.000000,0.000000,0.000064,0.000319,0.000000,0.000000,0.902049,1.082458,0.333333,0.266667,0.467687,0.233843,0.000103,0.000103,0.000000,-0.000000,1.051540,1.577310,0.000000,0.000000,0.000000,0.000000,0.000000,0.000000,0.000373,-0.001118,0.000000,-0.000000,0.164618,-0.164618,0.000000,-0.000000,0.784893,-0.235468,0.005996,-0.005996,0.000750,-0.002999,2.750501,4.759339,3.754920,0.500000,0.500000
87747,Yago Felipe,MEI,315,CHA,7,95,85,casa,293,CAP,2026-10-12 19:30:00,30,0.000000,0.000000,0.027681,0.138403,0.000000,0.000000,1.061342,1.273611,0.333333,0.266667,1.317223,0.658612,0.006687,0.006687,0.000000,-0.000000,1.448920,2.173380,0.000000,0.000000,0.000000,0.000000,0.000000,0.000000,0.000371,-0.001112,0.000000,-0.000000,0.097517,-0.097517,0.000000,-0.000000,1.394924,-0.418477,0.000000,-0.000000,0.000744,-0.002978,3.997275,3.507678,3.752477,0.500000,0.500000
123360,Cauly,MEI,276,SAO,6,45,45,casa,287,VIT,2026-10-10 21:00:00,30,0.000232,0.001854,0.000000,0.000000,0.000000,0.000000,0.720380,0.864455,1.000000,0.800000,0.850997,0.425498,0.003384,0.003384,0.000000,-0.000000,1.512818,2.269227,0.000000,0.000000,0.000000,0.000000,0.000000,0.000000,0.000373,-0.001118,0.000000,-0.000000,0.000000,-0.000000,0.000000,-0.000000,0.920300,-0.276090,0.017500,-0.017500,0.000750,-0.002999,4.066712,3.347571,3.707141,0.500000,0.500000
84558,Lucas Romero,MEI,283,CRU,2,45,45,fora,280,RBB,2026-10-12 21:00:00,30,0.136229,1.089834,0.000654,0.003269,0.000000,0.000000,0.011467,0.013760,0.333333,0.266667,0.794223,0.397112,0.003161,0.003161,0.000000,-0.000000,1.115697,1.673545,0.000000,0.000000,0.000000,0.000000,0.000000,0.000000,0.000372,-0.001117,0.000000,-0.000000,0.004426,-0.004426,0.000000,-0.000000,0.782544,-0.234763,0.014516,-0.014516,0.000752,-0.003009,3.189517,4.220723,3.705120,0.500000,0.500000
141776,Gustavo Henrique,MEI,277,SAN,7,95,85,fora,282,CAM,2026-10-11 16:00:00,30,0.000000,0.000000,0.000000,0.000000,0.000000,0.000000,0.158773,0.190527,0.333333,0.266667,1.674381,0.837191,0.002821,0.002821,0.000000,-0.000000,1.583153,2.374729,0.000000,0.000000,0.000000,0.000000,0.000000,0.000000,0.000371,-0.001113,0.000000,-0.000000,0.527476,-0.527476,0.000000,-0.000000,0.998827,-0.299648,0.003125,-0.003125,0.000748,-0.002991,2.837582,4.564465,3.701023,0.500000,0.500000
84735,Jorginho,MEI,262,FLA,3,45,45,casa,266,FLU,2026-10-11 17:30:00,30,0.000247,0.001976,0.290750,1.453751,0.000000,0.000000,0.000000,0.000000,0.333333,0.266667,0.824296,0.412148,0.002939,0.002939,0.000000,-0.000000,1.755773,2.633660,0.000000,0.000000,0.000000,0.000000,0.000000,0.000000,0.000374,-0.001123,0.333333,-1.000000,0.136492,-0.136492,0.000000,-0.000000,0.661002,-0.198301,0.004167,-0.004167,0.000757,-0.003029,3.428030,3.909792,3.668911,0.500000,0.500000
106294,Marcos Antônio,MEI,276,SAO,7,95,85,casa,287,VIT,2026-10-10 21:00:00,30,0.000000,0.000000,0.000658,0.003292,0.000000,0.000000,0.088496,0.106196,1.000000,0.800000,0.809349,0.404675,0.003095,0.003095,0.000000,-0.000000,1.521633,2.282449,0.000000,0.000000,0.000000,0.000000,0.000000,0.000000,0.000374,-0.001122,0.000000,-0.000000,0.001140,-0.001140,0.000000,-0.000000,0.859487,-0.257846,0.024731,-0.024731,0.000753,-0.003014,3.311855,4.023562,3.667709,0.500000,0.500000
126471,Barreal,MEI,277,SAN,2,45,45,fora,282,CAM,2026-10-11 16:00:00,30,0.149733,1.197862,0.022648,0.113239,0.000000,0.000000,0.837469,1.004963,0.333333,0.266667,0.531065,0.265533,0.004038,0.004038,0.000000,-0.000000,1.172046,1.758070,0.000000,0.000000,0.000000,0.000000,0.000000,0.000000,0.000372,-0.001117,0.000000,-0.000000,0.721022,-0.721022,0.000000,-0.000000,0.715335,-0.214601,0.021439,-0.021439,0.000754,-0.003015,3.649179,3.678689,3.663934,0.500000,0.500000
118774,Alexsander,MEI,282,CAM,6,45,45,casa,277,SAN,2026-10-11 16:00:00,30,0.000000,0.000000,0.000000,0.000000,0.333333,1.000000,0.408375,0.490050,0.000000,0.000000,0.624369,0.312185,0.005486,0.005486,0.333333,-0.033333,1.659589,2.489384,0.000000,0.000000,0.000000,0.000000,0.000000,0.000000,0.000371,-0.001112,0.000000,-0.000000,0.015224,-0.015224,0.000000,-0.000000,0.987710,-0.296313,0.000000,-0.000000,0.000745,-0.002980,3.948142,3.289190,3.618666,0.500000,0.500000
98517,Jean Lucas,MEI,265,BAH,7,95,85,casa,2305,MIR,2026-10-11 19:30:00,30,0.177307,1.418454,0.022689,0.113444,0.000000,0.000000,0.000108,0.000130,0.333333,0.266667,0.759466,0.379733,0.003653,0.003653,0.000000,-0.000000,1.033448,1.550173,0.000000,0.000000,0.000000,0.000000,0.000000,0.000000,0.000375,-0.001124,0.000000,-0.000000,0.491283,-0.491283,0.000000,-0.000000,1.098801,-0.329640,0.013492,-0.013492,0.000760,-0.003041,2.893673,4.330496,3.612084,0.500000,0.500000
113125,Picco,MEI,364,REM,7,95,85,fora,267,VAS,2026-10-10 18:00:00,30,0.003769,0.030148,0.000000,0.000000,0.000000,0.000000,0.450000,0.540000,0.333333,0.266667,0.554232,0.277116,0.000355,0.000355,0.000000,-0.000000,1.643059,2.464589,0.000000,0.000000,0.000000,0.000000,0.000000,0.000000,0.000374,-0.001121,0.000000,-0.000000,0.000058,-0.000058,0.000000,-0.000000,0.721127,-0.216338,0.019711,-0.019711,0.000753,-0.003014,3.338633,3.732524,3.535579,0.500000,0.500000
113359,Pablo Maia,MEI,276,SAO,2,45,45,casa,287,VIT,2026-10-10 21:00:00,30,0.022648,0.181182,0.000000,0.000000,0.000000,0.000000,0.003768,0.004522,0.333333,0.266667,0.524689,0.262344,0.001240,0.001240,0.000000,-0.000000,2.428712,3.643068,0.000000,0.000000,0.000000,0.000000,0.000000,0.000000,0.000373,-0.001120,0.000000,-0.000000,0.270179,-0.270179,0.000000,-0.000000,1.379955,-0.413986,0.000000,-0.000000,0.000750,-0.003001,3.670735,3.384084,3.527409,0.500000,0.500000
94067,Matheus Fernandes,MEI,280,RBB,6,45,45,casa,283,CRU,2026-10-12 21:00:00,30,0.000000,0.000000,0.041178,0.205889,0.000000,0.000000,0.022648,0.027177,0.333333,0.266667,0.368170,0.184085,0.004036,0.004036,0.000000,-0.000000,2.229496,3.344244,0.000000,0.000000,0.000000,0.000000,0.000000,0.000000,0.000372,-0.001117,0.000000,-0.000000,0.007272,-0.007272,0.000000,-0.000000,0.948900,-0.284670,0.008571,-0.008571,0.000749,-0.002996,3.727471,3.320001,3.523736,0.500000,0.500000
102255,Santiago Sosa,MEI,267,VAS,7,95,85,casa,364,REM,2026-10-10 18:00:00,30,0.000000,0.000000,0.000000,0.000000,0.333333,1.000000,0.074869,0.089843,0.333333,0.266667,0.487521,0.243761,0.007299,0.007299,0.000000,-0.000000,1.457974,2.186961,0.000000,0.000000,0.000000,0.000000,0.000000,0.000000,0.000371,-0.001112,0.000000,-0.000000,0.000000,-0.000000,0.000000,-0.000000,1.505114,-0.451534,0.004638,-0.004638,0.000743,-0.002970,3.334275,3.589302,3.461788,0.500000,0.500000
117632,Garro,MEI,264,COR,3,45,45,fora,275,PAL,2026-10-11 17:30:00,30,0.013083,0.104666,0.000795,0.003975,0.000000,0.000000,0.352518,0.423022,0.000000,0.000000,1.665169,0.832584,0.000000,0.000000,0.000000,-0.000000,1.400165,2.100248,0.000000,0.000000,0.000000,0.000000,0.000000,0.000000,0.000374,-0.001121,0.000000,-0.000000,0.671393,-0.671393,0.000000,-0.000000,1.296571,-0.388971,0.036459,-0.036459,0.000756,-0.003025,2.363525,4.546486,3.455005,0.500000,0.500000
103767,Gabriel Menino,MEI,277,SAN,6,45,45,fora,282,CAM,2026-10-11 16:00:00,30,0.004605,0.036843,0.000000,0.000000,0.000000,0.000000,0.743917,0.892700,0.000000,0.000000,0.701011,0.350506,0.004595,0.004595,0.000000,-0.000000,1.754281,2.631421,0.000000,0.000000,0.000000,0.000000,0.000000,0.000000,0.000370,-0.001110,0.000000,-0.000000,0.079474,-0.079474,0.000000,-0.000000,0.688500,-0.206550,0.000000,-0.000000,0.000741,-0.002965,3.625965,3.190678,3.408322,0.500000,0.500000
80129,Jadson,MEI,293,CAP,7,95,85,fora,315,CHA,2026-10-12 19:30:00,30,0.000000,0.000000,0.000627,0.003135,0.000000,0.000000,0.513826,0.616591,0.333333,0.266667,0.935425,0.467713,0.001742,0.001742,0.000000,-0.000000,1.199490,1.799235,0.000000,0.000000,0.000000,0.000000,0.000000,0.000000,0.000373,-0.001118,0.000000,-0.000000,0.007452,-0.007452,0.000000,-0.000000,0.772768,-0.231830,0.008571,-0.008571,0.000749,-0.002994,2.903116,3.891968,3.397542,0.500000,0.500000
99440,Baralhas,MEI,287,VIT,5,45,45,fora,276,SAO,2026-10-10 21:00:00,30,0.002304,0.018434,0.007478,0.037389,0.000000,0.000000,0.247500,0.297000,0.666667,0.533333,0.979899,0.489949,0.001729,0.001729,0.000000,-0.000000,1.348081,2.022122,0.000000,0.000000,0.000000,0.000000,0.000000,0.000000,0.000371,-0.001113,0.000000,-0.000000,0.012923,-0.012923,0.000000,-0.000000,1.079718,-0.323915,0.014153,-0.014153,0.000745,-0.002980,3.044872,3.735797,3.390335,0.500000,0.500000
108683,Emiliano Martínez,MEI,275,PAL,6,45,45,casa,264,COR,2026-10-11 17:30:00,30,0.000000,0.000000,0.000000,0.000000,0.000000,0.000000,0.023275,0.027930,0.000000,0.000000,0.479773,0.239887,0.003820,0.003820,0.000000,-0.000000,1.461588,2.192382,0.000000,0.000000,0.000000,0.000000,0.000000,0.000000,0.000372,-0.001116,0.000000,-0.000000,0.000627,-0.000627,0.000000,-0.000000,1.042938,-0.312882,0.002500,-0.002500,0.000744,-0.002974,2.143919,4.620756,3.382337,0.500000,0.500000
62977,Ganso,MEI,266,FLU,7,95,85,fora,262,FLA,2026-10-11 17:30:00,30,0.000000,0.000000,0.247500,1.237500,0.000000,0.000000,0.472993,0.567591,0.000000,0.000000,0.746103,0.373051,0.000000,0.000000,0.000000,-0.000000,0.939150,1.408725,0.000000,0.000000,0.000000,0.000000,0.000000,0.000000,0.000372,-0.001117,0.000000,-0.000000,0.044946,-0.044946,0.000000,-0.000000,0.813503,-0.244051,0.026121,-0.026121,0.000748,-0.002991,3.267642,3.311151,3.289397,0.500000,0.500000
104783,Acevedo,MEI,265,BAH,3,45,45,casa,2305,MIR,2026-10-11 19:30:00,30,0.012456,0.099650,0.041178,0.205889,0.000000,0.000000,0.001640,0.001969,0.000000,0.000000,1.238868,0.619434,0.003250,0.003250,0.000000,-0.000000,2.084355,3.126533,0.000000,0.000000,0.000000,0.000000,0.000000,0.000000,0.000375,-0.001125,0.000000,-0.000000,0.834705,-0.834705,0.000000,-0.000000,1.402428,-0.420728,0.000000,-0.000000,0.000760,-0.003041,2.797126,3.722273,3.259700,0.500000,0.500000
102911,Zé Ricardo,MEI,364,REM,7,95,85,fora,267,VAS,2026-10-10 18:00:00,30,0.041178,0.329423,0.002072,0.010362,0.000000,0.000000,0.009140,0.010968,0.000000,0.000000,1.381191,0.690596,0.000424,0.000424,0.000000,-0.000000,1.460965,2.191448,0.000000,0.000000,0.000000,0.000000,0.000000,0.000000,0.000374,-0.001122,0.000000,-0.000000,0.012529,-0.012529,0.000000,-0.000000,1.103315,-0.330994,0.091321,-0.091321,0.000757,-0.003029,2.794226,3.700733,3.247480,0.500000,0.500000
77777,João Schmidt,MEI,277,SAN,6,45,45,fora,282,CAM,2026-10-11 16:00:00,30,0.000000,0.000000,0.000000,0.000000,0.000000,0.000000,0.450000,0.540000,1.000000,0.800000,0.490479,0.245239,0.002397,0.002397,0.000000,-0.000000,1.208356,1.812534,0.000000,0.000000,0.000000,0.000000,0.000000,0.000000,0.000371,-0.001113,0.000000,-0.000000,0.136470,-0.136470,0.000000,-0.000000,1.140358,-0.342108,0.024960,-0.024960,0.000743,-0.002971,2.892548,3.569374,3.230961,0.500000,0.500000
96652,Allan,MEI,264,COR,6,45,45,fora,275,PAL,2026-10-11 17:30:00,30,0.000000,0.000000,0.136125,0.680625,0.000000,0.000000,0.081824,0.098189,0.333333,0.266667,0.421183,0.210591,0.002515,0.002515,0.000000,-0.000000,1.124507,1.686760,0.000000,0.000000,0.000000,0.000000,0.000000,0.000000,0.000372,-0.001117,0.000000,-0.000000,0.013199,-0.013199,0.000000,-0.000000,0.986748,-0.296024,0.006418,-0.006418,0.000750,-0.003001,2.625588,3.763744,3.194666,0.500000,0.500000
130414,Robert,MEI,315,CHA,5,45,45,casa,293,CAP,2026-10-12 19:30:00,30,0.000000,0.000000,0.000000,0.000000,0.000000,0.000000,0.000000,0.000000,0.000000,0.000000,0.405736,0.202868,0.007339,0.007339,0.000000,-0.000000,1.619264,2.428896,0.000000,0.000000,0.000000,0.000000,0.000000,0.000000,0.000369,-0.001108,0.000000,-0.000000,0.000000,-0.000000,0.000000,-0.000000,0.921243,-0.276373,0.000000,-0.000000,0.000736,-0.002944,2.358678,4.010567,3.184623,0.500000,0.500000
101807,Oliva,MEI,277,SAN,7,95,85,fora,282,CAM,2026-10-11 16:00:00,30,0.116047,0.928373,0.003872,0.019362,0.000000,0.000000,0.247845,0.297414,0.333333,0.266667,0.764699,0.382350,0.003705,0.003705,0.000000,-0.000000,1.017714,1.526572,0.000000,0.000000,0.000000,0.000000,0.000000,0.000000,0.000372,-0.001116,0.000000,-0.000000,0.450000,-0.450000,0.000000,-0.000000,0.771101,-0.231330,0.020064,-0.020064,0.000746,-0.002986,2.718944,3.544804,3.131874,0.500000,0.500000
82463,Otávio,MEI,266,FLU,6,45,45,fora,262,FLA,2026-10-11 17:30:00,30,0.000000,0.000000,0.000000,0.000000,0.000000,0.000000,0.015224,0.018269,0.333333,0.266667,0.384611,0.192305,0.002340,0.002340,0.000000,-0.000000,2.355429,3.533144,0.000000,0.000000,0.000000,0.000000,0.000000,0.000000,0.000369,-0.001108,0.000000,-0.000000,0.322369,-0.322369,0.000000,-0.000000,1.142977,-0.342893,0.009167,-0.009167,0.000734,-0.002937,3.334251,2.869371,3.101811,0.500000,0.500000
77485,Carrillo,MEI,264,COR,6,45,45,fora,275,PAL,2026-10-11 17:30:00,30,0.000000,0.000000,0.001140,0.005699,0.000000,0.000000,0.000000,0.000000,1.000000,0.800000,0.682933,0.341467,0.000000,0.000000,0.666667,-0.066667,1.434190,2.151285,0.000000,0.000000,0.000000,0.000000,0.000000,0.000000,0.000372,-0.001117,0.000000,-0.000000,0.075545,-0.075545,0.000000,-0.000000,1.050522,-0.315157,0.005398,-0.005398,0.000747,-0.002986,2.831582,3.362765,3.097173,0.500000,0.500000
97145,Villasanti,MEI,284,GRE,7,95,85,casa,285,INT,2026-10-11 17:30:00,30,0.136125,1.089000,0.000000,0.000000,0.000000,0.000000,0.027681,0.033217,0.000000,0.000000,0.378103,0.189051,0.006992,0.006992,0.000000,-0.000000,1.042183,1.563274,0.000000,0.000000,0.000000,0.000000,0.000000,0.000000,0.000371,-0.001112,0.000000,-0.000000,0.012456,-0.012456,0.000000,-0.000000,1.110543,-0.333163,0.000000,-0.000000,0.000749,-0.002994,2.531808,3.659104,3.095456,0.500000,0.500000
122485,Barros,MEI,267,VAS,6,45,45,casa,364,REM,2026-10-10 18:00:00,30,0.000794,0.006351,0.000000,0.000000,0.000000,0.000000,0.000000,0.000000,0.000000,0.000000,0.967595,0.483798,0.002390,0.002390,0.000000,-0.000000,1.716744,2.575116,0.000000,0.000000,0.000000,0.000000,0.000000,0.000000,0.000373,-0.001120,0.000000,-0.000000,0.544233,-0.544233,0.000000,-0.000000,1.309608,-0.392882,0.000000,-0.000000,0.000752,-0.003008,2.126411,4.043620,3.085015,0.500000,0.500000
104519,Camilo,MEI,315,CHA,7,95,85,casa,293,CAP,2026-10-12 19:30:00,30,0.000000,0.000000,0.000000,0.000000,0.000000,0.000000,0.001149,0.001379,0.000000,0.000000,0.503455,0.251728,0.001177,0.001177,0.000000,-0.000000,1.639424,2.459136,0.000000,0.000000,0.000000,0.000000,0.000000,0.000000,0.000374,-0.001123,0.000000,-0.000000,0.657953,-0.657953,0.000000,-0.000000,1.429041,-0.428712,0.000000,-0.000000,0.000753,-0.003011,1.622621,4.526238,3.074429,0.500000,0.500000
78478,Willian Arão,MEI,277,SAN,2,45,45,fora,282,CAM,2026-10-11 16:00:00,30,0.022648,0.181182,0.000000,0.000000,0.000000,0.000000,0.041178,0.049413,0.333333,0.266667,0.517745,0.258872,0.001267,0.001267,0.333333,-0.033333,1.462392,2.193588,0.000000,0.000000,0.000000,0.000000,0.000000,0.000000,0.000372,-0.001117,0.000000,-0.000000,0.078637,-0.078637,0.000000,-0.000000,0.683335,-0.205001,0.032778,-0.032778,0.000748,-0.002993,2.597131,3.543829,3.070480,0.500000,0.500000
69140,Allan,MEI,263,BOT,6,45,45,fora,294,CFC,2026-10-12 16:00:00,30,0.000000,0.000000,0.000000,0.000000,0.000000,0.000000,0.000000,0.000000,0.333333,0.266667,0.514205,0.257103,0.003193,0.003193,0.000000,-0.000000,1.181897,1.772845,0.000000,0.000000,0.000000,0.000000,0.000000,0.000000,0.000370,-0.001111,0.000000,-0.000000,0.011456,-0.011456,0.000000,-0.000000,0.643416,-0.193025,0.000000,-0.000000,0.000738,-0.002952,2.091264,4.000838,3.046051,0.500000,0.500000
78605,Gabriel,MEI,280,RBB,6,45,45,casa,283,CRU,2026-10-12 21:00:00,30,0.013083,0.104666,0.000000,0.000000,0.000000,0.000000,0.047107,0.056529,0.333333,0.266667,0.436122,0.218061,0.002689,0.002689,0.000000,-0.000000,1.546332,2.319498,0.000000,0.000000,0.000000,0.000000,0.000000,0.000000,0.000373,-0.001120,0.000000,-0.000000,0.022965,-0.022965,0.000000,-0.000000,0.791044,-0.237313,0.002778,-0.002778,0.000751,-0.003002,2.700930,3.316814,3.008872,0.500000,0.500000
107873,Bobadilla,MEI,276,SAO,7,95,85,casa,287,VIT,2026-10-10 21:00:00,30,0.000000,0.000000,0.041523,0.207613,0.000000,0.000000,0.323981,0.388777,0.000000,0.000000,0.798933,0.399466,0.005333,0.005333,0.000000,-0.000000,1.478616,2.217924,0.000000,0.000000,0.000000,0.000000,0.000000,0.000000,0.000373,-0.001119,0.000000,-0.000000,0.098143,-0.098143,0.000000,-0.000000,0.843528,-0.253058,0.070158,-0.070158,0.000749,-0.002998,2.793637,3.222176,3.007906,0.500000,0.500000
111760,Fabinho,MEI,280,RBB,7,95,85,casa,283,CRU,2026-10-12 21:00:00,30,0.000000,0.000000,0.000000,0.000000,0.000000,0.000000,0.000000,0.000000,0.000000,0.000000,0.910198,0.455099,0.004420,0.004420,0.000000,-0.000000,1.709916,2.564873,0.000000,0.000000,0.000000,0.000000,0.000000,0.000000,0.000372,-0.001115,0.000000,-0.000000,0.000000,-0.000000,0.000000,-0.000000,1.083399,-0.325020,0.000000,-0.000000,0.000746,-0.002985,2.695273,3.253393,2.974333,0.500000,0.500000
131832,Portilla,MEI,293,CAP,6,45,45,fora,315,CHA,2026-10-12 19:30:00,30,0.000000,0.000000,0.000000,0.000000,0.000000,0.000000,0.002072,0.002487,0.666667,0.533333,0.827861,0.413931,0.000000,0.000000,0.000000,-0.000000,1.172166,1.758249,0.000000,0.000000,0.000000,0.000000,0.000000,0.000000,0.000372,-0.001115,0.000000,-0.000000,0.184224,-0.184224,0.000000,-0.000000,0.646079,-0.193824,0.010945,-0.010945,0.000744,-0.002976,2.314916,3.610671,2.962793,0.500000,0.500000
101405,Wallisson,MEI,2305,MIR,6,45,45,fora,265,BAH,2026-10-11 19:30:00,30,0.000000,0.000000,0.000000,0.000000,0.000000,0.000000,0.000000,0.000000,0.000000,0.000000,1.009617,0.504809,0.001454,0.001454,0.000000,-0.000000,1.621878,2.432817,0.000000,0.000000,0.000000,0.000000,0.000000,0.000000,0.000372,-0.001116,0.000000,-0.000000,0.136959,-0.136959,0.000000,-0.000000,0.802743,-0.240823,0.000758,-0.000758,0.000748,-0.002991,2.556434,3.334399,2.945417,0.500000,0.500000
100084,Igor Gomes,MEI,282,CAM,6,45,45,casa,277,SAN,2026-10-11 16:00:00,30,0.041178,0.329423,0.136125,0.680625,0.000000,0.000000,0.247500,0.297000,0.000000,0.000000,0.601290,0.300645,0.006494,0.006494,0.333333,-0.033333,0.846410,1.269615,0.000000,0.000000,0.000000,0.000000,0.000000,0.000000,0.000371,-0.001114,0.000000,-0.000000,0.003768,-0.003768,0.000000,-0.000000,0.662982,-0.198894,0.000000,-0.000000,0.000744,-0.002976,2.643715,3.116467,2.880091,0.500000,0.500000
83433,Patrick,MEI,364,REM,6,45,45,fora,267,VAS,2026-10-10 18:00:00,30,0.000000,0.000000,0.000000,0.000000,0.000000,0.000000,0.000534,0.000641,0.333333,0.266667,0.929174,0.464587,0.000000,0.000000,0.000000,-0.000000,1.171571,1.757357,0.000000,0.000000,0.000000,0.000000,0.000000,0.000000,0.000373,-0.001120,0.000000,-0.000000,0.000000,-0.000000,0.000000,-0.000000,0.652187,-0.195656,0.002424,-0.002424,0.000751,-0.003005,2.287047,3.421502,2.854274,0.500000,0.500000
81091,Jair,MEI,267,VAS,6,45,45,casa,364,REM,2026-10-10 18:00:00,30,0.000000,0.000000,0.000000,0.000000,0.000000,0.000000,0.000000,0.000000,0.000000,0.000000,0.865421,0.432710,0.006267,0.006267,0.000000,-0.000000,1.021249,1.531873,0.000000,0.000000,0.000000,0.000000,0.000000,0.000000,0.000370,-0.001111,0.000000,-0.000000,0.000000,-0.000000,0.000000,-0.000000,0.560314,-0.168094,0.006458,-0.006458,0.000736,-0.002943,1.792244,3.812737,2.802491,0.500000,0.500000
148215,Djhordney,MEI,276,SAO,6,45,45,casa,287,VIT,2026-10-10 21:00:00,30,0.000000,0.000000,0.000000,0.000000,0.000000,0.000000,0.000000,0.000000,0.000000,0.000000,0.616535,0.308268,0.004392,0.004392,0.000000,-0.000000,2.160871,3.241306,0.000000,0.000000,0.000000,0.000000,0.000000,0.000000,0.000371,-0.001112,0.000000,-0.000000,0.102549,-0.102549,0.000000,-0.000000,1.077933,-0.323380,0.004180,-0.004180,0.000741,-0.002965,3.119779,2.483782,2.801780,0.500000,0.500000
87999,Gustavo Scarpa,MEI,282,CAM,5,45,45,casa,277,SAN,2026-10-11 16:00:00,30,0.041178,0.329423,0.001140,0.005699,0.000000,0.000000,0.594116,0.712939,0.000000,0.000000,0.552493,0.276247,0.005436,0.005436,0.333333,-0.033333,0.945021,1.417531,0.000000,0.000000,0.000000,0.000000,0.000000,0.000000,0.000372,-0.001116,0.000000,-0.000000,0.000000,-0.000000,0.000000,-0.000000,0.627314,-0.188194,0.004701,-0.004701,0.000747,-0.002988,2.516941,3.070162,2.793551,0.500000,0.500000
101352,Bruno Matias,MEI,315,CHA,6,45,45,casa,293,CAP,2026-10-12 19:30:00,30,0.000000,0.000000,0.000000,0.000000,0.000000,0.000000,0.000000,0.000000,0.000000,0.000000,0.502066,0.251033,0.005241,0.005241,0.000000,-0.000000,1.274959,1.912438,0.000000,0.000000,0.000000,0.000000,0.000000,0.000000,0.000371,-0.001114,0.000000,-0.000000,0.003768,-0.003768,0.000000,-0.000000,0.577767,-0.173330,0.000000,-0.000000,0.000741,-0.002965,1.987535,3.587892,2.787714,0.500000,0.500000
104036,Labyad,MEI,264,COR,5,45,45,fora,275,PAL,2026-10-11 17:30:00,30,0.041178,0.329423,0.148581,0.742906,0.000000,0.000000,0.000000,0.000000,0.000000,0.000000,0.600080,0.300040,0.003640,0.003640,0.000000,-0.000000,0.782246,1.173369,0.000000,0.000000,0.000000,0.000000,0.000000,0.000000,0.000370,-0.001111,0.000000,-0.000000,0.022648,-0.022648,0.000000,-0.000000,1.170580,-0.351174,0.010069,-0.010069,0.000738,-0.002952,2.161424,3.400116,2.780770,0.500000,0.500000
147088,Cissé,MEI,282,CAM,6,45,45,casa,277,SAN,2026-10-11 16:00:00,30,0.001140,0.009119,0.000000,0.000000,0.000000,0.000000,0.001140,0.001368,0.000000,0.000000,1.351441,0.675720,0.003059,0.003059,0.000000,-0.000000,1.789232,2.683848,0.000000,0.000000,0.000000,0.000000,0.000000,0.000000,0.000373,-0.001118,0.000000,-0.000000,0.177303,-0.177303,0.000000,-0.000000,1.187594,-0.356278,0.003571,-0.003571,0.000747,-0.002988,2.831855,2.702696,2.767276,0.500000,0.500000
128433,Johan Rojas,MEI,267,VAS,6,45,45,casa,364,REM,2026-10-10 18:00:00,30,0.000000,0.000000,0.000627,0.003135,0.000000,0.000000,0.189941,0.227929,1.000000,0.800000,0.335787,0.167894,0.001488,0.001488,0.333333,-0.033333,0.950808,1.426212,0.000000,0.000000,0.000000,0.000000,0.000000,0.000000,0.000373,-0.001119,0.000000,-0.000000,0.053634,-0.053634,0.000000,-0.000000,0.713212,-0.213964,0.003571,-0.003571,0.000749,-0.002997,2.318038,3.166079,2.742059,0.500000,0.500000
86859,José Welison,MEI,364,REM,7,95,85,fora,267,VAS,2026-10-10 18:00:00,30,0.000000,0.000000,0.000000,0.000000,0.000000,0.000000,0.041178,0.049413,0.333333,0.266667,0.502896,0.251448,0.000000,0.000000,0.000000,-0.000000,1.699085,2.548628,0.000000,0.000000,0.000000,0.000000,0.000000,0.000000,0.000371,-0.001114,0.000000,-0.000000,0.608817,-0.608817,0.000000,-0.000000,1.352854,-0.405856,0.007708,-0.007708,0.000751,-0.003002,2.089657,3.231171,2.660414,0.500000,0.500000
99520,Ziyech,MEI,263,BOT,7,95,85,fora,294,CFC,2026-10-12 16:00:00,30,0.000000,0.000000,0.000000,0.000000,0.000000,0.000000,0.550000,0.660000,0.500000,0.400000,0.608968,0.304484,0.004072,0.004072,0.000000,-0.000000,0.662401,0.993602,0.000000,0.000000,0.000000,0.000000,0.000000,0.000000,0.000368,-0.001104,0.000000,-0.000000,0.000000,-0.000000,0.000000,-0.000000,0.812848,-0.243855,0.015729,-0.015729,0.000727,-0.002909,2.098561,3.215836,2.657199,0.500000,0.500000
97520,Shaylon,MEI,2305,MIR,6,45,45,fora,265,BAH,2026-10-11 19:30:00,30,0.000104,0.000834,0.247500,1.237500,0.000000,0.000000,0.012646,0.015175,0.000000,0.000000,0.665412,0.332706,0.000000,0.000000,0.000000,-0.000000,1.044403,1.566605,0.000000,0.000000,0.000000,0.000000,0.000000,0.000000,0.000372,-0.001115,0.000000,-0.000000,0.210994,-0.210994,0.000000,-0.000000,0.877265,-0.263180,0.005000,-0.005000,0.000746,-0.002982,2.669549,2.635518,2.652533,0.500000,0.500000
111682,Adson,MEI,267,VAS,6,45,45,casa,364,REM,2026-10-10 18:00:00,30,0.000000,0.000000,0.000000,0.000000,0.000000,0.000000,0.166574,0.199888,0.666667,0.533333,0.840033,0.420017,0.003764,0.003764,0.000000,-0.000000,0.945142,1.417713,0.000000,0.000000,0.000000,0.000000,0.000000,0.000000,0.000373,-0.001118,0.000000,-0.000000,0.074869,-0.074869,0.000000,-0.000000,0.613319,-0.183996,0.035933,-0.035933,0.000747,-0.002987,2.275814,2.967637,2.621726,0.500000,0.500000
112576,Vini Paulista,MEI,294,CFC,6,45,45,casa,263,BOT,2026-10-12 16:00:00,30,0.000000,0.000000,0.000000,0.000000,0.000000,0.000000,0.000104,0.000125,0.333333,0.266667,0.545536,0.272768,0.000493,0.000493,0.000000,-0.000000,0.842679,1.264019,0.000000,0.000000,0.000000,0.000000,0.000000,0.000000,0.000375,-0.001125,0.000000,-0.000000,0.023024,-0.023024,0.000000,-0.000000,0.473169,-0.141951,0.000000,-0.000000,0.000755,-0.003020,1.634952,3.479922,2.557437,0.500000,0.500000
77510,Fred,MEI,282,CAM,6,45,45,casa,277,SAN,2026-10-11 16:00:00,30,0.000000,0.000000,0.000000,0.000000,0.000000,0.000000,0.247500,0.297000,1.000000,0.800000,1.733864,0.866932,0.005959,0.005959,0.000000,-0.000000,0.928184,1.392277,0.000000,0.000000,0.000000,0.000000,0.000000,0.000000,0.000370,-0.001110,0.000000,-0.000000,0.091506,-0.091506,0.000000,-0.000000,1.327081,-0.398124,0.000000,-0.000000,0.000740,-0.002959,2.868467,2.229583,2.549025,0.500000,0.500000
105157,Villagra,MEI,285,INT,7,95,85,fora,284,GRE,2026-10-11 17:30:00,30,0.000000,0.000000,0.000000,0.000000,0.000000,0.000000,0.000019,0.000023,0.000000,0.000000,1.026031,0.513015,0.000000,0.000000,0.000000,-0.000000,1.306276,1.959413,0.000000,0.000000,0.000000,0.000000,0.000000,0.000000,0.000373,-0.001118,0.000000,-0.000000,0.772426,-0.772426,0.000000,-0.000000,1.464585,-0.439375,0.038631,-0.038631,0.000751,-0.003003,1.217898,3.873180,2.545539,0.500000,0.500000
112017,Felipinho,MEI,293,CAP,6,45,45,fora,315,CHA,2026-10-12 19:30:00,30,0.000000,0.000000,0.000000,0.000000,0.000000,0.000000,0.000000,0.000000,0.000000,0.000000,0.556761,0.278381,0.003568,0.003568,0.000000,-0.000000,1.650980,2.476471,0.000000,0.000000,0.000000,0.000000,0.000000,0.000000,0.000370,-0.001109,0.000000,-0.000000,0.210994,-0.210994,0.000000,-0.000000,0.959376,-0.287813,0.114913,-0.114913,0.000736,-0.002946,2.140645,2.935338,2.537992,0.500000,0.500000
90588,Caíque,MEI,287,VIT,7,95,85,fora,276,SAO,2026-10-10 21:00:00,30,0.000000,0.000000,0.000000,0.000000,0.000000,0.000000,0.000057,0.000069,0.000000,0.000000,1.080199,0.540099,0.000527,0.000527,0.000000,-0.000000,1.607076,2.410614,0.000000,0.000000,0.000000,0.000000,0.000000,0.000000,0.000373,-0.001118,0.000000,-0.000000,0.216844,-0.216844,0.000000,-0.000000,0.878195,-0.263458,0.008523,-0.008523,0.000749,-0.002996,2.458370,2.597378,2.527874,0.500000,0.500000
144976,Domingos Andrade,MEI,263,BOT,6,45,45,fora,294,CFC,2026-10-12 16:00:00,30,0.000000,0.000000,0.000000,0.000000,0.000000,0.000000,0.000000,0.000000,0.000000,0.000000,0.354551,0.177275,0.004640,0.004640,0.000000,-0.000000,0.824360,1.236540,0.000000,0.000000,0.000000,0.000000,0.000000,0.000000,0.000368,-0.001104,0.000000,-0.000000,0.000000,-0.000000,0.000000,-0.000000,0.492057,-0.147617,0.006245,-0.006245,0.000727,-0.002909,1.260580,3.744352,2.502466,0.500000,0.500000
103388,Emmanuel Martínez,MEI,287,VIT,7,95,85,fora,276,SAO,2026-10-10 21:00:00,30,0.000000,0.000000,0.000000,0.000000,0.000000,0.000000,0.026416,0.031699,0.333333,0.266667,0.911759,0.455880,0.001232,0.001232,0.000000,-0.000000,1.313486,1.970229,0.000000,0.000000,0.000000,0.000000,0.000000,0.000000,0.000372,-0.001117,0.000000,-0.000000,0.060919,-0.060919,0.000000,-0.000000,0.623536,-0.187061,0.015398,-0.015398,0.000748,-0.002992,2.458220,2.504566,2.481393,0.500000,0.500000
141995,Dieguinho,MEI,264,COR,6,45,45,fora,275,PAL,2026-10-11 17:30:00,30,0.001140,0.009119,0.000000,0.000000,0.000000,0.000000,0.136125,0.163350,0.000000,0.000000,0.393910,0.196955,0.000747,0.000747,0.000000,-0.000000,0.894443,1.341665,0.000000,0.000000,0.000000,0.000000,0.000000,0.000000,0.000371,-0.001113,0.000000,-0.000000,0.000000,-0.000000,0.000000,-0.000000,0.516689,-0.155007,0.003571,-0.003571,0.000741,-0.002964,1.549179,3.368097,2.458638,0.500000,0.500000
63289,Edenílson,MEI,263,BOT,5,45,45,fora,294,CFC,2026-10-12 16:00:00,30,0.004176,0.033411,0.001485,0.007423,0.000000,0.000000,0.001767,0.002120,0.000000,0.000000,0.672576,0.336288,0.000000,0.000000,0.000000,-0.000000,0.698607,1.047910,0.000000,0.000000,0.000000,0.000000,0.000000,0.000000,0.000372,-0.001116,0.000000,-0.000000,0.075058,-0.075058,0.000000,-0.000000,0.512468,-0.153740,0.000000,-0.000000,0.000741,-0.002964,1.194274,3.679571,2.436923,0.500000,0.500000
82407,Chico Kim,MEI,2305,MIR,7,95,85,fora,265,BAH,2026-10-11 19:30:00,30,0.000000,0.000000,0.000000,0.000000,0.000000,0.000000,0.136125,0.163350,1.000000,0.800000,0.862597,0.431298,0.003333,0.003333,0.000000,-0.000000,1.026316,1.539475,0.000000,0.000000,0.000000,0.000000,0.000000,0.000000,0.000369,-0.001108,0.000000,-0.000000,0.000000,-0.000000,0.000000,-0.000000,0.943627,-0.283088,0.000000,-0.000000,0.000737,-0.002948,2.650312,2.204605,2.427458,0.500000,0.500000
85403,Danielzinho,MEI,276,SAO,5,45,45,casa,287,VIT,2026-10-10 21:00:00,30,0.000001,0.000009,0.000005,0.000026,0.000000,0.000000,0.001140,0.001368,0.000000,0.000000,0.611905,0.305953,0.000120,0.000120,0.000000,-0.000000,1.308994,1.963491,0.000000,0.000000,0.000000,0.000000,0.000000,0.000000,0.000375,-0.001124,0.000000,-0.000000,0.075058,-0.075058,0.000000,-0.000000,0.875787,-0.262736,0.000000,-0.000000,0.000753,-0.003013,1.929034,2.912167,2.420601,0.500000,0.500000
122660,Japa,MEI,2305,MIR,6,45,45,fora,265,BAH,2026-10-11 19:30:00,30,0.012456,0.099650,0.000000,0.000000,0.000000,0.000000,0.157224,0.188669,0.666667,0.533333,0.697275,0.348637,0.004554,0.004554,0.000000,-0.000000,0.976484,1.464726,0.000000,0.000000,0.000000,0.000000,0.000000,0.000000,0.000370,-0.001109,0.000000,-0.000000,0.000000,-0.000000,0.000000,-0.000000,0.666898,-0.200069,0.054271,-0.054271,0.000735,-0.002939,2.381183,2.400362,2.390772,0.500000,0.500000
117910,Breno Bidon,MEI,264,COR,7,95,85,fora,275,PAL,2026-10-11 17:30:00,30,0.000190,0.001520,0.002072,0.010362,0.000000,0.000000,0.076941,0.092329,0.333333,0.266667,1.542761,0.771380,0.000000,0.000000,0.000000,-0.000000,1.167882,1.751823,0.000000,0.000000,0.000000,0.000000,0.000000,0.000000,0.000374,-0.001121,0.000000,-0.000000,0.631071,-0.631071,0.000000,-0.000000,1.573139,-0.471942,0.020030,-0.020030,0.000753,-0.003011,1.766906,2.976833,2.371870,0.500000,0.500000
141344,Vitor Tissi,MEI,294,CFC,6,45,45,casa,263,BOT,2026-10-12 16:00:00,30,0.000000,0.000000,0.000000,0.000000,0.000000,0.000000,0.000000,0.000000,0.000000,0.000000,0.817502,0.408751,0.004524,0.004524,0.000000,-0.000000,1.168232,1.752348,0.000000,0.000000,0.000000,0.000000,0.000000,0.000000,0.000371,-0.001112,0.000000,-0.000000,0.074869,-0.074869,0.000000,-0.000000,0.626507,-0.187952,0.020530,-0.020530,0.000739,-0.002957,1.878204,2.849845,2.364024,0.500000,0.500000
100596,Krovinovic,MEI,284,GRE,6,45,45,casa,285,INT,2026-10-11 17:30:00,30,0.000000,0.000000,0.000000,0.000000,0.000000,0.000000,0.136125,0.163350,1.000000,0.800000,0.553672,0.276836,0.005745,0.005745,0.000000,-0.000000,0.905626,1.358439,0.000000,0.000000,0.000000,0.000000,0.000000,0.000000,0.000370,-0.001111,0.000000,-0.000000,0.000000,-0.000000,0.000000,-0.000000,0.861927,-0.258578,0.003333,-0.003333,0.000737,-0.002950,2.338398,2.304301,2.321349,0.500000,0.500000
110605,Vinícius Balieiro,MEI,315,CHA,5,45,45,casa,293,CAP,2026-10-12 19:30:00,30,0.000000,0.000000,0.000000,0.000000,0.000000,0.000000,0.000000,0.000000,0.000000,0.000000,0.748698,0.374349,0.005595,0.005595,0.000000,-0.000000,0.886675,1.330012,0.000000,0.000000,0.000000,0.000000,0.000000,0.000000,0.000370,-0.001110,0.000000,-0.000000,0.000000,-0.000000,0.000000,-0.000000,0.590229,-0.177069,0.056564,-0.056564,0.000737,-0.002947,1.472265,3.037320,2.254793,0.500000,0.500000
87742,Neto Moura,MEI,2305,MIR,7,95,85,fora,265,BAH,2026-10-11 19:30:00,30,0.000000,0.000000,0.000000,0.000000,0.000000,0.000000,0.012801,0.015361,0.000000,0.000000,0.289455,0.144728,0.001311,0.001311,0.000000,-0.000000,1.663394,2.495091,0.000000,0.000000,0.000000,0.000000,0.000000,0.000000,0.000371,-0.001114,0.000000,-0.000000,0.264922,-0.264922,0.000000,-0.000000,1.162723,-0.348817,0.004167,-0.004167,0.000742,-0.002969,2.034502,2.444954,2.239728,0.500000,0.500000
90532,Arthur Melo,MEI,277,SAN,5,45,45,fora,282,CAM,2026-10-11 16:00:00,30,0.000000,0.000000,0.000000,0.000000,0.000000,0.000000,0.000000,0.000000,0.000000,0.000000,1.818630,0.909315,0.002422,0.002422,0.000000,-0.000000,1.168979,1.753469,0.000000,0.000000,0.000000,0.000000,0.000000,0.000000,0.000371,-0.001112,0.000000,-0.000000,0.003768,-0.003768,0.000000,-0.000000,1.065142,-0.319542,0.000000,-0.000000,0.000740,-0.002959,2.337824,2.136400,2.237112,0.500000,0.500000
126120,Marcelinho,MEI,280,RBB,6,45,45,casa,283,CRU,2026-10-12 21:00:00,30,0.000000,0.000000,0.091506,0.457531,0.000000,0.000000,0.074869,0.089843,0.000000,0.000000,0.813916,0.406958,0.006144,0.006144,0.666667,-0.066667,0.687291,1.030936,0.000000,0.000000,0.000000,0.000000,0.000000,0.000000,0.000370,-0.001111,0.000000,-0.000000,0.000000,-0.000000,0.000000,-0.000000,0.889292,-0.266788,0.007500,-0.007500,0.000736,-0.002946,1.646402,2.820269,2.233335,0.500000,0.500000
130906,Riquelme,MEI,293,CAP,6,45,45,fora,315,CHA,2026-10-12 19:30:00,30,0.000000,0.000000,0.000000,0.000000,0.000000,0.000000,0.136125,0.163350,0.000000,0.000000,0.312913,0.156457,0.002868,0.002868,0.000000,-0.000000,1.261103,1.891654,0.000000,0.000000,0.000000,0.000000,0.000000,0.000000,0.000369,-0.001106,0.000000,-0.000000,0.136125,-0.136125,0.000000,-0.000000,0.662322,-0.198697,0.002273,-0.002273,0.000731,-0.002924,1.873203,2.581004,2.227103,0.500000,0.500000
122394,Gustavinho,MEI,280,RBB,6,45,45,casa,283,CRU,2026-10-12 21:00:00,30,0.000032,0.000252,0.142976,0.714880,0.000000,0.000000,0.000147,0.000177,0.000000,0.000000,0.389864,0.194932,0.001482,0.001482,0.000000,-0.000000,0.693350,1.040026,0.000000,0.000000,0.000000,0.000000,0.000000,0.000000,0.000373,-0.001120,0.000000,-0.000000,0.001140,-0.001140,0.000000,-0.000000,0.636918,-0.191076,0.000000,-0.000000,0.000748,-0.002992,1.755423,2.672464,2.213943,0.500000,0.500000
130279,Lukas Zuccarello,MEI,267,VAS,6,45,45,casa,364,REM,2026-10-10 18:00:00,30,0.000000,0.000000,0.000000,0.000000,0.000000,0.000000,0.000000,0.000000,1.000000,0.800000,0.894476,0.447238,0.006047,0.006047,0.000000,-0.000000,0.662401,0.993602,0.000000,0.000000,0.000000,0.000000,0.000000,0.000000,0.000369,-0.001108,0.000000,-0.000000,0.000000,-0.000000,0.000000,-0.000000,0.693804,-0.208141,0.003125,-0.003125,0.000732,-0.002929,2.031584,2.368050,2.199817,0.500000,0.500000
68899,Philippe Coutinho,MEI,277,SAN,6,45,45,fora,282,CAM,2026-10-11 16:00:00,30,0.000000,0.000000,0.000000,0.000000,0.000000,0.000000,0.000000,0.000000,1.000000,0.800000,0.921153,0.460577,0.005400,0.005400,0.000000,-0.000000,0.880582,1.320874,0.000000,0.000000,0.000000,0.000000,0.000000,0.000000,0.000368,-0.001104,0.000000,-0.000000,0.000000,-0.000000,0.000000,-0.000000,0.923244,-0.276973,0.000342,-0.000342,0.000730,-0.002918,2.305513,2.078093,2.191803,0.500000,0.500000
151600,Miguel Carvalho,MEI,315,CHA,6,45,45,casa,293,CAP,2026-10-12 19:30:00,30,0.000000,0.000000,0.000000,0.000000,0.000000,0.000000,0.074869,0.089843,0.000000,0.000000,0.463609,0.231805,0.005936,0.005936,0.000000,-0.000000,0.935534,1.403301,0.000000,0.000000,0.000000,0.000000,0.000000,0.000000,0.000370,-0.001111,0.000000,-0.000000,0.000000,-0.000000,0.000000,-0.000000,0.585418,-0.175625,0.056762,-0.056762,0.000737,-0.002947,1.494439,2.791774,2.143107,0.500000,0.500000
107173,Michel Araújo,MEI,265,BAH,6,45,45,casa,2305,MIR,2026-10-11 19:30:00,30,0.000000,0.000000,0.136125,0.680625,0.000000,0.000000,0.139893,0.167872,0.000000,0.000000,0.359286,0.179643,0.002025,0.002025,0.000000,-0.000000,0.730298,1.095447,0.000000,0.000000,0.000000,0.000000,0.000000,0.000000,0.000373,-0.001120,0.000000,-0.000000,0.247500,-0.247500,0.000000,-0.000000,1.002793,-0.300838,0.000000,-0.000000,0.000747,-0.002988,1.573166,2.658608,2.115887,0.500000,0.500000
96342,Charles,MEI,264,COR,6,45,45,fora,275,PAL,2026-10-11 17:30:00,30,0.000000,0.000000,0.000000,0.000000,0.000000,0.000000,0.000000,0.000000,0.000000,0.000000,0.992443,0.496221,0.004043,0.004043,0.000000,-0.000000,1.067897,1.601845,0.000000,0.000000,0.000000,0.000000,0.000000,0.000000,0.000369,-0.001106,0.000000,-0.000000,0.450000,-0.450000,0.000000,-0.000000,0.942579,-0.282774,0.058653,-0.058653,0.000733,-0.002930,1.306647,2.917465,2.112056,0.500000,0.500000
142260,Bernardo Zortea,MEI,284,GRE,6,45,45,casa,285,INT,2026-10-11 17:30:00,30,0.000000,0.000000,0.000000,0.000000,0.000000,0.000000,0.000000,0.000000,0.333333,0.266667,0.447310,0.223655,0.004638,0.004638,0.000000,-0.000000,1.219165,1.828748,0.000000,0.000000,0.000000,0.000000,0.000000,0.000000,0.000370,-0.001110,0.000000,-0.000000,0.000000,-0.000000,0.000000,-0.000000,0.795978,-0.238793,0.010084,-0.010084,0.000735,-0.002941,2.070779,2.140151,2.105465,0.500000,0.500000
95541,Gustavo Cazonatti,MEI,2305,MIR,5,45,45,fora,265,BAH,2026-10-11 19:30:00,30,0.000000,0.000000,0.000000,0.000000,0.000000,0.000000,0.041178,0.049413,0.000000,0.000000,0.877852,0.438926,0.004854,0.004854,0.000000,-0.000000,1.261479,1.892218,0.000000,0.000000,0.000000,0.000000,0.000000,0.000000,0.000369,-0.001107,0.000000,-0.000000,0.074869,-0.074869,0.000000,-0.000000,1.272390,-0.381717,0.036796,-0.036796,0.000734,-0.002935,1.887989,2.317469,2.102729,0.500000,0.500000
88479,Walace,MEI,287,VIT,6,45,45,fora,276,SAO,2026-10-10 21:00:00,30,0.000000,0.000000,0.000000,0.000000,0.000000,0.000000,0.247500,0.297000,0.333333,0.266667,0.538205,0.269102,0.003068,0.003068,0.000000,-0.000000,0.693315,1.039972,0.000000,0.000000,0.000000,0.000000,0.000000,0.000000,0.000369,-0.001108,0.000000,-0.000000,0.000000,-0.000000,0.000000,-0.000000,1.068532,-0.320560,0.000000,-0.000000,0.000732,-0.002930,1.551212,2.626049,2.088631,0.500000,0.500000
115914,Evertton Araújo,MEI,262,FLA,5,45,45,casa,266,FLU,2026-10-11 17:30:00,30,0.000000,0.000000,0.001140,0.005699,0.000000,0.000000,0.000000,0.000000,0.333333,0.266667,0.300451,0.150226,0.001223,0.001223,0.000000,-0.000000,0.819380,1.229071,0.000000,0.000000,0.000000,0.000000,0.000000,0.000000,0.000373,-0.001120,0.000000,-0.000000,0.016569,-0.016569,0.000000,-0.000000,0.618785,-0.185636,0.000000,-0.000000,0.000746,-0.002986,1.446575,2.726893,2.086734,0.500000,0.500000
146410,Marquinhos,MEI,263,BOT,6,45,45,fora,294,CFC,2026-10-12 16:00:00,30,0.000000,0.000000,0.000000,0.000000,0.000000,0.000000,0.000000,0.000000,0.000000,0.000000,0.311294,0.155647,0.003500,0.003500,0.000000,-0.000000,0.670253,1.005379,0.000000,0.000000,0.000000,0.000000,0.000000,0.000000,0.000368,-0.001104,0.000000,-0.000000,0.000000,-0.000000,0.000000,-0.000000,0.753922,-0.226177,0.000342,-0.000342,0.000724,-0.002896,0.934008,3.232548,2.083278,0.500000,0.500000
126182,Paulinho,MEI,285,INT,6,45,45,fora,284,GRE,2026-10-11 17:30:00,30,0.000000,0.000000,0.000000,0.000000,0.000000,0.000000,0.048716,0.058459,0.333333,0.266667,0.823698,0.411849,0.000000,0.000000,0.000000,-0.000000,0.967497,1.451245,0.000000,0.000000,0.000000,0.000000,0.000000,0.000000,0.000373,-0.001118,0.000000,-0.000000,0.578647,-0.578647,0.000000,-0.000000,0.742034,-0.222610,0.000000,-0.000000,0.000747,-0.002988,1.382857,2.773930,2.078393,0.500000,0.500000
103295,Eric Ramires,MEI,280,RBB,7,95,85,casa,283,CRU,2026-10-12 21:00:00,30,0.000000,0.000000,0.000000,0.000000,0.000000,0.000000,0.000000,0.000000,0.666667,0.533333,0.663552,0.331776,0.001224,0.001224,0.000000,-0.000000,0.771180,1.156769,0.000000,0.000000,0.000000,0.000000,0.000000,0.000000,0.000373,-0.001120,0.000000,-0.000000,0.012801,-0.012801,0.000000,-0.000000,0.751346,-0.225404,0.000000,-0.000000,0.000749,-0.002995,1.780782,2.355956,2.068369,0.500000,0.500000
104693,Newton,MEI,276,SAO,6,45,45,casa,287,VIT,2026-10-10 21:00:00,30,0.000000,0.000000,0.000000,0.000000,0.000000,0.000000,0.022648,0.027177,0.333333,0.266667,0.740132,0.370066,0.003435,0.003435,0.000000,-0.000000,0.932905,1.399357,0.000000,0.000000,0.000000,0.000000,0.000000,0.000000,0.000372,-0.001115,0.000000,-0.000000,0.044946,-0.044946,0.000000,-0.000000,0.862027,-0.258608,0.005625,-0.005625,0.000742,-0.002968,1.753441,2.378998,2.066220,0.500000,0.500000
110633,Gustavo,MEI,294,CFC,6,45,45,casa,263,BOT,2026-10-12 16:00:00,30,0.000000,0.000000,0.000000,0.000000,0.000000,0.000000,0.000000,0.000000,0.666667,0.533333,0.476597,0.238299,0.004788,0.004788,0.000000,-0.000000,0.731105,1.096657,0.000000,0.000000,0.000000,0.000000,0.000000,0.000000,0.000370,-0.001110,0.000000,-0.000000,0.000000,-0.000000,0.000000,-0.000000,0.605088,-0.181526,0.000000,-0.000000,0.000735,-0.002938,1.687502,2.443275,2.065389,0.500000,0.500000
105903,Aldo Filho,MEI,2305,MIR,5,45,45,fora,265,BAH,2026-10-11 19:30:00,30,0.000000,0.000000,0.000190,0.000948,0.000000,0.000000,0.249917,0.299901,0.000000,0.000000,0.566656,0.283328,0.001610,0.001610,0.000000,-0.000000,0.973987,1.460981,0.000000,0.000000,0.000000,0.000000,0.000000,0.000000,0.000371,-0.001113,0.000000,-0.000000,0.084807,-0.084807,0.000000,-0.000000,1.101316,-0.330395,0.000000,-0.000000,0.000741,-0.002963,1.627489,2.437717,2.032603,0.500000,0.500000
99267,Pochettino,MEI,287,VIT,6,45,45,fora,276,SAO,2026-10-10 21:00:00,30,0.000000,0.000000,0.000000,0.000000,0.000000,0.000000,0.056402,0.067683,0.000000,0.000000,0.656901,0.328450,0.004429,0.004429,0.000000,-0.000000,0.969019,1.453528,0.000000,0.000000,0.000000,0.000000,0.000000,0.000000,0.000370,-0.001109,0.000000,-0.000000,0.000000,-0.000000,0.000000,-0.000000,0.527432,-0.158230,0.026562,-0.026562,0.000736,-0.002942,1.665246,2.349922,2.007584,0.500000,0.500000
142279,Nuno Moreira,MEI,267,VAS,6,45,45,casa,364,REM,2026-10-10 18:00:00,30,0.000345,0.002758,0.006851,0.034255,0.000000,0.000000,0.270223,0.324267,0.000000,0.000000,0.537716,0.268858,0.001135,0.001135,0.000000,-0.000000,0.986572,1.479858,0.000000,0.000000,0.000000,0.000000,0.000000,0.000000,0.000373,-0.001120,0.000000,-0.000000,0.097538,-0.097538,0.000000,-0.000000,0.767922,-0.230377,0.000000,-0.000000,0.000749,-0.002996,1.779101,2.234213,2.006657,0.500000,0.500000
107203,Max,MEI,315,CHA,5,45,45,casa,293,CAP,2026-10-12 19:30:00,30,0.000000,0.000000,0.000000,0.000000,0.000000,0.000000,0.000000,0.000000,0.500000,0.400000,0.647200,0.323600,0.006147,0.006147,0.000000,-0.000000,0.842437,1.263655,0.000000,0.000000,0.000000,0.000000,0.000000,0.000000,0.000369,-0.001108,0.000000,-0.000000,0.000000,-0.000000,0.000000,-0.000000,1.016171,-0.304851,0.000000,-0.000000,0.000735,-0.002938,1.684504,2.306676,1.995590,0.500000,0.500000
81845,Alisson,MEI,266,FLU,6,45,45,fora,262,FLA,2026-10-11 17:30:00,30,0.000000,0.000000,0.136125,0.680625,0.000000,0.000000,0.450000,0.540000,0.000000,0.000000,0.744661,0.372330,0.002890,0.002890,0.000000,-0.000000,0.633037,0.949556,0.000000,0.000000,0.000000,0.000000,0.000000,0.000000,0.000369,-0.001108,0.000000,-0.000000,0.772369,-0.772369,0.000000,-0.000000,0.795715,-0.238715,0.000000,-0.000000,0.000733,-0.002930,1.530279,2.417500,1.973889,0.500000,0.500000
100742,Matheus Henrique,MEI,283,CRU,6,45,45,fora,280,RBB,2026-10-12 21:00:00,30,0.000000,0.000000,0.022648,0.113239,0.000000,0.000000,0.074869,0.089843,0.000000,0.000000,0.501289,0.250645,0.000000,0.000000,0.000000,-0.000000,0.930559,1.395839,0.000000,0.000000,0.000000,0.000000,0.000000,0.000000,0.000374,-0.001121,0.000000,-0.000000,0.016230,-0.016230,0.000000,-0.000000,0.626557,-0.187967,0.000000,-0.000000,0.000750,-0.002998,1.641249,2.282651,1.961950,0.500000,0.500000
116447,Hércules,MEI,266,FLU,7,95,85,fora,262,FLA,2026-10-11 17:30:00,30,0.000025,0.000204,0.000000,0.000000,0.000000,0.000000,0.141266,0.169520,0.333333,0.266667,0.627257,0.313629,0.000000,0.000000,0.000000,-0.000000,0.776584,1.164876,0.000000,0.000000,0.000000,0.000000,0.000000,0.000000,0.000373,-0.001120,0.000000,-0.000000,0.081721,-0.081721,0.000000,-0.000000,0.689672,-0.206902,0.000000,-0.000000,0.000747,-0.002987,1.622165,2.262369,1.942267,0.500000,0.500000
126189,Tomás Pérez,MEI,282,CAM,3,45,45,casa,277,SAN,2026-10-11 16:00:00,30,0.000000,0.000000,0.000000,0.000000,0.000000,0.000000,0.022993,0.027591,0.000000,0.000000,0.434620,0.217310,0.002836,0.002836,0.000000,-0.000000,1.715656,2.573484,0.000000,0.000000,0.000000,0.000000,0.000000,0.000000,0.000373,-0.001118,0.333333,-1.000000,0.003958,-0.003958,0.000000,-0.000000,0.620724,-0.186217,0.000000,-0.000000,0.000744,-0.002974,1.626954,2.247870,1.937412,0.500000,0.500000
125746,Dudu,MEI,293,CAP,6,45,45,fora,315,CHA,2026-10-12 19:30:00,30,0.000345,0.002758,0.000000,0.000000,0.000000,0.000000,0.000345,0.000414,0.333333,0.266667,0.350312,0.175156,0.000000,0.000000,0.000000,-0.000000,0.889054,1.333581,0.000000,0.000000,0.000000,0.000000,0.000000,0.000000,0.000372,-0.001115,0.000000,-0.000000,0.000000,-0.000000,0.000000,-0.000000,0.541558,-0.162467,0.006471,-0.006471,0.000742,-0.002967,1.605556,2.268479,1.937018,0.500000,0.500000
125926,Zapelli,MEI,293,CAP,6,45,45,fora,315,CHA,2026-10-12 19:30:00,30,0.000000,0.000000,0.000104,0.000522,0.000000,0.000000,0.087325,0.104790,0.000000,0.000000,0.316145,0.158072,0.000154,0.000154,0.000000,-0.000000,0.888730,1.333095,0.000000,0.000000,0.000000,0.000000,0.000000,0.000000,0.000372,-0.001115,0.000000,-0.000000,0.015213,-0.015213,0.000000,-0.000000,0.630229,-0.189069,0.000000,-0.000000,0.000742,-0.002967,1.388269,2.480027,1.934148,0.500000,0.500000
51772,Everton Ribeiro,MEI,265,BAH,6,45,45,casa,2305,MIR,2026-10-11 19:30:00,30,0.000000,0.000000,0.014776,0.073879,0.000000,0.000000,0.007443,0.008931,0.333333,0.266667,0.500724,0.250362,0.001102,0.001102,0.000000,-0.000000,0.881568,1.322353,0.000000,0.000000,0.000000,0.000000,0.000000,0.000000,0.000373,-0.001120,0.000000,-0.000000,0.001140,-0.001140,0.000000,-0.000000,0.618785,-0.185636,0.000000,-0.000000,0.000747,-0.002987,1.732411,2.132430,1.932421,0.500000,0.500000
85465,Alex Santana,MEI,264,COR,6,45,45,fora,275,PAL,2026-10-11 17:30:00,30,0.000000,0.000000,0.000000,0.000000,0.000000,0.000000,0.000000,0.000000,1.000000,0.800000,0.334365,0.167182,0.004108,0.004108,0.000000,-0.000000,0.674797,1.012196,0.000000,0.000000,0.000000,0.000000,0.000000,0.000000,0.000368,-0.001104,0.000000,-0.000000,0.000000,-0.000000,0.000000,-0.000000,0.718823,-0.215647,0.111012,-0.111012,0.000726,-0.002903,1.652820,2.203109,1.927965,0.500000,0.500000
80061,Saúl,MEI,262,FLA,2,45,45,casa,266,FLU,2026-10-11 17:30:00,30,0.000000,0.000000,0.008373,0.041867,0.000000,0.000000,0.000000,0.000000,0.000000,0.000000,0.454550,0.227275,0.003800,0.003800,0.000000,-0.000000,1.030850,1.546276,0.000000,0.000000,0.000000,0.000000,0.000000,0.000000,0.000371,-0.001113,0.000000,-0.000000,0.000000,-0.000000,0.000000,-0.000000,0.642312,-0.192694,0.000000,-0.000000,0.000740,-0.002959,1.622452,2.156677,1.889565,0.500000,0.500000
127970,Felipe Chiqueti,MEI,293,CAP,6,45,45,fora,315,CHA,2026-10-12 19:30:00,30,0.000000,0.000000,0.000000,0.000000,0.000000,0.000000,0.027681,0.033217,0.000000,0.000000,0.750328,0.375164,0.002634,0.002634,0.000000,-0.000000,0.880063,1.320095,0.000000,0.000000,0.000000,0.000000,0.000000,0.000000,0.000369,-0.001108,0.000000,-0.000000,0.027681,-0.027681,0.000000,-0.000000,0.860348,-0.258105,0.000000,-0.000000,0.000732,-0.002929,1.441287,2.309780,1.875534,0.500000,0.500000
141615,Pedro Ferreira,MEI,276,SAO,6,45,45,casa,287,VIT,2026-10-10 21:00:00,30,0.000000,0.000000,0.000000,0.000000,0.000000,0.000000,0.136125,0.163350,0.666667,0.533333,1.013268,0.506634,0.005046,0.005046,0.000000,-0.000000,0.662401,0.993602,0.000000,0.000000,0.000000,0.000000,0.000000,0.000000,0.000370,-0.001110,0.000000,-0.000000,0.000000,-0.000000,0.000000,-0.000000,0.795978,-0.238793,0.004167,-0.004167,0.000735,-0.002939,1.954956,1.791768,1.873362,0.500000,0.500000
141536,Yuri Alves,MEI,280,RBB,6,45,45,casa,283,CRU,2026-10-12 21:00:00,30,0.000000,0.000000,0.000000,0.000000,0.000000,0.000000,0.000000,0.000000,0.333333,0.266667,0.639633,0.319816,0.005075,0.005075,0.000000,-0.000000,0.801115,1.201672,0.000000,0.000000,0.000000,0.000000,0.000000,0.000000,0.000370,-0.001110,0.000000,-0.000000,0.000000,-0.000000,0.000000,-0.000000,0.725724,-0.217717,0.000000,-0.000000,0.000734,-0.002938,1.571466,2.153376,1.862421,0.500000,0.500000
124961,Castaño,MEI,282,CAM,7,95,85,casa,277,SAN,2026-10-11 16:00:00,30,0.000000,0.000000,0.000000,0.000000,0.000000,0.000000,0.041178,0.049413,0.000000,0.000000,0.465710,0.232855,0.004929,0.004929,0.000000,-0.000000,1.293816,1.940724,0.000000,0.000000,0.000000,0.000000,0.000000,0.000000,0.000370,-0.001111,0.000000,-0.000000,0.491178,-0.491178,0.000000,-0.000000,0.857885,-0.257366,0.000000,-0.000000,0.000736,-0.002945,1.475322,2.192381,1.833851,0.500000,0.500000
108162,Nardoni,MEI,284,GRE,6,45,45,casa,285,INT,2026-10-11 17:30:00,30,0.000104,0.000834,0.000000,0.000000,0.000000,0.000000,0.022648,0.027177,0.000000,0.000000,1.187486,0.593743,0.001779,0.001779,0.000000,-0.000000,0.771180,1.156769,0.000000,0.000000,0.000000,0.000000,0.000000,0.000000,0.000373,-0.001119,0.000000,-0.000000,0.022718,-0.022718,0.000000,-0.000000,0.650298,-0.195090,0.000000,-0.000000,0.000747,-0.002987,1.558390,2.107438,1.832914,0.500000,0.500000
109461,Calebe,MEI,285,INT,6,45,45,fora,284,GRE,2026-10-11 17:30:00,30,0.000000,0.000000,0.000000,0.000000,0.000000,0.000000,0.000000,0.000000,0.333333,0.266667,1.035761,0.517881,0.003679,0.003679,0.000000,-0.000000,0.674797,1.012196,0.000000,0.000000,0.000000,0.000000,0.000000,0.000000,0.000368,-0.001105,0.000000,-0.000000,0.000000,-0.000000,0.000000,-0.000000,0.730406,-0.219122,0.000000,-0.000000,0.000727,-0.002910,1.577285,2.082239,1.829762,0.500000,0.500000
147546,Roger,MEI,284,GRE,6,45,45,casa,285,INT,2026-10-11 17:30:00,30,0.000000,0.000000,0.000000,0.000000,0.000000,0.000000,0.550000,0.660000,0.000000,0.000000,0.353157,0.176579,0.005712,0.005712,0.000000,-0.000000,0.738266,1.107399,0.000000,0.000000,0.000000,0.000000,0.000000,0.000000,0.000369,-0.001108,0.000000,-0.000000,0.000000,-0.000000,0.000000,-0.000000,0.923590,-0.277077,0.000000,-0.000000,0.000733,-0.002932,1.668572,1.984273,1.826423,0.500000,0.500000
115986,Denilson,MEI,2305,MIR,7,95,85,fora,265,BAH,2026-10-11 19:30:00,30,0.002072,0.016579,0.000000,0.000000,0.000000,0.000000,0.138197,0.165837,0.000000,0.000000,0.783561,0.391781,0.000000,0.000000,0.000000,-0.000000,1.011736,1.517604,0.000000,0.000000,0.000000,0.000000,0.000000,0.000000,0.000372,-0.001115,0.000000,-0.000000,0.254244,-0.254244,0.000000,-0.000000,0.753306,-0.225992,0.000000,-0.000000,0.000742,-0.002970,1.607480,1.989744,1.798612,0.500000,0.500000
112939,Catarozzi,MEI,364,REM,6,45,45,fora,267,VAS,2026-10-10 18:00:00,30,0.000000,0.000000,0.000000,0.000000,0.000000,0.000000,0.000000,0.000000,0.000000,0.000000,0.337248,0.168624,0.004184,0.004184,0.000000,-0.000000,1.188716,1.783074,0.000000,0.000000,0.000000,0.000000,0.000000,0.000000,0.000368,-0.001104,0.000000,-0.000000,0.000000,-0.000000,0.000000,-0.000000,1.019721,-0.305916,0.126915,-0.126915,0.000726,-0.002904,1.519044,2.059494,1.789269,0.500000,0.500000
146991,Rhuan Gabriel,MEI,283,CRU,6,45,45,fora,280,RBB,2026-10-12 21:00:00,30,0.000000,0.000000,0.000000,0.000000,0.000000,0.000000,0.000000,0.000000,0.000000,0.000000,1.959193,0.979596,0.004412,0.004412,0.000000,-0.000000,0.662401,0.993602,0.000000,0.000000,0.000000,0.000000,0.000000,0.000000,0.000368,-0.001104,0.000000,-0.000000,0.000000,-0.000000,0.000000,-0.000000,0.871460,-0.261438,0.062957,-0.062957,0.000727,-0.002906,1.649206,1.917806,1.783506,0.500000,0.500000
100987,Nonato,MEI,266,FLU,6,45,45,fora,262,FLA,2026-10-11 17:30:00,30,0.000232,0.001854,0.000190,0.000948,0.000000,0.000000,0.012456,0.014948,0.000000,0.000000,1.181858,0.590929,0.002201,0.002201,0.000000,-0.000000,0.890516,1.335774,0.000000,0.000000,0.000000,0.000000,0.000000,0.000000,0.000371,-0.001113,0.000000,-0.000000,0.539819,-0.539819,0.000000,-0.000000,1.134471,-0.340341,0.000581,-0.000581,0.000744,-0.002974,1.061824,2.499739,1.780782,0.500000,0.500000
86777,Danilo Barbosa,MEI,284,GRE,7,95,85,casa,285,INT,2026-10-11 17:30:00,30,0.000000,0.000000,0.000000,0.000000,0.000000,0.000000,0.000000,0.000000,0.000000,0.000000,0.893977,0.446988,0.004540,0.004540,0.000000,-0.000000,0.932423,1.398634,0.000000,0.000000,0.000000,0.000000,0.000000,0.000000,0.000370,-0.001110,0.000000,-0.000000,0.000000,-0.000000,0.000000,-0.000000,0.701756,-0.210527,0.019558,-0.019558,0.000736,-0.002943,1.616024,1.900092,1.758058,0.500000,0.500000
130620,Edenílson,MEI,287,VIT,6,45,45,fora,276,SAO,2026-10-10 21:00:00,30,0.000000,0.000000,0.000000,0.000000,0.000000,0.000000,0.000000,0.000000,0.000000,0.000000,0.352531,0.176266,0.002100,0.002100,0.000000,-0.000000,1.003095,1.504642,0.000000,0.000000,0.000000,0.000000,0.000000,0.000000,0.000370,-0.001111,0.000000,-0.000000,0.456851,-0.456851,0.000000,-0.000000,0.632797,-0.189839,0.000000,-0.000000,0.000735,-0.002940,1.032268,2.466198,1.749233,0.500000,0.500000
39656,Alan Franco,MEI,282,CAM,7,95,85,casa,277,SAN,2026-10-11 16:00:00,30,0.000000,0.000000,0.000190,0.000948,0.000000,0.000000,0.450122,0.540146,0.000000,0.000000,0.731538,0.365769,0.000430,0.000430,0.333333,-0.033333,0.831285,1.246928,0.000000,0.000000,0.000000,0.000000,0.000000,0.000000,0.000374,-0.001121,0.000000,-0.000000,0.498385,-0.498385,0.000000,-0.000000,0.661033,-0.198310,0.000000,-0.000000,0.000749,-0.002995,1.420076,2.045788,1.732932,0.500000,0.500000
122990,Patrick,MEI,280,RBB,6,45,45,casa,283,CRU,2026-10-12 21:00:00,30,0.000000,0.000000,0.000000,0.000000,0.000000,0.000000,0.000000,0.000000,1.000000,0.800000,0.342293,0.171146,0.005667,0.005667,0.000000,-0.000000,0.674797,1.012196,0.000000,0.000000,0.000000,0.000000,0.000000,0.000000,0.000369,-0.001108,0.000000,-0.000000,0.000000,-0.000000,0.000000,-0.000000,0.801443,-0.240433,0.006250,-0.006250,0.000731,-0.002924,1.738294,1.726846,1.732570,0.500000,0.500000
70164,Lucas Moura,MEI,276,SAO,6,45,45,casa,287,VIT,2026-10-10 21:00:00,30,0.022648,0.181182,0.012456,0.062281,0.000000,0.000000,0.148581,0.178298,0.000000,0.000000,0.774916,0.387458,0.003854,0.003854,0.000000,-0.000000,0.602636,0.903954,0.000000,0.000000,0.000000,0.000000,0.000000,0.000000,0.000371,-0.001113,0.000000,-0.000000,0.000000,-0.000000,0.000000,-0.000000,0.705806,-0.211742,0.000000,-0.000000,0.000737,-0.002949,1.501224,1.924925,1.713075,0.500000,0.500000
90370,Matheus Pereira,MEI,264,COR,7,95,85,fora,275,PAL,2026-10-11 17:30:00,30,0.000000,0.000000,0.000000,0.000000,0.000000,0.000000,0.000115,0.000138,0.000000,0.000000,0.391300,0.195650,0.000000,0.000000,0.000000,-0.000000,0.736859,1.105288,0.000000,0.000000,0.000000,0.000000,0.000000,0.000000,0.000372,-0.001117,0.000000,-0.000000,0.022705,-0.022705,0.000000,-0.000000,0.482263,-0.144679,0.000000,-0.000000,0.000742,-0.002967,1.129609,2.286836,1.708222,0.500000,0.500000
106843,Borrero,MEI,315,CHA,6,45,45,casa,293,CAP,2026-10-12 19:30:00,30,0.000000,0.000000,0.000000,0.000000,0.000000,0.000000,0.000000,0.000000,0.000000,0.000000,0.366863,0.183432,0.005644,0.005644,0.000000,-0.000000,0.824360,1.236540,0.000000,0.000000,0.000000,0.000000,0.000000,0.000000,0.000370,-0.001109,0.000000,-0.000000,0.000000,-0.000000,0.000000,-0.000000,0.402570,-0.120771,0.007273,-0.007273,0.000735,-0.002938,1.293524,2.046519,1.670021,0.500000,0.500000
106323,Caio Alexandre,MEI,265,BAH,7,95,85,casa,2305,MIR,2026-10-11 19:30:00,30,0.000000,0.000000,0.000000,0.000000,0.000000,0.000000,0.000000,0.000000,0.000000,0.000000,0.405122,0.202561,0.001184,0.001184,0.000000,-0.000000,0.771180,1.156769,0.000000,0.000000,0.000000,0.000000,0.000000,0.000000,0.000373,-0.001120,0.000000,-0.000000,0.000032,-0.000032,0.000000,-0.000000,0.590954,-0.177286,0.000000,-0.000000,0.000747,-0.002988,1.179089,2.133730,1.656410,0.500000,0.500000
124270,Allex,MEI,285,INT,5,45,45,fora,284,GRE,2026-10-11 17:30:00,30,0.000000,0.000000,0.000000,0.000000,0.000000,0.000000,0.002072,0.002487,0.333333,0.266667,0.558479,0.279239,0.001232,0.001232,0.000000,-0.000000,0.654127,0.981190,0.000000,0.000000,0.000000,0.000000,0.000000,0.000000,0.000370,-0.001111,0.000000,-0.000000,0.006851,-0.006851,0.000000,-0.000000,0.528810,-0.158643,0.000000,-0.000000,0.000734,-0.002938,1.361273,1.929248,1.645261,0.500000,0.500000
147545,Jefinho,MEI,284,GRE,6,45,45,casa,285,INT,2026-10-11 17:30:00,30,0.000000,0.000000,0.000000,0.000000,0.000000,0.000000,0.000000,0.000000,0.000000,0.000000,0.362479,0.181239,0.006199,0.006199,0.000000,-0.000000,0.824360,1.236540,0.000000,0.000000,0.000000,0.000000,0.000000,0.000000,0.000369,-0.001108,0.000000,-0.000000,0.000000,-0.000000,0.000000,-0.000000,0.488281,-0.146484,0.003125,-0.003125,0.000733,-0.002931,1.270330,1.948523,1.609427,0.500000,0.500000
94154,Maycon,MEI,282,CAM,6,45,45,casa,277,SAN,2026-10-11 16:00:00,30,0.004908,0.039263,0.000000,0.000000,0.000000,0.000000,0.453768,0.544522,0.000000,0.000000,0.549656,0.274828,0.001285,0.001285,0.000000,-0.000000,0.698607,1.047910,0.000000,0.000000,0.000000,0.000000,0.000000,0.000000,0.000373,-0.001119,0.000000,-0.000000,0.000000,-0.000000,0.000000,-0.000000,0.493977,-0.148193,0.000000,-0.000000,0.000745,-0.002981,1.755514,1.445558,1.600536,0.500000,0.500000
98224,Jáderson,MEI,364,REM,6,45,45,fora,267,VAS,2026-10-10 18:00:00,30,0.000000,0.000000,0.000000,0.000000,0.000000,0.000000,0.000000,0.000000,0.000000,0.000000,0.502744,0.251372,0.001185,0.001185,0.000000,-0.000000,0.692379,1.038569,0.000000,0.000000,0.000000,0.000000,0.000000,0.000000,0.000370,-0.001111,0.000000,-0.000000,0.000000,-0.000000,0.000000,-0.000000,0.558980,-0.167694,0.000000,-0.000000,0.000734,-0.002938,1.119382,1.927415,1.523399,0.500000,0.500000
99228,De la Cruz,MEI,262,FLA,6,45,45,casa,266,FLU,2026-10-11 17:30:00,30,0.000000,0.000000,0.000000,0.000000,0.000000,0.000000,0.000000,0.000000,0.000000,0.000000,0.537623,0.268812,0.002392,0.002392,0.000000,-0.000000,0.668025,1.002037,0.000000,0.000000,0.000000,0.000000,0.000000,0.000000,0.000372,-0.001115,0.000000,-0.000000,0.386158,-0.386158,0.000000,-0.000000,0.604395,-0.181319,0.007996,-0.007996,0.000738,-0.002951,0.693703,2.297554,1.495629,0.500000,0.500000
92981,Ronaldo,MEI,285,INT,6,45,45,fora,284,GRE,2026-10-11 17:30:00,30,0.001140,0.009119,0.000000,0.000000,0.000000,0.000000,0.000000,0.000000,0.333333,0.266667,0.460598,0.230299,0.001060,0.001060,0.000000,-0.000000,0.703460,1.055190,0.000000,0.000000,0.000000,0.000000,0.000000,0.000000,0.000371,-0.001112,0.000000,-0.000000,0.136752,-0.136752,0.000000,-0.000000,0.685091,-0.205527,0.000000,-0.000000,0.000736,-0.002945,1.215999,1.746233,1.481116,0.500000,0.500000
143295,Joshua,MEI,262,FLA,6,45,45,casa,266,FLU,2026-10-11 17:30:00,30,0.000000,0.000000,0.000000,0.000000,0.000000,0.000000,0.000000,0.000000,0.000000,0.000000,0.310571,0.155286,0.004831,0.004831,0.000000,-0.000000,0.753633,1.130450,0.000000,0.000000,0.000000,0.000000,0.000000,0.000000,0.000369,-0.001108,0.000000,-0.000000,0.000000,-0.000000,0.000000,-0.000000,0.818816,-0.245645,0.004792,-0.004792,0.000729,-0.002915,1.036108,1.904586,1.470347,0.500000,0.500000
136156,Larson,MEI,275,PAL,6,45,45,casa,264,COR,2026-10-11 17:30:00,30,0.000000,0.000000,0.000000,0.000000,0.000000,0.000000,0.074869,0.089843,0.000000,0.000000,0.428996,0.214498,0.004101,0.004101,0.000000,-0.000000,0.681134,1.021701,0.000000,0.000000,0.000000,0.000000,0.000000,0.000000,0.000370,-0.001111,0.000000,-0.000000,0.450000,-0.450000,0.000000,-0.000000,0.713199,-0.213960,0.002898,-0.002898,0.000733,-0.002933,0.659241,2.154250,1.406746,0.500000,0.500000
146623,Luis Pacheco,MEI,275,PAL,6,45,45,casa,264,COR,2026-10-11 17:30:00,30,0.000000,0.000000,0.000000,0.000000,0.000000,0.000000,0.000000,0.000000,0.333333,0.266667,0.302774,0.151387,0.004317,0.004317,0.000000,-0.000000,0.699944,1.049915,0.000000,0.000000,0.000000,0.000000,0.000000,0.000000,0.000370,-0.001110,0.000000,-0.000000,0.383625,-0.383625,0.000000,-0.000000,0.656000,-0.196800,0.020362,-0.020362,0.000732,-0.002927,0.867464,1.903873,1.385668,0.500000,0.500000
87470,Thaciano,MEI,277,SAN,6,45,45,fora,282,CAM,2026-10-11 16:00:00,30,0.000697,0.005576,0.000000,0.000000,0.000000,0.000000,0.251268,0.301522,0.000000,0.000000,0.312511,0.156256,0.000000,0.000000,0.666667,-0.066667,0.698607,1.047910,0.000000,0.000000,0.000000,0.000000,0.000000,0.000000,0.000372,-0.001115,0.000000,-0.000000,0.000627,-0.000627,0.000000,-0.000000,0.468178,-0.140453,0.000000,-0.000000,0.000739,-0.002958,1.299444,1.431613,1.365528,0.500000,0.500000
146701,Benjamin Arhin,MEI,285,INT,6,45,45,fora,284,GRE,2026-10-11 17:30:00,30,0.000000,0.000000,0.000000,0.000000,0.000000,0.000000,0.000000,0.000000,0.000000,0.000000,0.302643,0.151322,0.003272,0.003272,0.000000,-0.000000,0.753633,1.130450,0.000000,0.000000,0.000000,0.000000,0.000000,0.000000,0.000368,-0.001104,0.000000,-0.000000,0.000000,-0.000000,0.000000,-0.000000,0.964265,-0.289279,0.000342,-0.000342,0.000723,-0.002893,0.991425,1.729684,1.360555,0.500000,0.500000
117926,Nicolás Fonseca,MEI,294,CFC,6,45,45,casa,263,BOT,2026-10-12 16:00:00,30,0.000000,0.000000,0.000000,0.000000,0.000000,0.000000,0.000000,0.000000,0.000000,0.000000,0.281895,0.140947,0.004230,0.004230,0.000000,-0.000000,0.783561,1.175341,0.000000,0.000000,0.000000,0.000000,0.000000,0.000000,0.000369,-0.001108,0.000000,-0.000000,0.550000,-0.550000,0.000000,-0.000000,0.972567,-0.291770,0.002965,-0.002965,0.000728,-0.002913,0.471763,2.244538,1.358151,0.500000,0.500000
79701,Lucas Silva,MEI,283,CRU,6,45,45,fora,280,RBB,2026-10-12 21:00:00,30,0.000000,0.000000,0.000000,0.000000,0.000000,0.000000,0.000000,0.000000,0.000000,0.000000,0.369624,0.184812,0.000000,0.000000,0.000000,-0.000000,0.778341,1.167511,0.000000,0.000000,0.000000,0.000000,0.000000,0.000000,0.000372,-0.001115,0.000000,-0.000000,0.129713,-0.129713,0.000000,-0.000000,0.477713,-0.143314,0.001471,-0.001471,0.000740,-0.002960,1.073751,1.539421,1.306586,0.500000,0.500000
140438,David,MEI,315,CHA,6,45,45,casa,293,CAP,2026-10-12 19:30:00,30,0.000000,0.000000,0.000000,0.000000,0.000000,0.000000,0.000000,0.000000,0.000000,0.000000,0.338736,0.169368,0.003302,0.003302,0.000000,-0.000000,0.665848,0.998772,0.000000,0.000000,0.000000,0.000000,0.000000,0.000000,0.000371,-0.001113,0.000000,-0.000000,0.000000,-0.000000,0.000000,-0.000000,0.545883,-0.163765,0.000769,-0.000769,0.000737,-0.002949,1.002846,1.588906,1.295876,0.500000,0.500000
150757,Samuel Pierri,MEI,277,SAN,6,45,45,fora,282,CAM,2026-10-11 16:00:00,30,0.000000,0.000000,0.000000,0.000000,0.000000,0.000000,0.000000,0.000000,0.000000,0.000000,0.320478,0.160239,0.003603,0.003603,0.000000,-0.000000,0.744010,1.116015,0.000000,0.000000,0.000000,0.000000,0.000000,0.000000,0.000368,-0.001104,0.000000,-0.000000,0.000000,-0.000000,0.000000,-0.000000,0.940016,-0.282005,0.000000,-0.000000,0.000726,-0.002903,0.993844,1.448673,1.221259,0.500000,0.500000
140496,Tiaguinho,MEI,284,GRE,6,45,45,casa,285,INT,2026-10-11 17:30:00,30,0.000000,0.000000,0.000000,0.000000,0.000000,0.000000,0.000000,0.000000,0.000000,0.000000,0.319222,0.159611,0.005059,0.005059,0.000000,-0.000000,0.670253,1.005379,0.000000,0.000000,0.000000,0.000000,0.000000,0.000000,0.000369,-0.001108,0.000000,-0.000000,0.000000,-0.000000,0.000000,-0.000000,0.695090,-0.208527,0.059563,-0.059563,0.000729,-0.002917,0.897934,1.440475,1.169204,0.500000,0.500000
96340,Lima,MEI,277,SAN,6,45,45,fora,282,CAM,2026-10-11 16:00:00,30,0.000000,0.000000,0.000000,0.000000,0.000000,0.000000,0.000000,0.000000,0.000000,0.000000,0.480498,0.240249,0.002994,0.002994,0.000000,-0.000000,0.670253,1.005379,0.000000,0.000000,0.000000,0.000000,0.000000,0.000000,0.000368,-0.001105,0.000000,-0.000000,0.000000,-0.000000,0.000000,-0.000000,0.797254,-0.239176,0.000000,-0.000000,0.000726,-0.002902,1.005438,1.275948,1.140693,0.500000,0.500000
140726,David Martins,MEI,265,BAH,6,45,45,casa,2305,MIR,2026-10-11 19:30:00,30,0.000000,0.000000,0.000000,0.000000,0.000000,0.000000,0.000000,0.000000,0.000000,0.000000,0.316784,0.158392,0.004453,0.004453,0.000000,-0.000000,0.670253,1.005379,0.000000,0.000000,0.000000,0.000000,0.000000,0.000000,0.000370,-0.001109,0.000000,-0.000000,0.000000,-0.000000,0.000000,-0.000000,0.541044,-0.162313,0.049944,-0.049944,0.000731,-0.002924,0.951934,1.310445,1.131189,0.500000,0.500000
89883,Dodi,MEI,284,GRE,3,45,45,casa,285,INT,2026-10-11 17:30:00,30,0.000000,0.000000,0.000000,0.000000,0.000000,0.000000,0.000000,0.000000,0.000000,0.000000,0.594592,0.297296,0.003001,0.003001,0.000000,-0.000000,0.641494,0.962240,0.000000,0.000000,0.000000,0.000000,0.000000,0.000000,0.000371,-0.001113,0.000000,-0.000000,0.499551,-0.499551,0.000000,-0.000000,0.670827,-0.201248,0.007996,-0.007996,0.000736,-0.002945,0.549684,1.616278,1.082981,0.500000,0.500000
113558,Bruninho,MEI,280,RBB,6,45,45,casa,283,CRU,2026-10-12 21:00:00,30,0.000000,0.000000,0.000000,0.000000,0.000000,0.000000,0.000000,0.000000,0.000000,0.000000,0.319222,0.159611,0.005059,0.005059,0.000000,-0.000000,0.670253,1.005379,0.000000,0.000000,0.000000,0.000000,0.000000,0.000000,0.000369,-0.001108,0.000000,-0.000000,0.000000,-0.000000,0.000000,-0.000000,0.695090,-0.208527,0.059563,-0.059563,0.000729,-0.002917,0.897934,1.089531,0.993732,0.500000,0.500000
130889,Riquelme,MEI,284,GRE,6,45,45,casa,285,INT,2026-10-11 17:30:00,30,0.000000,0.000000,0.000000,0.000000,0.000000,0.000000,0.000000,0.000000,0.000000,0.000000,0.816576,0.408288,0.003647,0.003647,0.000000,-0.000000,0.753633,1.130450,0.000000,0.000000,0.000000,0.000000,0.000000,0.000000,0.000369,-0.001108,0.500000,-1.500000,0.000000,-0.000000,0.000000,-0.000000,0.941643,-0.282493,0.017352,-0.017352,0.000727,-0.002908,-0.261476,1.527920,0.633222,0.500000,0.500000
105901,Edson Fernando,MEI,364,REM,3,45,45,fora,267,VAS,2026-10-10 18:00:00,30,0.000000,0.000000,0.000000,0.000000,0.000000,0.000000,0.000000,0.000000,0.000000,0.000000,0.285549,0.142775,0.002410,0.002410,0.000000,-0.000000,0.783561,1.175341,0.000000,0.000000,0.000000,0.000000,0.000000,0.000000,0.000368,-0.001104,0.500000,-1.500000,0.000000,-0.000000,0.000000,-0.000000,0.940016,-0.282005,0.000000,-0.000000,0.000723,-0.002890,-0.465474,1.178477,0.356502,0.500000,0.500000
111309,Gustavo Martins,ZAG,284,GRE,7,95,85,casa,285,INT,2026-10-11 17:30:00,30,0.666667,5.333333,0.020782,0.103910,0.047627,0.142882,0.333333,0.400000,0.712607,0.570085,0.333333,0.166667,0.000000,0.000000,0.000000,-0.000000,1.413057,2.119586,0.333333,1.666667,0.000000,0.000000,0.000000,0.000000,0.000000,-0.000000,0.000000,-0.000000,0.235336,-0.235336,0.000000,-0.000000,1.207755,-0.362327,0.000000,-0.000000,0.000000,-0.000000,9.905468,4.704586,7.305027,0.500000,0.500000
71684,Gustavo Gómez,ZAG,275,PAL,7,95,85,casa,264,COR,2026-10-11 17:30:00,30,0.000000,0.000000,0.021410,0.107052,0.016730,0.050189,0.666667,0.800000,0.635594,0.508475,0.333333,0.166667,0.000000,0.000000,0.000000,-0.000000,1.571401,2.357101,1.000000,5.000000,0.000000,0.000000,0.000000,0.000000,0.000000,-0.000000,0.000000,-0.000000,0.252221,-0.252221,0.000000,-0.000000,1.218050,-0.365415,0.000000,-0.000000,0.000000,-0.000000,8.371848,5.711940,7.041894,0.500000,0.500000
97653,Murilo,ZAG,275,PAL,7,95,85,casa,264,COR,2026-10-11 17:30:00,30,0.333333,2.666667,0.021236,0.106181,0.018396,0.055189,0.000000,0.000000,0.386414,0.309131,0.333333,0.166667,0.000000,0.000000,0.000000,-0.000000,1.514135,2.271202,0.666667,3.333333,0.000000,0.000000,0.000000,0.000000,0.000000,-0.000000,0.000000,-0.000000,0.227197,-0.227197,0.000000,-0.000000,1.088874,-0.326662,0.000000,-0.000000,0.000000,-0.000000,8.354511,5.544979,6.949745,0.500000,0.500000
99274,Alexander Barboza,ZAG,275,PAL,2,45,45,casa,264,COR,2026-10-11 17:30:00,30,0.000000,0.000000,0.021089,0.105447,0.032032,0.096097,0.000000,0.000000,0.655077,0.524062,0.666667,0.333333,0.000000,0.000000,0.000000,-0.000000,1.979982,2.969973,1.000000,5.000000,0.000000,0.000000,0.000000,0.000000,0.000000,-0.000000,0.333333,-1.000000,0.245585,-0.245585,0.000000,-0.000000,1.238550,-0.371565,0.000000,-0.000000,0.000000,-0.000000,7.411763,5.598887,6.505325,0.500000,0.500000
118655,Saldivia,ZAG,267,VAS,7,95,85,casa,364,REM,2026-10-10 18:00:00,30,0.000000,0.000000,0.021352,0.106761,0.019820,0.059460,0.000000,0.000000,0.653035,0.522428,1.333333,0.666667,0.000000,0.000000,0.000000,-0.000000,1.645871,2.468807,0.666667,3.333333,0.000000,0.000000,0.000000,0.000000,0.000000,-0.000000,0.000000,-0.000000,0.214744,-0.214744,0.000000,-0.000000,1.104174,-0.331252,0.000000,-0.000000,0.000000,-0.000000,6.611460,4.897606,5.754533,0.500000,0.500000
133679,Benedetti,ZAG,275,PAL,6,45,45,casa,264,COR,2026-10-11 17:30:00,30,0.000000,0.000000,0.020828,0.104141,0.000000,0.000000,0.000000,0.000000,0.272381,0.217905,0.000000,0.000000,0.000000,0.000000,0.000000,-0.000000,0.837813,1.256719,1.000000,5.000000,0.000000,0.000000,0.000000,0.000000,0.000000,-0.000000,0.000000,-0.000000,0.178128,-0.178128,0.000000,-0.000000,0.859019,-0.257706,0.000000,-0.000000,0.000000,-0.000000,6.142931,5.041175,5.592053,0.500000,0.500000
140492,João Victor,ZAG,262,FLA,6,45,45,casa,266,FLU,2026-10-11 17:30:00,30,0.000000,0.000000,0.020278,0.101391,0.002778,0.008333,0.000000,0.000000,0.152496,0.121996,0.000000,0.000000,0.000000,0.000000,0.000000,-0.000000,1.027977,1.541966,1.000000,5.000000,0.000000,0.000000,0.000000,0.000000,0.000000,-0.000000,0.000000,-0.000000,0.188881,-0.188881,0.000000,-0.000000,0.833603,-0.250081,0.000000,-0.000000,0.000000,-0.000000,6.334726,4.442248,5.388487,0.500000,0.500000
100842,Ruan,ZAG,282,CAM,5,45,45,casa,277,SAN,2026-10-11 16:00:00,30,0.000000,0.000000,0.020961,0.104805,0.010777,0.032332,0.666667,0.800000,0.142685,0.114148,0.000000,0.000000,0.000000,0.000000,0.000000,-0.000000,1.512243,2.268365,0.666667,3.333333,0.000000,0.000000,0.000000,0.000000,0.000000,-0.000000,0.000000,-0.000000,0.215581,-0.215581,0.000000,-0.000000,0.907638,-0.272291,0.000000,-0.000000,0.000000,-0.000000,6.165111,4.479559,5.322335,0.500000,0.500000
106313,Domingos Duarte,ZAG,276,SAO,5,45,45,casa,287,VIT,2026-10-10 21:00:00,30,0.000000,0.000000,0.020448,0.102238,0.020774,0.062321,0.000000,0.000000,0.347166,0.277733,0.000000,0.000000,0.000000,0.000000,0.000000,-0.000000,1.394515,2.091772,0.666667,3.333333,0.000000,0.000000,0.000000,0.000000,0.000000,-0.000000,0.000000,-0.000000,0.195337,-0.195337,0.000000,-0.000000,1.016141,-0.304842,0.000000,-0.000000,0.000000,-0.000000,5.367218,5.210867,5.289043,0.500000,0.500000
104075,Sabino,ZAG,276,SAO,7,95,85,casa,287,VIT,2026-10-10 21:00:00,30,0.000000,0.000000,0.022040,0.110200,0.059464,0.178393,0.000000,0.000000,0.179623,0.143698,0.666667,0.333333,0.000000,0.000000,0.000000,-0.000000,1.176148,1.764223,0.666667,3.333333,0.000000,0.000000,0.000000,0.000000,0.000000,-0.000000,0.000000,-0.000000,0.191414,-0.191414,0.000000,-0.000000,0.839191,-0.251757,0.000000,-0.000000,0.000000,-0.000000,5.420010,5.023816,5.221913,0.500000,0.500000
104085,Bruno Fuchs,ZAG,275,PAL,6,45,45,casa,264,COR,2026-10-11 17:30:00,30,0.000000,0.000000,0.020826,0.104130,0.002778,0.008333,0.000000,0.000000,0.166547,0.133238,0.000000,0.000000,0.000000,0.000000,0.000000,-0.000000,1.262760,1.894140,0.666667,3.333333,0.000000,0.000000,0.000000,0.000000,0.000000,-0.000000,0.000000,-0.000000,0.191793,-0.191793,0.000000,-0.000000,0.922808,-0.276842,0.000000,-0.000000,0.000000,-0.000000,5.004539,5.254250,5.129394,0.500000,0.500000
70666,Marllon,ZAG,364,REM,7,95,85,fora,267,VAS,2026-10-10 18:00:00,30,0.333333,2.666667,0.020963,0.104813,0.029563,0.088690,0.333333,0.400000,0.195335,0.156268,0.333333,0.166667,0.000000,0.000000,0.000000,-0.000000,1.741797,2.612695,0.000000,0.000000,0.000000,0.000000,0.000000,0.000000,0.000000,-0.000000,0.000000,-0.000000,0.225430,-0.225430,0.000000,-0.000000,0.799652,-0.239896,0.000000,-0.000000,0.000000,-0.000000,5.730475,3.961611,4.846043,0.500000,0.500000
63008,Rafael Tolói,ZAG,276,SAO,7,95,85,casa,287,VIT,2026-10-10 21:00:00,30,0.000000,0.000000,0.020545,0.102723,0.032975,0.098924,0.000000,0.000000,0.347243,0.277795,0.000000,0.000000,0.000000,0.000000,0.000000,-0.000000,1.926611,2.889917,0.333333,1.666667,0.000000,0.000000,0.000000,0.000000,0.000000,-0.000000,0.000000,-0.000000,0.202027,-0.202027,0.000000,-0.000000,1.199438,-0.359831,0.000000,-0.000000,0.000000,-0.000000,4.474166,5.204011,4.839088,0.500000,0.500000
115141,Lucas Freitas,ZAG,267,VAS,6,45,45,casa,364,REM,2026-10-10 18:00:00,30,0.333333,2.666667,0.020889,0.104446,0.000000,0.000000,0.000000,0.000000,0.331254,0.265003,0.333333,0.166667,0.000000,0.000000,0.000000,-0.000000,0.857854,1.286781,0.333333,1.666667,0.000000,0.000000,0.000000,0.000000,0.000000,-0.000000,0.000000,-0.000000,0.179313,-0.179313,0.000000,-0.000000,0.828651,-0.248595,0.000000,-0.000000,0.000000,-0.000000,5.728322,3.840619,4.784471,0.500000,0.500000
103523,Ignácio,ZAG,266,FLU,6,45,45,fora,262,FLA,2026-10-11 17:30:00,30,0.333333,2.666667,0.019272,0.096361,0.008176,0.024527,0.000000,0.000000,0.424381,0.339505,0.333333,0.166667,0.000000,0.000000,0.000000,-0.000000,1.500467,2.250701,0.333333,1.666667,0.000000,0.000000,0.000000,0.000000,0.000000,-0.000000,0.000000,-0.000000,0.246077,-0.246077,0.000000,-0.000000,1.038373,-0.311512,0.000000,-0.000000,0.000000,-0.000000,6.653504,2.901774,4.777639,0.500000,0.500000
78248,Gustavo Henrique,ZAG,264,COR,7,95,85,fora,275,PAL,2026-10-11 17:30:00,30,0.333333,2.666667,0.021585,0.107927,0.000000,0.000000,1.000000,1.200000,0.035046,0.028037,0.333333,0.166667,0.000000,0.000000,0.333333,-0.033333,1.169172,1.753758,0.000000,0.000000,0.000000,0.000000,0.000000,0.000000,0.000000,-0.000000,0.000000,-0.000000,0.226909,-0.226909,0.000000,-0.000000,0.820177,-0.246053,0.000000,-0.000000,0.000000,-0.000000,5.416760,3.969556,4.693158,0.500000,0.500000
87887,Balbuena,ZAG,284,GRE,6,45,45,casa,285,INT,2026-10-11 17:30:00,30,0.000000,0.000000,0.020684,0.103419,0.003125,0.009375,0.000000,0.000000,0.227289,0.181831,0.333333,0.166667,0.000000,0.000000,0.000000,-0.000000,1.352460,2.028690,0.666667,3.333333,0.000000,0.000000,0.000000,0.000000,0.000000,-0.000000,0.000000,-0.000000,0.194716,-0.194716,0.000000,-0.000000,0.917941,-0.275382,0.000000,-0.000000,0.000000,-0.000000,5.353216,3.862044,4.607630,0.500000,0.500000
107985,Terán,ZAG,293,CAP,6,45,45,fora,315,CHA,2026-10-12 19:30:00,30,0.000000,0.000000,0.020405,0.102026,0.000000,0.000000,0.000000,0.000000,0.182135,0.145708,0.666667,0.333333,0.000000,0.000000,0.000000,-0.000000,1.142961,1.714442,0.666667,3.333333,0.000000,0.000000,0.000000,0.000000,0.000000,-0.000000,0.000000,-0.000000,0.205036,-0.205036,0.000000,-0.000000,0.827891,-0.248367,0.000000,-0.000000,0.000000,-0.000000,5.175440,3.941191,4.558315,0.500000,0.500000
69783,Danilo,ZAG,262,FLA,6,45,45,casa,266,FLU,2026-10-11 17:30:00,30,0.333333,2.666667,0.021277,0.106383,0.010000,0.030000,0.000000,0.000000,0.214087,0.171270,0.333333,0.166667,0.000000,0.000000,0.000000,-0.000000,1.168034,1.752051,0.000000,0.000000,0.000000,0.000000,0.000000,0.000000,0.000000,-0.000000,0.000000,-0.000000,0.187804,-0.187804,0.000000,-0.000000,0.803200,-0.240960,0.000000,-0.000000,0.000000,-0.000000,4.464273,4.411311,4.437792,0.500000,0.500000
91573,Arboleda,ZAG,276,SAO,7,95,85,casa,287,VIT,2026-10-10 21:00:00,30,0.000000,0.000000,0.021588,0.107940,0.003571,0.010714,0.000000,0.000000,0.306176,0.244941,1.000000,0.500000,0.000000,0.000000,0.000000,-0.000000,1.188651,1.782977,0.333333,1.666667,0.000000,0.000000,0.000000,0.000000,0.000000,-0.000000,0.000000,-0.000000,0.186787,-0.186787,0.000000,-0.000000,0.744254,-0.223276,0.000000,-0.000000,0.000000,-0.000000,3.903176,4.894856,4.399016,0.500000,0.500000
117330,Robert Renan,ZAG,267,VAS,7,95,85,casa,364,REM,2026-10-10 18:00:00,30,0.000000,0.000000,0.021694,0.108471,0.030658,0.091975,0.333333,0.400000,0.162108,0.129687,0.000000,0.000000,0.000000,0.000000,0.000000,-0.000000,1.694074,2.541110,0.333333,1.666667,0.000000,0.000000,0.000000,0.000000,0.000000,-0.000000,0.000000,-0.000000,0.216518,-0.216518,0.000000,-0.000000,0.889289,-0.266787,0.000000,-0.000000,0.000000,-0.000000,4.454605,4.289850,4.372227,0.500000,0.500000
141131,Vitão,ZAG,282,CAM,7,95,85,casa,277,SAN,2026-10-11 16:00:00,30,0.333333,2.666667,0.021094,0.105471,0.014094,0.042281,0.000000,0.000000,0.184043,0.147235,0.333333,0.166667,0.000000,0.000000,0.000000,-0.000000,1.257401,1.886102,0.000000,0.000000,0.000000,0.000000,0.000000,0.000000,0.000000,-0.000000,0.000000,-0.000000,0.187926,-0.187926,0.000000,-0.000000,0.921245,-0.276374,0.000000,-0.000000,0.000000,-0.000000,4.550122,4.076396,4.313259,0.500000,0.500000
130307,Wallace,ZAG,284,GRE,7,95,85,casa,285,INT,2026-10-11 17:30:00,30,0.000000,0.000000,0.021641,0.108205,0.003125,0.009375,0.000000,0.000000,0.391675,0.313340,0.333333,0.166667,0.000000,0.000000,0.333333,-0.033333,1.771786,2.657679,0.333333,1.666667,0.000000,0.000000,0.000000,0.000000,0.000000,-0.000000,0.000000,-0.000000,0.204755,-0.204755,0.000000,-0.000000,1.332849,-0.399855,0.000000,-0.000000,0.000000,-0.000000,4.283989,4.246503,4.265246,0.500000,0.500000
87342,Kannemann,ZAG,284,GRE,6,45,45,casa,285,INT,2026-10-11 17:30:00,30,0.333333,2.666667,0.021106,0.105528,0.003059,0.009178,0.000000,0.000000,0.085384,0.068307,0.333333,0.166667,0.000000,0.000000,0.000000,-0.000000,1.449373,2.174059,0.000000,0.000000,0.000000,0.000000,0.000000,0.000000,0.000000,-0.000000,0.000000,-0.000000,0.188875,-0.188875,0.000000,-0.000000,0.942639,-0.282792,0.000000,-0.000000,0.000000,-0.000000,4.718738,3.738297,4.228518,0.500000,0.500000
92087,Lyanco,ZAG,282,CAM,7,95,85,casa,277,SAN,2026-10-11 16:00:00,30,0.333333,2.666667,0.021446,0.107228,0.000000,0.000000,0.000000,0.000000,0.206617,0.165293,0.666667,0.333333,0.000000,0.000000,0.000000,-0.000000,0.994965,1.492447,0.000000,0.000000,0.000000,0.000000,0.000000,0.000000,0.000000,-0.000000,0.000000,-0.000000,0.180807,-0.180807,0.000000,-0.000000,0.869477,-0.260843,0.000000,-0.000000,0.000000,-0.000000,4.323318,4.063061,4.193190,0.500000,0.500000
150825,Breno,ZAG,280,RBB,6,45,45,casa,283,CRU,2026-10-12 21:00:00,30,0.000000,0.000000,0.021322,0.106608,0.000000,0.000000,0.000000,0.000000,0.158185,0.126548,0.500000,0.250000,0.000000,0.000000,0.000000,-0.000000,0.916184,1.374276,0.500000,2.500000,0.000000,0.000000,0.000000,0.000000,0.000000,-0.000000,0.000000,-0.000000,0.167320,-0.167320,0.000000,-0.000000,0.792204,-0.237661,0.000000,-0.000000,0.000000,-0.000000,3.952451,4.215398,4.083924,0.500000,0.500000
97867,Léo Ortiz,ZAG,262,FLA,7,95,85,casa,266,FLU,2026-10-11 17:30:00,30,0.000000,0.000000,0.022030,0.110150,0.045012,0.135035,0.000000,0.000000,0.522630,0.418104,0.666667,0.333333,0.000000,0.000000,0.000000,-0.000000,1.347311,2.020966,0.333333,1.666667,0.000000,0.000000,0.000000,0.000000,0.000000,-0.000000,0.000000,-0.000000,0.192934,-0.192934,0.000000,-0.000000,0.782523,-0.234757,0.000000,-0.000000,0.000000,-0.000000,4.256564,3.808864,4.032714,0.500000,0.500000
83528,Léo Pereira,ZAG,262,FLA,7,95,85,casa,266,FLU,2026-10-11 17:30:00,30,0.000000,0.000000,0.021951,0.109754,0.046881,0.140643,0.000000,0.000000,0.567266,0.453812,0.333333,0.166667,0.000000,0.000000,0.000000,-0.000000,1.265374,1.898061,0.333333,1.666667,0.000000,0.000000,0.000000,0.000000,0.000000,-0.000000,0.000000,-0.000000,0.192806,-0.192806,0.000000,-0.000000,0.723625,-0.217087,0.000000,-0.000000,0.000000,-0.000000,4.025710,4.003517,4.014614,0.500000,0.500000
130048,Noriega,ZAG,284,GRE,7,95,85,casa,285,INT,2026-10-11 17:30:00,30,0.000000,0.000000,0.022564,0.112822,0.002778,0.008333,0.000000,0.000000,0.093355,0.074684,0.000000,0.000000,0.000000,0.000000,0.000000,-0.000000,1.286011,1.929016,0.333333,1.666667,0.000000,0.000000,0.000000,0.000000,0.000000,-0.000000,0.000000,-0.000000,0.191432,-0.191432,0.000000,-0.000000,1.266775,-0.380033,0.000000,-0.000000,0.000000,-0.000000,3.220057,4.673159,3.946608,0.500000,0.500000
110750,Gustavo Marques,ZAG,280,RBB,7,95,85,casa,283,CRU,2026-10-12 21:00:00,30,0.000000,0.000000,0.022350,0.111751,0.002273,0.006818,0.333333,0.400000,0.090686,0.072549,0.666667,0.333333,0.000000,0.000000,0.000000,-0.000000,1.476152,2.214228,0.000000,0.000000,0.000000,0.000000,0.000000,0.000000,0.000000,-0.000000,0.000000,-0.000000,0.189229,-0.189229,0.000000,-0.000000,0.969712,-0.290914,0.000000,-0.000000,0.000000,-0.000000,2.658537,5.182686,3.920611,0.500000,0.500000
107453,João Paulo,ZAG,315,CHA,6,45,45,casa,293,CAP,2026-10-12 19:30:00,30,0.333333,2.666667,0.021573,0.107867,0.002778,0.008333,0.000000,0.000000,0.320129,0.256103,0.666667,0.333333,0.000000,0.000000,0.000000,-0.000000,1.122438,1.683658,0.000000,0.000000,0.000000,0.000000,0.000000,0.000000,0.000000,-0.000000,0.000000,-0.000000,0.179000,-0.179000,0.000000,-0.000000,1.001838,-0.300551,0.000000,-0.000000,0.000000,-0.000000,4.576410,3.072768,3.824589,0.500000,0.500000
101908,Willian Machado,ZAG,2305,MIR,7,95,85,fora,265,BAH,2026-10-11 19:30:00,30,0.000000,0.000000,0.021425,0.107125,0.000000,0.000000,0.333333,0.400000,0.554962,0.443970,0.333333,0.166667,0.000000,0.000000,0.000000,-0.000000,1.318156,1.977234,0.333333,1.666667,0.000000,0.000000,0.000000,0.000000,0.000000,-0.000000,0.000000,-0.000000,0.203728,-0.203728,0.000000,-0.000000,0.889243,-0.266773,0.000000,-0.000000,0.000000,-0.000000,4.291162,3.249641,3.770401,0.500000,0.500000
124912,Jonathan Jesus,ZAG,283,CRU,7,95,85,fora,280,RBB,2026-10-12 21:00:00,30,0.000000,0.000000,0.020342,0.101708,0.001667,0.005000,0.000000,0.000000,0.091825,0.073460,0.666667,0.333333,0.000000,0.000000,0.000000,-0.000000,1.959728,2.939592,0.333333,1.666667,0.000000,0.000000,0.000000,0.000000,0.000000,-0.000000,0.000000,-0.000000,0.226401,-0.226401,0.000000,-0.000000,1.073032,-0.321910,0.000000,-0.000000,0.000000,-0.000000,4.571449,2.915303,3.743376,0.500000,0.500000
97900,Vitão,ZAG,262,FLA,6,45,45,casa,266,FLU,2026-10-11 17:30:00,30,0.000000,0.000000,0.022072,0.110359,0.015195,0.045586,0.000000,0.000000,0.178058,0.142446,0.000000,0.000000,0.000000,0.000000,0.000000,-0.000000,0.953737,1.430605,0.333333,1.666667,0.000000,0.000000,0.000000,0.000000,0.000000,-0.000000,0.000000,-0.000000,0.172355,-0.172355,0.000000,-0.000000,0.860866,-0.258260,0.000000,-0.000000,0.000000,-0.000000,2.965049,4.396860,3.680954,0.500000,0.500000
85626,Léo,ZAG,293,CAP,6,45,45,fora,315,CHA,2026-10-12 19:30:00,30,0.000000,0.000000,0.020009,0.100047,0.000000,0.000000,0.000000,0.000000,0.354677,0.283742,0.000000,0.000000,0.000000,0.000000,0.000000,-0.000000,1.173887,1.760830,0.500000,2.500000,0.000000,0.000000,0.000000,0.000000,0.000000,-0.000000,0.000000,-0.000000,0.187777,-0.187777,0.000000,-0.000000,1.192186,-0.357656,0.000000,-0.000000,0.000000,-0.000000,4.099186,3.130479,3.614833,0.500000,0.500000
105300,Ferraresi,ZAG,263,BOT,7,95,85,fora,294,CFC,2026-10-12 16:00:00,30,0.000000,0.000000,0.020615,0.103073,0.000000,0.000000,0.000000,0.000000,0.291311,0.233049,0.666667,0.333333,0.000000,0.000000,0.333333,-0.033333,2.134894,3.202342,0.000000,0.000000,0.000000,0.000000,0.000000,0.000000,0.000000,-0.000000,0.000000,-0.000000,0.234510,-0.234510,0.000000,-0.000000,1.127840,-0.338352,0.000000,-0.000000,0.000000,-0.000000,3.265601,3.948703,3.607152,0.500000,0.500000
124219,Millán,ZAG,266,FLU,7,95,85,fora,262,FLA,2026-10-11 17:30:00,30,0.000000,0.000000,0.020804,0.104020,0.002273,0.006818,0.000000,0.000000,0.242935,0.194348,0.000000,0.000000,0.000000,0.000000,0.333333,-0.033333,0.928245,1.392367,0.666667,3.333333,0.000000,0.000000,0.000000,0.000000,0.000000,-0.000000,0.000000,-0.000000,0.184279,-0.184279,0.000000,-0.000000,0.761528,-0.228458,0.000000,-0.000000,0.000000,-0.000000,4.584814,2.498951,3.541883,0.500000,0.500000
115537,Marcos Victor,ZAG,265,BAH,2,45,45,casa,2305,MIR,2026-10-11 19:30:00,30,0.000000,0.000000,0.021010,0.105050,0.005000,0.015000,0.000000,0.000000,0.338978,0.271182,0.333333,0.166667,0.000000,0.000000,0.000000,-0.000000,1.748921,2.623381,0.000000,0.000000,0.000000,0.000000,0.000000,0.000000,0.000000,-0.000000,0.000000,-0.000000,0.183384,-0.183384,0.000000,-0.000000,0.939685,-0.281906,0.000000,-0.000000,0.000000,-0.000000,2.715990,4.145868,3.430929,0.500000,0.500000
106593,Villalba,ZAG,283,CRU,6,45,45,fora,280,RBB,2026-10-12 21:00:00,30,0.333333,2.666667,0.021444,0.107219,0.000000,0.000000,0.000000,0.000000,0.061174,0.048939,0.000000,0.000000,0.000000,0.000000,0.000000,-0.000000,1.156820,1.735230,0.000000,0.000000,0.000000,0.000000,0.000000,0.000000,0.000000,-0.000000,0.000000,-0.000000,0.208459,-0.208459,0.000000,-0.000000,0.887745,-0.266324,0.000000,-0.000000,0.000000,-0.000000,4.083274,2.647280,3.365277,0.500000,0.500000
111246,Alix Vinicius,ZAG,280,RBB,6,45,45,casa,283,CRU,2026-10-12 21:00:00,30,0.000000,0.000000,0.022465,0.112324,0.000000,0.000000,0.000000,0.000000,0.132696,0.106157,0.666667,0.333333,0.000000,0.000000,0.000000,-0.000000,1.177572,1.766358,0.000000,0.000000,0.000000,0.000000,0.000000,0.000000,0.000000,-0.000000,0.000000,-0.000000,0.181685,-0.181685,0.000000,-0.000000,0.774089,-0.232227,0.000000,-0.000000,0.000000,-0.000000,1.904260,4.799265,3.351762,0.500000,0.500000
105047,João Marcelo,ZAG,283,CRU,7,95,85,fora,280,RBB,2026-10-12 21:00:00,30,0.000000,0.000000,0.021099,0.105496,0.000893,0.002679,0.000000,0.000000,0.242423,0.193939,1.333333,0.666667,0.000000,0.000000,0.333333,-0.033333,1.056360,1.584540,0.333333,1.666667,0.000000,0.000000,0.000000,0.000000,0.000000,-0.000000,0.000000,-0.000000,0.188334,-0.188334,0.000000,-0.000000,0.853524,-0.256057,0.000000,-0.000000,0.000000,-0.000000,3.742262,2.931693,3.336978,0.500000,0.500000
97642,Félix Torres,ZAG,285,INT,6,45,45,fora,284,GRE,2026-10-11 17:30:00,30,0.000000,0.000000,0.020811,0.104056,0.000000,0.000000,0.333333,0.400000,0.390994,0.312795,0.000000,0.000000,0.000000,0.000000,0.000000,-0.000000,1.713010,2.569515,0.000000,0.000000,0.000000,0.000000,0.000000,0.000000,0.000000,-0.000000,0.000000,-0.000000,0.205506,-0.205506,0.000000,-0.000000,0.940044,-0.282013,0.000000,-0.000000,0.000000,-0.000000,2.898847,3.665513,3.282180,0.500000,0.500000
101995,Brítez,ZAG,287,VIT,2,45,45,fora,276,SAO,2026-10-10 21:00:00,30,0.000000,0.000000,0.021187,0.105936,0.093199,0.279597,0.333333,0.400000,0.198134,0.158507,0.333333,0.166667,0.000000,0.000000,0.000000,-0.000000,0.902918,1.354377,0.333333,1.666667,0.000000,0.000000,0.000000,0.000000,0.000000,-0.000000,0.000000,-0.000000,0.178993,-0.178993,0.000000,-0.000000,0.772036,-0.231611,0.000000,-0.000000,0.000000,-0.000000,3.721146,2.808654,3.264900,0.500000,0.500000
97906,Riccieli,ZAG,287,VIT,6,45,45,fora,276,SAO,2026-10-10 21:00:00,30,0.000000,0.000000,0.020425,0.102126,0.000000,0.000000,0.000000,0.000000,0.091176,0.072941,0.000000,0.000000,0.000000,0.000000,0.000000,-0.000000,0.865279,1.297918,0.500000,2.500000,0.000000,0.000000,0.000000,0.000000,0.000000,-0.000000,0.000000,-0.000000,0.178118,-0.178118,0.000000,-0.000000,0.806568,-0.241970,0.000000,-0.000000,0.000000,-0.000000,3.552896,2.925009,3.238953,0.500000,0.500000
113034,Freytes,ZAG,266,FLU,6,45,45,fora,262,FLA,2026-10-11 17:30:00,30,0.000000,0.000000,0.021446,0.107230,0.000000,0.000000,0.333333,0.400000,0.238194,0.190555,0.666667,0.333333,0.000000,0.000000,0.000000,-0.000000,1.030116,1.545174,0.333333,1.666667,0.000000,0.000000,0.000000,0.000000,0.000000,-0.000000,0.000000,-0.000000,0.189139,-0.189139,0.000000,-0.000000,0.723214,-0.216964,0.000000,-0.000000,0.000000,-0.000000,3.836857,2.621041,3.228949,0.500000,0.500000
109127,Tiago Cóser,ZAG,294,CFC,7,95,85,casa,263,BOT,2026-10-12 16:00:00,30,0.000000,0.000000,0.022276,0.111380,0.014640,0.043921,0.333333,0.400000,0.357786,0.286229,1.000000,0.500000,0.000000,0.000000,0.000000,-0.000000,1.115643,1.673465,0.000000,0.000000,0.000000,0.000000,0.000000,0.000000,0.000000,-0.000000,0.000000,-0.000000,0.191250,-0.191250,0.000000,-0.000000,0.863616,-0.259085,0.000000,-0.000000,0.000000,-0.000000,2.564660,3.845861,3.205261,0.500000,0.500000
93368,Lucas Veríssimo,ZAG,277,SAN,7,95,85,fora,282,CAM,2026-10-11 16:00:00,30,0.000000,0.000000,0.021282,0.106412,0.002778,0.008333,0.000000,0.000000,0.076101,0.060881,0.333333,0.166667,0.000000,0.000000,0.000000,-0.000000,1.568163,2.352244,0.333333,1.666667,0.000000,0.000000,0.000000,0.000000,0.000000,-0.000000,0.000000,-0.000000,0.214784,-0.214784,0.000000,-0.000000,1.077617,-0.323285,0.000000,-0.000000,0.000000,-0.000000,3.823135,2.490929,3.157032,0.500000,0.500000
100804,Tchamba,ZAG,364,REM,6,45,45,fora,267,VAS,2026-10-10 18:00:00,30,0.000000,0.000000,0.021353,0.106765,0.000000,0.000000,0.333333,0.400000,0.437861,0.350289,0.666667,0.333333,0.000000,0.000000,0.000000,-0.000000,1.232701,1.849052,0.000000,0.000000,0.000000,0.000000,0.000000,0.000000,0.000000,-0.000000,0.000000,-0.000000,0.197210,-0.197210,0.000000,-0.000000,0.715071,-0.214521,0.000000,-0.000000,0.000000,-0.000000,2.627707,3.610587,3.119147,0.500000,0.500000
96793,Camutanga,ZAG,287,VIT,5,45,45,fora,276,SAO,2026-10-10 21:00:00,30,0.000000,0.000000,0.020610,0.103048,0.000000,0.000000,0.000000,0.000000,0.199696,0.159757,0.333333,0.166667,0.000000,0.000000,0.000000,-0.000000,1.121457,1.682186,0.333333,1.666667,0.000000,0.000000,0.000000,0.000000,0.000000,-0.000000,0.000000,-0.000000,0.184321,-0.184321,0.000000,-0.000000,0.813963,-0.244189,0.000000,-0.000000,0.000000,-0.000000,3.349814,2.875550,3.112682,0.500000,0.500000
97460,João Victor,ZAG,2305,MIR,3,45,45,fora,265,BAH,2026-10-11 19:30:00,30,0.000000,0.000000,0.021698,0.108490,0.030863,0.092589,0.333333,0.400000,0.141324,0.113059,0.000000,0.000000,0.000000,0.000000,0.000000,-0.000000,1.304185,1.956277,0.333333,1.666667,0.000000,0.000000,0.000000,0.000000,0.000000,-0.000000,0.333333,-1.000000,0.200704,-0.200704,0.000000,-0.000000,0.779633,-0.233890,0.000000,-0.000000,0.000000,-0.000000,2.902489,3.256989,3.079739,0.500000,0.500000
130843,Arthur Dias,ZAG,293,CAP,7,95,85,fora,315,CHA,2026-10-12 19:30:00,30,0.000000,0.000000,0.021236,0.106178,0.000000,0.000000,0.000000,0.000000,0.254200,0.203360,0.000000,0.000000,0.000000,0.000000,0.000000,-0.000000,1.695910,2.543865,0.000000,0.000000,0.000000,0.000000,0.000000,0.000000,0.000000,-0.000000,0.000000,-0.000000,0.213276,-0.213276,0.000000,-0.000000,0.860683,-0.258205,0.000000,-0.000000,0.000000,-0.000000,2.381923,3.752406,3.067165,0.500000,0.500000
102340,Cacá,ZAG,287,VIT,7,95,85,fora,276,SAO,2026-10-10 21:00:00,30,0.000000,0.000000,0.021544,0.107721,0.000000,0.000000,0.000000,0.000000,0.149816,0.119853,0.000000,0.000000,0.000000,0.000000,0.000000,-0.000000,1.062881,1.594321,0.333333,1.666667,0.000000,0.000000,0.000000,0.000000,0.000000,-0.000000,0.000000,-0.000000,0.191423,-0.191423,0.000000,-0.000000,0.827401,-0.248220,0.000000,-0.000000,0.000000,-0.000000,3.048919,3.031852,3.040386,0.500000,0.500000
97878,Jacy,ZAG,294,CFC,2,45,45,casa,263,BOT,2026-10-12 16:00:00,30,0.000000,0.000000,0.022487,0.112435,0.008167,0.024501,0.000000,0.000000,0.347089,0.277671,0.666667,0.333333,0.000000,0.000000,0.000000,-0.000000,1.283471,1.925207,0.000000,0.000000,0.000000,0.000000,0.000000,0.000000,0.000000,-0.000000,0.000000,-0.000000,0.182412,-0.182412,0.000000,-0.000000,0.726453,-0.217936,0.000000,-0.000000,0.000000,-0.000000,2.272799,3.774063,3.023431,0.500000,0.500000
102310,Matheus Felipe,ZAG,364,REM,5,45,45,fora,267,VAS,2026-10-10 18:00:00,30,0.000000,0.000000,0.020936,0.104678,0.000000,0.000000,0.000000,0.000000,0.111901,0.089521,0.000000,0.000000,0.000000,0.000000,0.000000,-0.000000,1.047088,1.570633,0.333333,1.666667,0.000000,0.000000,0.000000,0.000000,0.000000,-0.000000,0.000000,-0.000000,0.189232,-0.189232,0.000000,-0.000000,0.838458,-0.251537,0.333333,-0.333333,0.000000,-0.000000,2.657395,3.361743,3.009569,0.500000,0.500000
89493,Igor Rabello,ZAG,266,FLU,6,45,45,fora,262,FLA,2026-10-11 17:30:00,30,0.000000,0.000000,0.019904,0.099518,0.000000,0.000000,0.000000,0.000000,0.129208,0.103366,0.000000,0.000000,0.000000,0.000000,0.000000,-0.000000,1.281952,1.922928,0.333333,1.666667,0.000000,0.000000,0.000000,0.000000,0.000000,-0.000000,0.000000,-0.000000,0.192271,-0.192271,0.000000,-0.000000,0.792163,-0.237649,0.000000,-0.000000,0.000000,-0.000000,3.362559,2.652121,3.007340,0.500000,0.500000
92440,André Ramalho,ZAG,264,COR,6,45,45,fora,275,PAL,2026-10-11 17:30:00,30,0.000000,0.000000,0.020802,0.104009,0.000000,0.000000,0.000000,0.000000,0.151284,0.121027,1.000000,0.500000,0.000000,0.000000,0.000000,-0.000000,0.888707,1.333061,0.333333,1.666667,0.000000,0.000000,0.000000,0.000000,0.000000,-0.000000,0.000000,-0.000000,0.187407,-0.187407,0.000000,-0.000000,0.761535,-0.228460,0.000000,-0.000000,0.000000,-0.000000,3.308897,2.666435,2.987666,0.500000,0.500000
98484,Kanu,ZAG,265,BAH,7,95,85,casa,2305,MIR,2026-10-11 19:30:00,30,0.000000,0.000000,0.022488,0.112438,0.005556,0.016667,0.333333,0.400000,0.145306,0.116244,0.333333,0.166667,0.000000,0.000000,0.333333,-0.033333,0.918494,1.377741,0.000000,0.000000,0.000000,0.000000,0.000000,0.000000,0.000000,-0.000000,0.000000,-0.000000,0.153908,-0.153908,0.000000,-0.000000,0.857713,-0.257314,0.000000,-0.000000,0.000000,-0.000000,1.745201,4.161634,2.953417,0.500000,0.500000
104994,Wagner Leonardo,ZAG,284,GRE,6,45,45,casa,285,INT,2026-10-11 17:30:00,30,0.000000,0.000000,0.022380,0.111898,0.065268,0.195805,0.000000,0.000000,0.193328,0.154662,0.333333,0.166667,0.000000,0.000000,0.000000,-0.000000,0.962824,1.444236,0.000000,0.000000,0.000000,0.000000,0.000000,0.000000,0.000000,-0.000000,0.000000,-0.000000,0.164678,-0.164678,0.000000,-0.000000,0.761359,-0.228408,0.000000,-0.000000,0.000000,-0.000000,1.680182,4.072763,2.876473,0.500000,0.500000
91772,David Duarte,ZAG,265,BAH,7,95,85,casa,2305,MIR,2026-10-11 19:30:00,30,0.000000,0.000000,0.022726,0.113632,0.005179,0.015538,0.000000,0.000000,0.216061,0.172849,0.000000,0.000000,0.000000,0.000000,0.000000,-0.000000,1.315830,1.973745,0.000000,0.000000,0.000000,0.000000,0.000000,0.000000,0.000000,-0.000000,0.000000,-0.000000,0.176427,-0.176427,0.000000,-0.000000,0.941322,-0.282397,0.000000,-0.000000,0.000000,-0.000000,1.816941,3.886893,2.851917,0.500000,0.500000
37715,Thiago Silva,ZAG,266,FLU,7,95,85,fora,262,FLA,2026-10-11 17:30:00,30,0.000000,0.000000,0.021169,0.105846,0.008730,0.026190,0.000000,0.000000,0.069044,0.055235,0.333333,0.166667,0.000000,0.000000,0.000000,-0.000000,0.972862,1.459293,0.333333,1.666667,0.000000,0.000000,0.000000,0.000000,0.000000,-0.000000,0.000000,-0.000000,0.194330,-0.194330,0.000000,-0.000000,0.833310,-0.249993,0.000000,-0.000000,0.000000,-0.000000,3.035575,2.610508,2.823041,0.500000,0.500000
72951,Mercado,ZAG,285,INT,7,95,85,fora,284,GRE,2026-10-11 17:30:00,30,0.000000,0.000000,0.021522,0.107612,0.005893,0.017679,0.333333,0.400000,0.205273,0.164219,0.666667,0.333333,0.000000,0.000000,0.000000,-0.000000,1.209752,1.814627,0.000000,0.000000,0.000000,0.000000,0.000000,0.000000,0.000000,-0.000000,0.000000,-0.000000,0.202467,-0.202467,0.000000,-0.000000,0.818223,-0.245467,0.000000,-0.000000,0.000000,-0.000000,2.389536,3.210759,2.800148,0.500000,0.500000
124483,Lucas Monzón,ZAG,263,BOT,2,45,45,fora,294,CFC,2026-10-12 16:00:00,30,0.000000,0.000000,0.021179,0.105894,0.013641,0.040923,0.000000,0.000000,0.185391,0.148313,0.666667,0.333333,0.000000,0.000000,0.000000,-0.000000,0.979047,1.468571,0.333333,1.666667,0.000000,0.000000,0.000000,0.000000,0.333333,-1.000000,0.000000,-0.000000,0.174362,-0.174362,0.000000,-0.000000,0.816930,-0.245079,0.000000,-0.000000,0.000000,-0.000000,2.344260,3.247094,2.795677,0.500000,0.500000
78855,Thiago Santos,ZAG,294,CFC,7,95,85,casa,263,BOT,2026-10-12 16:00:00,30,0.000000,0.000000,0.022385,0.111927,0.000000,0.000000,0.000000,0.000000,0.183607,0.146886,0.666667,0.333333,0.000000,0.000000,0.000000,-0.000000,1.355712,2.033569,0.000000,0.000000,0.000000,0.000000,0.000000,0.000000,0.000000,-0.000000,0.000000,-0.000000,0.184156,-0.184156,0.000000,-0.000000,0.905454,-0.271636,0.000000,-0.000000,0.000000,-0.000000,2.169923,3.268070,2.718997,0.500000,0.500000
94514,Lucas Oliveira,ZAG,2305,MIR,2,45,45,fora,265,BAH,2026-10-11 19:30:00,30,0.000000,0.000000,0.021385,0.106926,0.045977,0.137931,0.333333,0.400000,0.182926,0.146340,0.333333,0.166667,0.000000,0.000000,0.000000,-0.000000,1.009849,1.514774,0.000000,0.000000,0.000000,0.000000,0.000000,0.000000,0.000000,-0.000000,0.000000,-0.000000,0.174918,-0.174918,0.000000,-0.000000,0.709413,-0.212824,0.000000,-0.000000,0.000000,-0.000000,2.084897,3.349941,2.717419,0.500000,0.500000
91866,Zé Ivaldo,ZAG,364,REM,7,95,85,fora,267,VAS,2026-10-10 18:00:00,30,0.000000,0.000000,0.021137,0.105685,0.007209,0.021626,0.000000,0.000000,0.223106,0.178485,0.333333,0.166667,0.000000,0.000000,0.000000,-0.000000,0.962582,1.443873,0.000000,0.000000,0.000000,0.000000,0.000000,0.000000,0.000000,-0.000000,0.000000,-0.000000,0.177879,-0.177879,0.000000,-0.000000,0.744377,-0.223313,0.000000,-0.000000,0.000000,-0.000000,1.515143,3.817084,2.666114,0.500000,0.500000
146430,Justino,ZAG,263,BOT,6,45,45,fora,294,CFC,2026-10-12 16:00:00,30,0.000000,0.000000,0.020771,0.103855,0.000000,0.000000,0.000000,0.000000,0.222233,0.177787,2.000000,1.000000,0.000000,0.000000,0.000000,-0.000000,0.967229,1.450843,0.000000,0.000000,0.000000,0.000000,0.000000,0.000000,0.000000,-0.000000,0.000000,-0.000000,0.196977,-0.196977,0.000000,-0.000000,0.924086,-0.277226,0.000000,-0.000000,0.000000,-0.000000,2.258282,3.029745,2.644014,0.500000,0.500000
100342,Léo Andrade,ZAG,364,REM,6,45,45,fora,267,VAS,2026-10-10 18:00:00,30,0.000000,0.000000,0.020708,0.103540,0.000000,0.000000,0.000000,0.000000,0.185367,0.148294,0.333333,0.166667,0.000000,0.000000,0.000000,-0.000000,1.230000,1.845000,0.000000,0.000000,0.000000,0.000000,0.000000,0.000000,0.000000,-0.000000,0.000000,-0.000000,0.177060,-0.177060,0.000000,-0.000000,0.883089,-0.264927,0.000000,-0.000000,0.000000,-0.000000,1.821514,3.405296,2.613405,0.500000,0.500000
123869,Aguirre,ZAG,293,CAP,7,95,85,fora,315,CHA,2026-10-12 19:30:00,30,0.000000,0.000000,0.022097,0.110485,0.003709,0.011126,0.333333,0.400000,0.135403,0.108322,0.000000,0.000000,0.000000,0.000000,0.000000,-0.000000,1.095377,1.643066,0.000000,0.000000,0.000000,0.000000,0.000000,0.000000,0.000000,-0.000000,0.000000,-0.000000,0.194427,-0.194427,0.000000,-0.000000,0.895016,-0.268505,0.000000,-0.000000,0.000000,-0.000000,1.810068,3.393608,2.601838,0.500000,0.500000
106434,Eduardo Santos,ZAG,280,RBB,6,45,45,casa,283,CRU,2026-10-12 21:00:00,30,0.000000,0.000000,0.022114,0.110572,0.011594,0.034781,0.000000,0.000000,0.142812,0.114249,0.000000,0.000000,0.000000,0.000000,0.000000,-0.000000,0.898005,1.347008,0.000000,0.000000,0.000000,0.000000,0.000000,0.000000,0.000000,-0.000000,0.000000,-0.000000,0.156098,-0.156098,0.000000,-0.000000,0.683745,-0.205124,0.000000,-0.000000,0.000000,-0.000000,1.245388,3.950902,2.598145,0.500000,0.500000
72605,Vitor Hugo,ZAG,282,CAM,6,45,45,casa,277,SAN,2026-10-11 16:00:00,30,0.000000,0.000000,0.022726,0.113632,0.063419,0.190258,0.000000,0.000000,0.159290,0.127432,0.333333,0.166667,0.000000,0.000000,0.333333,-0.033333,0.936782,1.405173,0.000000,0.000000,0.000000,0.000000,0.000000,0.000000,0.000000,-0.000000,0.000000,-0.000000,0.168025,-0.168025,0.000000,-0.000000,0.700123,-0.210037,0.000000,-0.000000,0.000000,-0.000000,1.591765,3.435037,2.513401,0.500000,0.500000
69208,Gabriel Paulista,ZAG,264,COR,7,95,85,fora,275,PAL,2026-10-11 17:30:00,30,0.000000,0.000000,0.021598,0.107988,0.010000,0.030000,0.000000,0.000000,0.235442,0.188353,0.000000,0.000000,0.000000,0.000000,0.333333,-0.033333,1.208395,1.812593,0.000000,0.000000,0.000000,0.000000,0.000000,0.000000,0.000000,-0.000000,0.000000,-0.000000,0.194140,-0.194140,0.000000,-0.000000,0.709820,-0.212946,0.000000,-0.000000,0.000000,-0.000000,1.698514,3.218875,2.458695,0.500000,0.500000
101393,Eduardo Doma,ZAG,315,CHA,7,95,85,casa,293,CAP,2026-10-12 19:30:00,30,0.000000,0.000000,0.023224,0.116121,0.007465,0.022396,0.000000,0.000000,0.096368,0.077095,0.000000,0.000000,0.000000,0.000000,0.000000,-0.000000,1.253575,1.880362,0.000000,0.000000,0.000000,0.000000,0.000000,0.000000,0.000000,-0.000000,0.000000,-0.000000,0.178902,-0.178902,0.000000,-0.000000,0.697558,-0.209267,0.000000,-0.000000,0.000000,-0.000000,1.707804,3.170547,2.439176,0.500000,0.500000
150197,Osorio,ZAG,276,SAO,6,45,45,casa,287,VIT,2026-10-10 21:00:00,30,0.000000,0.000000,0.023094,0.115469,0.030000,0.090000,0.000000,0.000000,0.208515,0.166812,0.333333,0.166667,0.000000,0.000000,0.000000,-0.000000,0.947721,1.421582,0.000000,0.000000,0.000000,0.000000,0.000000,0.000000,0.000000,-0.000000,0.333333,-1.000000,0.155083,-0.155083,0.000000,-0.000000,0.956937,-0.287081,0.000000,-0.000000,0.000000,-0.000000,0.518364,4.274609,2.396487,0.500000,0.500000
98617,Maripán,ZAG,285,INT,5,45,45,fora,284,GRE,2026-10-11 17:30:00,30,0.000000,0.000000,0.021521,0.107605,0.071137,0.213410,0.000000,0.000000,0.281833,0.225467,0.000000,0.000000,0.000000,0.000000,0.333333,-0.033333,0.898349,1.347524,0.000000,0.000000,0.000000,0.000000,0.000000,0.000000,0.000000,-0.000000,0.000000,-0.000000,0.170198,-0.170198,0.000000,-0.000000,0.896678,-0.269003,0.333333,-0.333333,0.000000,-0.000000,1.088138,3.704373,2.396256,0.500000,0.500000
97095,Carlos Cuesta,ZAG,267,VAS,6,45,45,casa,364,REM,2026-10-10 18:00:00,30,0.000000,0.000000,0.022903,0.114513,0.026427,0.079281,0.000000,0.000000,0.109868,0.087894,0.000000,0.000000,0.000000,0.000000,0.000000,-0.000000,1.039327,1.558991,0.000000,0.000000,0.000000,0.000000,0.000000,0.000000,0.000000,-0.000000,0.000000,-0.000000,0.160988,-0.160988,0.000000,-0.000000,0.905338,-0.271601,0.000000,-0.000000,0.000000,-0.000000,1.408090,3.290985,2.349537,0.500000,0.500000
122897,Guzmán Rodríguez,ZAG,280,RBB,6,45,45,casa,283,CRU,2026-10-12 21:00:00,30,0.000000,0.000000,0.022116,0.110579,0.000000,0.000000,0.000000,0.000000,0.065398,0.052318,0.000000,0.000000,0.000000,0.000000,0.000000,-0.000000,0.955730,1.433594,0.000000,0.000000,0.000000,0.000000,0.000000,0.000000,0.000000,-0.000000,0.000000,-0.000000,0.154001,-0.154001,0.000000,-0.000000,0.636358,-0.190907,0.000000,-0.000000,0.000000,-0.000000,1.251584,3.435293,2.343439,0.500000,0.500000
111412,Arthur Chaves,ZAG,263,BOT,2,45,45,fora,294,CFC,2026-10-12 16:00:00,30,0.000000,0.000000,0.021335,0.106674,0.003195,0.009584,0.000000,0.000000,0.180974,0.144779,1.000000,0.500000,0.000000,0.000000,0.000000,-0.000000,0.762058,1.143087,0.000000,0.000000,0.000000,0.000000,0.000000,0.000000,0.000000,-0.000000,0.000000,-0.000000,0.157108,-0.157108,0.000000,-0.000000,0.625820,-0.187746,0.000000,-0.000000,0.000000,-0.000000,1.559271,3.122437,2.340854,0.500000,0.500000
125488,João Pedro,ZAG,264,COR,6,45,45,fora,275,PAL,2026-10-11 17:30:00,30,0.000000,0.000000,0.020615,0.103073,0.000000,0.000000,0.333333,0.400000,0.169963,0.135970,0.666667,0.333333,0.000000,0.000000,0.000000,-0.000000,0.881648,1.322471,0.000000,0.000000,0.000000,0.000000,0.000000,0.000000,0.000000,-0.000000,0.000000,-0.000000,0.176682,-0.176682,0.000000,-0.000000,0.736684,-0.221005,0.000000,-0.000000,0.000000,-0.000000,1.897160,2.766606,2.331883,0.500000,0.500000
123445,Dantas,ZAG,293,CAP,7,95,85,fora,315,CHA,2026-10-12 19:30:00,30,0.000000,0.000000,0.021197,0.105983,0.002500,0.007500,0.333333,0.400000,0.113743,0.090995,0.333333,0.166667,0.000000,0.000000,0.000000,-0.000000,0.984231,1.476346,0.000000,0.000000,0.000000,0.000000,0.000000,0.000000,0.000000,-0.000000,0.000000,-0.000000,0.171834,-0.171834,0.000000,-0.000000,0.991610,-0.297483,0.000000,-0.000000,0.000000,-0.000000,1.778174,2.865274,2.321724,0.500000,0.500000
149993,Iago Machado,ZAG,264,COR,6,45,45,fora,275,PAL,2026-10-11 17:30:00,30,0.000000,0.000000,0.021347,0.106737,0.002915,0.008744,0.000000,0.000000,0.180312,0.144250,0.000000,0.000000,0.000000,0.000000,0.000000,-0.000000,0.852698,1.279047,0.000000,0.000000,0.000000,0.000000,0.000000,0.000000,0.000000,-0.000000,0.000000,-0.000000,0.158591,-0.158591,0.000000,-0.000000,0.698774,-0.209632,0.000000,-0.000000,0.000000,-0.000000,1.170553,3.438441,2.304497,0.500000,0.500000
92182,Juninho,ZAG,285,INT,2,45,45,fora,284,GRE,2026-10-11 17:30:00,30,0.000000,0.000000,0.020800,0.104001,0.000000,0.000000,0.000000,0.000000,0.307772,0.246218,0.000000,0.000000,0.000000,0.000000,0.000000,-0.000000,1.075280,1.612919,0.000000,0.000000,0.000000,0.000000,0.000000,0.000000,0.000000,-0.000000,0.000000,-0.000000,0.182863,-0.182863,0.000000,-0.000000,0.759254,-0.227776,0.000000,-0.000000,0.000000,-0.000000,1.552499,3.020019,2.286259,0.500000,0.500000
142257,Luis Eduardo,ZAG,284,GRE,6,45,45,casa,285,INT,2026-10-11 17:30:00,30,0.000000,0.000000,0.022503,0.112515,0.005398,0.016193,0.000000,0.000000,0.175133,0.140106,0.000000,0.000000,0.000000,0.000000,0.000000,-0.000000,0.822400,1.233599,0.000000,0.000000,0.000000,0.000000,0.000000,0.000000,0.000000,-0.000000,0.000000,-0.000000,0.145611,-0.145611,0.000000,-0.000000,0.743845,-0.223153,0.000000,-0.000000,0.000000,-0.000000,1.133650,3.437162,2.285406,0.500000,0.500000
117061,Gabriel Knesowitsch,ZAG,2305,MIR,2,45,45,fora,265,BAH,2026-10-11 19:30:00,30,0.000000,0.000000,0.021392,0.106961,0.000000,0.000000,0.000000,0.000000,0.142708,0.114166,0.000000,0.000000,0.000000,0.000000,0.000000,-0.000000,0.907627,1.361440,0.000000,0.000000,0.000000,0.000000,0.000000,0.000000,0.000000,-0.000000,0.000000,-0.000000,0.169688,-0.169688,0.000000,-0.000000,0.742309,-0.222693,0.000000,-0.000000,0.000000,-0.000000,1.190188,3.296730,2.243459,0.500000,0.500000
132553,Jemmes,ZAG,266,FLU,6,45,45,fora,262,FLA,2026-10-11 17:30:00,30,0.000000,0.000000,0.021593,0.107967,0.000000,0.000000,0.000000,0.000000,0.062077,0.049662,0.333333,0.166667,0.000000,0.000000,0.000000,-0.000000,1.165523,1.748284,0.000000,0.000000,0.000000,0.000000,0.000000,0.000000,0.000000,-0.000000,0.000000,-0.000000,0.186718,-0.186718,0.000000,-0.000000,0.782255,-0.234676,0.000000,-0.000000,0.000000,-0.000000,1.651186,2.831179,2.241182,0.500000,0.500000
130806,Kauan,ZAG,315,CHA,7,95,85,casa,293,CAP,2026-10-12 19:30:00,30,0.000000,0.000000,0.022139,0.110694,0.014524,0.043571,0.000000,0.000000,0.193331,0.154665,0.666667,0.333333,0.000000,0.000000,0.000000,-0.000000,1.217478,1.826216,0.000000,0.000000,0.000000,0.000000,0.000000,0.000000,0.000000,-0.000000,0.000000,-0.000000,0.171737,-0.171737,0.000000,-0.000000,0.843375,-0.253013,0.000000,-0.000000,0.000000,-0.000000,2.043731,2.138160,2.090945,0.500000,0.500000
105842,Edu,ZAG,287,VIT,5,45,45,fora,276,SAO,2026-10-10 21:00:00,30,0.000000,0.000000,0.021017,0.105083,0.000000,0.000000,0.000000,0.000000,0.116760,0.093408,0.000000,0.000000,0.000000,0.000000,0.000000,-0.000000,0.943903,1.415855,0.000000,0.000000,0.000000,0.000000,0.000000,0.000000,0.000000,-0.000000,0.000000,-0.000000,0.163384,-0.163384,0.000000,-0.000000,0.657046,-0.197114,0.000000,-0.000000,0.000000,-0.000000,1.253848,2.824857,2.039353,0.500000,0.500000
63354,Rodrigo Moledo,ZAG,294,CFC,2,45,45,casa,263,BOT,2026-10-12 16:00:00,30,0.000000,0.000000,0.022012,0.110061,0.012083,0.036250,0.333333,0.400000,0.162624,0.130099,0.000000,0.000000,0.000000,0.000000,0.000000,-0.000000,1.072780,1.609170,0.000000,0.000000,0.000000,0.000000,0.000000,0.000000,0.000000,-0.000000,0.000000,-0.000000,0.163835,-0.163835,0.000000,-0.000000,0.671292,-0.201388,0.000000,-0.000000,0.000000,-0.000000,1.920358,2.079461,1.999909,0.500000,0.500000
71227,Maicon,ZAG,294,CFC,6,45,45,casa,263,BOT,2026-10-12 16:00:00,30,0.000000,0.000000,0.022710,0.113551,0.031712,0.095137,0.000000,0.000000,0.105094,0.084075,0.333333,0.166667,0.000000,0.000000,0.333333,-0.033333,0.996332,1.494498,0.000000,0.000000,0.000000,0.000000,0.000000,0.000000,0.000000,-0.000000,0.000000,-0.000000,0.163153,-0.163153,0.000000,-0.000000,0.667631,-0.200289,0.333333,-0.333333,0.000000,-0.000000,1.223818,2.709864,1.966841,0.500000,0.500000
111466,Victor Gabriel,ZAG,285,INT,2,45,45,fora,284,GRE,2026-10-11 17:30:00,30,0.000000,0.000000,0.021816,0.109080,0.017599,0.052798,0.000000,0.000000,0.152937,0.122349,0.000000,0.000000,0.000000,0.000000,0.000000,-0.000000,1.063231,1.594847,0.000000,0.000000,0.000000,0.000000,0.000000,0.000000,0.000000,-0.000000,0.333333,-1.000000,0.172816,-0.172816,0.000000,-0.000000,0.797072,-0.239122,0.333333,-0.333333,0.000000,-0.000000,0.133802,3.768094,1.950948,0.500000,0.500000
97432,Victor Caetano,ZAG,315,CHA,6,45,45,casa,293,CAP,2026-10-12 19:30:00,30,0.000000,0.000000,0.022476,0.112382,0.002778,0.008333,0.000000,0.000000,0.130784,0.104627,0.000000,0.000000,0.000000,0.000000,0.333333,-0.033333,1.054602,1.581903,0.000000,0.000000,0.000000,0.000000,0.000000,0.000000,0.000000,-0.000000,0.000000,-0.000000,0.164544,-0.164544,0.000000,-0.000000,0.727306,-0.218192,0.000000,-0.000000,0.000000,-0.000000,1.391176,2.497096,1.944136,0.500000,0.500000
145563,João Ananias,ZAG,277,SAN,6,45,45,fora,282,CAM,2026-10-11 16:00:00,30,0.000000,0.000000,0.020927,0.104637,0.000000,0.000000,0.000000,0.000000,0.223867,0.179094,0.333333,0.166667,0.000000,0.000000,0.000000,-0.000000,1.056556,1.584834,0.333333,1.666667,0.000000,0.000000,0.000000,0.000000,0.333333,-1.000000,0.000000,-0.000000,0.176670,-0.176670,0.000000,-0.000000,0.861993,-0.258598,0.000000,-0.000000,0.000000,-0.000000,2.266630,1.535605,1.901117,0.500000,0.500000
148124,Vinicius,ZAG,315,CHA,6,45,45,casa,293,CAP,2026-10-12 19:30:00,30,0.000000,0.000000,0.022377,0.111884,0.005051,0.015152,0.000000,0.000000,0.090715,0.072572,0.000000,0.000000,0.000000,0.000000,0.000000,-0.000000,0.908739,1.363109,0.000000,0.000000,0.000000,0.000000,0.000000,0.000000,0.000000,-0.000000,0.000000,-0.000000,0.156881,-0.156881,0.000000,-0.000000,0.680729,-0.204219,0.000000,-0.000000,0.000000,-0.000000,1.201617,2.262042,1.731829,0.500000,0.500000
90768,Fabrício Bruno,ZAG,283,CRU,5,45,45,fora,280,RBB,2026-10-12 21:00:00,30,0.000000,0.000000,0.022376,0.111881,0.027328,0.081983,0.000000,0.000000,0.158675,0.126940,0.333333,0.166667,0.000000,0.000000,0.000000,-0.000000,1.128523,1.692784,0.000000,0.000000,0.000000,0.000000,0.000000,0.000000,0.333333,-1.000000,0.000000,-0.000000,0.188817,-0.188817,0.000000,-0.000000,0.774177,-0.232253,0.000000,-0.000000,0.000000,-0.000000,0.759184,2.547870,1.653527,0.500000,0.500000
84847,Luan Peres,ZAG,277,SAN,2,45,45,fora,282,CAM,2026-10-11 16:00:00,30,0.000000,0.000000,0.021468,0.107339,0.000000,0.000000,0.000000,0.000000,0.118204,0.094563,0.000000,0.000000,0.000000,0.000000,0.000000,-0.000000,1.330570,1.995855,0.000000,0.000000,0.000000,0.000000,0.000000,0.000000,0.000000,-0.000000,0.000000,-0.000000,0.198060,-0.198060,0.000000,-0.000000,0.801864,-0.240559,0.000000,-0.000000,0.000000,-0.000000,1.759138,1.156643,1.457890,0.500000,0.500000
83048,Rafael Thyere,ZAG,315,CHA,6,45,45,casa,293,CAP,2026-10-12 19:30:00,30,0.000000,0.000000,0.022478,0.112391,0.006250,0.018750,0.000000,0.000000,0.112310,0.089848,0.000000,0.000000,0.000000,0.000000,0.000000,-0.000000,0.977196,1.465794,0.000000,0.000000,0.000000,0.000000,0.000000,0.000000,0.333333,-1.000000,0.000000,-0.000000,0.147686,-0.147686,0.000000,-0.000000,0.648395,-0.194518,0.000000,-0.000000,0.000000,-0.000000,0.344579,2.282746,1.313663,0.500000,0.500000
